2026-06-01T02:52:57Z,infra-2,longhorn-system,engine-image-ei-3154f3aa-xvvgq,engine-image-ei-3154f3aa,12.4,1.0,12.8,0.0,0.0,0.0,0.0,0.0,0.0,0.0,10.0,26.0,901.0,0.0084195103,normal
2026-06-01T02:22:10Z,worker-1,longhorn-system,longhorn-csi-plugin-t8lpt,longhorn-csi-plugin,2.7,1.3,0.0,0.0,0.0,0.0,0.0,0.0,0.0,0.0,0.0,0.0,82.0,0.0003687547,normal
2026-06-01T02:22:10Z,worker-1,longhorn-system,longhorn-manager-fgsfc,longhorn-manager,104.8,44.2,0.2,0.1,0.0,440060.0,13923.0,0.0,0.0,0.0,0.0,0.0,4317.0,0.0139339843,normal
2026-06-01T02:22:10Z,worker-1,longhorn-system,longhorn-csi-plugin-t8lpt,node-driver-registrar,0.1,0.1,0.0,0.0,0.0,0.0,0.0,0.0,0.0,0.0,0.0,0.0,9.0,3.05388e-05,normal
2026-06-01T02:22:10Z,worker-1,longhorn-system,csi-attacher-896ffc747-rxjjt,csi-attacher,3.5,2.9,0.1,0.0,0.0,1227.0,1012.0,0.0,0.0,0.0,0.0,0.0,309.0,0.0009335614,normal
2026-06-01T02:22:10Z,worker-1,longhorn-system,csi-snapshotter-65884686fc-gjw5g,csi-snapshotter,11.5,11.5,0.0,0.0,0.0,1251.0,1106.0,0.0,0.0,0.0,0.0,0.0,876.0,0.0024912636,normal
2026-06-01T02:22:10Z,worker-1,kube-system,nodelocaldns-zjml5,node-cache,12.9,4.5,0.4,1.2,0.0,4315.0,3292.0,0.0,0.0,0.0,0.0,0.0,654.0,0.0037994818,normal
2026-06-01T02:22:10Z,worker-1,kube-system,kube-ovn-pinger-vfzmn,pinger,49.8,23.1,13.2,0.2,0.0,116043.0,1580.0,0.0,12288.0,0.0679595,17.0,26.0,3857.0,0.0186761095,normal
2026-06-01T02:22:10Z,worker-1,kube-system,tetragon-kl9tz,tetragon,5.7,3.4,0.0,0.0,0.0,17332.0,239.0,0.0,0.0,0.0,0.0,0.0,12530.0,0.0325816397,normal
2026-06-01T02:22:10Z,worker-1,longhorn-system,engine-image-ei-3154f3aa-kvvkq,engine-image-ei-3154f3aa,12.8,1.0,14.4,0.0,0.0,0.0,0.0,0.0,0.0,0.0,10.0,40.0,1029.0,0.012107349,normal
2026-06-01T02:22:10Z,worker-1,kube-system,kube-proxy-pdwww,kube-proxy,2.5,0.5,0.0,0.0,0.0,17166.0,96.0,0.0,0.0,0.0,0.0,0.0,120.0,0.0002915284,normal
2026-06-01T02:22:10Z,worker-1,longhorn-system,engine-image-ei-843accdd-tx99h,engine-image-ei-843accdd,12.5,1.0,14.1,0.0,0.0,0.0,0.0,0.0,0.0,0.0,10.0,30.0,880.0,0.0109192979,normal
2026-06-01T02:22:10Z,worker-1,kube-system,kube-ovn-cni-cf7cj,cni-server,308.1,20.7,359.8,0.2,0.0,160952.0,947.0,0.0,0.0,0.0,130.0,163.0,3676.0,0.0629642471,normal
2026-06-01T02:22:10Z,worker-1,kube-system,ovs-ovn-w75jd,openvswitch,121.0,96.0,39.4,0.0,0.0,6059.0,41.0,0.0,0.0,0.0,52.0,88.0,2172.0,0.04001906,normal
2026-06-01T02:22:10Z,worker-1,longhorn-system,csi-provisioner-688964c44b-7hv5d,csi-provisioner,24.0,6.3,0.1,0.0,0.0,156934.0,1950.0,0.0,0.0,0.0,0.0,0.0,1140.0,0.0032130507,normal
2026-06-01T02:22:10Z,worker-1,longhorn-system,instance-manager-bacbca1a1c80c6ca28fd5f2d5fd0c24c,instance-manager,29.2,8.1,1.2,0.1,0.0,4108.0,4873.0,0.0,0.0,0.0,1.0,1.0,675.0,0.0038917618,normal
2026-06-01T02:22:10Z,worker-1,ebpf-final,ebpf-collector-5588x,collector,0.1,0.2,0.2,0.0,0.0,0.0,0.0,0.0,0.0,0.0,0.0,0.0,1.0,0.0,normal
2026-06-01T02:22:10Z,worker-1,longhorn-system,longhorn-csi-plugin-t8lpt,longhorn-liveness-probe,2.7,1.7,0.0,0.0,0.0,224.0,274.0,0.0,0.0,0.0,0.0,0.0,172.0,0.000821791,normal
2026-06-01T02:22:10Z,worker-1,monitoring,my-monitoring-prometheus-node-exporter-829wk,node-exporter,0.4,0.2,0.0,0.0,0.0,208.0,3254.0,0.0,0.0,0.0,0.0,0.0,20.0,0.0001495902,normal
2026-06-01T02:22:10Z,worker-1,longhorn-system,csi-resizer-7d9bff5787-242pl,csi-resizer,2.0,1.9,0.0,0.0,0.0,1094.0,996.0,0.0,0.0,0.0,0.0,0.0,247.0,0.0007398038,normal
2026-06-01T02:22:10Z,worker-1,kube-system,tetragon-kl9tz,export-stdout,6.0,4.8,0.0,0.0,0.0,0.0,0.0,0.0,0.0,0.0,0.0,0.0,10.0,0.000133756,normal
2026-06-01T02:22:21Z,worker-1,gpu-operator,gpu-operator-1764036362-node-feature-discovery-worker-9v5dt,worker,297.5,7.7,159.6,0.0,0.0,138985.0,484302.0,0.0,0.0,0.0,0.0,0.0,2063.0,0.0350132179,normal
2026-06-01T02:22:21Z,worker-1,longhorn-system,longhorn-csi-plugin-t8lpt,longhorn-csi-plugin,2.7,1.1,0.0,0.0,0.0,0.0,0.0,0.0,0.0,0.0,0.0,0.0,77.0,0.0003735784,normal
2026-06-01T02:22:21Z,worker-1,longhorn-system,longhorn-manager-fgsfc,longhorn-manager,119.6,46.1,0.3,0.1,0.0,509918.0,11480.0,0.0,0.0,0.0,0.0,0.0,4686.0,0.0152026693,normal
2026-06-01T02:22:21Z,worker-1,longhorn-system,longhorn-csi-plugin-t8lpt,node-driver-registrar,0.1,0.1,0.0,0.0,0.0,0.0,0.0,0.0,0.0,0.0,0.0,0.0,9.0,3.09993e-05,normal
2026-06-01T02:22:21Z,worker-1,longhorn-system,csi-attacher-896ffc747-rxjjt,csi-attacher,3.6,3.4,0.0,0.0,0.0,1235.0,1012.0,0.0,0.0,0.0,0.0,0.0,306.0,0.0009140484,normal
2026-06-01T02:22:21Z,worker-1,longhorn-system,csi-snapshotter-65884686fc-gjw5g,csi-snapshotter,11.1,11.1,0.0,0.0,0.0,1129.0,1032.0,0.0,0.0,0.0,0.0,0.0,850.0,0.002468638,normal
2026-06-01T02:22:21Z,worker-1,kube-system,nodelocaldns-zjml5,node-cache,12.9,4.2,0.3,1.0,0.0,4922.0,3562.0,0.0,0.0,0.0,0.0,0.0,783.0,0.0062710691,normal
2026-06-01T02:22:21Z,worker-1,kube-system,kube-ovn-pinger-vfzmn,pinger,51.1,21.7,13.2,0.2,0.0,116131.0,1580.0,0.0,8192.0,0.0670775,17.0,26.0,3545.0,0.0189776868,normal
2026-06-01T02:22:21Z,worker-1,kube-system,tetragon-kl9tz,tetragon,5.3,3.2,0.0,0.0,0.0,17503.0,239.0,0.0,0.0,0.0,0.0,0.0,14654.0,0.0467226895,normal
2026-06-01T02:22:21Z,worker-1,longhorn-system,engine-image-ei-3154f3aa-kvvkq,engine-image-ei-3154f3aa,12.9,1.0,14.5,0.0,0.0,0.0,0.0,0.0,0.0,0.0,10.0,43.0,1071.0,0.0135876089,normal
2026-06-01T02:22:21Z,worker-1,kube-system,kube-proxy-pdwww,kube-proxy,2.5,0.4,0.0,0.0,0.0,17180.0,96.0,0.0,0.0,0.0,0.0,0.0,84.0,0.0002699861,normal
2026-06-01T02:22:21Z,worker-1,longhorn-system,engine-image-ei-843accdd-tx99h,engine-image-ei-843accdd,12.6,1.0,14.2,0.0,0.0,0.0,0.0,0.0,0.0,0.0,10.0,32.0,893.0,0.0106126751,normal
2026-06-01T02:22:21Z,worker-1,kube-system,kube-ovn-cni-cf7cj,cni-server,377.8,27.4,444.8,0.4,0.0,204357.0,1200.0,0.0,0.0,0.0,174.0,239.0,6143.0,0.0958115617,normal
2026-06-01T02:22:21Z,worker-1,kube-system,ovs-ovn-w75jd,openvswitch,102.1,61.4,38.0,0.0,0.0,38.0,41.0,0.0,0.0,0.0,52.0,88.0,1954.0,0.03281095,normal
2026-06-01T02:22:21Z,worker-1,longhorn-system,csi-provisioner-688964c44b-7hv5d,csi-provisioner,35.8,8.6,0.0,0.0,0.0,205309.0,2190.0,0.0,0.0,0.0,0.0,0.0,1479.0,0.0041951767,normal
2026-06-01T02:22:21Z,worker-1,longhorn-system,instance-manager-bacbca1a1c80c6ca28fd5f2d5fd0c24c,instance-manager,192.5,7.1,11.3,0.4,0.0,2998.0,3171.0,0.0,0.0,0.0,6.0,6.0,650.0,0.0074075421,normal
2026-06-01T02:22:21Z,worker-1,ebpf-final,ebpf-collector-5588x,collector,162.1,1.1,143.8,0.2,0.0,212713.0,20197.0,0.0,0.0,0.0,0.0,0.0,162.0,0.0232826636,normal
2026-06-01T02:22:21Z,worker-1,longhorn-system,longhorn-csi-plugin-t8lpt,longhorn-liveness-probe,3.0,1.9,0.0,0.0,0.0,224.0,274.0,0.0,0.0,0.0,0.0,0.0,202.0,0.0008701525,normal
2026-06-01T02:22:21Z,worker-1,monitoring,my-monitoring-prometheus-node-exporter-829wk,node-exporter,178.4,0.8,154.8,0.0,0.0,573.0,25992.0,0.0,0.0,0.0,0.0,0.0,359.0,0.0129343904,normal
2026-06-01T02:22:21Z,worker-1,longhorn-system,csi-resizer-7d9bff5787-242pl,csi-resizer,2.6,1.8,0.1,0.0,0.0,1255.0,994.0,0.0,0.0,0.0,0.0,0.0,309.0,0.0018435123,normal
2026-06-01T02:22:21Z,worker-1,kube-system,tetragon-kl9tz,export-stdout,6.9,5.4,0.0,0.0,0.0,0.0,0.0,0.0,0.0,0.0,0.0,0.0,11.0,0.000135168,normal
2026-06-01T02:22:31Z,worker-1,gpu-operator,gpu-operator-1764036362-node-feature-discovery-worker-9v5dt,worker,16.5,3.5,0.0,0.0,0.0,137978.0,1772.0,0.0,0.0,0.0,0.0,0.0,238.0,0.0080414022,normal
2026-06-01T02:22:31Z,worker-1,longhorn-system,longhorn-csi-plugin-t8lpt,longhorn-csi-plugin,2.6,1.0,0.0,0.0,0.0,0.0,0.0,0.0,0.0,0.0,0.0,0.0,84.0,0.0004359311,normal
2026-06-01T02:22:31Z,worker-1,longhorn-system,longhorn-manager-fgsfc,longhorn-manager,177.8,51.3,14.9,0.3,0.1,612299.0,22668.0,0.0,0.0,0.0,2.0,13.0,5583.0,0.0239504899,normal
2026-06-01T02:22:31Z,worker-1,longhorn-system,longhorn-csi-plugin-t8lpt,node-driver-registrar,0.1,0.1,0.0,0.0,0.0,0.0,0.0,0.0,0.0,0.0,0.0,0.0,9.0,2.60191e-05,normal
2026-06-01T02:22:31Z,worker-1,longhorn-system,csi-attacher-896ffc747-rxjjt,csi-attacher,3.3,3.1,0.0,0.0,0.0,1250.0,1048.0,0.0,0.0,0.0,0.0,0.0,324.0,0.0009240425,normal
2026-06-01T02:22:31Z,worker-1,longhorn-system,csi-snapshotter-65884686fc-gjw5g,csi-snapshotter,11.8,11.4,0.1,0.0,0.0,1231.0,1032.0,0.0,0.0,0.0,0.0,0.0,830.0,0.003353036,normal
2026-06-01T02:22:31Z,worker-1,kube-system,nodelocaldns-zjml5,node-cache,10.2,3.6,0.4,1.0,0.0,3059.0,2774.0,0.0,0.0,0.0,0.0,0.0,487.0,0.0028876182,normal
2026-06-01T02:22:31Z,worker-1,kube-system,kube-ovn-pinger-vfzmn,pinger,47.6,18.1,13.3,0.2,0.0,115974.0,1580.0,0.0,12288.0,0.068544,17.0,26.0,3335.0,0.0171607376,normal
2026-06-01T02:22:31Z,worker-1,kube-system,tetragon-kl9tz,tetragon,5.1,4.9,0.0,0.0,0.0,17587.0,239.0,0.0,0.0,0.0,0.0,0.0,12187.0,0.0329187364,normal
2026-06-01T02:22:31Z,worker-1,longhorn-system,engine-image-ei-3154f3aa-kvvkq,engine-image-ei-3154f3aa,12.8,1.0,14.4,0.0,0.0,0.0,0.0,0.0,0.0,0.0,10.0,39.0,1065.0,0.0125666055,normal
2026-06-01T02:22:31Z,worker-1,kube-system,kube-proxy-pdwww,kube-proxy,2.4,0.4,0.0,0.0,0.0,17279.0,96.0,0.0,0.0,0.0,0.0,0.0,73.0,0.0002533477,normal
2026-06-01T02:22:31Z,worker-1,longhorn-system,engine-image-ei-843accdd-tx99h,engine-image-ei-843accdd,12.5,1.0,14.1,0.0,0.0,0.0,0.0,0.0,0.0,0.0,10.0,29.0,894.0,0.0104609385,normal
2026-06-01T02:22:31Z,worker-1,kube-system,kube-ovn-cni-cf7cj,cni-server,315.4,23.0,359.8,0.2,0.0,211718.0,1235.0,0.0,4096.0,0.062881,130.0,163.0,4172.0,0.0637453663,normal
2026-06-01T02:22:31Z,worker-1,kube-system,ovs-ovn-w75jd,openvswitch,117.1,93.2,39.6,0.0,0.0,7841.0,0.0,0.0,0.0,0.0,52.0,88.0,2280.0,0.0409694106,normal
2026-06-01T02:22:31Z,worker-1,longhorn-system,csi-provisioner-688964c44b-7hv5d,csi-provisioner,35.9,8.8,0.0,0.0,0.0,205531.0,2190.0,0.0,0.0,0.0,0.0,0.0,1444.0,0.0041710917,normal
2026-06-01T02:22:31Z,worker-1,longhorn-system,instance-manager-bacbca1a1c80c6ca28fd5f2d5fd0c24c,instance-manager,203.7,9.2,12.4,0.4,0.0,3811.0,3766.0,0.0,0.0,0.0,7.0,7.0,961.0,0.0133806818,normal
2026-06-01T02:22:31Z,worker-1,ebpf-final,ebpf-collector-5588x,collector,0.2,0.7,0.3,0.1,0.0,11921.0,17201.0,0.0,0.0,0.0,0.0,0.0,10.0,0.0011841433,normal
2026-06-01T02:22:31Z,worker-1,longhorn-system,longhorn-csi-plugin-t8lpt,longhorn-liveness-probe,2.7,1.7,0.0,0.0,0.0,224.0,274.0,0.0,0.0,0.0,0.0,0.0,200.0,0.0008538701,normal
2026-06-01T02:22:31Z,worker-1,monitoring,my-monitoring-prometheus-node-exporter-829wk,node-exporter,0.3,0.2,0.0,0.0,0.0,208.0,3254.0,0.0,0.0,0.0,0.0,0.0,22.0,0.0001501178,normal
2026-06-01T02:22:31Z,worker-1,longhorn-system,csi-resizer-7d9bff5787-242pl,csi-resizer,2.0,1.8,0.0,0.0,0.0,1092.0,994.0,0.0,0.0,0.0,0.0,0.0,232.0,0.000703297,normal
2026-06-01T02:22:31Z,worker-1,kube-system,tetragon-kl9tz,export-stdout,18.0,16.6,0.0,0.0,0.0,0.0,0.0,0.0,0.0,0.0,0.0,0.0,10.0,0.000284669,normal
2026-06-01T02:22:41Z,worker-1,gpu-operator,gpu-operator-1764036362-node-feature-discovery-worker-9v5dt,worker,0.6,0.2,0.0,0.0,0.0,222.0,188.0,0.0,0.0,0.0,0.0,0.0,35.0,0.000221982,normal
2026-06-01T02:22:41Z,worker-1,longhorn-system,longhorn-csi-plugin-t8lpt,longhorn-csi-plugin,3.0,1.3,0.0,0.0,0.0,0.0,0.0,0.0,0.0,0.0,0.0,0.0,80.0,0.0003863205,normal
2026-06-01T02:22:41Z,worker-1,longhorn-system,longhorn-manager-fgsfc,longhorn-manager,117.2,44.0,0.0,0.0,0.0,529977.0,6277.0,0.0,0.0,0.0,0.0,0.0,4521.0,0.0138824563,normal
2026-06-01T02:22:41Z,worker-1,longhorn-system,longhorn-csi-plugin-t8lpt,node-driver-registrar,0.1,0.1,0.0,0.0,0.0,0.0,0.0,0.0,0.0,0.0,0.0,0.0,9.0,3.08583e-05,normal
2026-06-01T02:22:41Z,worker-1,longhorn-system,csi-attacher-896ffc747-rxjjt,csi-attacher,4.1,3.7,0.0,0.0,0.0,1147.0,1014.0,0.0,0.0,0.0,0.0,0.0,285.0,0.0008448541,normal
2026-06-01T02:22:41Z,worker-1,longhorn-system,csi-snapshotter-65884686fc-gjw5g,csi-snapshotter,13.0,12.4,0.1,0.0,0.0,1448.0,1111.0,0.0,0.0,0.0,0.0,0.0,880.0,0.0025812877,normal
2026-06-01T02:22:41Z,worker-1,kube-system,nodelocaldns-zjml5,node-cache,28.4,5.7,37.5,1.2,0.0,4922.0,3489.0,0.0,0.0,0.0,12.0,12.0,970.0,0.0081717101,normal
2026-06-01T02:22:41Z,worker-1,kube-system,kube-ovn-pinger-vfzmn,pinger,49.9,19.4,13.2,0.2,0.0,116017.0,1580.0,0.0,12288.0,0.0615365,17.0,26.0,3534.0,0.0168801353,normal
2026-06-01T02:22:41Z,worker-1,kube-system,tetragon-kl9tz,tetragon,3.1,2.8,0.0,0.0,0.0,452.0,143.0,0.0,0.0,0.0,0.0,0.0,12978.0,0.0430647813,normal
2026-06-01T02:22:41Z,worker-1,longhorn-system,engine-image-ei-3154f3aa-kvvkq,engine-image-ei-3154f3aa,12.7,1.0,14.3,0.0,0.0,0.0,0.0,0.0,0.0,0.0,10.0,38.0,1030.0,0.0124160581,normal
2026-06-01T02:22:41Z,worker-1,kube-system,kube-proxy-pdwww,kube-proxy,0.4,0.2,0.0,0.0,0.0,126.0,0.0,0.0,0.0,0.0,0.0,0.0,74.0,0.0001198518,normal
2026-06-01T02:22:41Z,worker-1,longhorn-system,engine-image-ei-843accdd-tx99h,engine-image-ei-843accdd,12.7,1.0,14.3,0.0,0.0,0.0,0.0,0.0,0.0,0.0,10.0,37.0,989.0,0.0105619113,normal
2026-06-01T02:22:41Z,worker-1,kube-system,kube-ovn-cni-cf7cj,cni-server,320.5,23.3,364.7,0.4,0.0,179345.0,1056.0,0.0,0.0,0.0,135.0,204.0,5319.0,0.0823055024,normal
2026-06-01T02:22:41Z,worker-1,kube-system,ovs-ovn-w75jd,openvswitch,112.9,86.0,39.5,0.0,0.0,6476.0,0.0,0.0,0.0,0.0,52.0,89.0,2091.0,0.0420995668,normal
2026-06-01T02:22:41Z,worker-1,longhorn-system,csi-provisioner-688964c44b-7hv5d,csi-provisioner,29.8,7.8,0.0,0.0,0.0,173061.0,1996.0,0.0,0.0,0.0,0.0,0.0,1288.0,0.0065236424,normal
2026-06-01T02:22:41Z,worker-1,longhorn-system,instance-manager-bacbca1a1c80c6ca28fd5f2d5fd0c24c,instance-manager,190.6,6.6,11.3,0.4,0.0,2555.0,2801.0,0.0,0.0,0.0,6.0,6.0,605.0,0.0061374633,normal
2026-06-01T02:22:41Z,worker-1,ebpf-final,ebpf-collector-5588x,collector,0.2,0.8,0.3,0.1,0.0,12597.0,18208.0,0.0,0.0,0.0,0.0,0.0,9.0,0.0027093343,normal
2026-06-01T02:22:41Z,worker-1,longhorn-system,longhorn-csi-plugin-t8lpt,longhorn-liveness-probe,2.9,1.9,0.0,0.0,0.0,224.0,274.0,0.0,0.0,0.0,0.0,0.0,220.0,0.0018802805,normal
2026-06-01T02:22:41Z,worker-1,monitoring,my-monitoring-prometheus-node-exporter-829wk,node-exporter,0.4,0.2,0.0,0.0,0.0,208.0,3254.0,0.0,0.0,0.0,0.0,0.0,25.0,0.0001692699,normal
2026-06-01T02:22:41Z,worker-1,longhorn-system,csi-resizer-7d9bff5787-242pl,csi-resizer,2.7,2.6,0.0,0.0,0.0,1094.0,1031.0,0.0,0.0,0.0,0.0,0.0,234.0,0.0007109417,normal
2026-06-01T02:22:41Z,worker-1,kube-system,tetragon-kl9tz,export-stdout,5.4,4.2,0.0,0.0,0.0,0.0,0.0,0.0,0.0,0.0,0.0,0.0,10.0,0.0001291016,normal
2026-06-01T02:22:51Z,worker-1,gpu-operator,gpu-operator-1764036362-node-feature-discovery-worker-9v5dt,worker,0.9,0.4,0.0,0.0,0.0,372.0,321.0,0.0,0.0,0.0,0.0,0.0,107.0,0.0003945723,normal
2026-06-01T02:22:51Z,worker-1,longhorn-system,longhorn-csi-plugin-t8lpt,longhorn-csi-plugin,3.0,1.4,0.0,0.0,0.0,0.0,0.0,0.0,0.0,0.0,0.0,0.0,81.0,0.0003574036,normal
2026-06-01T02:22:51Z,worker-1,longhorn-system,longhorn-manager-fgsfc,longhorn-manager,127.5,48.4,0.1,0.1,0.0,571030.0,12257.0,0.0,0.0,0.0,0.0,0.0,4833.0,0.0153867234,normal
2026-06-01T02:22:51Z,worker-1,longhorn-system,longhorn-csi-plugin-t8lpt,node-driver-registrar,0.1,0.1,0.0,0.0,0.0,0.0,0.0,0.0,0.0,0.0,0.0,0.0,9.0,3.09582e-05,normal
2026-06-01T02:22:51Z,worker-1,longhorn-system,csi-attacher-896ffc747-rxjjt,csi-attacher,3.3,3.2,0.0,0.0,0.0,1112.0,1014.0,0.0,0.0,0.0,0.0,0.0,277.0,0.0008288999,normal
2026-06-01T02:22:51Z,worker-1,longhorn-system,csi-snapshotter-65884686fc-gjw5g,csi-snapshotter,11.5,11.3,0.0,0.0,0.0,1133.0,1034.0,0.0,0.0,0.0,0.0,0.0,854.0,0.0024128387,normal
2026-06-01T02:22:51Z,worker-1,kube-system,nodelocaldns-zjml5,node-cache,14.6,5.1,0.4,1.1,0.0,5145.0,3785.0,0.0,0.0,0.0,0.0,0.0,816.0,0.0043663083,normal
2026-06-01T02:22:51Z,worker-1,kube-system,kube-ovn-pinger-vfzmn,pinger,49.4,19.5,13.2,0.2,0.0,116215.0,1580.0,0.0,12288.0,0.076893,17.0,26.0,3351.0,0.0172089334,normal
2026-06-01T02:22:51Z,worker-1,kube-system,tetragon-kl9tz,tetragon,6.4,3.4,0.0,0.0,0.0,17886.0,382.0,0.0,0.0,0.0,0.0,0.0,13480.0,0.0354843198,normal
2026-06-01T02:22:51Z,worker-1,longhorn-system,engine-image-ei-3154f3aa-kvvkq,engine-image-ei-3154f3aa,12.8,1.0,14.4,0.0,0.0,0.0,0.0,0.0,0.0,0.0,10.0,41.0,1045.0,0.0133830066,normal
2026-06-01T02:22:51Z,worker-1,kube-system,kube-proxy-pdwww,kube-proxy,1.9,0.4,0.0,0.0,0.0,17157.0,96.0,0.0,0.0,0.0,0.0,0.0,85.0,0.0002254459,normal
2026-06-01T02:22:51Z,worker-1,longhorn-system,engine-image-ei-843accdd-tx99h,engine-image-ei-843accdd,12.6,1.0,14.2,0.0,0.0,0.0,0.0,0.0,0.0,0.0,10.0,34.0,855.0,0.0102088079,normal
2026-06-01T02:22:51Z,worker-1,kube-system,kube-ovn-cni-cf7cj,cni-server,369.3,26.3,441.3,0.2,0.0,196952.0,1139.0,0.0,0.0,0.0,170.0,202.0,4645.0,0.0773670216,normal
2026-06-01T02:22:51Z,worker-1,kube-system,ovs-ovn-w75jd,openvswitch,114.8,85.3,39.5,0.0,0.0,6021.0,0.0,0.0,0.0,0.0,52.0,88.0,2304.0,0.0423375359,normal
2026-06-01T02:22:51Z,worker-1,longhorn-system,csi-provisioner-688964c44b-7hv5d,csi-provisioner,37.2,10.0,0.2,0.0,0.0,191772.0,2469.0,0.0,0.0,0.0,0.0,0.0,1490.0,0.0045209373,normal
2026-06-01T02:22:51Z,worker-1,longhorn-system,instance-manager-bacbca1a1c80c6ca28fd5f2d5fd0c24c,instance-manager,192.4,7.1,11.3,0.4,0.0,2972.0,3128.0,0.0,0.0,0.0,6.0,6.0,661.0,0.0067412458,normal
2026-06-01T02:22:51Z,worker-1,ebpf-final,ebpf-collector-5588x,collector,153.8,0.8,143.3,0.1,0.0,209738.0,18114.0,0.0,0.0,0.0,0.0,0.0,159.0,0.021991856,normal
2026-06-01T02:22:51Z,worker-1,longhorn-system,longhorn-csi-plugin-t8lpt,longhorn-liveness-probe,2.8,1.8,0.0,0.0,0.0,224.0,274.0,0.0,0.0,0.0,0.0,0.0,177.0,0.0008554595,normal
2026-06-01T02:22:51Z,worker-1,monitoring,my-monitoring-prometheus-node-exporter-829wk,node-exporter,178.4,0.8,154.8,0.0,0.0,573.0,26075.0,0.0,0.0,0.0,0.0,0.0,218.0,0.0102343494,normal
2026-06-01T02:22:51Z,worker-1,longhorn-system,csi-resizer-7d9bff5787-242pl,csi-resizer,2.0,2.0,0.0,0.0,0.0,1107.0,996.0,0.0,0.0,0.0,0.0,0.0,234.0,0.0007339825,normal
2026-06-01T02:22:51Z,worker-1,kube-system,tetragon-kl9tz,export-stdout,6.2,4.8,0.0,0.0,0.0,0.0,0.0,0.0,0.0,0.0,0.0,0.0,11.0,0.0001308957,normal
2026-06-01T02:23:01Z,worker-1,gpu-operator,gpu-operator-1764036362-node-feature-discovery-worker-9v5dt,worker,0.6,0.2,0.0,0.0,0.0,222.0,188.0,0.0,0.0,0.0,0.0,0.0,36.0,0.0002003276,normal
2026-06-01T02:23:01Z,worker-1,longhorn-system,longhorn-csi-plugin-t8lpt,longhorn-csi-plugin,2.7,1.3,0.0,0.0,0.0,0.0,0.0,0.0,0.0,0.0,0.0,0.0,108.0,0.0004087002,normal
2026-06-01T02:23:01Z,worker-1,longhorn-system,longhorn-manager-fgsfc,longhorn-manager,178.2,52.4,14.7,0.3,0.1,583419.0,23985.0,0.0,0.0,0.0,2.0,10.0,5510.0,0.0233423989,normal
2026-06-01T02:23:01Z,worker-1,longhorn-system,longhorn-csi-plugin-t8lpt,node-driver-registrar,0.1,0.1,0.0,0.0,0.0,0.0,0.0,0.0,0.0,0.0,0.0,0.0,9.0,3.1042e-05,normal
2026-06-01T02:23:01Z,worker-1,longhorn-system,csi-attacher-896ffc747-rxjjt,csi-attacher,3.7,3.3,0.1,0.0,0.0,1112.0,1014.0,0.0,0.0,0.0,0.0,0.0,206.0,0.0007833352,normal
2026-06-01T02:23:01Z,worker-1,longhorn-system,csi-snapshotter-65884686fc-gjw5g,csi-snapshotter,11.7,11.7,0.0,0.0,0.0,1133.0,1069.0,0.0,0.0,0.0,0.0,0.0,766.0,0.0022768956,normal
2026-06-01T02:23:01Z,worker-1,kube-system,nodelocaldns-zjml5,node-cache,13.0,4.4,0.3,1.0,0.0,4922.0,3562.0,0.0,0.0,0.0,0.0,0.0,734.0,0.0039730705,normal
2026-06-01T02:23:01Z,worker-1,kube-system,kube-ovn-pinger-vfzmn,pinger,43.5,17.3,13.2,0.2,0.0,83766.0,1205.0,0.0,12288.0,0.0900485,17.0,26.0,3370.0,0.0160559218,normal
2026-06-01T02:23:01Z,worker-1,kube-system,tetragon-kl9tz,tetragon,7.2,5.7,0.4,0.0,0.0,17813.0,21352.0,0.0,0.0,0.0,0.0,0.0,13476.0,0.0473155713,normal
2026-06-01T02:23:01Z,worker-1,longhorn-system,engine-image-ei-3154f3aa-kvvkq,engine-image-ei-3154f3aa,12.8,1.0,14.4,0.0,0.0,0.0,0.0,0.0,0.0,0.0,10.0,41.0,1133.0,0.0128390697,normal
2026-06-01T02:23:01Z,worker-1,kube-system,kube-proxy-pdwww,kube-proxy,2.2,0.4,0.0,0.0,0.0,17157.0,96.0,0.0,0.0,0.0,0.0,0.0,95.0,0.0002784053,normal
2026-06-01T02:23:01Z,worker-1,longhorn-system,engine-image-ei-843accdd-tx99h,engine-image-ei-843accdd,12.6,1.0,14.2,0.0,0.0,0.0,0.0,0.0,0.0,0.0,10.0,36.0,1040.0,0.0115755239,normal
2026-06-01T02:23:01Z,worker-1,kube-system,kube-ovn-cni-cf7cj,cni-server,321.1,23.8,361.6,0.4,0.0,211675.0,1235.0,0.0,0.0,0.0,132.0,198.0,5181.0,0.0812294525,normal
2026-06-01T02:23:01Z,worker-1,kube-system,ovs-ovn-w75jd,openvswitch,118.4,92.5,39.5,0.0,0.0,6059.0,41.0,0.0,0.0,0.0,52.0,88.0,2368.0,0.0438109974,normal
2026-06-01T02:23:01Z,worker-1,longhorn-system,csi-provisioner-688964c44b-7hv5d,csi-provisioner,33.5,6.2,0.1,0.0,0.0,205617.0,2190.0,0.0,0.0,0.0,0.0,0.0,1261.0,0.0037362833,normal
2026-06-01T02:23:01Z,worker-1,longhorn-system,instance-manager-bacbca1a1c80c6ca28fd5f2d5fd0c24c,instance-manager,203.2,9.4,12.4,0.4,0.0,3811.0,3749.0,0.0,0.0,0.0,7.0,7.0,794.0,0.0081966426,normal
2026-06-01T02:23:01Z,worker-1,ebpf-final,ebpf-collector-5588x,collector,0.2,0.7,0.3,0.1,0.0,11915.0,17198.0,0.0,0.0,0.0,0.0,0.0,11.0,0.0015949293,normal
2026-06-01T02:23:01Z,worker-1,longhorn-system,longhorn-csi-plugin-t8lpt,longhorn-liveness-probe,3.0,1.9,0.0,0.0,0.0,224.0,274.0,0.0,0.0,0.0,0.0,0.0,173.0,0.0007973297,normal
2026-06-01T02:23:01Z,worker-1,monitoring,my-monitoring-prometheus-node-exporter-829wk,node-exporter,0.2,0.2,0.0,0.0,0.0,208.0,3254.0,0.0,0.0,0.0,0.0,0.0,18.0,0.0001313565,normal
2026-06-01T02:23:01Z,worker-1,longhorn-system,csi-resizer-7d9bff5787-242pl,csi-resizer,2.4,2.1,0.0,0.0,0.0,1325.0,996.0,0.0,0.0,0.0,0.0,0.0,242.0,0.0007458927,normal
2026-06-01T02:23:01Z,worker-1,kube-system,tetragon-kl9tz,export-stdout,18.0,16.6,0.0,0.0,0.0,0.0,0.0,0.0,0.0,0.0,0.0,0.0,10.0,0.0002579885,normal
2026-06-01T02:23:11Z,worker-1,gpu-operator,gpu-operator-1764036362-node-feature-discovery-worker-9v5dt,worker,0.5,0.2,0.0,0.0,0.0,222.0,188.0,0.0,0.0,0.0,0.0,0.0,31.0,0.0001851386,normal
2026-06-01T02:23:11Z,worker-1,longhorn-system,longhorn-csi-plugin-t8lpt,longhorn-csi-plugin,3.0,1.3,0.0,0.0,0.0,0.0,0.0,0.0,0.0,0.0,0.0,0.0,81.0,0.0003356771,normal
2026-06-01T02:23:11Z,worker-1,longhorn-system,longhorn-manager-fgsfc,longhorn-manager,111.5,42.4,0.2,0.1,0.0,486508.0,13979.0,0.0,0.0,0.0,0.0,0.0,4503.0,0.0145912418,normal
2026-06-01T02:23:11Z,worker-1,longhorn-system,longhorn-csi-plugin-t8lpt,node-driver-registrar,0.1,0.1,0.0,0.0,0.0,0.0,0.0,0.0,0.0,0.0,0.0,0.0,10.0,3.32123e-05,normal
2026-06-01T02:23:11Z,worker-1,longhorn-system,csi-attacher-896ffc747-rxjjt,csi-attacher,3.5,3.1,0.0,0.0,0.0,1229.0,1014.0,0.0,0.0,0.0,0.0,0.0,325.0,0.0008938846,normal
2026-06-01T02:23:11Z,worker-1,longhorn-system,csi-snapshotter-65884686fc-gjw5g,csi-snapshotter,12.6,12.4,0.0,0.0,0.0,1132.0,1034.0,0.0,0.0,0.0,0.0,0.0,786.0,0.0023843451,normal
2026-06-01T02:23:11Z,worker-1,kube-system,nodelocaldns-zjml5,node-cache,12.6,3.9,0.3,1.0,0.0,4922.0,3562.0,0.0,0.0,0.0,0.0,0.0,738.0,0.0039518174,normal
2026-06-01T02:23:11Z,worker-1,kube-system,kube-ovn-pinger-vfzmn,pinger,49.8,19.5,13.2,0.2,0.0,116637.0,1536.0,0.0,12288.0,0.064204,17.0,26.0,3330.0,0.0150390558,normal
2026-06-01T02:23:11Z,worker-1,kube-system,tetragon-kl9tz,tetragon,5.0,3.1,0.0,0.0,0.0,17448.0,239.0,0.0,0.0,0.0,0.0,0.0,12527.0,0.0410216608,normal
2026-06-01T02:23:11Z,worker-1,longhorn-system,engine-image-ei-3154f3aa-kvvkq,engine-image-ei-3154f3aa,12.8,1.0,14.4,0.0,0.0,0.0,0.0,0.0,0.0,0.0,10.0,40.0,1105.0,0.0127580271,normal
2026-06-01T02:23:11Z,worker-1,kube-system,kube-proxy-pdwww,kube-proxy,1.9,0.4,0.0,0.0,0.0,17282.0,96.0,0.0,0.0,0.0,0.0,0.0,170.0,0.0019876457,normal
2026-06-01T02:23:11Z,worker-1,longhorn-system,engine-image-ei-843accdd-tx99h,engine-image-ei-843accdd,12.5,1.0,14.1,0.0,0.0,0.0,0.0,0.0,0.0,0.0,10.0,29.0,818.0,0.0096357885,normal
2026-06-01T02:23:11Z,worker-1,kube-system,kube-ovn-cni-cf7cj,cni-server,319.9,21.9,364.2,0.2,0.0,204500.0,1200.0,0.0,0.0,0.0,134.0,171.0,4252.0,0.0673909985,normal
2026-06-01T02:23:11Z,worker-1,kube-system,ovs-ovn-w75jd,openvswitch,98.9,59.9,37.9,0.0,0.0,38.0,41.0,0.0,0.0,0.0,52.0,88.0,1977.0,0.0307957587,normal
2026-06-01T02:23:11Z,worker-1,longhorn-system,csi-provisioner-688964c44b-7hv5d,csi-provisioner,37.1,9.4,0.0,0.0,0.0,205745.0,2190.0,0.0,0.0,0.0,0.0,0.0,1388.0,0.0042555219,normal
2026-06-01T02:23:11Z,worker-1,longhorn-system,instance-manager-bacbca1a1c80c6ca28fd5f2d5fd0c24c,instance-manager,196.0,9.0,11.3,0.5,0.0,4108.0,4933.0,0.0,0.0,0.0,6.0,6.0,840.0,0.0088027413,normal
2026-06-01T02:23:11Z,worker-1,ebpf-final,ebpf-collector-5588x,collector,0.2,0.8,0.3,0.1,0.0,12604.0,18186.0,0.0,0.0,0.0,0.0,0.0,13.0,0.0015548267,normal
2026-06-01T02:23:11Z,worker-1,longhorn-system,longhorn-csi-plugin-t8lpt,longhorn-liveness-probe,2.9,1.8,0.0,0.0,0.0,224.0,274.0,0.0,0.0,0.0,0.0,0.0,166.0,0.0007817989,normal
2026-06-01T02:23:11Z,worker-1,monitoring,my-monitoring-prometheus-node-exporter-829wk,node-exporter,0.4,0.2,0.0,0.0,0.0,208.0,3254.0,0.0,0.0,0.0,0.0,0.0,17.0,0.0001233671,normal
2026-06-01T02:23:11Z,worker-1,longhorn-system,csi-resizer-7d9bff5787-242pl,csi-resizer,2.2,1.8,0.1,0.0,0.0,1129.0,996.0,0.0,0.0,0.0,0.0,0.0,261.0,0.0007282567,normal
2026-06-01T02:23:11Z,worker-1,kube-system,tetragon-kl9tz,export-stdout,6.7,5.4,0.0,0.0,0.0,0.0,0.0,0.0,0.0,0.0,0.0,0.0,10.0,0.0001451798,normal
2026-06-01T02:23:22Z,worker-1,gpu-operator,gpu-operator-1764036362-node-feature-discovery-worker-9v5dt,worker,294.4,4.4,159.6,0.0,0.0,137978.0,1811.0,0.0,0.0,0.0,0.0,0.0,1909.0,0.0317932664,normal
2026-06-01T02:23:22Z,worker-1,longhorn-system,longhorn-csi-plugin-t8lpt,longhorn-csi-plugin,2.8,1.2,0.0,0.0,0.0,0.0,0.0,0.0,0.0,0.0,0.0,0.0,81.0,0.0003686652,normal
2026-06-01T02:23:22Z,worker-1,longhorn-system,longhorn-manager-fgsfc,longhorn-manager,107.9,45.4,0.2,0.1,0.0,421498.0,10864.0,0.0,0.0,0.0,0.0,0.0,4343.0,0.0135003906,normal
2026-06-01T02:23:22Z,worker-1,longhorn-system,longhorn-csi-plugin-t8lpt,node-driver-registrar,0.1,0.1,0.0,0.0,0.0,0.0,0.0,0.0,0.0,0.0,0.0,0.0,9.0,3.10772e-05,normal
2026-06-01T02:23:22Z,worker-1,longhorn-system,csi-attacher-896ffc747-rxjjt,csi-attacher,3.8,3.6,0.0,0.0,0.0,1236.0,1049.0,0.0,0.0,0.0,0.0,0.0,279.0,0.0008742491,normal
2026-06-01T02:23:22Z,worker-1,longhorn-system,csi-snapshotter-65884686fc-gjw5g,csi-snapshotter,12.8,12.4,0.1,0.0,0.0,1149.0,2048.0,0.0,0.0,0.0,0.0,0.0,858.0,0.002530144,normal
2026-06-01T02:23:22Z,worker-1,kube-system,nodelocaldns-zjml5,node-cache,13.8,4.6,0.4,1.0,0.0,4922.0,3489.0,0.0,0.0,0.0,0.0,0.0,686.0,0.0038727766,normal
2026-06-01T02:23:22Z,worker-1,kube-system,kube-ovn-pinger-vfzmn,pinger,16.6,15.4,0.0,0.0,0.0,32405.0,375.0,0.0,12288.0,0.061342,0.0,0.0,3435.0,0.0112371277,normal
2026-06-01T02:23:22Z,worker-1,kube-system,tetragon-kl9tz,tetragon,5.4,3.5,0.0,0.0,0.0,17619.0,239.0,0.0,0.0,0.0,0.0,0.0,12258.0,0.0297936551,normal
2026-06-01T02:23:22Z,worker-1,longhorn-system,engine-image-ei-3154f3aa-kvvkq,engine-image-ei-3154f3aa,12.8,1.0,14.4,0.0,0.0,0.0,0.0,0.0,0.0,0.0,10.0,40.0,1093.0,0.0128222096,normal
2026-06-01T02:23:22Z,worker-1,kube-system,kube-proxy-pdwww,kube-proxy,2.1,0.5,0.0,0.0,0.0,17296.0,96.0,0.0,0.0,0.0,0.0,0.0,64.0,0.0003086333,normal
2026-06-01T02:23:22Z,worker-1,longhorn-system,engine-image-ei-843accdd-tx99h,engine-image-ei-843accdd,12.4,1.0,14.0,0.0,0.0,0.0,0.0,0.0,0.0,0.0,10.0,24.0,680.0,0.0097552293,normal
2026-06-01T02:23:22Z,worker-1,kube-system,kube-ovn-cni-cf7cj,cni-server,317.7,23.0,361.6,0.4,0.0,181466.0,1104.0,0.0,0.0,0.0,132.0,195.0,5049.0,0.0790862905,normal
2026-06-01T02:23:22Z,worker-1,kube-system,ovs-ovn-w75jd,openvswitch,98.4,59.5,37.6,0.0,0.0,38.0,41.0,0.0,0.0,0.0,52.0,88.0,1943.0,0.0305543668,normal
2026-06-01T02:23:22Z,worker-1,longhorn-system,csi-provisioner-688964c44b-7hv5d,csi-provisioner,32.7,8.1,0.0,0.0,0.0,182247.0,2094.0,0.0,0.0,0.0,0.0,0.0,1351.0,0.0056856297,normal
2026-06-01T02:23:22Z,worker-1,longhorn-system,instance-manager-bacbca1a1c80c6ca28fd5f2d5fd0c24c,instance-manager,193.1,7.7,11.3,0.4,0.0,2972.0,3145.0,0.0,0.0,0.0,6.0,6.0,651.0,0.006367317,normal
2026-06-01T02:23:22Z,worker-1,ebpf-final,ebpf-collector-5588x,collector,154.1,0.8,143.4,0.1,0.0,209381.0,17614.0,0.0,0.0,0.0,0.0,0.0,160.0,0.0221165074,normal
2026-06-01T02:23:22Z,worker-1,longhorn-system,longhorn-csi-plugin-t8lpt,longhorn-liveness-probe,2.7,1.7,0.0,0.0,0.0,224.0,274.0,0.0,0.0,0.0,0.0,0.0,181.0,0.000783011,normal
2026-06-01T02:23:22Z,worker-1,monitoring,my-monitoring-prometheus-node-exporter-829wk,node-exporter,178.7,0.9,154.8,0.0,0.0,677.0,27639.0,0.0,0.0,0.0,0.0,0.0,334.0,0.0137666873,normal
2026-06-01T02:23:22Z,worker-1,longhorn-system,csi-resizer-7d9bff5787-242pl,csi-resizer,2.4,2.2,0.0,0.0,0.0,1218.0,996.0,0.0,0.0,0.0,0.0,0.0,296.0,0.0008188078,normal
2026-06-01T02:23:22Z,worker-1,kube-system,tetragon-kl9tz,export-stdout,6.1,4.8,0.0,0.0,0.0,0.0,0.0,0.0,0.0,0.0,0.0,0.0,10.0,0.0001322039,normal
2026-06-01T02:23:32Z,worker-1,gpu-operator,gpu-operator-1764036362-node-feature-discovery-worker-9v5dt,worker,0.5,0.2,0.0,0.0,0.0,222.0,188.0,0.0,0.0,0.0,0.0,0.0,32.0,0.0002197091,normal
2026-06-01T02:23:32Z,worker-1,longhorn-system,longhorn-csi-plugin-t8lpt,longhorn-csi-plugin,3.1,1.3,0.0,0.0,0.0,0.0,0.0,0.0,0.0,0.0,0.0,0.0,79.0,0.0003923868,normal
2026-06-01T02:23:32Z,worker-1,longhorn-system,longhorn-manager-fgsfc,longhorn-manager,159.4,47.7,14.8,0.3,0.0,478605.0,21341.0,0.0,0.0,0.0,2.0,8.0,4973.0,0.0354950266,normal
2026-06-01T02:23:32Z,worker-1,longhorn-system,longhorn-csi-plugin-t8lpt,node-driver-registrar,0.1,0.1,0.0,0.0,0.0,0.0,0.0,0.0,0.0,0.0,0.0,0.0,9.0,3.36183e-05,normal
2026-06-01T02:23:32Z,worker-1,longhorn-system,csi-attacher-896ffc747-rxjjt,csi-attacher,3.9,3.3,0.0,0.0,0.0,1283.0,1014.0,0.0,0.0,0.0,0.0,0.0,337.0,0.0009091441,normal
2026-06-01T02:23:32Z,worker-1,longhorn-system,csi-snapshotter-65884686fc-gjw5g,csi-snapshotter,12.9,12.3,0.1,0.0,0.0,1310.0,1073.0,0.0,0.0,0.0,0.0,0.0,831.0,0.002514517,normal
2026-06-01T02:23:32Z,worker-1,kube-system,nodelocaldns-zjml5,node-cache,13.8,4.7,0.3,1.1,0.0,5145.0,3785.0,0.0,0.0,0.0,0.0,0.0,772.0,0.0042359668,normal
2026-06-01T02:23:32Z,worker-1,kube-system,kube-ovn-pinger-vfzmn,pinger,46.4,21.0,13.3,0.2,0.0,116151.0,1532.0,0.0,12288.0,0.068175,17.0,26.0,3944.0,0.0189751992,normal
2026-06-01T02:23:32Z,worker-1,kube-system,tetragon-kl9tz,tetragon,5.7,6.4,0.0,0.0,0.0,17587.0,239.0,0.0,0.0,0.0,0.0,0.0,14887.0,0.0459867245,normal
2026-06-01T02:23:32Z,worker-1,longhorn-system,engine-image-ei-3154f3aa-kvvkq,engine-image-ei-3154f3aa,12.7,1.0,14.3,0.0,0.0,0.0,0.0,0.0,0.0,0.0,10.0,39.0,1095.0,0.0120620628,normal
2026-06-01T02:23:32Z,worker-1,kube-system,kube-proxy-pdwww,kube-proxy,2.4,0.4,0.0,0.0,0.0,17279.0,96.0,0.0,0.0,0.0,0.0,0.0,78.0,0.0002889905,normal
2026-06-01T02:23:32Z,worker-1,longhorn-system,engine-image-ei-843accdd-tx99h,engine-image-ei-843accdd,12.4,1.0,14.0,0.0,0.0,0.0,0.0,0.0,0.0,0.0,10.0,26.0,703.0,0.0098541035,normal
2026-06-01T02:23:32Z,worker-1,kube-system,kube-ovn-cni-cf7cj,cni-server,483.5,27.3,551.4,0.2,0.0,204477.0,1200.0,0.0,0.0,0.0,174.0,206.0,4749.0,0.079603508,normal
2026-06-01T02:23:32Z,worker-1,kube-system,ovs-ovn-w75jd,openvswitch,106.3,70.9,38.3,0.0,0.0,1403.0,41.0,0.0,0.0,0.0,52.0,90.0,2045.0,0.0321585299,normal
2026-06-01T02:23:32Z,worker-1,longhorn-system,csi-provisioner-688964c44b-7hv5d,csi-provisioner,35.1,7.6,0.0,0.0,0.0,205565.0,2190.0,0.0,0.0,0.0,0.0,0.0,1340.0,0.0041987354,normal
2026-06-01T02:23:32Z,worker-1,longhorn-system,instance-manager-bacbca1a1c80c6ca28fd5f2d5fd0c24c,instance-manager,204.4,10.0,12.4,0.4,0.0,3811.0,3766.0,0.0,0.0,0.0,7.0,7.0,822.0,0.0074336447,normal
2026-06-01T02:23:32Z,worker-1,ebpf-final,ebpf-collector-5588x,collector,5.5,1.3,3.1,0.1,0.0,11209.0,16172.0,0.0,0.0,0.0,5.0,2.0,246.0,0.0033489224,normal
2026-06-01T02:23:32Z,worker-1,longhorn-system,longhorn-csi-plugin-t8lpt,longhorn-liveness-probe,2.7,1.7,0.0,0.0,0.0,224.0,274.0,0.0,0.0,0.0,0.0,0.0,225.0,0.0017393387,normal
2026-06-01T02:23:32Z,worker-1,monitoring,my-monitoring-prometheus-node-exporter-829wk,node-exporter,0.5,0.2,0.0,0.0,0.0,208.0,3254.0,0.0,0.0,0.0,0.0,0.0,26.0,0.0001924094,normal
2026-06-01T02:23:32Z,worker-1,longhorn-system,csi-resizer-7d9bff5787-242pl,csi-resizer,3.6,2.8,0.1,0.0,0.0,1373.0,1160.0,0.0,0.0,0.0,0.0,0.0,268.0,0.0008641264,normal
2026-06-01T02:23:32Z,worker-1,kube-system,tetragon-kl9tz,export-stdout,24.2,22.7,0.0,0.0,0.0,0.0,0.0,0.0,0.0,0.0,0.0,0.0,10.0,0.0002547767,normal
2026-06-01T02:23:42Z,worker-1,gpu-operator,gpu-operator-1764036362-node-feature-discovery-worker-9v5dt,worker,0.5,0.2,0.0,0.0,0.0,222.0,188.0,0.0,0.0,0.0,0.0,0.0,35.0,0.0002187426,normal
2026-06-01T02:23:42Z,worker-1,longhorn-system,longhorn-csi-plugin-t8lpt,longhorn-csi-plugin,2.5,1.1,0.0,0.0,0.0,0.0,0.0,0.0,0.0,0.0,0.0,0.0,80.0,0.000385416,normal
2026-06-01T02:23:42Z,worker-1,longhorn-system,longhorn-manager-fgsfc,longhorn-manager,113.9,41.8,0.3,0.1,0.0,469863.0,12496.0,0.0,0.0,0.0,0.0,0.0,4597.0,0.0139882173,normal
2026-06-01T02:23:42Z,worker-1,longhorn-system,longhorn-csi-plugin-t8lpt,node-driver-registrar,0.1,0.1,0.0,0.0,0.0,0.0,0.0,0.0,0.0,0.0,0.0,0.0,9.0,3.18528e-05,normal
2026-06-01T02:23:42Z,worker-1,longhorn-system,csi-attacher-896ffc747-rxjjt,csi-attacher,2.6,2.4,0.0,0.0,0.0,1226.0,1013.0,0.0,0.0,0.0,0.0,0.0,295.0,0.0018277815,normal
2026-06-01T02:23:42Z,worker-1,longhorn-system,csi-snapshotter-65884686fc-gjw5g,csi-snapshotter,12.4,12.1,0.0,0.0,0.0,1317.0,1073.0,0.0,0.0,0.0,0.0,0.0,793.0,0.0024293557,normal
2026-06-01T02:23:42Z,worker-1,kube-system,nodelocaldns-zjml5,node-cache,28.7,5.8,37.6,1.0,0.0,4922.0,3562.0,0.0,0.0,0.0,12.0,12.0,969.0,0.0098780404,normal
2026-06-01T02:23:42Z,worker-1,kube-system,kube-ovn-pinger-vfzmn,pinger,51.0,21.4,13.2,0.2,0.0,115762.0,1580.0,0.0,12288.0,0.0673545,17.0,26.0,3941.0,0.018816052,normal
2026-06-01T02:23:42Z,worker-1,kube-system,tetragon-kl9tz,tetragon,5.6,3.5,0.0,0.0,0.0,17609.0,239.0,0.0,0.0,0.0,0.0,0.0,12661.0,0.033431337,normal
2026-06-01T02:23:42Z,worker-1,longhorn-system,engine-image-ei-3154f3aa-kvvkq,engine-image-ei-3154f3aa,12.7,1.0,14.3,0.0,0.0,0.0,0.0,0.0,0.0,0.0,10.0,40.0,1074.0,0.0130576635,normal
2026-06-01T02:23:42Z,worker-1,kube-system,kube-proxy-pdwww,kube-proxy,2.5,0.4,0.0,0.0,0.0,17283.0,96.0,0.0,0.0,0.0,0.0,0.0,184.0,0.0005848549,normal
2026-06-01T02:23:42Z,worker-1,longhorn-system,engine-image-ei-843accdd-tx99h,engine-image-ei-843accdd,12.4,1.0,14.0,0.0,0.0,0.0,0.0,0.0,0.0,0.0,10.0,32.0,888.0,0.010575788,normal
2026-06-01T02:23:42Z,worker-1,kube-system,kube-ovn-cni-cf7cj,cni-server,317.8,22.0,360.7,0.3,0.0,204616.0,1200.0,0.0,0.0,0.0,131.0,179.0,4536.0,0.0730252208,normal
2026-06-01T02:23:42Z,worker-1,kube-system,ovs-ovn-w75jd,openvswitch,101.4,61.2,38.0,0.0,0.0,38.0,41.0,0.0,0.0,0.0,52.0,89.0,1994.0,0.0310676244,normal
2026-06-01T02:23:42Z,worker-1,longhorn-system,csi-provisioner-688964c44b-7hv5d,csi-provisioner,34.5,7.5,0.0,0.0,0.0,205565.0,2190.0,0.0,0.0,0.0,0.0,0.0,1274.0,0.0039917503,normal
2026-06-01T02:23:42Z,worker-1,longhorn-system,instance-manager-bacbca1a1c80c6ca28fd5f2d5fd0c24c,instance-manager,192.8,7.3,11.3,0.4,0.0,3023.0,3179.0,0.0,0.0,0.0,6.0,6.0,813.0,0.0101603262,normal
2026-06-01T02:23:42Z,worker-1,ebpf-final,ebpf-collector-5588x,collector,0.2,0.8,0.3,0.1,0.0,12247.0,17679.0,0.0,0.0,0.0,0.0,0.0,11.0,0.0018444929,normal
2026-06-01T02:23:42Z,worker-1,longhorn-system,longhorn-csi-plugin-t8lpt,longhorn-liveness-probe,2.6,1.6,0.0,0.0,0.0,224.0,274.0,0.0,0.0,0.0,0.0,0.0,175.0,0.0008356745,normal
2026-06-01T02:23:42Z,worker-1,monitoring,my-monitoring-prometheus-node-exporter-829wk,node-exporter,0.3,0.2,0.0,0.0,0.0,208.0,3254.0,0.0,0.0,0.0,0.0,0.0,18.0,0.0001387281,normal
2026-06-01T02:23:42Z,worker-1,longhorn-system,csi-resizer-7d9bff5787-242pl,csi-resizer,1.9,1.9,0.0,0.0,0.0,1120.0,996.0,0.0,0.0,0.0,0.0,0.0,207.0,0.0006846047,normal
2026-06-01T02:23:42Z,worker-1,kube-system,tetragon-kl9tz,export-stdout,6.1,4.8,0.0,0.0,0.0,0.0,0.0,0.0,0.0,0.0,0.0,0.0,10.0,0.0001265884,normal
2026-06-01T02:23:52Z,worker-1,gpu-operator,gpu-operator-1764036362-node-feature-discovery-worker-9v5dt,worker,0.6,0.3,0.0,0.0,0.0,261.0,227.0,0.0,0.0,0.0,0.0,0.0,93.0,0.0003249925,normal
2026-06-01T02:23:52Z,worker-1,longhorn-system,longhorn-csi-plugin-t8lpt,longhorn-csi-plugin,2.8,1.2,0.0,0.0,0.0,0.0,0.0,0.0,0.0,0.0,0.0,0.0,82.0,0.0003761032,normal
2026-06-01T02:23:52Z,worker-1,longhorn-system,longhorn-manager-fgsfc,longhorn-manager,112.4,43.5,0.1,0.1,0.0,469387.0,12346.0,0.0,0.0,0.0,0.0,0.0,4493.0,0.014453207,normal
2026-06-01T02:23:52Z,worker-1,longhorn-system,longhorn-csi-plugin-t8lpt,node-driver-registrar,0.1,0.1,0.0,0.0,0.0,0.0,0.0,0.0,0.0,0.0,0.0,0.0,9.0,3.11796e-05,normal
2026-06-01T02:23:52Z,worker-1,longhorn-system,csi-attacher-896ffc747-rxjjt,csi-attacher,3.6,3.2,0.1,0.0,0.0,1136.0,1012.0,0.0,0.0,0.0,0.0,0.0,269.0,0.0008913696,normal
2026-06-01T02:23:52Z,worker-1,longhorn-system,csi-snapshotter-65884686fc-gjw5g,csi-snapshotter,11.9,11.7,0.0,0.0,0.0,1132.0,1069.0,0.0,0.0,0.0,0.0,0.0,843.0,0.0024397623,normal
2026-06-01T02:23:52Z,worker-1,kube-system,nodelocaldns-zjml5,node-cache,13.3,4.3,0.3,1.0,0.0,4922.0,3562.0,0.0,0.0,0.0,0.0,0.0,751.0,0.004170165,normal
2026-06-01T02:23:52Z,worker-1,kube-system,kube-ovn-pinger-vfzmn,pinger,51.5,21.4,13.2,0.2,0.0,115752.0,1580.0,0.0,12288.0,0.0772495,17.0,26.0,4269.0,0.0198509278,normal
2026-06-01T02:23:52Z,worker-1,kube-system,tetragon-kl9tz,tetragon,5.5,3.1,0.0,0.0,0.0,17595.0,239.0,0.0,0.0,0.0,0.0,0.0,14015.0,0.04035703,normal
2026-06-01T02:23:52Z,worker-1,longhorn-system,engine-image-ei-3154f3aa-kvvkq,engine-image-ei-3154f3aa,12.8,1.0,14.4,0.0,0.0,0.0,0.0,0.0,0.0,0.0,10.0,43.0,1107.0,0.0117276075,normal
2026-06-01T02:23:52Z,worker-1,kube-system,kube-proxy-pdwww,kube-proxy,2.0,0.4,0.0,0.0,0.0,17157.0,96.0,0.0,0.0,0.0,0.0,0.0,65.0,0.0002402033,normal
2026-06-01T02:23:52Z,worker-1,longhorn-system,engine-image-ei-843accdd-tx99h,engine-image-ei-843accdd,15.2,1.2,17.2,0.0,0.0,0.0,0.0,0.0,0.0,0.0,12.0,34.0,940.0,0.0114541473,normal
2026-06-01T02:23:52Z,worker-1,kube-system,kube-ovn-cni-cf7cj,cni-server,319.5,22.9,362.1,0.3,0.0,204782.0,1200.0,0.0,0.0,0.0,132.0,180.0,4538.0,0.0711805876,normal
2026-06-01T02:23:52Z,worker-1,kube-system,ovs-ovn-w75jd,openvswitch,117.6,67.2,46.8,0.0,0.0,38.0,41.0,0.0,0.0,0.0,65.0,110.0,2361.0,0.0368434832,normal
2026-06-01T02:23:52Z,worker-1,longhorn-system,csi-provisioner-688964c44b-7hv5d,csi-provisioner,36.7,7.8,0.1,0.0,0.0,206331.0,3200.0,0.0,0.0,0.0,0.0,0.0,1548.0,0.0044740288,normal
2026-06-01T02:23:52Z,worker-1,longhorn-system,instance-manager-bacbca1a1c80c6ca28fd5f2d5fd0c24c,instance-manager,198.0,9.5,11.3,0.4,0.0,4185.0,4451.0,0.0,0.0,0.0,6.0,6.0,912.0,0.0086598983,normal
2026-06-01T02:23:52Z,worker-1,ebpf-final,ebpf-collector-5588x,collector,153.9,0.8,143.3,0.1,0.0,209387.0,17613.0,0.0,0.0,0.0,0.0,0.0,159.0,0.020165581,normal
2026-06-01T02:23:52Z,worker-1,longhorn-system,longhorn-csi-plugin-t8lpt,longhorn-liveness-probe,2.8,1.8,0.0,0.0,0.0,224.0,274.0,0.0,0.0,0.0,0.0,0.0,208.0,0.0008206831,normal
2026-06-01T02:23:52Z,worker-1,monitoring,my-monitoring-prometheus-node-exporter-829wk,node-exporter,178.8,0.8,154.8,0.0,0.0,573.0,26017.0,0.0,0.0,0.0,0.0,0.0,431.0,0.0144599327,normal
2026-06-01T02:23:52Z,worker-1,longhorn-system,csi-resizer-7d9bff5787-242pl,csi-resizer,2.4,2.2,0.0,0.0,0.0,1095.0,996.0,0.0,0.0,0.0,0.0,0.0,253.0,0.0007720229,normal
2026-06-01T02:23:52Z,worker-1,kube-system,tetragon-kl9tz,export-stdout,6.0,4.7,0.0,0.0,0.0,0.0,0.0,0.0,0.0,0.0,0.0,0.0,11.0,0.0001252551,normal
2026-06-01T02:24:03Z,worker-1,gpu-operator,gpu-operator-1764036362-node-feature-discovery-worker-9v5dt,worker,0.4,0.2,0.0,0.0,0.0,222.0,188.0,0.0,0.0,0.0,0.0,0.0,32.0,0.0002174189,normal
2026-06-01T02:24:03Z,worker-1,longhorn-system,longhorn-csi-plugin-t8lpt,longhorn-csi-plugin,3.7,1.4,0.0,0.0,0.0,0.0,0.0,0.0,0.0,0.0,0.0,0.0,175.0,0.0019135087,normal
2026-06-01T02:24:03Z,worker-1,longhorn-system,longhorn-manager-fgsfc,longhorn-manager,159.7,43.5,14.8,0.3,0.0,486145.0,21369.0,0.0,0.0,0.0,2.0,11.0,5215.0,0.0203161371,normal
2026-06-01T02:24:03Z,worker-1,longhorn-system,longhorn-csi-plugin-t8lpt,node-driver-registrar,0.1,0.1,0.0,0.0,0.0,0.0,0.0,0.0,0.0,0.0,0.0,0.0,9.0,3.39028e-05,normal
2026-06-01T02:24:03Z,worker-1,longhorn-system,csi-attacher-896ffc747-rxjjt,csi-attacher,3.8,3.7,0.0,0.0,0.0,1110.0,1012.0,0.0,0.0,0.0,0.0,0.0,270.0,0.0008818808,normal
2026-06-01T02:24:03Z,worker-1,longhorn-system,csi-snapshotter-65884686fc-gjw5g,csi-snapshotter,11.8,11.7,0.0,0.0,0.0,1132.0,1034.0,0.0,0.0,0.0,0.0,0.0,828.0,0.0023602961,normal
2026-06-01T02:24:03Z,worker-1,kube-system,nodelocaldns-zjml5,node-cache,13.2,4.1,0.4,1.0,0.0,4922.0,3562.0,0.0,0.0,0.0,0.0,0.0,746.0,0.0038829302,normal
2026-06-01T02:24:03Z,worker-1,kube-system,kube-ovn-pinger-vfzmn,pinger,51.5,22.2,13.2,0.2,0.0,115857.0,1580.0,0.0,12288.0,0.070904,17.0,26.0,3969.0,0.0187186454,normal
2026-06-01T02:24:03Z,worker-1,kube-system,tetragon-kl9tz,tetragon,7.8,5.9,0.4,0.0,0.0,17813.0,21427.0,0.0,0.0,0.0,0.0,0.0,13131.0,0.0428852121,normal
2026-06-01T02:24:03Z,worker-1,longhorn-system,engine-image-ei-3154f3aa-kvvkq,engine-image-ei-3154f3aa,12.8,1.0,14.4,0.0,0.0,0.0,0.0,0.0,0.0,0.0,10.0,42.0,1108.0,0.0139978436,normal
2026-06-01T02:24:03Z,worker-1,kube-system,kube-proxy-pdwww,kube-proxy,2.6,0.5,0.0,0.0,0.0,17282.0,96.0,0.0,0.0,0.0,0.0,0.0,87.0,0.0002760067,normal
2026-06-01T02:24:03Z,worker-1,longhorn-system,engine-image-ei-843accdd-tx99h,engine-image-ei-843accdd,12.5,1.0,14.1,0.0,0.0,0.0,0.0,0.0,0.0,0.0,10.0,32.0,901.0,0.0109587669,normal
2026-06-01T02:24:03Z,worker-1,kube-system,kube-ovn-cni-cf7cj,cni-server,323.3,22.4,365.6,0.2,0.0,204624.0,1200.0,0.0,0.0,0.0,137.0,168.0,4246.0,0.0666175473,normal
2026-06-01T02:24:03Z,worker-1,kube-system,ovs-ovn-w75jd,openvswitch,98.8,59.6,38.1,0.0,0.0,38.0,41.0,0.0,0.0,0.0,52.0,88.0,2029.0,0.0325436812,normal
2026-06-01T02:24:03Z,worker-1,longhorn-system,csi-provisioner-688964c44b-7hv5d,csi-provisioner,34.8,9.4,0.0,0.0,0.0,205600.0,2232.0,0.0,0.0,0.0,0.0,0.0,1363.0,0.0063196388,normal
2026-06-01T02:24:03Z,worker-1,longhorn-system,instance-manager-bacbca1a1c80c6ca28fd5f2d5fd0c24c,instance-manager,203.7,9.6,12.4,0.4,0.0,3811.0,3766.0,0.0,0.0,0.0,7.0,7.0,804.0,0.0070838144,normal
2026-06-01T02:24:03Z,worker-1,ebpf-final,ebpf-collector-5588x,collector,0.2,0.8,0.3,0.1,0.0,12254.0,17687.0,0.0,0.0,0.0,0.0,0.0,11.0,0.001106438,normal
2026-06-01T02:24:03Z,worker-1,longhorn-system,longhorn-csi-plugin-t8lpt,longhorn-liveness-probe,4.1,2.5,0.0,0.0,0.0,336.0,411.0,0.0,0.0,0.0,0.0,0.0,261.0,0.0012732723,normal
2026-06-01T02:24:03Z,worker-1,monitoring,my-monitoring-prometheus-node-exporter-829wk,node-exporter,0.2,0.2,0.0,0.0,0.0,208.0,3254.0,0.0,0.0,0.0,0.0,0.0,21.0,0.0001611804,normal
2026-06-01T02:24:03Z,worker-1,longhorn-system,csi-resizer-7d9bff5787-242pl,csi-resizer,2.8,2.1,0.1,0.0,0.0,1254.0,996.0,0.0,0.0,0.0,0.0,0.0,235.0,0.0007315296,normal
2026-06-01T02:24:03Z,worker-1,kube-system,tetragon-kl9tz,export-stdout,17.8,16.5,0.0,0.0,0.0,0.0,0.0,0.0,0.0,0.0,0.0,0.0,10.0,0.0002418204,normal
2026-06-01T02:24:13Z,worker-1,gpu-operator,gpu-operator-1764036362-node-feature-discovery-worker-9v5dt,worker,0.5,0.2,0.0,0.0,0.0,222.0,188.0,0.0,0.0,0.0,0.0,0.0,31.0,0.0001617357,normal
2026-06-01T02:24:13Z,worker-1,longhorn-system,longhorn-csi-plugin-t8lpt,longhorn-csi-plugin,2.7,1.1,0.0,0.0,0.0,0.0,0.0,0.0,0.0,0.0,0.0,0.0,84.0,0.0004055732,normal
2026-06-01T02:24:13Z,worker-1,longhorn-system,longhorn-manager-fgsfc,longhorn-manager,112.8,46.1,0.1,0.1,0.0,472697.0,14909.0,0.0,0.0,0.0,0.0,0.0,4440.0,0.0145388939,normal
2026-06-01T02:24:13Z,worker-1,longhorn-system,longhorn-csi-plugin-t8lpt,node-driver-registrar,0.2,0.2,0.0,0.0,0.0,0.0,0.0,0.0,0.0,0.0,0.0,0.0,14.0,4.82367e-05,normal
2026-06-01T02:24:13Z,worker-1,longhorn-system,csi-attacher-896ffc747-rxjjt,csi-attacher,3.2,2.9,0.0,0.0,0.0,1229.0,1049.0,0.0,0.0,0.0,0.0,0.0,317.0,0.0008780401,normal
2026-06-01T02:24:13Z,worker-1,longhorn-system,csi-snapshotter-65884686fc-gjw5g,csi-snapshotter,12.4,12.0,0.1,0.0,0.0,1273.0,1073.0,0.0,0.0,0.0,0.0,0.0,843.0,0.0025131139,normal
2026-06-01T02:24:13Z,worker-1,kube-system,nodelocaldns-zjml5,node-cache,9.7,3.2,0.3,1.0,0.0,3059.0,2701.0,0.0,0.0,0.0,0.0,0.0,492.0,0.0027270203,normal
2026-06-01T02:24:13Z,worker-1,kube-system,kube-ovn-pinger-vfzmn,pinger,45.4,16.4,13.2,0.2,0.0,115827.0,1580.0,0.0,12288.0,0.074808,17.0,26.0,3722.0,0.0168050159,normal
2026-06-01T02:24:13Z,worker-1,kube-system,tetragon-kl9tz,tetragon,5.4,3.5,0.0,0.0,0.0,17448.0,239.0,0.0,0.0,0.0,0.0,0.0,13931.0,0.0469467516,normal
2026-06-01T02:24:13Z,worker-1,longhorn-system,engine-image-ei-3154f3aa-kvvkq,engine-image-ei-3154f3aa,12.7,1.0,14.3,0.0,0.0,0.0,0.0,0.0,0.0,0.0,10.0,38.0,1066.0,0.012641099,normal
2026-06-01T02:24:13Z,worker-1,kube-system,kube-proxy-pdwww,kube-proxy,2.0,0.5,0.0,0.0,0.0,17157.0,96.0,0.0,0.0,0.0,0.0,0.0,138.0,0.0003100047,normal
2026-06-01T02:24:13Z,worker-1,longhorn-system,engine-image-ei-843accdd-tx99h,engine-image-ei-843accdd,12.5,1.0,14.1,0.0,0.0,0.0,0.0,0.0,0.0,0.0,10.0,30.0,771.0,0.0099673929,normal
2026-06-01T02:24:13Z,worker-1,kube-system,kube-ovn-cni-cf7cj,cni-server,371.7,27.0,439.1,0.4,0.0,204771.0,1344.0,0.0,0.0,0.0,167.0,232.0,5742.0,0.0948010059,normal
2026-06-01T02:24:13Z,worker-1,kube-system,ovs-ovn-w75jd,openvswitch,102.3,62.1,37.9,0.0,0.0,38.0,41.0,0.0,0.0,0.0,52.0,88.0,2151.0,0.0307413949,normal
2026-06-01T02:24:13Z,worker-1,longhorn-system,csi-provisioner-688964c44b-7hv5d,csi-provisioner,37.3,9.6,0.0,0.0,0.0,205811.0,2189.0,0.0,0.0,0.0,0.0,0.0,1382.0,0.0041810576,normal
2026-06-01T02:24:13Z,worker-1,longhorn-system,instance-manager-bacbca1a1c80c6ca28fd5f2d5fd0c24c,instance-manager,197.4,9.9,11.3,0.5,0.0,4108.0,4933.0,0.0,0.0,0.0,6.0,6.0,822.0,0.0087099019,normal
2026-06-01T02:24:13Z,worker-1,ebpf-final,ebpf-collector-5588x,collector,0.2,0.8,0.3,0.1,0.0,12932.0,18666.0,0.0,0.0,0.0,0.0,0.0,12.0,0.0020619935,normal
2026-06-01T02:24:13Z,worker-1,longhorn-system,longhorn-csi-plugin-t8lpt,longhorn-liveness-probe,3.0,1.8,0.0,0.0,0.0,224.0,274.0,0.0,0.0,0.0,0.0,0.0,177.0,0.0007881714,normal
2026-06-01T02:24:13Z,worker-1,monitoring,my-monitoring-prometheus-node-exporter-829wk,node-exporter,0.4,0.2,0.0,0.0,0.0,208.0,3254.0,0.0,0.0,0.0,0.0,0.0,23.0,0.0001640396,normal
2026-06-01T02:24:13Z,worker-1,longhorn-system,csi-resizer-7d9bff5787-242pl,csi-resizer,2.0,1.8,0.0,0.0,0.0,1093.0,994.0,0.0,0.0,0.0,0.0,0.0,248.0,0.001581549,normal
2026-06-01T02:24:13Z,worker-1,kube-system,tetragon-kl9tz,export-stdout,6.6,5.4,0.0,0.0,0.0,0.0,0.0,0.0,0.0,0.0,0.0,0.0,10.0,0.0001214814,normal
2026-06-01T02:24:23Z,worker-1,gpu-operator,gpu-operator-1764036362-node-feature-discovery-worker-9v5dt,worker,289.9,4.3,159.6,0.0,0.0,137978.0,1811.0,0.0,0.0,0.0,0.0,0.0,1805.0,0.0298573781,normal
2026-06-01T02:24:23Z,worker-1,longhorn-system,longhorn-csi-plugin-t8lpt,longhorn-csi-plugin,2.8,1.1,0.0,0.0,0.0,0.0,0.0,0.0,0.0,0.0,0.0,0.0,79.0,0.0003835641,normal
2026-06-01T02:24:23Z,worker-1,longhorn-system,longhorn-manager-fgsfc,longhorn-manager,116.4,44.0,0.2,0.1,0.0,471406.0,11671.0,0.0,0.0,0.0,0.0,0.0,4546.0,0.01426161,normal
2026-06-01T02:24:23Z,worker-1,longhorn-system,longhorn-csi-plugin-t8lpt,node-driver-registrar,0.1,0.1,0.0,0.0,0.0,0.0,0.0,0.0,0.0,0.0,0.0,0.0,9.0,3.0193e-05,normal
2026-06-01T02:24:23Z,worker-1,longhorn-system,csi-attacher-896ffc747-rxjjt,csi-attacher,3.5,2.9,0.0,0.0,0.0,1272.0,1014.0,0.0,0.0,0.0,0.0,0.0,279.0,0.000844695,normal
2026-06-01T02:24:23Z,worker-1,longhorn-system,csi-snapshotter-65884686fc-gjw5g,csi-snapshotter,12.4,11.9,0.1,0.0,0.0,1409.0,1073.0,0.0,0.0,0.0,0.0,0.0,901.0,0.0025903921,normal
2026-06-01T02:24:23Z,worker-1,kube-system,nodelocaldns-zjml5,node-cache,13.5,4.2,0.3,1.3,0.0,5145.0,3785.0,0.0,0.0,0.0,0.0,0.0,694.0,0.0040699718,normal
2026-06-01T02:24:23Z,worker-1,kube-system,kube-ovn-pinger-vfzmn,pinger,51.6,21.2,13.3,0.2,0.0,115884.0,1580.0,0.0,12288.0,0.0678245,17.0,26.0,3840.0,0.0174158566,normal
2026-06-01T02:24:23Z,worker-1,kube-system,tetragon-kl9tz,tetragon,5.6,3.8,0.0,0.0,0.0,17758.0,239.0,0.0,0.0,0.0,0.0,0.0,13057.0,0.0340651813,normal
2026-06-01T02:24:23Z,worker-1,longhorn-system,engine-image-ei-3154f3aa-kvvkq,engine-image-ei-3154f3aa,16.4,1.3,18.4,0.0,0.0,0.0,0.0,0.0,0.0,0.0,13.0,52.0,1314.0,0.0170524667,normal
2026-06-01T02:24:23Z,worker-1,kube-system,kube-proxy-pdwww,kube-proxy,1.8,0.4,0.0,0.0,0.0,17296.0,96.0,0.0,0.0,0.0,0.0,0.0,67.0,0.000292497,normal
2026-06-01T02:24:23Z,worker-1,longhorn-system,engine-image-ei-843accdd-tx99h,engine-image-ei-843accdd,12.5,1.0,14.1,0.0,0.0,0.0,0.0,0.0,0.0,0.0,10.0,29.0,797.0,0.009449847,normal
2026-06-01T02:24:23Z,worker-1,kube-system,kube-ovn-cni-cf7cj,cni-server,316.9,21.8,360.8,0.2,0.0,204895.0,1364.0,0.0,0.0,0.0,132.0,170.0,4242.0,0.0646583735,normal
2026-06-01T02:24:23Z,worker-1,kube-system,ovs-ovn-w75jd,openvswitch,104.8,64.1,38.0,0.0,0.0,38.0,41.0,0.0,0.0,0.0,52.0,88.0,2177.0,0.0324694609,normal
2026-06-01T02:24:23Z,worker-1,longhorn-system,csi-provisioner-688964c44b-7hv5d,csi-provisioner,34.6,7.4,0.0,0.0,0.0,205562.0,2188.0,0.0,0.0,0.0,0.0,0.0,1384.0,0.0041897467,normal
2026-06-01T02:24:23Z,worker-1,longhorn-system,instance-manager-bacbca1a1c80c6ca28fd5f2d5fd0c24c,instance-manager,202.3,7.4,12.5,0.4,0.0,2972.0,3145.0,0.0,0.0,0.0,7.0,7.0,729.0,0.0077833553,normal
2026-06-01T02:24:23Z,worker-1,ebpf-final,ebpf-collector-5588x,collector,154.3,0.8,143.4,0.1,0.0,209739.0,18126.0,0.0,0.0,0.0,0.0,0.0,161.0,0.0196212857,normal
2026-06-01T02:24:23Z,worker-1,longhorn-system,longhorn-csi-plugin-t8lpt,longhorn-liveness-probe,2.9,2.0,0.0,0.0,0.0,224.0,274.0,0.0,0.0,0.0,0.0,0.0,267.0,0.0020210677,normal
2026-06-01T02:24:23Z,worker-1,monitoring,my-monitoring-prometheus-node-exporter-829wk,node-exporter,178.5,0.8,154.8,0.0,0.0,573.0,26049.0,0.0,0.0,0.0,0.0,0.0,263.0,0.0113986427,normal
2026-06-01T02:24:23Z,worker-1,longhorn-system,csi-resizer-7d9bff5787-242pl,csi-resizer,2.9,2.8,0.0,0.0,0.0,1096.0,1029.0,0.0,0.0,0.0,0.0,0.0,253.0,0.0007378212,normal
2026-06-01T02:24:23Z,worker-1,kube-system,tetragon-kl9tz,export-stdout,5.9,4.7,0.0,0.0,0.0,0.0,0.0,0.0,0.0,0.0,0.0,0.0,10.0,0.0001116586,normal
2026-06-01T02:24:33Z,worker-1,gpu-operator,gpu-operator-1764036362-node-feature-discovery-worker-9v5dt,worker,0.4,0.2,0.0,0.0,0.0,222.0,188.0,0.0,0.0,0.0,0.0,0.0,32.0,0.0002179382,normal
2026-06-01T02:24:33Z,worker-1,longhorn-system,longhorn-csi-plugin-t8lpt,longhorn-csi-plugin,3.0,1.4,0.0,0.0,0.0,0.0,0.0,0.0,0.0,0.0,0.0,0.0,80.0,0.000341896,normal
2026-06-01T02:24:33Z,worker-1,longhorn-system,longhorn-manager-fgsfc,longhorn-manager,164.3,48.4,14.8,0.3,0.1,486057.0,21642.0,0.0,0.0,0.0,2.0,11.0,5092.0,0.0215801502,normal
2026-06-01T02:24:33Z,worker-1,longhorn-system,longhorn-csi-plugin-t8lpt,node-driver-registrar,0.1,0.1,0.0,0.0,0.0,0.0,0.0,0.0,0.0,0.0,0.0,0.0,9.0,2.85214e-05,normal
2026-06-01T02:24:33Z,worker-1,longhorn-system,csi-attacher-896ffc747-rxjjt,csi-attacher,4.4,3.1,0.1,0.0,0.0,1637.0,1144.0,0.0,0.0,0.0,0.0,0.0,354.0,0.0010409601,normal
2026-06-01T02:24:33Z,worker-1,longhorn-system,csi-snapshotter-65884686fc-gjw5g,csi-snapshotter,11.6,11.6,0.0,0.0,0.0,1132.0,1034.0,0.0,0.0,0.0,0.0,0.0,847.0,0.0031834103,normal
2026-06-01T02:24:33Z,worker-1,kube-system,nodelocaldns-zjml5,node-cache,13.5,4.5,0.4,1.0,0.0,4922.0,3562.0,0.0,0.0,0.0,0.0,0.0,811.0,0.0037620266,normal
2026-06-01T02:24:33Z,worker-1,kube-system,kube-ovn-pinger-vfzmn,pinger,50.6,20.4,13.2,0.2,0.0,115788.0,1580.0,0.0,12288.0,0.067248,17.0,26.0,3561.0,0.0176501182,normal
2026-06-01T02:24:33Z,worker-1,kube-system,tetragon-kl9tz,tetragon,5.6,5.0,0.0,0.0,0.0,17448.0,239.0,0.0,0.0,0.0,0.0,0.0,13303.0,0.0350031789,normal
2026-06-01T02:24:33Z,worker-1,longhorn-system,engine-image-ei-3154f3aa-kvvkq,engine-image-ei-3154f3aa,13.1,1.0,14.7,0.0,0.0,0.0,0.0,0.0,0.0,0.0,10.0,43.0,1053.0,0.0128674856,normal
2026-06-01T02:24:33Z,worker-1,kube-system,kube-proxy-pdwww,kube-proxy,2.6,0.4,0.0,0.0,0.0,17279.0,96.0,0.0,0.0,0.0,0.0,0.0,101.0,0.0002979645,normal
2026-06-01T02:24:33Z,worker-1,longhorn-system,engine-image-ei-843accdd-tx99h,engine-image-ei-843accdd,12.6,1.0,14.2,0.0,0.0,0.0,0.0,0.0,0.0,0.0,10.0,31.0,886.0,0.0093210831,normal
2026-06-01T02:24:33Z,worker-1,kube-system,kube-ovn-cni-cf7cj,cni-server,323.0,22.8,363.6,0.4,0.0,204477.0,1200.0,0.0,0.0,0.0,133.0,192.0,5145.0,0.0753620956,normal
2026-06-01T02:24:33Z,worker-1,kube-system,ovs-ovn-w75jd,openvswitch,99.0,58.7,38.1,0.0,0.0,38.0,41.0,0.0,0.0,0.0,52.0,88.0,1964.0,0.0320269445,normal
2026-06-01T02:24:33Z,worker-1,longhorn-system,csi-provisioner-688964c44b-7hv5d,csi-provisioner,37.2,9.4,0.0,0.0,0.0,205589.0,2188.0,0.0,0.0,0.0,0.0,0.0,1324.0,0.0041334333,normal
2026-06-01T02:24:33Z,worker-1,longhorn-system,instance-manager-bacbca1a1c80c6ca28fd5f2d5fd0c24c,instance-manager,204.9,10.7,12.4,0.4,0.0,3811.0,3783.0,0.0,0.0,0.0,7.0,7.0,850.0,0.0082937112,normal
2026-06-01T02:24:33Z,worker-1,ebpf-final,ebpf-collector-5588x,collector,0.2,0.7,0.3,0.1,0.0,11219.0,16185.0,0.0,0.0,0.0,0.0,0.0,11.0,0.0012961862,normal
2026-06-01T02:24:33Z,worker-1,longhorn-system,longhorn-csi-plugin-t8lpt,longhorn-liveness-probe,2.9,1.8,0.0,0.0,0.0,224.0,274.0,0.0,0.0,0.0,0.0,0.0,178.0,0.0008087028,normal
2026-06-01T02:24:33Z,worker-1,monitoring,my-monitoring-prometheus-node-exporter-829wk,node-exporter,0.3,0.2,0.0,0.0,0.0,208.0,3254.0,0.0,0.0,0.0,0.0,0.0,18.0,0.000116518,normal
2026-06-01T02:24:33Z,worker-1,longhorn-system,csi-resizer-7d9bff5787-242pl,csi-resizer,2.5,2.0,0.0,0.0,0.0,1216.0,994.0,0.0,0.0,0.0,0.0,0.0,258.0,0.0006862345,normal
2026-06-01T02:24:33Z,worker-1,kube-system,tetragon-kl9tz,export-stdout,17.8,16.5,0.0,0.0,0.0,0.0,0.0,0.0,0.0,0.0,0.0,0.0,10.0,0.0002355034,normal
2026-06-01T02:24:43Z,worker-1,gpu-operator,gpu-operator-1764036362-node-feature-discovery-worker-9v5dt,worker,0.5,0.2,0.0,0.0,0.0,222.0,188.0,0.0,0.0,0.0,0.0,0.0,35.0,0.0002075503,normal
2026-06-01T02:24:43Z,worker-1,longhorn-system,longhorn-csi-plugin-t8lpt,longhorn-csi-plugin,3.2,1.6,0.0,0.0,0.0,0.0,0.0,0.0,0.0,0.0,0.0,0.0,90.0,0.0003964052,normal
2026-06-01T02:24:43Z,worker-1,longhorn-system,longhorn-manager-fgsfc,longhorn-manager,117.4,45.9,0.2,0.1,0.0,468335.0,11042.0,0.0,0.0,0.0,0.0,0.0,4364.0,0.0137638265,normal
2026-06-01T02:24:43Z,worker-1,longhorn-system,longhorn-csi-plugin-t8lpt,node-driver-registrar,0.1,0.1,0.0,0.0,0.0,0.0,0.0,0.0,0.0,0.0,0.0,0.0,9.0,3.06362e-05,normal
2026-06-01T02:24:43Z,worker-1,longhorn-system,csi-attacher-896ffc747-rxjjt,csi-attacher,4.1,3.3,0.1,0.0,0.0,1366.0,1014.0,0.0,0.0,0.0,0.0,0.0,300.0,0.0009414877,normal
2026-06-01T02:24:43Z,worker-1,longhorn-system,csi-snapshotter-65884686fc-gjw5g,csi-snapshotter,10.1,9.9,0.0,0.0,0.0,1133.0,1067.0,0.0,0.0,0.0,0.0,0.0,813.0,0.0022733387,normal
2026-06-01T02:24:43Z,worker-1,kube-system,nodelocaldns-zjml5,node-cache,28.5,5.7,37.5,1.0,0.0,4922.0,3500.0,0.0,0.0,0.0,12.0,12.0,872.0,0.0073304674,normal
2026-06-01T02:24:43Z,worker-1,kube-system,kube-ovn-pinger-vfzmn,pinger,45.3,18.7,13.2,0.2,0.0,83867.0,1205.0,0.0,12288.0,0.0708745,17.0,26.0,3053.0,0.0142504984,normal
2026-06-01T02:24:43Z,worker-1,kube-system,tetragon-kl9tz,tetragon,5.6,3.4,0.0,0.0,0.0,17756.0,239.0,0.0,0.0,0.0,0.0,0.0,12886.0,0.0427642729,normal
2026-06-01T02:24:43Z,worker-1,longhorn-system,engine-image-ei-3154f3aa-kvvkq,engine-image-ei-3154f3aa,12.8,1.0,14.4,0.0,0.0,0.0,0.0,0.0,0.0,0.0,10.0,41.0,1016.0,0.0135230915,normal
2026-06-01T02:24:43Z,worker-1,kube-system,kube-proxy-pdwww,kube-proxy,2.7,0.4,0.0,0.0,0.0,17535.0,96.0,0.0,0.0,0.0,0.0,0.0,106.0,0.0003434604,normal
2026-06-01T02:24:43Z,worker-1,longhorn-system,engine-image-ei-843accdd-tx99h,engine-image-ei-843accdd,12.5,1.0,14.1,0.0,0.0,0.0,0.0,0.0,0.0,0.0,10.0,32.0,888.0,0.0101766675,normal
2026-06-01T02:24:43Z,worker-1,kube-system,kube-ovn-cni-cf7cj,cni-server,349.9,24.6,407.4,0.2,0.0,204895.0,1344.0,0.0,0.0,0.0,158.0,189.0,4548.0,0.0747423959,normal
2026-06-01T02:24:43Z,worker-1,kube-system,ovs-ovn-w75jd,openvswitch,98.3,59.5,37.9,0.0,0.0,38.0,41.0,0.0,0.0,0.0,52.0,88.0,1940.0,0.0316454834,normal
2026-06-01T02:24:43Z,worker-1,longhorn-system,csi-provisioner-688964c44b-7hv5d,csi-provisioner,35.4,8.1,0.1,0.0,0.0,205682.0,2188.0,0.0,0.0,0.0,0.0,0.0,1358.0,0.0064350757,normal
2026-06-01T02:24:43Z,worker-1,longhorn-system,instance-manager-bacbca1a1c80c6ca28fd5f2d5fd0c24c,instance-manager,26.3,7.2,1.2,0.0,0.0,3006.0,3119.0,0.0,0.0,0.0,1.0,1.0,588.0,0.0048884975,normal
2026-06-01T02:24:43Z,worker-1,ebpf-final,ebpf-collector-5588x,collector,0.2,0.8,0.3,0.1,0.0,12593.0,18172.0,0.0,0.0,0.0,0.0,0.0,13.0,0.0019217402,normal
2026-06-01T02:24:43Z,worker-1,longhorn-system,longhorn-csi-plugin-t8lpt,longhorn-liveness-probe,3.0,1.9,0.0,0.0,0.0,224.0,274.0,0.0,0.0,0.0,0.0,0.0,197.0,0.0007948214,normal
2026-06-01T02:24:43Z,worker-1,monitoring,my-monitoring-prometheus-node-exporter-829wk,node-exporter,0.3,0.2,0.0,0.0,0.0,208.0,3254.0,0.0,0.0,0.0,0.0,0.0,20.0,0.0001356461,normal
2026-06-01T02:24:43Z,worker-1,longhorn-system,csi-resizer-7d9bff5787-242pl,csi-resizer,2.9,2.7,0.0,0.0,0.0,1091.0,994.0,0.0,0.0,0.0,0.0,0.0,252.0,0.0006713239,normal
2026-06-01T02:24:43Z,worker-1,kube-system,tetragon-kl9tz,export-stdout,5.9,4.7,0.0,0.0,0.0,0.0,0.0,0.0,0.0,0.0,0.0,0.0,10.0,0.0001205472,normal
2026-06-01T02:24:54Z,worker-1,gpu-operator,gpu-operator-1764036362-node-feature-discovery-worker-9v5dt,worker,0.8,0.4,0.0,0.0,0.0,261.0,227.0,0.0,0.0,0.0,0.0,0.0,106.0,0.0003458893,normal
2026-06-01T02:24:54Z,worker-1,longhorn-system,longhorn-csi-plugin-t8lpt,longhorn-csi-plugin,2.9,1.3,0.0,0.0,0.0,0.0,0.0,0.0,0.0,0.0,0.0,0.0,85.0,0.0003880114,normal
2026-06-01T02:24:54Z,worker-1,longhorn-system,longhorn-manager-fgsfc,longhorn-manager,117.8,47.9,0.2,0.1,0.0,470621.0,11075.0,0.0,0.0,0.0,0.0,0.0,4606.0,0.0141247163,normal
2026-06-01T02:24:54Z,worker-1,longhorn-system,longhorn-csi-plugin-t8lpt,node-driver-registrar,0.1,0.1,0.0,0.0,0.0,0.0,0.0,0.0,0.0,0.0,0.0,0.0,9.0,2.81051e-05,normal
2026-06-01T02:24:54Z,worker-1,longhorn-system,csi-attacher-896ffc747-rxjjt,csi-attacher,4.5,4.1,0.0,0.0,0.0,1232.0,1308.0,0.0,0.0,0.0,0.0,0.0,324.0,0.0009731972,normal
2026-06-01T02:24:54Z,worker-1,longhorn-system,csi-snapshotter-65884686fc-gjw5g,csi-snapshotter,10.2,10.0,0.0,0.0,0.0,1272.0,1071.0,0.0,0.0,0.0,0.0,0.0,791.0,0.0023619317,normal
2026-06-01T02:24:54Z,worker-1,kube-system,nodelocaldns-zjml5,node-cache,13.4,4.5,0.4,1.0,0.0,4922.0,3562.0,0.0,0.0,0.0,0.0,0.0,760.0,0.0040918481,normal
2026-06-01T02:24:54Z,worker-1,kube-system,kube-ovn-pinger-vfzmn,pinger,46.1,20.9,13.2,0.2,0.0,115825.0,1484.0,0.0,12288.0,0.0699695,17.0,26.0,3399.0,0.0161407824,normal
2026-06-01T02:24:54Z,worker-1,kube-system,tetragon-kl9tz,tetragon,5.7,3.4,0.0,0.0,0.0,17448.0,239.0,0.0,0.0,0.0,0.0,0.0,13534.0,0.0403054713,normal
2026-06-01T02:24:54Z,worker-1,longhorn-system,engine-image-ei-3154f3aa-kvvkq,engine-image-ei-3154f3aa,12.9,1.0,14.5,0.0,0.0,0.0,0.0,0.0,0.0,0.0,10.0,42.0,1070.0,0.0125770712,normal
2026-06-01T02:24:54Z,worker-1,kube-system,kube-proxy-pdwww,kube-proxy,2.8,0.5,0.1,0.0,0.0,17277.0,382.0,0.0,0.0,0.0,0.0,0.0,144.0,0.0004076769,normal
2026-06-01T02:24:54Z,worker-1,longhorn-system,engine-image-ei-843accdd-tx99h,engine-image-ei-843accdd,12.5,1.0,14.1,0.0,0.0,0.0,0.0,0.0,0.0,0.0,10.0,34.0,973.0,0.0112251406,normal
2026-06-01T02:24:54Z,worker-1,kube-system,kube-ovn-cni-cf7cj,cni-server,346.6,25.4,398.7,0.4,0.0,204782.0,1200.0,0.0,0.0,0.0,147.0,217.0,5567.0,0.0858134954,normal
2026-06-01T02:24:54Z,worker-1,kube-system,ovs-ovn-w75jd,openvswitch,107.7,64.1,41.2,0.0,0.0,38.0,41.0,0.0,0.0,0.0,57.0,94.0,2302.0,0.0357915794,normal
2026-06-01T02:24:54Z,worker-1,longhorn-system,csi-provisioner-688964c44b-7hv5d,csi-provisioner,36.8,9.2,0.0,0.0,0.0,206247.0,2188.0,0.0,0.0,0.0,0.0,0.0,1404.0,0.0040869561,normal
2026-06-01T02:24:54Z,worker-1,longhorn-system,instance-manager-bacbca1a1c80c6ca28fd5f2d5fd0c24c,instance-manager,192.9,7.9,11.3,0.4,0.0,2972.0,3128.0,0.0,0.0,0.0,6.0,6.0,758.0,0.0081125645,normal
2026-06-01T02:24:54Z,worker-1,ebpf-final,ebpf-collector-5588x,collector,153.0,0.8,143.3,0.1,0.0,209038.0,17111.0,0.0,0.0,0.0,0.0,0.0,155.0,0.0171427906,normal
2026-06-01T02:24:54Z,worker-1,longhorn-system,longhorn-csi-plugin-t8lpt,longhorn-liveness-probe,2.9,1.8,0.0,0.0,0.0,224.0,274.0,0.0,0.0,0.0,0.0,0.0,179.0,0.0007858531,normal
2026-06-01T02:24:54Z,worker-1,monitoring,my-monitoring-prometheus-node-exporter-829wk,node-exporter,178.5,0.8,154.8,0.0,0.0,573.0,26033.0,0.0,0.0,0.0,0.0,0.0,258.0,0.0116811364,normal
2026-06-01T02:24:54Z,worker-1,longhorn-system,csi-resizer-7d9bff5787-242pl,csi-resizer,2.3,1.9,0.1,0.0,0.0,1129.0,996.0,0.0,0.0,0.0,0.0,0.0,242.0,0.0007339031,normal
2026-06-01T02:24:54Z,worker-1,kube-system,tetragon-kl9tz,export-stdout,9.9,8.4,0.0,0.0,0.0,0.0,0.0,0.0,0.0,0.0,0.0,0.0,11.0,0.0001799078,normal
2026-06-01T02:25:04Z,worker-1,gpu-operator,gpu-operator-1764036362-node-feature-discovery-worker-9v5dt,worker,0.5,0.2,0.0,0.0,0.0,222.0,188.0,0.0,0.0,0.0,0.0,0.0,30.0,0.0001842895,normal
2026-06-01T02:25:04Z,worker-1,longhorn-system,longhorn-csi-plugin-t8lpt,longhorn-csi-plugin,2.9,1.3,0.0,0.0,0.0,0.0,0.0,0.0,0.0,0.0,0.0,0.0,83.0,0.0003768437,normal
2026-06-01T02:25:04Z,worker-1,longhorn-system,longhorn-manager-fgsfc,longhorn-manager,164.6,47.5,14.7,0.3,0.1,481883.0,24203.0,0.0,0.0,0.0,2.0,8.0,5107.0,0.0205768329,normal
2026-06-01T02:25:04Z,worker-1,longhorn-system,longhorn-csi-plugin-t8lpt,node-driver-registrar,0.1,0.1,0.0,0.0,0.0,0.0,0.0,0.0,0.0,0.0,0.0,0.0,9.0,3.11561e-05,normal
2026-06-01T02:25:04Z,worker-1,longhorn-system,csi-attacher-896ffc747-rxjjt,csi-attacher,3.5,3.4,0.0,0.0,0.0,1112.0,1014.0,0.0,0.0,0.0,0.0,0.0,263.0,0.0008886357,normal
2026-06-01T02:25:04Z,worker-1,longhorn-system,csi-snapshotter-65884686fc-gjw5g,csi-snapshotter,12.8,12.4,0.1,0.0,0.0,1143.0,1032.0,0.0,0.0,0.0,0.0,0.0,823.0,0.0023517705,normal
2026-06-01T02:25:04Z,worker-1,kube-system,nodelocaldns-zjml5,node-cache,13.4,4.6,0.3,1.0,0.0,4922.0,3562.0,0.0,0.0,0.0,0.0,0.0,815.0,0.0057703861,normal
2026-06-01T02:25:04Z,worker-1,kube-system,kube-ovn-pinger-vfzmn,pinger,51.2,20.8,13.2,0.2,0.0,115884.0,1580.0,0.0,12288.0,0.0648665,17.0,26.0,3535.0,0.0179663131,normal
2026-06-01T02:25:04Z,worker-1,kube-system,tetragon-kl9tz,tetragon,7.5,5.7,0.4,0.0,0.0,17813.0,21435.0,0.0,0.0,0.0,0.0,0.0,13579.0,0.0369206604,normal
2026-06-01T02:25:04Z,worker-1,longhorn-system,engine-image-ei-3154f3aa-kvvkq,engine-image-ei-3154f3aa,12.7,1.0,14.3,0.0,0.0,0.0,0.0,0.0,0.0,0.0,10.0,37.0,1127.0,0.0124131251,normal
2026-06-01T02:25:04Z,worker-1,kube-system,kube-proxy-pdwww,kube-proxy,2.4,0.4,0.0,0.0,0.0,17282.0,96.0,0.0,0.0,0.0,0.0,0.0,66.0,0.0002353286,normal
2026-06-01T02:25:04Z,worker-1,longhorn-system,engine-image-ei-843accdd-tx99h,engine-image-ei-843accdd,12.5,1.0,14.1,0.0,0.0,0.0,0.0,0.0,0.0,0.0,10.0,26.0,774.0,0.0093394,normal
2026-06-01T02:25:04Z,worker-1,kube-system,kube-ovn-cni-cf7cj,cni-server,317.0,22.2,359.8,0.2,0.0,204477.0,1200.0,0.0,0.0,0.0,130.0,162.0,3765.0,0.0646829841,normal
2026-06-01T02:25:04Z,worker-1,kube-system,ovs-ovn-w75jd,openvswitch,112.1,65.5,43.4,0.0,0.0,38.0,41.0,0.0,0.0,0.0,60.0,103.0,2036.0,0.0335690958,normal
2026-06-01T02:25:04Z,worker-1,longhorn-system,csi-provisioner-688964c44b-7hv5d,csi-provisioner,35.2,7.7,0.0,0.0,0.0,205666.0,2190.0,0.0,0.0,0.0,0.0,0.0,1321.0,0.0042527616,normal
2026-06-01T02:25:04Z,worker-1,longhorn-system,instance-manager-bacbca1a1c80c6ca28fd5f2d5fd0c24c,instance-manager,207.6,11.3,12.4,0.5,0.0,4947.0,5554.0,0.0,0.0,0.0,7.0,7.0,979.0,0.0099954272,normal
2026-06-01T02:25:04Z,worker-1,ebpf-final,ebpf-collector-5588x,collector,0.2,0.8,0.3,0.1,0.0,12252.0,17695.0,0.0,0.0,0.0,0.0,0.0,6.0,0.0012563827,normal
2026-06-01T02:25:04Z,worker-1,longhorn-system,longhorn-csi-plugin-t8lpt,longhorn-liveness-probe,2.9,1.8,0.0,0.0,0.0,224.0,274.0,0.0,0.0,0.0,0.0,0.0,172.0,0.0007770456,normal
2026-06-01T02:25:04Z,worker-1,monitoring,my-monitoring-prometheus-node-exporter-829wk,node-exporter,0.3,0.2,0.0,0.0,0.0,208.0,3254.0,0.0,0.0,0.0,0.0,0.0,19.0,0.0001382407,normal
2026-06-01T02:25:04Z,worker-1,longhorn-system,csi-resizer-7d9bff5787-242pl,csi-resizer,2.2,1.8,0.0,0.0,0.0,1338.0,996.0,0.0,0.0,0.0,0.0,0.0,247.0,0.0006838009,normal
2026-06-01T02:25:04Z,worker-1,kube-system,tetragon-kl9tz,export-stdout,18.5,17.2,0.0,0.0,0.0,0.0,0.0,0.0,0.0,0.0,0.0,0.0,10.0,0.0002567958,normal
2026-06-01T02:25:14Z,worker-1,gpu-operator,gpu-operator-1764036362-node-feature-discovery-worker-9v5dt,worker,0.5,0.2,0.0,0.0,0.0,222.0,188.0,0.0,0.0,0.0,0.0,0.0,35.0,0.0002119613,normal
2026-06-01T02:25:14Z,worker-1,longhorn-system,longhorn-csi-plugin-t8lpt,longhorn-csi-plugin,2.7,1.0,0.0,0.0,0.0,0.0,0.0,0.0,0.0,0.0,0.0,0.0,76.0,0.0003837362,normal
2026-06-01T02:25:14Z,worker-1,longhorn-system,longhorn-manager-fgsfc,longhorn-manager,100.2,40.8,0.2,0.1,0.0,373436.0,11860.0,0.0,0.0,0.0,0.0,0.0,4210.0,0.0130682522,normal
2026-06-01T02:25:14Z,worker-1,longhorn-system,longhorn-csi-plugin-t8lpt,node-driver-registrar,0.1,0.1,0.0,0.0,0.0,0.0,0.0,0.0,0.0,0.0,0.0,0.0,9.0,3.06291e-05,normal
2026-06-01T02:25:14Z,worker-1,longhorn-system,csi-attacher-896ffc747-rxjjt,csi-attacher,4.1,3.7,0.0,0.0,0.0,1147.0,1014.0,0.0,0.0,0.0,0.0,0.0,285.0,0.0009228062,normal
2026-06-01T02:25:14Z,worker-1,longhorn-system,csi-snapshotter-65884686fc-gjw5g,csi-snapshotter,8.1,7.6,0.0,0.0,0.0,1190.0,1032.0,0.0,0.0,0.0,0.0,0.0,798.0,0.0022215299,normal
2026-06-01T02:25:14Z,worker-1,kube-system,nodelocaldns-zjml5,node-cache,13.5,4.4,0.4,1.0,0.0,4922.0,3562.0,0.0,0.0,0.0,0.0,0.0,750.0,0.0040515352,normal
2026-06-01T02:25:14Z,worker-1,kube-system,kube-ovn-pinger-vfzmn,pinger,18.4,16.2,0.0,0.0,0.0,32125.0,375.0,0.0,12288.0,0.0710595,0.0,0.0,3573.0,0.0119513206,normal
2026-06-01T02:25:14Z,worker-1,kube-system,tetragon-kl9tz,tetragon,6.4,3.2,0.1,0.0,0.0,17890.0,365.0,0.0,0.0,0.0,0.0,0.0,13046.0,0.0419392218,normal
2026-06-01T02:25:14Z,worker-1,longhorn-system,engine-image-ei-3154f3aa-kvvkq,engine-image-ei-3154f3aa,15.8,1.2,17.8,0.0,0.0,0.0,0.0,0.0,0.0,0.0,12.0,51.0,1405.0,0.016468475,normal
2026-06-01T02:25:14Z,worker-1,kube-system,kube-proxy-pdwww,kube-proxy,1.8,0.4,0.0,0.0,0.0,17157.0,96.0,0.0,0.0,0.0,0.0,0.0,147.0,0.0018269836,normal
2026-06-01T02:25:14Z,worker-1,longhorn-system,engine-image-ei-843accdd-tx99h,engine-image-ei-843accdd,12.4,1.0,14.0,0.0,0.0,0.0,0.0,0.0,0.0,0.0,10.0,32.0,759.0,0.0111691467,normal
2026-06-01T02:25:14Z,worker-1,kube-system,kube-ovn-cni-cf7cj,cni-server,313.1,23.0,360.7,0.3,0.0,156923.0,912.0,0.0,0.0,0.0,131.0,179.0,4912.0,0.0722363811,normal
2026-06-01T02:25:14Z,worker-1,kube-system,ovs-ovn-w75jd,openvswitch,99.9,59.1,37.6,0.0,0.0,38.0,41.0,0.0,0.0,0.0,52.0,88.0,1999.0,0.0300705069,normal
2026-06-01T02:25:14Z,worker-1,longhorn-system,csi-provisioner-688964c44b-7hv5d,csi-provisioner,29.2,6.8,0.1,0.0,0.0,158267.0,2038.0,0.0,0.0,0.0,0.0,0.0,1194.0,0.0036331503,normal
2026-06-01T02:25:14Z,worker-1,longhorn-system,instance-manager-bacbca1a1c80c6ca28fd5f2d5fd0c24c,instance-manager,192.6,7.1,11.3,0.4,0.0,2972.0,3145.0,0.0,0.0,0.0,6.0,6.0,650.0,0.0060869102,normal
2026-06-01T02:25:14Z,worker-1,ebpf-final,ebpf-collector-5588x,collector,0.2,0.8,0.3,0.1,0.0,12247.0,17674.0,0.0,0.0,0.0,0.0,0.0,11.0,0.002263246,normal
2026-06-01T02:25:14Z,worker-1,longhorn-system,longhorn-csi-plugin-t8lpt,longhorn-liveness-probe,3.0,2.0,0.0,0.0,0.0,224.0,274.0,0.0,0.0,0.0,0.0,0.0,246.0,0.0018975665,normal
2026-06-01T02:25:14Z,worker-1,monitoring,my-monitoring-prometheus-node-exporter-829wk,node-exporter,0.5,0.2,0.0,0.0,0.0,208.0,3254.0,0.0,0.0,0.0,0.0,0.0,26.0,0.0001765087,normal
2026-06-01T02:25:14Z,worker-1,longhorn-system,csi-resizer-7d9bff5787-242pl,csi-resizer,1.8,1.6,0.0,0.0,0.0,1095.0,1031.0,0.0,0.0,0.0,0.0,0.0,229.0,0.0006850461,normal
2026-06-01T02:25:14Z,worker-1,kube-system,tetragon-kl9tz,export-stdout,6.1,4.8,0.0,0.0,0.0,0.0,0.0,0.0,0.0,0.0,0.0,0.0,10.0,0.000127697,normal
2026-06-01T02:25:24Z,worker-1,gpu-operator,gpu-operator-1764036362-node-feature-discovery-worker-9v5dt,worker,294.3,4.0,159.6,0.0,0.0,137978.0,1811.0,0.0,0.0,0.0,0.0,0.0,2081.0,0.0273604943,normal
2026-06-01T02:25:24Z,worker-1,longhorn-system,longhorn-csi-plugin-t8lpt,longhorn-csi-plugin,2.9,1.3,0.0,0.0,0.0,0.0,0.0,0.0,0.0,0.0,0.0,0.0,78.0,0.0003501428,normal
2026-06-01T02:25:24Z,worker-1,longhorn-system,longhorn-manager-fgsfc,longhorn-manager,131.5,50.3,0.1,0.1,0.0,568616.0,14050.0,0.0,0.0,0.0,0.0,0.0,4868.0,0.0157082431,normal
2026-06-01T02:25:24Z,worker-1,longhorn-system,longhorn-csi-plugin-t8lpt,node-driver-registrar,0.1,0.1,0.0,0.0,0.0,0.0,0.0,0.0,0.0,0.0,0.0,0.0,9.0,2.83832e-05,normal
2026-06-01T02:25:24Z,worker-1,longhorn-system,csi-attacher-896ffc747-rxjjt,csi-attacher,3.1,3.0,0.0,0.0,0.0,1112.0,1014.0,0.0,0.0,0.0,0.0,0.0,269.0,0.0009103528,normal
2026-06-01T02:25:24Z,worker-1,longhorn-system,csi-snapshotter-65884686fc-gjw5g,csi-snapshotter,10.9,10.6,0.1,0.0,0.0,1820.0,1624.0,0.0,0.0,0.0,0.0,0.0,868.0,0.0026122771,normal
2026-06-01T02:25:24Z,worker-1,kube-system,nodelocaldns-zjml5,node-cache,13.9,4.5,0.3,1.1,0.0,5145.0,3785.0,0.0,0.0,0.0,0.0,0.0,730.0,0.0043334252,normal
2026-06-01T02:25:24Z,worker-1,kube-system,kube-ovn-pinger-vfzmn,pinger,46.5,21.7,13.3,0.2,0.0,115777.0,1484.0,0.0,12288.0,0.065666,17.0,26.0,3910.0,0.0197831542,normal
2026-06-01T02:25:24Z,worker-1,kube-system,tetragon-kl9tz,tetragon,4.6,2.6,0.0,0.0,0.0,17758.0,239.0,0.0,0.0,0.0,0.0,0.0,13999.0,0.0371050916,normal
2026-06-01T02:25:24Z,worker-1,longhorn-system,engine-image-ei-3154f3aa-kvvkq,engine-image-ei-3154f3aa,12.8,1.0,14.4,0.0,0.0,0.0,0.0,0.0,0.0,0.0,10.0,43.0,1096.0,0.0131161526,normal
2026-06-01T02:25:24Z,worker-1,kube-system,kube-proxy-pdwww,kube-proxy,2.1,0.5,0.0,0.0,0.0,17296.0,96.0,0.0,0.0,0.0,0.0,0.0,95.0,0.0003545737,normal
2026-06-01T02:25:24Z,worker-1,longhorn-system,engine-image-ei-843accdd-tx99h,engine-image-ei-843accdd,12.5,1.0,14.1,0.0,0.0,0.0,0.0,0.0,0.0,0.0,10.0,34.0,877.0,0.0105503972,normal
2026-06-01T02:25:24Z,worker-1,kube-system,kube-ovn-cni-cf7cj,cni-server,382.4,28.6,443.9,0.3,0.0,252466.0,1488.0,0.0,0.0,0.0,173.0,222.0,5396.0,0.0886966254,normal
2026-06-01T02:25:24Z,worker-1,kube-system,ovs-ovn-w75jd,openvswitch,101.0,61.9,38.0,0.0,0.0,38.0,41.0,0.0,0.0,0.0,52.0,88.0,2122.0,0.0324867214,normal
2026-06-01T02:25:24Z,worker-1,longhorn-system,csi-provisioner-688964c44b-7hv5d,csi-provisioner,44.3,10.9,0.0,0.0,0.0,253417.0,2478.0,0.0,0.0,0.0,0.0,0.0,1537.0,0.0072682462,normal
2026-06-01T02:25:24Z,worker-1,longhorn-system,instance-manager-bacbca1a1c80c6ca28fd5f2d5fd0c24c,instance-manager,193.3,7.6,11.3,0.4,0.0,2972.0,3128.0,0.0,0.0,0.0,6.0,6.0,706.0,0.0070358686,normal
2026-06-01T02:25:24Z,worker-1,ebpf-final,ebpf-collector-5588x,collector,153.8,0.8,143.4,0.1,0.0,209387.0,17623.0,0.0,0.0,0.0,0.0,0.0,152.0,0.0199180614,normal
2026-06-01T02:25:24Z,worker-1,longhorn-system,longhorn-csi-plugin-t8lpt,longhorn-liveness-probe,3.0,1.9,0.0,0.0,0.0,224.0,274.0,0.0,0.0,0.0,0.0,0.0,174.0,0.000782879,normal
2026-06-01T02:25:24Z,worker-1,monitoring,my-monitoring-prometheus-node-exporter-829wk,node-exporter,179.0,0.8,154.8,0.0,0.0,573.0,26063.0,0.0,0.0,0.0,0.0,0.0,351.0,0.0139449128,normal
2026-06-01T02:25:24Z,worker-1,longhorn-system,csi-resizer-7d9bff5787-242pl,csi-resizer,2.9,2.8,0.0,0.0,0.0,1641.0,1494.0,0.0,0.0,0.0,0.0,0.0,277.0,0.0008909121,normal
2026-06-01T02:25:24Z,worker-1,kube-system,tetragon-kl9tz,export-stdout,6.2,4.8,0.0,0.0,0.0,0.0,0.0,0.0,0.0,0.0,0.0,0.0,11.0,0.0001535473,normal
2026-06-01T02:25:34Z,worker-1,gpu-operator,gpu-operator-1764036362-node-feature-discovery-worker-9v5dt,worker,0.4,0.2,0.0,0.0,0.0,333.0,282.0,0.0,0.0,0.0,0.0,0.0,51.0,0.0003062341,normal
2026-06-01T02:25:34Z,worker-1,longhorn-system,longhorn-csi-plugin-t8lpt,longhorn-csi-plugin,2.6,1.0,0.0,0.0,0.0,0.0,0.0,0.0,0.0,0.0,0.0,0.0,84.0,0.0003912477,normal
2026-06-01T02:25:34Z,worker-1,longhorn-system,longhorn-manager-fgsfc,longhorn-manager,143.8,43.1,14.7,0.2,0.0,365515.0,20790.0,0.0,0.0,0.0,2.0,11.0,4627.0,0.0318527758,normal
2026-06-01T02:25:34Z,worker-1,longhorn-system,longhorn-csi-plugin-t8lpt,node-driver-registrar,0.1,0.1,0.0,0.0,0.0,0.0,0.0,0.0,0.0,0.0,0.0,0.0,9.0,3.36775e-05,normal
2026-06-01T02:25:34Z,worker-1,longhorn-system,csi-attacher-896ffc747-rxjjt,csi-attacher,3.5,2.8,0.1,0.0,0.0,1365.0,2028.0,0.0,0.0,0.0,0.0,0.0,326.0,0.0009355752,normal
2026-06-01T02:25:34Z,worker-1,longhorn-system,csi-snapshotter-65884686fc-gjw5g,csi-snapshotter,7.7,7.6,0.0,0.0,0.0,1293.0,1073.0,0.0,0.0,0.0,0.0,0.0,797.0,0.0023793302,normal
2026-06-01T02:25:34Z,worker-1,kube-system,nodelocaldns-zjml5,node-cache,13.7,4.7,0.3,1.0,0.0,4922.0,3562.0,0.0,0.0,0.0,0.0,0.0,756.0,0.0039917109,normal
2026-06-01T02:25:34Z,worker-1,kube-system,kube-ovn-pinger-vfzmn,pinger,51.3,21.7,13.2,0.2,0.0,115880.0,1580.0,0.0,12288.0,0.0753685,17.0,26.0,3710.0,0.019735028,normal
2026-06-01T02:25:34Z,worker-1,kube-system,tetragon-kl9tz,tetragon,5.4,5.3,0.0,0.0,0.0,17448.0,239.0,0.0,0.0,0.0,0.0,0.0,12687.0,0.0367083566,normal
2026-06-01T02:25:34Z,worker-1,longhorn-system,engine-image-ei-3154f3aa-kvvkq,engine-image-ei-3154f3aa,12.9,1.0,14.5,0.0,0.0,0.0,0.0,0.0,0.0,0.0,10.0,42.0,1123.0,0.0123723436,normal
2026-06-01T02:25:34Z,worker-1,kube-system,kube-proxy-pdwww,kube-proxy,2.6,0.4,0.0,0.0,0.0,17279.0,96.0,0.0,0.0,0.0,0.0,0.0,111.0,0.0003338131,normal
2026-06-01T02:25:34Z,worker-1,longhorn-system,engine-image-ei-843accdd-tx99h,engine-image-ei-843accdd,12.8,1.0,14.4,0.0,0.0,0.0,0.0,0.0,0.0,0.0,10.0,37.0,985.0,0.0105032392,normal
2026-06-01T02:25:34Z,worker-1,kube-system,kube-ovn-cni-cf7cj,cni-server,312.2,22.1,360.7,0.3,0.0,148438.0,912.0,0.0,0.0,0.0,131.0,180.0,4335.0,0.0681976866,normal
2026-06-01T02:25:34Z,worker-1,kube-system,ovs-ovn-w75jd,openvswitch,102.1,61.5,38.2,0.0,0.0,38.0,41.0,0.0,0.0,0.0,52.0,88.0,2183.0,0.0333231357,normal
2026-06-01T02:25:34Z,worker-1,longhorn-system,csi-provisioner-688964c44b-7hv5d,csi-provisioner,26.2,6.6,0.1,0.0,0.0,149526.0,1902.0,0.0,0.0,0.0,0.0,0.0,1209.0,0.0035957559,normal
2026-06-01T02:25:34Z,worker-1,longhorn-system,instance-manager-bacbca1a1c80c6ca28fd5f2d5fd0c24c,instance-manager,204.5,10.4,12.4,0.4,0.0,3836.0,3817.0,0.0,0.0,0.0,7.0,7.0,839.0,0.0074798857,normal
2026-06-01T02:25:34Z,worker-1,ebpf-final,ebpf-collector-5588x,collector,0.2,0.8,0.3,0.1,0.0,12255.0,17709.0,0.0,0.0,0.0,0.0,0.0,8.0,0.0012655964,normal
2026-06-01T02:25:34Z,worker-1,longhorn-system,longhorn-csi-plugin-t8lpt,longhorn-liveness-probe,2.7,1.7,0.0,0.0,0.0,224.0,274.0,0.0,0.0,0.0,0.0,0.0,176.0,0.0008122962,normal
2026-06-01T02:25:34Z,worker-1,monitoring,my-monitoring-prometheus-node-exporter-829wk,node-exporter,0.3,0.2,0.0,0.0,0.0,208.0,3254.0,0.0,0.0,0.0,0.0,0.0,20.0,0.0001463431,normal
2026-06-01T02:25:34Z,worker-1,longhorn-system,csi-resizer-7d9bff5787-242pl,csi-resizer,2.1,1.4,0.1,0.0,0.0,1253.0,996.0,0.0,0.0,0.0,0.0,0.0,255.0,0.0007492841,normal
2026-06-01T02:25:34Z,worker-1,kube-system,tetragon-kl9tz,export-stdout,18.0,16.6,0.0,0.0,0.0,0.0,0.0,0.0,0.0,0.0,0.0,0.0,10.0,0.0002617488,normal
2026-06-01T02:25:44Z,worker-1,gpu-operator,gpu-operator-1764036362-node-feature-discovery-worker-9v5dt,worker,0.8,0.3,0.0,0.0,0.0,222.0,188.0,0.0,0.0,0.0,0.0,0.0,32.0,0.000207334,normal
2026-06-01T02:25:44Z,worker-1,longhorn-system,longhorn-csi-plugin-t8lpt,longhorn-csi-plugin,2.6,1.2,0.0,0.0,0.0,0.0,0.0,0.0,0.0,0.0,0.0,0.0,77.0,0.0003602557,normal
2026-06-01T02:25:44Z,worker-1,longhorn-system,longhorn-manager-fgsfc,longhorn-manager,113.3,42.7,0.3,0.1,0.0,468943.0,11348.0,0.0,0.0,0.0,0.0,0.0,4360.0,0.0132140352,normal
2026-06-01T02:25:44Z,worker-1,longhorn-system,longhorn-csi-plugin-t8lpt,node-driver-registrar,0.1,0.1,0.0,0.0,0.0,0.0,0.0,0.0,0.0,0.0,0.0,0.0,9.0,2.55905e-05,normal
2026-06-01T02:25:44Z,worker-1,longhorn-system,csi-attacher-896ffc747-rxjjt,csi-attacher,3.6,3.5,0.0,0.0,0.0,1352.0,1106.0,0.0,0.0,0.0,0.0,0.0,312.0,0.0019025546,normal
2026-06-01T02:25:44Z,worker-1,longhorn-system,csi-snapshotter-65884686fc-gjw5g,csi-snapshotter,8.5,8.5,0.0,0.0,0.0,1132.0,1034.0,0.0,0.0,0.0,0.0,0.0,827.0,0.0023620973,normal
2026-06-01T02:25:44Z,worker-1,kube-system,nodelocaldns-zjml5,node-cache,28.6,5.6,37.6,1.0,0.0,4922.0,3483.0,0.0,0.0,0.0,12.0,12.0,962.0,0.0073990707,normal
2026-06-01T02:25:44Z,worker-1,kube-system,kube-ovn-pinger-vfzmn,pinger,53.0,23.3,13.2,0.2,0.0,115801.0,1580.0,0.0,12288.0,0.070416,17.0,26.0,3925.0,0.0157503468,normal
2026-06-01T02:25:44Z,worker-1,kube-system,tetragon-kl9tz,tetragon,5.9,3.6,0.0,0.0,0.0,17595.0,239.0,0.0,0.0,0.0,0.0,0.0,13247.0,0.0347769406,normal
2026-06-01T02:25:44Z,worker-1,longhorn-system,engine-image-ei-3154f3aa-kvvkq,engine-image-ei-3154f3aa,12.7,1.0,14.3,0.0,0.0,0.0,0.0,0.0,0.0,0.0,10.0,38.0,1059.0,0.0132694189,normal
2026-06-01T02:25:44Z,worker-1,kube-system,kube-proxy-pdwww,kube-proxy,2.1,0.4,0.0,0.0,0.0,17283.0,96.0,0.0,0.0,0.0,0.0,0.0,105.0,0.0002829698,normal
2026-06-01T02:25:44Z,worker-1,longhorn-system,engine-image-ei-843accdd-tx99h,engine-image-ei-843accdd,12.6,1.0,14.2,0.0,0.0,0.0,0.0,0.0,0.0,0.0,10.0,36.0,955.0,0.0106392076,normal
2026-06-01T02:25:44Z,worker-1,kube-system,kube-ovn-cni-cf7cj,cni-server,324.4,22.7,365.0,0.3,0.0,204626.0,1200.0,0.0,0.0,0.0,135.0,181.0,4909.0,0.0746912285,normal
2026-06-01T02:25:44Z,worker-1,kube-system,ovs-ovn-w75jd,openvswitch,101.5,60.5,37.9,0.0,0.0,38.0,41.0,0.0,0.0,0.0,52.0,88.0,2075.0,0.030830402,normal
2026-06-01T02:25:44Z,worker-1,longhorn-system,csi-provisioner-688964c44b-7hv5d,csi-provisioner,37.8,9.9,0.0,0.0,0.0,205717.0,2190.0,0.0,0.0,0.0,0.0,0.0,1380.0,0.0041499019,normal
2026-06-01T02:25:44Z,worker-1,longhorn-system,instance-manager-bacbca1a1c80c6ca28fd5f2d5fd0c24c,instance-manager,193.2,8.0,11.3,0.4,0.0,2998.0,3171.0,0.0,0.0,0.0,6.0,6.0,747.0,0.0080969141,normal
2026-06-01T02:25:44Z,worker-1,ebpf-final,ebpf-collector-5588x,collector,0.2,0.8,0.3,0.1,0.0,12597.0,18168.0,0.0,0.0,0.0,0.0,0.0,12.0,0.0019332479,normal
2026-06-01T02:25:44Z,worker-1,longhorn-system,longhorn-csi-plugin-t8lpt,longhorn-liveness-probe,2.9,1.7,0.0,0.0,0.0,224.0,274.0,0.0,0.0,0.0,0.0,0.0,185.0,0.0008111395,normal
2026-06-01T02:25:44Z,worker-1,monitoring,my-monitoring-prometheus-node-exporter-829wk,node-exporter,79.6,0.2,70.0,0.0,0.0,573.0,3254.0,0.0,0.0,0.0,0.0,0.0,172.0,0.0051617934,normal
2026-06-01T02:25:44Z,worker-1,longhorn-system,csi-resizer-7d9bff5787-242pl,csi-resizer,1.6,1.6,0.0,0.0,0.0,1094.0,996.0,0.0,0.0,0.0,0.0,0.0,246.0,0.0006854373,normal
2026-06-01T02:25:44Z,worker-1,kube-system,tetragon-kl9tz,export-stdout,6.1,4.8,0.0,0.0,0.0,0.0,0.0,0.0,0.0,0.0,0.0,0.0,10.0,0.0001214237,normal
2026-06-01T02:25:55Z,worker-1,gpu-operator,gpu-operator-1764036362-node-feature-discovery-worker-9v5dt,worker,0.6,0.3,0.0,0.0,0.0,261.0,227.0,0.0,0.0,0.0,0.0,0.0,92.0,0.0003060724,normal
2026-06-01T02:25:55Z,worker-1,longhorn-system,longhorn-csi-plugin-t8lpt,longhorn-csi-plugin,2.7,1.3,0.0,0.0,0.0,0.0,0.0,0.0,0.0,0.0,0.0,0.0,91.0,0.0005214103,normal
2026-06-01T02:25:55Z,worker-1,longhorn-system,longhorn-manager-fgsfc,longhorn-manager,120.4,46.4,0.1,0.1,0.0,470934.0,11275.0,0.0,0.0,0.0,0.0,0.0,4579.0,0.0143287825,normal
2026-06-01T02:25:55Z,worker-1,longhorn-system,longhorn-csi-plugin-t8lpt,node-driver-registrar,0.1,0.1,0.0,0.0,0.0,0.0,0.0,0.0,0.0,0.0,0.0,0.0,9.0,3.08601e-05,normal
2026-06-01T02:25:55Z,worker-1,longhorn-system,csi-attacher-896ffc747-rxjjt,csi-attacher,3.4,3.2,0.0,0.0,0.0,1139.0,1014.0,0.0,0.0,0.0,0.0,0.0,314.0,0.0009183513,normal
2026-06-01T02:25:55Z,worker-1,longhorn-system,csi-snapshotter-65884686fc-gjw5g,csi-snapshotter,10.5,10.1,0.1,0.0,0.0,1167.0,1034.0,0.0,0.0,0.0,0.0,0.0,827.0,0.002434446,normal
2026-06-01T02:25:55Z,worker-1,kube-system,nodelocaldns-zjml5,node-cache,13.2,4.4,0.3,1.0,0.0,4922.0,3562.0,0.0,0.0,0.0,0.0,0.0,651.0,0.0037781795,normal
2026-06-01T02:25:55Z,worker-1,kube-system,kube-ovn-pinger-vfzmn,pinger,51.4,21.7,13.2,0.2,0.0,115988.0,1580.0,0.0,16384.0,0.066064,17.0,26.0,3917.0,0.0194706512,normal
2026-06-01T02:25:55Z,worker-1,kube-system,tetragon-kl9tz,tetragon,4.9,2.9,0.0,0.0,0.0,17448.0,239.0,0.0,0.0,0.0,0.0,0.0,12851.0,0.0400598412,normal
2026-06-01T02:25:55Z,worker-1,longhorn-system,engine-image-ei-3154f3aa-kvvkq,engine-image-ei-3154f3aa,12.9,1.0,14.5,0.0,0.0,0.0,0.0,0.0,0.0,0.0,10.0,41.0,1052.0,0.012914266,normal
2026-06-01T02:25:55Z,worker-1,kube-system,kube-proxy-pdwww,kube-proxy,1.8,0.4,0.0,0.0,0.0,17157.0,96.0,0.0,0.0,0.0,0.0,0.0,110.0,0.0002689264,normal
2026-06-01T02:25:55Z,worker-1,longhorn-system,engine-image-ei-843accdd-tx99h,engine-image-ei-843accdd,16.1,1.3,18.1,0.0,0.0,0.0,0.0,0.0,0.0,0.0,13.0,41.0,1128.0,0.0132232571,normal
2026-06-01T02:25:55Z,worker-1,kube-system,kube-ovn-cni-cf7cj,cni-server,317.7,21.9,360.7,0.3,0.0,204782.0,1200.0,0.0,0.0,0.0,131.0,179.0,4650.0,0.0700312117,normal
2026-06-01T02:25:55Z,worker-1,kube-system,ovs-ovn-w75jd,openvswitch,107.3,69.7,38.4,0.0,0.0,38.0,41.0,0.0,0.0,0.0,52.0,88.0,2293.0,0.0330424899,normal
2026-06-01T02:25:55Z,worker-1,longhorn-system,csi-provisioner-688964c44b-7hv5d,csi-provisioner,38.0,9.4,0.0,0.0,0.0,206203.0,2190.0,0.0,0.0,0.0,0.0,0.0,1501.0,0.004220282,normal
2026-06-01T02:25:55Z,worker-1,longhorn-system,instance-manager-bacbca1a1c80c6ca28fd5f2d5fd0c24c,instance-manager,193.1,7.6,11.3,0.4,0.0,2972.0,3145.0,0.0,0.0,0.0,6.0,6.0,742.0,0.0070959819,normal
2026-06-01T02:25:55Z,worker-1,ebpf-final,ebpf-collector-5588x,collector,152.8,0.8,143.3,0.1,0.0,209744.0,18129.0,0.0,0.0,0.0,0.0,0.0,149.0,0.016110443,normal
2026-06-01T02:25:55Z,worker-1,longhorn-system,longhorn-csi-plugin-t8lpt,longhorn-liveness-probe,2.7,1.7,0.0,0.0,0.0,224.0,274.0,0.0,0.0,0.0,0.0,0.0,183.0,0.0008286026,normal
2026-06-01T02:25:55Z,worker-1,monitoring,my-monitoring-prometheus-node-exporter-829wk,node-exporter,97.1,0.8,84.8,0.0,0.0,208.0,26035.0,0.0,0.0,0.0,0.0,0.0,87.0,0.0057868882,normal
2026-06-01T02:25:55Z,worker-1,longhorn-system,csi-resizer-7d9bff5787-242pl,csi-resizer,2.3,2.2,0.0,0.0,0.0,1121.0,996.0,0.0,0.0,0.0,0.0,0.0,218.0,0.0007269473,normal
2026-06-01T02:25:55Z,worker-1,kube-system,tetragon-kl9tz,export-stdout,6.1,4.8,0.0,0.0,0.0,0.0,0.0,0.0,0.0,0.0,0.0,0.0,10.0,0.0001377443,normal
2026-06-01T02:26:05Z,worker-1,gpu-operator,gpu-operator-1764036362-node-feature-discovery-worker-9v5dt,worker,0.4,0.2,0.0,0.0,0.0,222.0,188.0,0.0,0.0,0.0,0.0,0.0,32.0,0.0001996702,normal
2026-06-01T02:26:05Z,worker-1,longhorn-system,longhorn-csi-plugin-t8lpt,longhorn-csi-plugin,2.6,1.0,0.0,0.0,0.0,0.0,0.0,0.0,0.0,0.0,0.0,0.0,135.0,0.0017914245,normal
2026-06-01T02:26:05Z,worker-1,longhorn-system,longhorn-manager-fgsfc,longhorn-manager,160.8,49.2,14.7,0.3,0.0,452572.0,24461.0,0.0,0.0,0.0,2.0,11.0,5091.0,0.0209138832,normal
2026-06-01T02:26:05Z,worker-1,longhorn-system,longhorn-csi-plugin-t8lpt,node-driver-registrar,0.1,0.1,0.0,0.0,0.0,0.0,0.0,0.0,0.0,0.0,0.0,0.0,9.0,3.14131e-05,normal
2026-06-01T02:26:05Z,worker-1,longhorn-system,csi-attacher-896ffc747-rxjjt,csi-attacher,3.4,3.1,0.0,0.0,0.0,1149.0,1016.0,0.0,0.0,0.0,0.0,0.0,263.0,0.0009179659,normal
2026-06-01T02:26:05Z,worker-1,longhorn-system,csi-snapshotter-65884686fc-gjw5g,csi-snapshotter,12.2,12.0,0.0,0.0,0.0,1352.0,1073.0,0.0,0.0,0.0,0.0,0.0,843.0,0.002548687,normal
2026-06-01T02:26:05Z,worker-1,kube-system,nodelocaldns-zjml5,node-cache,10.4,3.4,0.4,1.1,0.0,3282.0,2997.0,0.0,0.0,0.0,0.0,0.0,491.0,0.0030248774,normal
2026-06-01T02:26:05Z,worker-1,kube-system,kube-ovn-pinger-vfzmn,pinger,41.3,17.4,13.2,0.2,0.0,115890.0,1484.0,0.0,12288.0,0.0687025,17.0,26.0,3268.0,0.0200707573,normal
2026-06-01T02:26:05Z,worker-1,kube-system,tetragon-kl9tz,tetragon,7.8,5.4,0.5,0.0,0.0,18072.0,21537.0,0.0,0.0,0.0,0.0,0.0,13697.0,0.0398206644,normal
2026-06-01T02:26:05Z,worker-1,longhorn-system,engine-image-ei-3154f3aa-kvvkq,engine-image-ei-3154f3aa,12.8,1.0,14.4,0.0,0.0,0.0,0.0,0.0,0.0,0.0,10.0,40.0,1085.0,0.0135340756,normal
2026-06-01T02:26:05Z,worker-1,kube-system,kube-proxy-pdwww,kube-proxy,2.5,0.4,0.0,0.0,0.0,17282.0,96.0,0.0,0.0,0.0,0.0,0.0,85.0,0.0003069999,normal
2026-06-01T02:26:05Z,worker-1,longhorn-system,engine-image-ei-843accdd-tx99h,engine-image-ei-843accdd,12.5,1.0,14.1,0.0,0.0,0.0,0.0,0.0,0.0,0.0,10.0,29.0,793.0,0.0094760447,normal
2026-06-01T02:26:05Z,worker-1,kube-system,kube-ovn-cni-cf7cj,cni-server,369.7,26.2,441.0,0.3,0.0,189611.0,2196.0,0.0,0.0,0.0,170.0,218.0,5271.0,0.0850031358,normal
2026-06-01T02:26:05Z,worker-1,kube-system,ovs-ovn-w75jd,openvswitch,101.4,62.2,38.1,0.0,0.0,38.0,41.0,0.0,0.0,0.0,52.0,88.0,2043.0,0.0328746359,normal
2026-06-01T02:26:05Z,worker-1,longhorn-system,csi-provisioner-688964c44b-7hv5d,csi-provisioner,33.5,7.3,0.0,0.0,0.0,190769.0,2352.0,0.0,0.0,0.0,0.0,0.0,1437.0,0.0054738542,normal
2026-06-01T02:26:05Z,worker-1,longhorn-system,instance-manager-bacbca1a1c80c6ca28fd5f2d5fd0c24c,instance-manager,207.8,11.5,12.4,0.5,0.0,4947.0,5554.0,0.0,0.0,0.0,7.0,7.0,988.0,0.0105578349,normal
2026-06-01T02:26:05Z,worker-1,ebpf-final,ebpf-collector-5588x,collector,0.2,0.8,0.3,0.1,0.0,12255.0,17678.0,0.0,0.0,0.0,0.0,0.0,12.0,0.0012596594,normal
2026-06-01T02:26:05Z,worker-1,longhorn-system,longhorn-csi-plugin-t8lpt,longhorn-liveness-probe,2.9,1.9,0.0,0.0,0.0,224.0,274.0,0.0,0.0,0.0,0.0,0.0,208.0,0.0018262327,normal
2026-06-01T02:26:05Z,worker-1,monitoring,my-monitoring-prometheus-node-exporter-829wk,node-exporter,0.2,0.2,0.0,0.0,0.0,208.0,3254.0,0.0,0.0,0.0,0.0,0.0,14.0,0.0001076838,normal
2026-06-01T02:26:05Z,worker-1,longhorn-system,csi-resizer-7d9bff5787-242pl,csi-resizer,2.9,2.8,0.0,0.0,0.0,1219.0,1031.0,0.0,0.0,0.0,0.0,0.0,268.0,0.0007832736,normal
2026-06-01T02:26:05Z,worker-1,kube-system,tetragon-kl9tz,export-stdout,18.6,17.2,0.0,0.0,0.0,0.0,0.0,0.0,0.0,0.0,0.0,0.0,10.0,0.0002908269,normal
2026-06-01T02:26:15Z,worker-1,gpu-operator,gpu-operator-1764036362-node-feature-discovery-worker-9v5dt,worker,0.5,0.2,0.0,0.0,0.0,222.0,188.0,0.0,0.0,0.0,0.0,0.0,36.0,0.0002179819,normal
2026-06-01T02:26:15Z,worker-1,longhorn-system,longhorn-csi-plugin-t8lpt,longhorn-csi-plugin,2.9,1.3,0.0,0.0,0.0,0.0,0.0,0.0,0.0,0.0,0.0,0.0,85.0,0.00039977,normal
2026-06-01T02:26:15Z,worker-1,longhorn-system,longhorn-manager-fgsfc,longhorn-manager,105.9,43.0,0.2,0.1,0.0,421733.0,10977.0,0.0,0.0,0.0,0.0,0.0,4297.0,0.0132410951,normal
2026-06-01T02:26:15Z,worker-1,longhorn-system,longhorn-csi-plugin-t8lpt,node-driver-registrar,0.1,0.1,0.0,0.0,0.0,0.0,0.0,0.0,0.0,0.0,0.0,0.0,9.0,3.19203e-05,normal
2026-06-01T02:26:15Z,worker-1,longhorn-system,csi-attacher-896ffc747-rxjjt,csi-attacher,3.2,3.2,0.0,0.0,0.0,1114.0,1016.0,0.0,0.0,0.0,0.0,0.0,266.0,0.0008597391,normal
2026-06-01T02:26:15Z,worker-1,longhorn-system,csi-snapshotter-65884686fc-gjw5g,csi-snapshotter,10.7,10.6,0.0,0.0,0.0,1273.0,1108.0,0.0,0.0,0.0,0.0,0.0,847.0,0.002472524,normal
2026-06-01T02:26:15Z,worker-1,kube-system,nodelocaldns-zjml5,node-cache,13.6,4.6,0.3,1.2,0.0,4922.0,3562.0,0.0,0.0,0.0,0.0,0.0,759.0,0.0041481661,normal
2026-06-01T02:26:15Z,worker-1,kube-system,kube-ovn-pinger-vfzmn,pinger,49.7,19.0,13.3,0.2,0.0,116030.0,1580.0,0.0,12288.0,0.0658165,17.0,26.0,3903.0,0.0156466875,normal
2026-06-01T02:26:15Z,worker-1,kube-system,tetragon-kl9tz,tetragon,5.5,3.1,0.0,0.0,0.0,17609.0,287.0,0.0,0.0,0.0,0.0,0.0,12414.0,0.0392235013,normal
2026-06-01T02:26:15Z,worker-1,longhorn-system,engine-image-ei-3154f3aa-kvvkq,engine-image-ei-3154f3aa,12.8,1.0,14.4,0.0,0.0,0.0,0.0,0.0,0.0,0.0,10.0,40.0,1018.0,0.0122067638,normal
2026-06-01T02:26:15Z,worker-1,kube-system,kube-proxy-pdwww,kube-proxy,1.9,0.5,0.0,0.0,0.0,17157.0,96.0,0.0,0.0,0.0,0.0,0.0,115.0,0.0002685005,normal
2026-06-01T02:26:15Z,worker-1,longhorn-system,engine-image-ei-843accdd-tx99h,engine-image-ei-843accdd,12.5,1.0,14.1,0.0,0.0,0.0,0.0,0.0,0.0,0.0,10.0,33.0,867.0,0.0103741896,normal
2026-06-01T02:26:15Z,worker-1,kube-system,kube-ovn-cni-cf7cj,cni-server,317.9,22.7,362.8,0.2,0.0,181455.0,1104.0,0.0,0.0,0.0,133.0,164.0,4059.0,0.0681574927,normal
2026-06-01T02:26:15Z,worker-1,kube-system,ovs-ovn-w75jd,openvswitch,101.3,62.0,37.9,0.0,0.0,38.0,41.0,0.0,0.0,0.0,52.0,88.0,2086.0,0.0305987693,normal
2026-06-01T02:26:15Z,worker-1,longhorn-system,csi-provisioner-688964c44b-7hv5d,csi-provisioner,32.2,7.6,0.0,0.0,0.0,182662.0,2094.0,0.0,0.0,0.0,0.0,0.0,1320.0,0.0041526426,normal
2026-06-01T02:26:15Z,worker-1,longhorn-system,instance-manager-bacbca1a1c80c6ca28fd5f2d5fd0c24c,instance-manager,192.9,7.2,11.3,0.4,0.0,2972.0,3145.0,0.0,0.0,0.0,6.0,6.0,687.0,0.0073072957,normal
2026-06-01T02:26:15Z,worker-1,ebpf-final,ebpf-collector-5588x,collector,0.2,0.8,0.3,0.1,0.0,13281.0,19185.0,0.0,0.0,0.0,0.0,0.0,12.0,0.0019647022,normal
2026-06-01T02:26:15Z,worker-1,longhorn-system,longhorn-csi-plugin-t8lpt,longhorn-liveness-probe,3.1,1.9,0.0,0.0,0.0,224.0,274.0,0.0,0.0,0.0,0.0,0.0,214.0,0.0008376991,normal
2026-06-01T02:26:15Z,worker-1,monitoring,my-monitoring-prometheus-node-exporter-829wk,node-exporter,178.5,0.8,154.8,0.0,0.0,573.0,26009.0,0.0,0.0,0.0,0.0,0.0,218.0,0.0110490326,normal
2026-06-01T02:26:15Z,worker-1,longhorn-system,csi-resizer-7d9bff5787-242pl,csi-resizer,2.2,2.0,0.0,0.0,0.0,1093.0,996.0,0.0,0.0,0.0,0.0,0.0,296.0,0.001488274,normal
2026-06-01T02:26:15Z,worker-1,kube-system,tetragon-kl9tz,export-stdout,6.1,4.8,0.0,0.0,0.0,0.0,0.0,0.0,0.0,0.0,0.0,0.0,10.0,0.0001334299,normal
2026-06-01T02:26:26Z,worker-1,gpu-operator,gpu-operator-1764036362-node-feature-discovery-worker-9v5dt,worker,295.9,4.4,159.6,0.0,0.0,138017.0,1850.0,0.0,0.0,0.0,0.0,0.0,2065.0,0.0313504906,normal
2026-06-01T02:26:26Z,worker-1,longhorn-system,longhorn-csi-plugin-t8lpt,longhorn-csi-plugin,2.9,1.3,0.0,0.0,0.0,0.0,0.0,0.0,0.0,0.0,0.0,0.0,77.0,0.0003750832,normal
2026-06-01T02:26:26Z,worker-1,longhorn-system,longhorn-manager-fgsfc,longhorn-manager,114.9,46.7,0.1,0.1,0.1,497811.0,11188.0,0.0,0.0,0.0,0.0,0.0,4598.0,0.0148457667,normal
2026-06-01T02:26:26Z,worker-1,longhorn-system,longhorn-csi-plugin-t8lpt,node-driver-registrar,0.1,0.1,0.0,0.0,0.0,0.0,0.0,0.0,0.0,0.0,0.0,0.0,9.0,3.13199e-05,normal
2026-06-01T02:26:26Z,worker-1,longhorn-system,csi-attacher-896ffc747-rxjjt,csi-attacher,3.1,2.8,0.1,0.0,0.0,1109.0,1012.0,0.0,0.0,0.0,0.0,0.0,270.0,0.000899751,normal
2026-06-01T02:26:26Z,worker-1,longhorn-system,csi-snapshotter-65884686fc-gjw5g,csi-snapshotter,8.9,8.7,0.0,0.0,0.0,1131.0,1034.0,0.0,0.0,0.0,0.0,0.0,837.0,0.0023464962,normal
2026-06-01T02:26:26Z,worker-1,kube-system,nodelocaldns-zjml5,node-cache,13.2,4.3,0.4,1.2,0.0,4922.0,3562.0,0.0,0.0,0.0,0.0,0.0,742.0,0.0061821443,normal
2026-06-01T02:26:26Z,worker-1,kube-system,kube-ovn-pinger-vfzmn,pinger,48.2,19.3,13.2,0.2,0.0,115953.0,1580.0,0.0,12288.0,0.068283,17.0,26.0,3545.0,0.0176196131,normal
2026-06-01T02:26:26Z,worker-1,kube-system,tetragon-kl9tz,tetragon,5.8,3.5,0.3,0.0,0.0,17619.0,239.0,0.0,0.0,0.0,0.0,0.0,13308.0,0.035587624,normal
2026-06-01T02:26:26Z,worker-1,longhorn-system,engine-image-ei-3154f3aa-kvvkq,engine-image-ei-3154f3aa,12.8,1.0,14.4,0.0,0.0,0.0,0.0,0.0,0.0,0.0,10.0,39.0,1108.0,0.0130150761,normal
2026-06-01T02:26:26Z,worker-1,kube-system,kube-proxy-pdwww,kube-proxy,1.9,0.5,0.0,0.0,0.0,17296.0,96.0,0.0,0.0,0.0,0.0,0.0,83.0,0.0002843159,normal
2026-06-01T02:26:26Z,worker-1,longhorn-system,engine-image-ei-843accdd-tx99h,engine-image-ei-843accdd,12.4,1.0,14.0,0.0,0.0,0.0,0.0,0.0,0.0,0.0,10.0,29.0,789.0,0.0100643807,normal
2026-06-01T02:26:26Z,worker-1,kube-system,kube-ovn-cni-cf7cj,cni-server,321.1,23.1,361.6,0.4,0.0,227787.0,1296.0,0.0,0.0,0.0,132.0,196.0,5372.0,0.0859107448,normal
2026-06-01T02:26:26Z,worker-1,kube-system,ovs-ovn-w75jd,openvswitch,101.4,60.6,38.2,0.0,0.0,38.0,41.0,0.0,0.0,0.0,52.0,88.0,2024.0,0.0333929201,normal
2026-06-01T02:26:26Z,worker-1,longhorn-system,csi-provisioner-688964c44b-7hv5d,csi-provisioner,39.5,8.9,0.1,0.0,0.0,228752.0,2286.0,0.0,0.0,0.0,0.0,0.0,1489.0,0.0046047671,normal
2026-06-01T02:26:26Z,worker-1,longhorn-system,instance-manager-bacbca1a1c80c6ca28fd5f2d5fd0c24c,instance-manager,192.6,7.4,11.3,0.4,0.0,2972.0,3145.0,0.0,0.0,0.0,6.0,6.0,657.0,0.0069137522,normal
2026-06-01T02:26:26Z,worker-1,ebpf-final,ebpf-collector-5588x,collector,154.4,0.8,143.4,0.1,0.0,209038.0,17107.0,0.0,0.0,0.0,0.0,0.0,165.0,0.0261326098,normal
2026-06-01T02:26:26Z,worker-1,longhorn-system,longhorn-csi-plugin-t8lpt,longhorn-liveness-probe,3.1,1.9,0.0,0.0,0.0,224.0,274.0,0.0,0.0,0.0,0.0,0.0,167.0,0.000780171,normal
2026-06-01T02:26:26Z,worker-1,monitoring,my-monitoring-prometheus-node-exporter-829wk,node-exporter,0.4,0.2,0.0,0.0,0.0,208.0,3254.0,0.0,0.0,0.0,0.0,0.0,20.0,0.000142361,normal
2026-06-01T02:26:26Z,worker-1,longhorn-system,csi-resizer-7d9bff5787-242pl,csi-resizer,2.6,2.1,0.1,0.0,0.0,1130.0,997.0,0.0,0.0,0.0,0.0,0.0,248.0,0.0007361122,normal
2026-06-01T02:26:26Z,worker-1,kube-system,tetragon-kl9tz,export-stdout,6.5,5.0,0.1,0.0,0.0,0.0,0.0,0.0,0.0,0.0,0.0,0.0,11.0,0.0001385788,normal
2026-06-01T02:26:36Z,worker-1,gpu-operator,gpu-operator-1764036362-node-feature-discovery-worker-9v5dt,worker,0.5,0.2,0.0,0.0,0.0,222.0,188.0,0.0,0.0,0.0,0.0,0.0,35.0,0.0002312192,normal
2026-06-01T02:26:36Z,worker-1,longhorn-system,longhorn-csi-plugin-t8lpt,longhorn-csi-plugin,2.9,1.2,0.0,0.0,0.0,0.0,0.0,0.0,0.0,0.0,0.0,0.0,81.0,0.000381386,normal
2026-06-01T02:26:36Z,worker-1,longhorn-system,longhorn-manager-fgsfc,longhorn-manager,164.5,50.5,14.9,0.3,0.0,444754.0,22364.0,0.0,0.0,0.0,2.0,8.0,5010.0,0.019795496,normal
2026-06-01T02:26:36Z,worker-1,longhorn-system,longhorn-csi-plugin-t8lpt,node-driver-registrar,0.1,0.1,0.0,0.0,0.0,0.0,0.0,0.0,0.0,0.0,0.0,0.0,9.0,2.70703e-05,normal
2026-06-01T02:26:36Z,worker-1,longhorn-system,csi-attacher-896ffc747-rxjjt,csi-attacher,3.8,3.3,0.0,0.0,0.0,1363.0,1047.0,0.0,0.0,0.0,0.0,0.0,317.0,0.0009001724,normal
2026-06-01T02:26:36Z,worker-1,longhorn-system,csi-snapshotter-65884686fc-gjw5g,csi-snapshotter,9.0,8.8,0.0,0.0,0.0,1135.0,1033.0,0.0,0.0,0.0,0.0,0.0,823.0,0.0029397775,normal
2026-06-01T02:26:36Z,worker-1,kube-system,nodelocaldns-zjml5,node-cache,13.1,4.3,0.3,1.0,0.0,4922.0,3562.0,0.0,0.0,0.0,0.0,0.0,708.0,0.0038908715,normal
2026-06-01T02:26:36Z,worker-1,kube-system,kube-ovn-pinger-vfzmn,pinger,44.4,18.5,13.2,0.2,0.0,83766.0,1205.0,0.0,12288.0,0.0865165,17.0,26.0,2863.0,0.0167427753,normal
2026-06-01T02:26:36Z,worker-1,kube-system,tetragon-kl9tz,tetragon,5.0,4.8,0.0,0.0,0.0,17448.0,239.0,0.0,0.0,0.0,0.0,0.0,13171.0,0.0433438773,normal
2026-06-01T02:26:36Z,worker-1,longhorn-system,engine-image-ei-3154f3aa-kvvkq,engine-image-ei-3154f3aa,12.8,1.0,14.4,0.0,0.0,0.0,0.0,0.0,0.0,0.0,10.0,39.0,1061.0,0.0126838382,normal
2026-06-01T02:26:36Z,worker-1,kube-system,kube-proxy-pdwww,kube-proxy,1.8,0.4,0.0,0.0,0.0,17279.0,96.0,0.0,0.0,0.0,0.0,0.0,71.0,0.0002620994,normal
2026-06-01T02:26:36Z,worker-1,longhorn-system,engine-image-ei-843accdd-tx99h,engine-image-ei-843accdd,12.4,1.0,14.0,0.0,0.0,0.0,0.0,0.0,0.0,0.0,10.0,27.0,786.0,0.0090884841,normal
2026-06-01T02:26:36Z,worker-1,kube-system,kube-ovn-cni-cf7cj,cni-server,342.4,24.6,398.5,0.2,0.0,181465.0,1104.0,0.0,0.0,0.0,155.0,187.0,4318.0,0.0697609061,normal
2026-06-01T02:26:36Z,worker-1,kube-system,ovs-ovn-w75jd,openvswitch,99.1,59.3,38.0,0.0,0.0,38.0,41.0,0.0,0.0,0.0,52.0,88.0,1941.0,0.0312212082,normal
2026-06-01T02:26:36Z,worker-1,longhorn-system,csi-provisioner-688964c44b-7hv5d,csi-provisioner,32.2,8.3,0.0,0.0,0.0,182439.0,2094.0,0.0,0.0,0.0,0.0,0.0,1361.0,0.0039650035,normal
2026-06-01T02:26:36Z,worker-1,longhorn-system,instance-manager-bacbca1a1c80c6ca28fd5f2d5fd0c24c,instance-manager,203.8,9.8,12.4,0.4,0.0,3862.0,3817.0,0.0,0.0,0.0,7.0,7.0,779.0,0.0081285823,normal
2026-06-01T02:26:36Z,worker-1,ebpf-final,ebpf-collector-5588x,collector,0.2,0.7,0.3,0.1,0.0,11216.0,16176.0,0.0,0.0,0.0,0.0,0.0,10.0,0.0012378552,normal
2026-06-01T02:26:36Z,worker-1,longhorn-system,longhorn-csi-plugin-t8lpt,longhorn-liveness-probe,2.9,1.8,0.0,0.0,0.0,224.0,274.0,0.0,0.0,0.0,0.0,0.0,198.0,0.0008212126,normal
2026-06-01T02:26:36Z,worker-1,monitoring,my-monitoring-prometheus-node-exporter-829wk,node-exporter,0.4,0.2,0.0,0.0,0.0,208.0,3254.0,0.0,0.0,0.0,0.0,0.0,20.0,0.0001337863,normal
2026-06-01T02:26:36Z,worker-1,longhorn-system,csi-resizer-7d9bff5787-242pl,csi-resizer,1.7,1.4,0.0,0.0,0.0,1220.0,994.0,0.0,0.0,0.0,0.0,0.0,257.0,0.0007539813,normal
2026-06-01T02:26:36Z,worker-1,kube-system,tetragon-kl9tz,export-stdout,18.0,16.6,0.0,0.0,0.0,0.0,0.0,0.0,0.0,0.0,0.0,0.0,10.0,0.0002572305,normal
2026-06-01T02:26:46Z,worker-1,gpu-operator,gpu-operator-1764036362-node-feature-discovery-worker-9v5dt,worker,0.6,0.2,0.0,0.0,0.0,222.0,188.0,0.0,0.0,0.0,0.0,0.0,36.0,0.0002109379,normal
2026-06-01T02:26:46Z,worker-1,longhorn-system,longhorn-csi-plugin-t8lpt,longhorn-csi-plugin,2.9,1.3,0.0,0.0,0.0,0.0,0.0,0.0,0.0,0.0,0.0,0.0,80.0,0.0003580119,normal
2026-06-01T02:26:46Z,worker-1,longhorn-system,longhorn-manager-fgsfc,longhorn-manager,110.3,45.0,0.1,0.1,0.0,468326.0,10828.0,0.0,0.0,0.0,0.0,0.0,4459.0,0.0141681393,normal
2026-06-01T02:26:46Z,worker-1,longhorn-system,longhorn-csi-plugin-t8lpt,node-driver-registrar,0.1,0.1,0.0,0.0,0.0,0.0,0.0,0.0,0.0,0.0,0.0,0.0,9.0,3.1178e-05,normal
2026-06-01T02:26:46Z,worker-1,longhorn-system,csi-attacher-896ffc747-rxjjt,csi-attacher,3.7,3.4,0.0,0.0,0.0,1240.0,1013.0,0.0,0.0,0.0,0.0,0.0,325.0,0.00094585,normal
2026-06-01T02:26:46Z,worker-1,longhorn-system,csi-snapshotter-65884686fc-gjw5g,csi-snapshotter,11.7,10.7,0.2,0.0,0.0,1306.0,1071.0,0.0,0.0,0.0,0.0,0.0,829.0,0.0024580743,normal
2026-06-01T02:26:46Z,worker-1,kube-system,nodelocaldns-zjml5,node-cache,28.7,5.7,37.5,1.0,0.0,5033.0,3422.0,0.0,0.0,0.0,12.0,12.0,1051.0,0.0079221662,normal
2026-06-01T02:26:46Z,worker-1,kube-system,kube-ovn-pinger-vfzmn,pinger,49.2,19.5,13.2,0.2,0.0,115898.0,1580.0,0.0,12288.0,0.064289,17.0,26.0,2814.0,0.0166801467,normal
2026-06-01T02:26:46Z,worker-1,kube-system,tetragon-kl9tz,tetragon,5.3,3.1,0.0,0.0,0.0,17595.0,239.0,0.0,0.0,0.0,0.0,0.0,13243.0,0.0406207814,normal
2026-06-01T02:26:46Z,worker-1,longhorn-system,engine-image-ei-3154f3aa-kvvkq,engine-image-ei-3154f3aa,12.8,1.0,14.4,0.0,0.0,0.0,0.0,0.0,0.0,0.0,10.0,41.0,1094.0,0.0120767118,normal
2026-06-01T02:26:46Z,worker-1,kube-system,kube-proxy-pdwww,kube-proxy,2.1,0.4,0.0,0.0,0.0,17283.0,96.0,0.0,0.0,0.0,0.0,0.0,92.0,0.0002933125,normal
2026-06-01T02:26:46Z,worker-1,longhorn-system,engine-image-ei-843accdd-tx99h,engine-image-ei-843accdd,12.7,1.0,14.3,0.0,0.0,0.0,0.0,0.0,0.0,0.0,10.0,38.0,979.0,0.0112003696,normal
2026-06-01T02:26:46Z,worker-1,kube-system,kube-ovn-cni-cf7cj,cni-server,349.5,25.5,407.2,0.4,0.0,204477.0,1200.0,0.0,0.0,0.0,150.0,210.0,5444.0,0.0850105544,normal
2026-06-01T02:26:46Z,worker-1,kube-system,ovs-ovn-w75jd,openvswitch,98.7,59.8,37.9,0.0,0.0,38.0,41.0,0.0,0.0,0.0,52.0,88.0,1999.0,0.0311946117,normal
2026-06-01T02:26:46Z,worker-1,longhorn-system,csi-provisioner-688964c44b-7hv5d,csi-provisioner,34.7,7.1,0.0,0.0,0.0,205810.0,2190.0,0.0,0.0,0.0,0.0,0.0,1405.0,0.0062860258,normal
2026-06-01T02:26:46Z,worker-1,longhorn-system,instance-manager-bacbca1a1c80c6ca28fd5f2d5fd0c24c,instance-manager,192.8,7.5,11.3,0.4,0.0,2972.0,3145.0,0.0,0.0,0.0,6.0,6.0,718.0,0.0076595641,normal
2026-06-01T02:26:46Z,worker-1,ebpf-final,ebpf-collector-5588x,collector,0.2,0.8,0.3,0.1,0.0,12588.0,18166.0,0.0,0.0,0.0,0.0,0.0,7.0,0.0019864255,normal
2026-06-01T02:26:46Z,worker-1,longhorn-system,longhorn-csi-plugin-t8lpt,longhorn-liveness-probe,2.9,1.9,0.0,0.0,0.0,224.0,274.0,0.0,0.0,0.0,0.0,0.0,180.0,0.0008447011,normal
2026-06-01T02:26:46Z,worker-1,monitoring,my-monitoring-prometheus-node-exporter-829wk,node-exporter,178.6,0.8,154.8,0.0,0.0,573.0,26032.0,0.0,0.0,0.0,0.0,0.0,510.0,0.0141885729,normal
2026-06-01T02:26:46Z,worker-1,longhorn-system,csi-resizer-7d9bff5787-242pl,csi-resizer,1.5,1.4,0.0,0.0,0.0,1092.0,994.0,0.0,0.0,0.0,0.0,0.0,211.0,0.0006478097,normal
2026-06-01T02:26:46Z,worker-1,kube-system,tetragon-kl9tz,export-stdout,6.1,4.8,0.0,0.0,0.0,0.0,0.0,0.0,0.0,0.0,0.0,0.0,10.0,0.0001291472,normal
2026-06-01T02:26:56Z,worker-1,gpu-operator,gpu-operator-1764036362-node-feature-discovery-worker-9v5dt,worker,0.7,0.3,0.0,0.0,0.0,261.0,227.0,0.0,0.0,0.0,0.0,0.0,94.0,0.000293373,normal
2026-06-01T02:26:56Z,worker-1,longhorn-system,longhorn-csi-plugin-t8lpt,longhorn-csi-plugin,2.9,1.2,0.0,0.0,0.0,0.0,0.0,0.0,0.0,0.0,0.0,0.0,83.0,0.0003706855,normal
2026-06-01T02:26:56Z,worker-1,longhorn-system,longhorn-manager-fgsfc,longhorn-manager,120.3,48.9,0.1,0.1,0.1,472922.0,11106.0,0.0,0.0,0.0,0.0,0.0,4714.0,0.0141833379,normal
2026-06-01T02:26:56Z,worker-1,longhorn-system,longhorn-csi-plugin-t8lpt,node-driver-registrar,0.1,0.1,0.0,0.0,0.0,0.0,0.0,0.0,0.0,0.0,0.0,0.0,9.0,3.12178e-05,normal
2026-06-01T02:26:56Z,worker-1,longhorn-system,csi-attacher-896ffc747-rxjjt,csi-attacher,4.7,3.6,0.1,0.0,0.0,1994.0,1658.0,0.0,0.0,0.0,0.0,0.0,364.0,0.001236767,normal
2026-06-01T02:26:56Z,worker-1,longhorn-system,csi-snapshotter-65884686fc-gjw5g,csi-snapshotter,11.0,10.9,0.0,0.0,0.0,1143.0,1032.0,0.0,0.0,0.0,0.0,0.0,836.0,0.0024013314,normal
2026-06-01T02:26:56Z,worker-1,kube-system,nodelocaldns-zjml5,node-cache,14.1,4.7,0.4,1.1,0.0,5143.0,3785.0,0.0,0.0,0.0,0.0,0.0,796.0,0.0042850879,normal
2026-06-01T02:26:56Z,worker-1,kube-system,kube-ovn-pinger-vfzmn,pinger,50.4,20.3,13.2,0.2,0.0,115915.0,1580.0,0.0,8192.0,0.0612255,17.0,26.0,3421.0,0.0177534374,normal
2026-06-01T02:26:56Z,worker-1,kube-system,tetragon-kl9tz,tetragon,7.9,4.1,0.4,0.0,0.0,17813.0,21437.0,0.0,0.0,0.0,0.0,0.0,12646.0,0.0367250076,normal
2026-06-01T02:26:56Z,worker-1,longhorn-system,engine-image-ei-3154f3aa-kvvkq,engine-image-ei-3154f3aa,12.7,1.0,14.3,0.0,0.0,0.0,0.0,0.0,0.0,0.0,10.0,40.0,1055.0,0.0124009786,normal
2026-06-01T02:26:56Z,worker-1,kube-system,kube-proxy-pdwww,kube-proxy,1.9,0.4,0.0,0.0,0.0,17157.0,96.0,0.0,0.0,0.0,0.0,0.0,121.0,0.0002824091,normal
2026-06-01T02:26:56Z,worker-1,longhorn-system,engine-image-ei-843accdd-tx99h,engine-image-ei-843accdd,12.5,1.0,14.1,0.0,0.0,0.0,0.0,0.0,0.0,0.0,10.0,32.0,886.0,0.0099239822,normal
2026-06-01T02:26:56Z,worker-1,kube-system,kube-ovn-cni-cf7cj,cni-server,319.2,22.0,361.2,0.2,0.0,205154.0,1382.0,0.0,0.0,0.0,131.0,163.0,4035.0,0.0638760636,normal
2026-06-01T02:26:56Z,worker-1,kube-system,ovs-ovn-w75jd,openvswitch,103.3,66.1,38.0,0.0,0.0,38.0,41.0,0.0,0.0,0.0,52.0,88.0,1977.0,0.0360820639,normal
2026-06-01T02:26:56Z,worker-1,longhorn-system,csi-provisioner-688964c44b-7hv5d,csi-provisioner,35.6,7.6,0.0,0.0,0.0,206057.0,2189.0,0.0,0.0,0.0,0.0,0.0,1358.0,0.0041563844,normal
2026-06-01T02:26:56Z,worker-1,longhorn-system,instance-manager-bacbca1a1c80c6ca28fd5f2d5fd0c24c,instance-manager,192.6,7.4,11.3,0.4,0.0,2972.0,3145.0,0.0,0.0,0.0,6.0,6.0,652.0,0.0059531616,normal
2026-06-01T02:26:56Z,worker-1,ebpf-final,ebpf-collector-5588x,collector,154.1,0.8,143.3,0.1,0.0,209741.0,18127.0,0.0,0.0,0.0,0.0,0.0,162.0,0.0215502292,normal
2026-06-01T02:26:56Z,worker-1,longhorn-system,longhorn-csi-plugin-t8lpt,longhorn-liveness-probe,2.7,1.8,0.0,0.0,0.0,224.0,274.0,0.0,0.0,0.0,0.0,0.0,262.0,0.0018297166,normal
2026-06-01T02:26:56Z,worker-1,monitoring,my-monitoring-prometheus-node-exporter-829wk,node-exporter,0.3,0.2,0.0,0.0,0.0,208.0,3254.0,0.0,0.0,0.0,0.0,0.0,20.0,0.0001269367,normal
2026-06-01T02:26:56Z,worker-1,longhorn-system,csi-resizer-7d9bff5787-242pl,csi-resizer,1.5,1.5,0.0,0.0,0.0,1093.0,1029.0,0.0,0.0,0.0,0.0,0.0,237.0,0.0006872837,normal
2026-06-01T02:26:56Z,worker-1,kube-system,tetragon-kl9tz,export-stdout,6.1,4.8,0.0,0.0,0.0,0.0,0.0,0.0,0.0,0.0,0.0,0.0,10.0,0.0001283141,normal
2026-06-01T02:27:06Z,worker-1,gpu-operator,gpu-operator-1764036362-node-feature-discovery-worker-9v5dt,worker,0.6,0.2,0.0,0.0,0.0,222.0,188.0,0.0,0.0,0.0,0.0,0.0,36.0,0.0001953692,normal
2026-06-01T02:27:06Z,worker-1,longhorn-system,longhorn-csi-plugin-t8lpt,longhorn-csi-plugin,2.8,1.2,0.0,0.0,0.0,0.0,0.0,0.0,0.0,0.0,0.0,0.0,81.0,0.0004051919,normal
2026-06-01T02:27:06Z,worker-1,longhorn-system,longhorn-manager-fgsfc,longhorn-manager,163.8,51.2,14.8,0.3,0.0,481945.0,24570.0,0.0,0.0,0.0,2.0,8.0,5148.0,0.0212488602,normal
2026-06-01T02:27:06Z,worker-1,longhorn-system,longhorn-csi-plugin-t8lpt,node-driver-registrar,0.1,0.1,0.0,0.0,0.0,0.0,0.0,0.0,0.0,0.0,0.0,0.0,9.0,3.28396e-05,normal
2026-06-01T02:27:06Z,worker-1,longhorn-system,csi-attacher-896ffc747-rxjjt,csi-attacher,3.6,3.4,0.0,0.0,0.0,1112.0,1014.0,0.0,0.0,0.0,0.0,0.0,266.0,0.0008143679,normal
2026-06-01T02:27:06Z,worker-1,longhorn-system,csi-snapshotter-65884686fc-gjw5g,csi-snapshotter,6.4,6.4,0.0,0.0,0.0,1297.0,1106.0,0.0,0.0,0.0,0.0,0.0,784.0,0.0023268564,normal
2026-06-01T02:27:06Z,worker-1,kube-system,nodelocaldns-zjml5,node-cache,13.3,4.4,0.3,1.0,0.0,4922.0,3562.0,0.0,0.0,0.0,0.0,0.0,666.0,0.0039790669,normal
2026-06-01T02:27:06Z,worker-1,kube-system,kube-ovn-pinger-vfzmn,pinger,18.0,15.7,0.0,0.0,0.0,32040.0,375.0,0.0,16384.0,0.0728895,0.0,0.0,2904.0,0.0091088249,normal
2026-06-01T02:27:06Z,worker-1,kube-system,tetragon-kl9tz,tetragon,5.3,5.1,0.0,0.0,0.0,17587.0,239.0,0.0,0.0,0.0,0.0,0.0,12124.0,0.038839356,normal
2026-06-01T02:27:06Z,worker-1,longhorn-system,engine-image-ei-3154f3aa-kvvkq,engine-image-ei-3154f3aa,12.8,1.0,14.4,0.0,0.0,0.0,0.0,0.0,0.0,0.0,10.0,39.0,1054.0,0.0125607503,normal
2026-06-01T02:27:06Z,worker-1,kube-system,kube-proxy-pdwww,kube-proxy,2.9,0.5,0.1,0.0,0.0,17523.0,313.0,0.0,0.0,0.0,0.0,0.0,97.0,0.0003922592,normal
2026-06-01T02:27:06Z,worker-1,longhorn-system,engine-image-ei-843accdd-tx99h,engine-image-ei-843accdd,12.4,1.0,14.0,0.0,0.0,0.0,0.0,0.0,0.0,0.0,10.0,30.0,806.0,0.0099421804,normal
2026-06-01T02:27:06Z,worker-1,kube-system,kube-ovn-cni-cf7cj,cni-server,324.4,22.5,364.6,0.4,0.0,204771.0,1200.0,0.0,0.0,0.0,135.0,199.0,5295.0,0.0770701358,normal
2026-06-01T02:27:06Z,worker-1,kube-system,ovs-ovn-w75jd,openvswitch,98.9,60.5,37.7,0.0,0.0,38.0,41.0,0.0,0.0,0.0,52.0,88.0,1885.0,0.030199348,normal
2026-06-01T02:27:06Z,worker-1,longhorn-system,csi-provisioner-688964c44b-7hv5d,csi-provisioner,34.1,7.9,0.0,0.0,0.0,205684.0,2188.0,0.0,0.0,0.0,0.0,0.0,1299.0,0.004087672,normal
2026-06-01T02:27:06Z,worker-1,longhorn-system,instance-manager-bacbca1a1c80c6ca28fd5f2d5fd0c24c,instance-manager,40.4,10.0,2.3,0.1,0.1,4947.0,5494.0,0.0,0.0,0.0,2.0,2.0,792.0,0.0050507423,normal
2026-06-01T02:27:06Z,worker-1,ebpf-final,ebpf-collector-5588x,collector,0.2,0.8,0.3,0.1,0.0,12256.0,17682.0,0.0,0.0,0.0,0.0,0.0,11.0,0.0011605351,normal
2026-06-01T02:27:06Z,worker-1,longhorn-system,longhorn-csi-plugin-t8lpt,longhorn-liveness-probe,2.7,1.8,0.0,0.0,0.0,224.0,274.0,0.0,0.0,0.0,0.0,0.0,200.0,0.0008687036,normal
2026-06-01T02:27:06Z,worker-1,monitoring,my-monitoring-prometheus-node-exporter-829wk,node-exporter,0.3,0.2,0.0,0.0,0.0,208.0,3254.0,0.0,0.0,0.0,0.0,0.0,20.0,0.0001552429,normal
2026-06-01T02:27:06Z,worker-1,longhorn-system,csi-resizer-7d9bff5787-242pl,csi-resizer,2.0,1.8,0.0,0.0,0.0,1232.0,996.0,0.0,0.0,0.0,0.0,0.0,251.0,0.0007229904,normal
2026-06-01T02:27:06Z,worker-1,kube-system,tetragon-kl9tz,export-stdout,18.7,17.2,0.0,0.0,0.0,0.0,0.0,0.0,0.0,0.0,0.0,0.0,11.0,0.000296699,normal
2026-06-01T02:27:16Z,worker-1,gpu-operator,gpu-operator-1764036362-node-feature-discovery-worker-9v5dt,worker,0.5,0.2,0.0,0.0,0.0,222.0,188.0,0.0,0.0,0.0,0.0,0.0,41.0,0.00024521,normal
2026-06-01T02:27:16Z,worker-1,longhorn-system,longhorn-csi-plugin-t8lpt,longhorn-csi-plugin,2.6,1.0,0.0,0.0,0.0,0.0,0.0,0.0,0.0,0.0,0.0,0.0,76.0,0.0003851583,normal
2026-06-01T02:27:16Z,worker-1,longhorn-system,longhorn-manager-fgsfc,longhorn-manager,110.9,44.5,0.1,0.1,0.0,466697.0,10762.0,0.0,0.0,0.0,0.0,0.0,4421.0,0.0139228812,normal
2026-06-01T02:27:16Z,worker-1,longhorn-system,longhorn-csi-plugin-t8lpt,node-driver-registrar,0.1,0.1,0.0,0.0,0.0,0.0,0.0,0.0,0.0,0.0,0.0,0.0,9.0,3.06069e-05,normal
2026-06-01T02:27:16Z,worker-1,longhorn-system,csi-attacher-896ffc747-rxjjt,csi-attacher,2.8,2.6,0.1,0.0,0.0,1112.0,1049.0,0.0,0.0,0.0,0.0,0.0,268.0,0.0008309385,normal
2026-06-01T02:27:16Z,worker-1,longhorn-system,csi-snapshotter-65884686fc-gjw5g,csi-snapshotter,7.7,7.4,0.0,0.0,0.0,1131.0,1032.0,0.0,0.0,0.0,0.0,0.0,791.0,0.0022458566,normal
2026-06-01T02:27:16Z,worker-1,kube-system,nodelocaldns-zjml5,node-cache,13.5,4.4,0.4,1.0,0.0,4922.0,3562.0,0.0,0.0,0.0,0.0,0.0,756.0,0.0042391234,normal
2026-06-01T02:27:16Z,worker-1,kube-system,kube-ovn-pinger-vfzmn,pinger,50.1,20.2,13.3,0.2,0.0,115800.0,1580.0,0.0,12288.0,0.074501,17.0,26.0,3553.0,0.0191771635,normal
2026-06-01T02:27:16Z,worker-1,kube-system,tetragon-kl9tz,tetragon,5.7,3.3,0.0,0.0,0.0,17609.0,239.0,0.0,0.0,0.0,0.0,0.0,13377.0,0.0350415621,normal
2026-06-01T02:27:16Z,worker-1,longhorn-system,engine-image-ei-3154f3aa-kvvkq,engine-image-ei-3154f3aa,12.8,1.0,14.4,0.0,0.0,0.0,0.0,0.0,0.0,0.0,10.0,43.0,1167.0,0.0129595073,normal
2026-06-01T02:27:16Z,worker-1,kube-system,kube-proxy-pdwww,kube-proxy,1.4,0.3,0.0,0.0,0.0,17157.0,96.0,0.0,0.0,0.0,0.0,0.0,162.0,0.0018948598,normal
2026-06-01T02:27:16Z,worker-1,longhorn-system,engine-image-ei-843accdd-tx99h,engine-image-ei-843accdd,12.5,1.0,14.1,0.0,0.0,0.0,0.0,0.0,0.0,0.0,10.0,28.0,816.0,0.010307628,normal
2026-06-01T02:27:16Z,worker-1,kube-system,kube-ovn-cni-cf7cj,cni-server,369.0,25.7,440.1,0.2,0.0,204616.0,1200.0,0.0,0.0,0.0,169.0,207.0,4757.0,0.0809993053,normal
2026-06-01T02:27:16Z,worker-1,kube-system,ovs-ovn-w75jd,openvswitch,100.3,61.7,37.9,0.0,0.0,38.0,41.0,0.0,0.0,0.0,52.0,88.0,1990.0,0.0308881596,normal
2026-06-01T02:27:16Z,worker-1,longhorn-system,csi-provisioner-688964c44b-7hv5d,csi-provisioner,36.1,8.5,0.1,0.0,0.0,205821.0,2188.0,0.0,0.0,0.0,0.0,0.0,1379.0,0.0056617612,normal
2026-06-01T02:27:16Z,worker-1,longhorn-system,instance-manager-bacbca1a1c80c6ca28fd5f2d5fd0c24c,instance-manager,192.5,7.1,11.3,0.4,0.0,2972.0,3145.0,0.0,0.0,0.0,6.0,6.0,649.0,0.0068196615,normal
2026-06-01T02:27:16Z,worker-1,ebpf-final,ebpf-collector-5588x,collector,0.2,0.8,0.3,0.1,0.0,12237.0,17662.0,0.0,0.0,0.0,0.0,0.0,12.0,0.0018297998,normal
2026-06-01T02:27:16Z,worker-1,longhorn-system,longhorn-csi-plugin-t8lpt,longhorn-liveness-probe,2.8,1.7,0.0,0.0,0.0,224.0,274.0,0.0,0.0,0.0,0.0,0.0,196.0,0.000984917,normal
2026-06-01T02:27:16Z,worker-1,monitoring,my-monitoring-prometheus-node-exporter-829wk,node-exporter,178.5,0.8,154.8,0.0,0.0,573.0,26081.0,0.0,0.0,0.0,0.0,0.0,355.0,0.0143963845,normal
2026-06-01T02:27:16Z,worker-1,longhorn-system,csi-resizer-7d9bff5787-242pl,csi-resizer,2.1,1.6,0.1,0.0,0.0,1235.0,996.0,0.0,0.0,0.0,0.0,0.0,229.0,0.0007280396,normal
2026-06-01T02:27:16Z,worker-1,kube-system,tetragon-kl9tz,export-stdout,6.1,4.8,0.0,0.0,0.0,0.0,0.0,0.0,0.0,0.0,0.0,0.0,10.0,0.0001325329,normal
2026-06-01T02:27:27Z,worker-1,gpu-operator,gpu-operator-1764036362-node-feature-discovery-worker-9v5dt,worker,294.4,4.0,159.6,0.0,0.0,137977.0,1811.0,0.0,0.0,0.0,0.0,0.0,2006.0,0.0285905198,normal
2026-06-01T02:27:27Z,worker-1,longhorn-system,longhorn-csi-plugin-t8lpt,longhorn-csi-plugin,2.6,1.0,0.0,0.0,0.0,0.0,0.0,0.0,0.0,0.0,0.0,0.0,83.0,0.0004096497,normal
2026-06-01T02:27:27Z,worker-1,longhorn-system,longhorn-manager-fgsfc,longhorn-manager,158.1,46.1,12.7,0.1,0.1,475430.0,15962.0,0.0,0.0,0.0,0.0,0.0,4707.0,0.016594337,normal
2026-06-01T02:27:27Z,worker-1,longhorn-system,longhorn-csi-plugin-t8lpt,node-driver-registrar,0.1,0.1,0.0,0.0,0.0,0.0,0.0,0.0,0.0,0.0,0.0,0.0,9.0,3.10322e-05,normal
2026-06-01T02:27:27Z,worker-1,longhorn-system,csi-attacher-896ffc747-rxjjt,csi-attacher,3.3,3.1,0.0,0.0,0.0,1112.0,1014.0,0.0,0.0,0.0,0.0,0.0,272.0,0.0008564728,normal
2026-06-01T02:27:27Z,worker-1,longhorn-system,csi-snapshotter-65884686fc-gjw5g,csi-snapshotter,7.7,7.6,0.0,0.0,0.0,1137.0,1034.0,0.0,0.0,0.0,0.0,0.0,820.0,0.0023459522,normal
2026-06-01T02:27:27Z,worker-1,kube-system,nodelocaldns-zjml5,node-cache,14.0,4.7,0.3,1.1,0.0,5256.0,3922.0,0.0,0.0,0.0,0.0,0.0,780.0,0.004358986,normal
2026-06-01T02:27:27Z,worker-1,kube-system,kube-ovn-pinger-vfzmn,pinger,44.2,21.0,13.2,0.2,0.0,115742.0,1484.0,0.0,12288.0,0.065532,17.0,26.0,3603.0,0.0193133546,normal
2026-06-01T02:27:27Z,worker-1,kube-system,tetragon-kl9tz,tetragon,5.7,3.5,0.0,0.0,0.0,17619.0,239.0,0.0,0.0,0.0,0.0,0.0,13023.0,0.0408657928,normal
2026-06-01T02:27:27Z,worker-1,longhorn-system,engine-image-ei-3154f3aa-kvvkq,engine-image-ei-3154f3aa,12.8,1.0,14.4,0.0,0.0,0.0,0.0,0.0,0.0,0.0,10.0,39.0,1034.0,0.0117831852,normal
2026-06-01T02:27:27Z,worker-1,kube-system,kube-proxy-pdwww,kube-proxy,1.8,0.3,0.0,0.0,0.0,17296.0,96.0,0.0,0.0,0.0,0.0,0.0,62.0,0.0003230135,normal
2026-06-01T02:27:27Z,worker-1,longhorn-system,engine-image-ei-843accdd-tx99h,engine-image-ei-843accdd,12.7,1.0,14.3,0.0,0.0,0.0,0.0,0.0,0.0,0.0,10.0,34.0,884.0,0.0110779989,normal
2026-06-01T02:27:27Z,worker-1,kube-system,kube-ovn-cni-cf7cj,cni-server,323.7,23.4,364.6,0.4,0.0,204477.0,1200.0,0.0,0.0,0.0,135.0,197.0,5280.0,0.087042491,normal
2026-06-01T02:27:27Z,worker-1,kube-system,ovs-ovn-w75jd,openvswitch,104.5,63.9,38.2,0.0,0.0,38.0,41.0,0.0,0.0,0.0,52.0,88.0,2192.0,0.0348635127,normal
2026-06-01T02:27:27Z,worker-1,longhorn-system,csi-provisioner-688964c44b-7hv5d,csi-provisioner,35.9,8.7,0.0,0.0,0.0,206161.0,2685.0,0.0,0.0,0.0,0.0,0.0,1361.0,0.0041813555,normal
2026-06-01T02:27:27Z,worker-1,longhorn-system,instance-manager-bacbca1a1c80c6ca28fd5f2d5fd0c24c,instance-manager,193.1,7.7,11.3,0.4,0.0,2998.0,3171.0,0.0,0.0,0.0,6.0,6.0,782.0,0.0100967132,normal
2026-06-01T02:27:27Z,worker-1,ebpf-final,ebpf-collector-5588x,collector,153.4,0.8,143.4,0.1,0.0,209743.0,18127.0,0.0,0.0,0.0,0.0,0.0,152.0,0.0201180152,normal
2026-06-01T02:27:27Z,worker-1,longhorn-system,longhorn-csi-plugin-t8lpt,longhorn-liveness-probe,2.8,1.8,0.0,0.0,0.0,224.0,274.0,0.0,0.0,0.0,0.0,0.0,194.0,0.0008673021,normal
2026-06-01T02:27:27Z,worker-1,monitoring,my-monitoring-prometheus-node-exporter-829wk,node-exporter,0.3,0.2,0.0,0.0,0.0,208.0,3254.0,0.0,0.0,0.0,0.0,0.0,20.0,0.0001667532,normal
2026-06-01T02:27:27Z,worker-1,longhorn-system,csi-resizer-7d9bff5787-242pl,csi-resizer,1.9,1.7,0.0,0.0,0.0,1094.0,996.0,0.0,0.0,0.0,0.0,0.0,251.0,0.0007165326,normal
2026-06-01T02:27:27Z,worker-1,kube-system,tetragon-kl9tz,export-stdout,6.1,4.8,0.0,0.0,0.0,0.0,0.0,0.0,0.0,0.0,0.0,0.0,10.0,0.0001358142,normal
2026-06-01T02:27:37Z,worker-1,gpu-operator,gpu-operator-1764036362-node-feature-discovery-worker-9v5dt,worker,0.5,0.2,0.0,0.0,0.0,222.0,188.0,0.0,0.0,0.0,0.0,0.0,31.0,0.0002040635,normal
2026-06-01T02:27:37Z,worker-1,longhorn-system,longhorn-csi-plugin-t8lpt,longhorn-csi-plugin,2.5,1.1,0.0,0.0,0.0,0.0,0.0,0.0,0.0,0.0,0.0,0.0,82.0,0.00040462,normal
2026-06-01T02:27:37Z,worker-1,longhorn-system,longhorn-manager-fgsfc,longhorn-manager,124.0,48.3,2.3,0.3,0.0,474364.0,16918.0,0.0,0.0,0.0,2.0,8.0,4961.0,0.0313212881,normal
2026-06-01T02:27:37Z,worker-1,longhorn-system,longhorn-csi-plugin-t8lpt,node-driver-registrar,0.1,0.1,0.0,0.0,0.0,0.0,0.0,0.0,0.0,0.0,0.0,0.0,9.0,3.0533e-05,normal
2026-06-01T02:27:37Z,worker-1,longhorn-system,csi-attacher-896ffc747-rxjjt,csi-attacher,3.6,3.1,0.0,0.0,0.0,1264.0,1014.0,0.0,0.0,0.0,0.0,0.0,301.0,0.0008763064,normal
2026-06-01T02:27:37Z,worker-1,longhorn-system,csi-snapshotter-65884686fc-gjw5g,csi-snapshotter,7.7,6.9,0.2,0.0,0.0,1492.0,1112.0,0.0,0.0,0.0,0.0,0.0,794.0,0.0024438639,normal
2026-06-01T02:27:37Z,worker-1,kube-system,nodelocaldns-zjml5,node-cache,13.8,4.7,0.4,1.0,0.0,4922.0,3562.0,0.0,0.0,0.0,0.0,0.0,751.0,0.0039064143,normal
2026-06-01T02:27:37Z,worker-1,kube-system,kube-ovn-pinger-vfzmn,pinger,51.4,21.8,13.2,0.2,0.0,116009.0,1580.0,0.0,12288.0,0.060474,17.0,26.0,3906.0,0.0185183002,normal
2026-06-01T02:27:37Z,worker-1,kube-system,tetragon-kl9tz,tetragon,5.5,5.3,0.0,0.0,0.0,17448.0,239.0,0.0,0.0,0.0,0.0,0.0,12258.0,0.0328610896,normal
2026-06-01T02:27:37Z,worker-1,longhorn-system,engine-image-ei-3154f3aa-kvvkq,engine-image-ei-3154f3aa,12.8,1.0,14.4,0.0,0.0,0.0,0.0,0.0,0.0,0.0,10.0,43.0,1065.0,0.014158312,normal
2026-06-01T02:27:37Z,worker-1,kube-system,kube-proxy-pdwww,kube-proxy,1.8,0.4,0.0,0.0,0.0,17157.0,96.0,0.0,0.0,0.0,0.0,0.0,84.0,0.000247187,normal
2026-06-01T02:27:37Z,worker-1,longhorn-system,engine-image-ei-843accdd-tx99h,engine-image-ei-843accdd,12.5,1.0,14.1,0.0,0.0,0.0,0.0,0.0,0.0,0.0,10.0,32.0,862.0,0.0100964018,normal
2026-06-01T02:27:37Z,worker-1,kube-system,kube-ovn-cni-cf7cj,cni-server,314.9,21.5,359.8,0.2,0.0,204626.0,1200.0,0.0,0.0,0.0,130.0,162.0,4067.0,0.0617635282,normal
2026-06-01T02:27:37Z,worker-1,kube-system,ovs-ovn-w75jd,openvswitch,103.6,62.7,38.0,0.0,0.0,38.0,41.0,0.0,0.0,0.0,52.0,88.0,1949.0,0.0316323581,normal
2026-06-01T02:27:37Z,worker-1,longhorn-system,csi-provisioner-688964c44b-7hv5d,csi-provisioner,35.3,8.3,0.0,0.0,0.0,205566.0,2190.0,0.0,0.0,0.0,0.0,0.0,1299.0,0.0041028074,normal
2026-06-01T02:27:37Z,worker-1,longhorn-system,instance-manager-bacbca1a1c80c6ca28fd5f2d5fd0c24c,instance-manager,204.4,9.7,12.4,0.4,0.0,3904.0,4657.0,0.0,0.0,0.0,7.0,7.0,861.0,0.0077316437,normal
2026-06-01T02:27:37Z,worker-1,ebpf-final,ebpf-collector-5588x,collector,0.2,0.8,0.3,0.1,0.0,12597.0,18192.0,0.0,0.0,0.0,0.0,0.0,10.0,0.0013064726,normal
2026-06-01T02:27:37Z,worker-1,longhorn-system,longhorn-csi-plugin-t8lpt,longhorn-liveness-probe,2.9,1.8,0.0,0.0,0.0,224.0,274.0,0.0,0.0,0.0,0.0,0.0,266.0,0.0017871214,normal
2026-06-01T02:27:37Z,worker-1,monitoring,my-monitoring-prometheus-node-exporter-829wk,node-exporter,0.3,0.2,0.0,0.0,0.0,208.0,3254.0,0.0,0.0,0.0,0.0,0.0,21.0,0.000172327,normal
2026-06-01T02:27:37Z,worker-1,longhorn-system,csi-resizer-7d9bff5787-242pl,csi-resizer,2.7,2.2,0.0,0.0,0.0,1218.0,996.0,0.0,0.0,0.0,0.0,0.0,284.0,0.0007708398,normal
2026-06-01T02:27:37Z,worker-1,kube-system,tetragon-kl9tz,export-stdout,18.0,16.6,0.0,0.0,0.0,0.0,0.0,0.0,0.0,0.0,0.0,0.0,10.0,0.000281691,normal
2026-06-01T02:27:47Z,worker-1,gpu-operator,gpu-operator-1764036362-node-feature-discovery-worker-9v5dt,worker,0.4,0.2,0.0,0.0,0.0,222.0,188.0,0.0,0.0,0.0,0.0,0.0,31.0,0.0002197635,normal
2026-06-01T02:27:47Z,worker-1,longhorn-system,longhorn-csi-plugin-t8lpt,longhorn-csi-plugin,2.9,1.3,0.0,0.0,0.0,0.0,0.0,0.0,0.0,0.0,0.0,0.0,81.0,0.0003592196,normal
2026-06-01T02:27:47Z,worker-1,longhorn-system,longhorn-manager-fgsfc,longhorn-manager,113.8,44.3,0.2,0.1,0.0,468932.0,10987.0,0.0,0.0,0.0,0.0,0.0,4416.0,0.014134038,normal
2026-06-01T02:27:47Z,worker-1,longhorn-system,longhorn-csi-plugin-t8lpt,node-driver-registrar,0.1,0.1,0.0,0.0,0.0,0.0,0.0,0.0,0.0,0.0,0.0,0.0,9.0,3.39036e-05,normal
2026-06-01T02:27:47Z,worker-1,longhorn-system,csi-attacher-896ffc747-rxjjt,csi-attacher,2.9,2.6,0.0,0.0,0.0,1352.0,1014.0,0.0,0.0,0.0,0.0,0.0,317.0,0.00163241,normal
2026-06-01T02:27:47Z,worker-1,longhorn-system,csi-snapshotter-65884686fc-gjw5g,csi-snapshotter,6.5,6.4,0.0,0.0,0.0,1234.0,1034.0,0.0,0.0,0.0,0.0,0.0,728.0,0.0021671639,normal
2026-06-01T02:27:47Z,worker-1,kube-system,nodelocaldns-zjml5,node-cache,28.6,5.8,37.8,1.0,0.0,4922.0,3562.0,0.0,0.0,0.0,12.0,12.0,845.0,0.0093001968,normal
2026-06-01T02:27:47Z,worker-1,kube-system,kube-ovn-pinger-vfzmn,pinger,46.1,22.3,13.2,0.2,0.0,115781.0,1484.0,0.0,8192.0,0.0757795,17.0,26.0,3509.0,0.0193573749,normal
2026-06-01T02:27:47Z,worker-1,kube-system,tetragon-kl9tz,tetragon,5.4,3.3,0.0,0.0,0.0,17595.0,239.0,0.0,0.0,0.0,0.0,0.0,12961.0,0.0427689061,normal
2026-06-01T02:27:47Z,worker-1,longhorn-system,engine-image-ei-3154f3aa-kvvkq,engine-image-ei-3154f3aa,12.8,1.0,14.4,0.0,0.0,0.0,0.0,0.0,0.0,0.0,10.0,39.0,1054.0,0.0145959309,normal
2026-06-01T02:27:47Z,worker-1,kube-system,kube-proxy-pdwww,kube-proxy,2.4,0.4,0.0,0.0,0.0,17283.0,96.0,0.0,0.0,0.0,0.0,0.0,96.0,0.0002933974,normal
2026-06-01T02:27:47Z,worker-1,longhorn-system,engine-image-ei-843accdd-tx99h,engine-image-ei-843accdd,12.4,1.0,14.0,0.0,0.0,0.0,0.0,0.0,0.0,0.0,10.0,28.0,779.0,0.0103918563,normal
2026-06-01T02:27:47Z,worker-1,kube-system,kube-ovn-cni-cf7cj,cni-server,318.9,22.3,362.0,0.3,0.0,204635.0,1200.0,0.0,0.0,0.0,132.0,181.0,4682.0,0.0743210426,normal
2026-06-01T02:27:47Z,worker-1,kube-system,ovs-ovn-w75jd,openvswitch,99.8,60.0,37.9,0.0,0.0,38.0,41.0,0.0,0.0,0.0,52.0,88.0,1967.0,0.0328617818,normal
2026-06-01T02:27:47Z,worker-1,longhorn-system,csi-provisioner-688964c44b-7hv5d,csi-provisioner,36.4,8.6,0.0,0.0,0.0,205810.0,2190.0,0.0,0.0,0.0,0.0,0.0,1442.0,0.0042815833,normal
2026-06-01T02:27:47Z,worker-1,longhorn-system,instance-manager-bacbca1a1c80c6ca28fd5f2d5fd0c24c,instance-manager,197.2,9.2,11.3,0.4,0.0,3939.0,3551.0,0.0,0.0,0.0,6.0,6.0,772.0,0.0070324006,normal
2026-06-01T02:27:47Z,worker-1,ebpf-final,ebpf-collector-5588x,collector,0.2,0.7,0.3,0.1,0.0,11203.0,16149.0,0.0,0.0,0.0,0.0,0.0,10.0,0.0018317386,normal
2026-06-01T02:27:47Z,worker-1,longhorn-system,longhorn-csi-plugin-t8lpt,longhorn-liveness-probe,2.9,1.9,0.0,0.0,0.0,224.0,274.0,0.0,0.0,0.0,0.0,0.0,175.0,0.0008098587,normal
2026-06-01T02:27:47Z,worker-1,monitoring,my-monitoring-prometheus-node-exporter-829wk,node-exporter,178.4,0.8,154.8,0.0,0.0,573.0,26090.0,0.0,0.0,0.0,0.0,0.0,297.0,0.0127639209,normal
2026-06-01T02:27:47Z,worker-1,longhorn-system,csi-resizer-7d9bff5787-242pl,csi-resizer,1.8,1.9,0.0,0.0,0.0,1094.0,1031.0,0.0,0.0,0.0,0.0,0.0,234.0,0.0007055016,normal
2026-06-01T02:27:47Z,worker-1,kube-system,tetragon-kl9tz,export-stdout,6.1,4.8,0.0,0.0,0.0,0.0,0.0,0.0,0.0,0.0,0.0,0.0,10.0,0.0001462536,normal
2026-06-01T02:27:57Z,worker-1,gpu-operator,gpu-operator-1764036362-node-feature-discovery-worker-9v5dt,worker,0.8,0.4,0.0,0.0,0.0,261.0,227.0,0.0,0.0,0.0,0.0,0.0,93.0,0.0002876178,normal
2026-06-01T02:27:57Z,worker-1,longhorn-system,longhorn-csi-plugin-t8lpt,longhorn-csi-plugin,2.8,1.2,0.0,0.0,0.0,0.0,0.0,0.0,0.0,0.0,0.0,0.0,81.0,0.0003655886,normal
2026-06-01T02:27:57Z,worker-1,longhorn-system,longhorn-manager-fgsfc,longhorn-manager,152.6,43.4,12.6,0.1,0.0,474852.0,15973.0,0.0,0.0,0.0,0.0,0.0,4766.0,0.0172069398,normal
2026-06-01T02:27:57Z,worker-1,longhorn-system,longhorn-csi-plugin-t8lpt,node-driver-registrar,0.1,0.1,0.0,0.0,0.0,0.0,0.0,0.0,0.0,0.0,0.0,0.0,9.0,3.19025e-05,normal
2026-06-01T02:27:57Z,worker-1,longhorn-system,csi-attacher-896ffc747-rxjjt,csi-attacher,3.2,2.9,0.0,0.0,0.0,1274.0,1049.0,0.0,0.0,0.0,0.0,0.0,302.0,0.0008735621,normal
2026-06-01T02:27:57Z,worker-1,longhorn-system,csi-snapshotter-65884686fc-gjw5g,csi-snapshotter,7.4,7.4,0.0,0.0,0.0,1132.0,1069.0,0.0,0.0,0.0,0.0,0.0,796.0,0.0022449877,normal
2026-06-01T02:27:57Z,worker-1,kube-system,nodelocaldns-zjml5,node-cache,9.7,3.3,0.3,1.0,0.0,3059.0,2774.0,0.0,0.0,0.0,0.0,0.0,479.0,0.0027964465,normal
2026-06-01T02:27:57Z,worker-1,kube-system,kube-ovn-pinger-vfzmn,pinger,41.7,16.6,13.2,0.2,0.0,115931.0,1484.0,0.0,12288.0,0.0632655,17.0,26.0,3046.0,0.0162586453,normal
2026-06-01T02:27:57Z,worker-1,kube-system,tetragon-kl9tz,tetragon,7.8,4.2,0.4,0.0,0.0,17813.0,21449.0,0.0,0.0,0.0,0.0,0.0,14550.0,0.0402349285,normal
2026-06-01T02:27:57Z,worker-1,longhorn-system,engine-image-ei-3154f3aa-kvvkq,engine-image-ei-3154f3aa,12.9,1.0,14.5,0.0,0.0,0.0,0.0,0.0,0.0,0.0,10.0,39.0,1054.0,0.012327338,normal
2026-06-01T02:27:57Z,worker-1,kube-system,kube-proxy-pdwww,kube-proxy,2.3,0.4,0.0,0.0,0.0,17157.0,96.0,0.0,0.0,0.0,0.0,0.0,90.0,0.0002542807,normal
2026-06-01T02:27:57Z,worker-1,longhorn-system,engine-image-ei-843accdd-tx99h,engine-image-ei-843accdd,15.5,1.2,17.5,0.0,0.0,0.0,0.0,0.0,0.0,0.0,12.0,39.0,1136.0,0.012833579,normal
2026-06-01T02:27:57Z,worker-1,kube-system,kube-ovn-cni-cf7cj,cni-server,376.7,27.4,444.0,0.3,0.0,204626.0,1200.0,0.0,0.0,0.0,173.0,226.0,5155.0,0.0827221937,normal
2026-06-01T02:27:57Z,worker-1,kube-system,ovs-ovn-w75jd,openvswitch,111.8,61.9,46.6,0.0,0.0,38.0,41.0,0.0,0.0,0.0,65.0,110.0,2128.0,0.0349408995,normal
2026-06-01T02:27:57Z,worker-1,longhorn-system,csi-provisioner-688964c44b-7hv5d,csi-provisioner,36.0,6.4,0.0,0.0,0.0,206215.0,2190.0,0.0,0.0,0.0,0.0,0.0,1402.0,0.0059211425,normal
2026-06-01T02:27:57Z,worker-1,longhorn-system,instance-manager-bacbca1a1c80c6ca28fd5f2d5fd0c24c,instance-manager,192.9,8.1,11.3,0.4,0.0,2972.0,3145.0,0.0,0.0,0.0,6.0,6.0,716.0,0.0077838086,normal
2026-06-01T02:27:57Z,worker-1,ebpf-final,ebpf-collector-5588x,collector,154.0,0.8,143.3,0.1,0.0,209742.0,18129.0,0.0,0.0,0.0,0.0,0.0,159.0,0.0149192838,normal
2026-06-01T02:27:57Z,worker-1,longhorn-system,longhorn-csi-plugin-t8lpt,longhorn-liveness-probe,2.9,1.8,0.0,0.0,0.0,224.0,274.0,0.0,0.0,0.0,0.0,0.0,194.0,0.0008161115,normal
2026-06-01T02:27:57Z,worker-1,monitoring,my-monitoring-prometheus-node-exporter-829wk,node-exporter,0.3,0.2,0.0,0.0,0.0,208.0,3254.0,0.0,0.0,0.0,0.0,0.0,20.0,0.0001432048,normal
2026-06-01T02:27:57Z,worker-1,longhorn-system,csi-resizer-7d9bff5787-242pl,csi-resizer,1.8,1.8,0.0,0.0,0.0,1094.0,996.0,0.0,0.0,0.0,0.0,0.0,236.0,0.000744092,normal
2026-06-01T02:27:57Z,worker-1,kube-system,tetragon-kl9tz,export-stdout,6.2,4.8,0.0,0.0,0.0,0.0,0.0,0.0,0.0,0.0,0.0,0.0,11.0,0.000129241,normal
2026-06-01T02:28:08Z,worker-1,gpu-operator,gpu-operator-1764036362-node-feature-discovery-worker-9v5dt,worker,0.5,0.2,0.0,0.0,0.0,222.0,188.0,0.0,0.0,0.0,0.0,0.0,31.0,0.0001989093,normal
2026-06-01T02:28:08Z,worker-1,longhorn-system,longhorn-csi-plugin-t8lpt,longhorn-csi-plugin,4.3,2.0,0.0,0.0,0.0,0.0,0.0,0.0,0.0,0.0,0.0,0.0,189.0,0.0017985974,normal
2026-06-01T02:28:08Z,worker-1,longhorn-system,longhorn-manager-fgsfc,longhorn-manager,123.9,50.4,2.3,0.3,0.0,478436.0,32334.0,0.0,0.0,0.0,2.0,10.0,5112.0,0.0197115596,normal
2026-06-01T02:28:08Z,worker-1,longhorn-system,longhorn-csi-plugin-t8lpt,node-driver-registrar,0.1,0.1,0.0,0.0,0.0,0.0,0.0,0.0,0.0,0.0,0.0,0.0,9.0,3.16107e-05,normal
2026-06-01T02:28:08Z,worker-1,longhorn-system,csi-attacher-896ffc747-rxjjt,csi-attacher,3.3,2.9,0.1,0.0,0.0,1110.0,1012.0,0.0,0.0,0.0,0.0,0.0,272.0,0.0008546705,normal
2026-06-01T02:28:08Z,worker-1,longhorn-system,csi-snapshotter-65884686fc-gjw5g,csi-snapshotter,11.1,10.9,0.0,0.0,0.0,1249.0,1073.0,0.0,0.0,0.0,0.0,0.0,824.0,0.0024808057,normal
2026-06-01T02:28:08Z,worker-1,kube-system,nodelocaldns-zjml5,node-cache,13.3,4.3,0.4,1.2,0.0,4922.0,3562.0,0.0,0.0,0.0,0.0,0.0,675.0,0.0039245425,normal
2026-06-01T02:28:08Z,worker-1,kube-system,kube-ovn-pinger-vfzmn,pinger,50.1,19.8,13.3,0.2,0.0,115784.0,1580.0,0.0,12288.0,0.067223,17.0,26.0,2816.0,0.0167337397,normal
2026-06-01T02:28:08Z,worker-1,kube-system,tetragon-kl9tz,tetragon,5.9,5.5,0.0,0.0,0.0,17587.0,222.0,0.0,0.0,0.0,0.0,0.0,12996.0,0.040866852,normal
2026-06-01T02:28:08Z,worker-1,longhorn-system,engine-image-ei-3154f3aa-kvvkq,engine-image-ei-3154f3aa,12.8,1.0,14.4,0.0,0.0,0.0,0.0,0.0,0.0,0.0,10.0,43.0,1112.0,0.0136419095,normal
2026-06-01T02:28:08Z,worker-1,kube-system,kube-proxy-pdwww,kube-proxy,2.8,0.4,0.0,0.0,0.0,17404.0,96.0,0.0,0.0,0.0,0.0,0.0,109.0,0.0003665318,normal
2026-06-01T02:28:08Z,worker-1,longhorn-system,engine-image-ei-843accdd-tx99h,engine-image-ei-843accdd,12.5,1.0,14.1,0.0,0.0,0.0,0.0,0.0,0.0,0.0,10.0,31.0,832.0,0.0102526943,normal
2026-06-01T02:28:08Z,worker-1,kube-system,kube-ovn-cni-cf7cj,cni-server,317.8,22.4,361.1,0.2,0.0,204771.0,1200.0,0.0,0.0,0.0,131.0,162.0,4199.0,0.0671751911,normal
2026-06-01T02:28:08Z,worker-1,kube-system,ovs-ovn-w75jd,openvswitch,101.4,62.7,38.2,0.0,0.0,38.0,41.0,0.0,0.0,0.0,52.0,88.0,1995.0,0.0317393398,normal
2026-06-01T02:28:08Z,worker-1,longhorn-system,csi-provisioner-688964c44b-7hv5d,csi-provisioner,38.8,9.2,0.3,0.0,0.0,206096.0,2639.0,0.0,0.0,0.0,0.0,0.0,1467.0,0.0045342316,normal
2026-06-01T02:28:08Z,worker-1,longhorn-system,instance-manager-bacbca1a1c80c6ca28fd5f2d5fd0c24c,instance-manager,206.9,11.2,12.4,0.5,0.0,4947.0,5554.0,0.0,0.0,0.0,7.0,7.0,900.0,0.0100340689,normal
2026-06-01T02:28:08Z,worker-1,ebpf-final,ebpf-collector-5588x,collector,0.2,0.8,0.3,0.1,0.0,13302.0,19194.0,0.0,0.0,0.0,0.0,0.0,12.0,0.0012155415,normal
2026-06-01T02:28:08Z,worker-1,longhorn-system,longhorn-csi-plugin-t8lpt,longhorn-liveness-probe,4.1,2.6,0.0,0.0,0.0,336.0,411.0,0.0,0.0,0.0,0.0,0.0,270.0,0.0012259829,normal
2026-06-01T02:28:08Z,worker-1,monitoring,my-monitoring-prometheus-node-exporter-829wk,node-exporter,0.4,0.2,0.0,0.0,0.0,208.0,3254.0,0.0,0.0,0.0,0.0,0.0,20.0,0.0001309968,normal
2026-06-01T02:28:08Z,worker-1,longhorn-system,csi-resizer-7d9bff5787-242pl,csi-resizer,2.5,1.8,0.1,0.0,0.0,1280.0,2009.0,0.0,0.0,0.0,0.0,0.0,266.0,0.0007451697,normal
2026-06-01T02:28:08Z,worker-1,kube-system,tetragon-kl9tz,export-stdout,18.3,17.1,0.0,0.0,0.0,0.0,0.0,0.0,0.0,0.0,0.0,0.0,10.0,0.0002835348,normal
2026-06-01T02:28:18Z,worker-1,gpu-operator,gpu-operator-1764036362-node-feature-discovery-worker-9v5dt,worker,0.5,0.2,0.0,0.0,0.0,222.0,188.0,0.0,0.0,0.0,0.0,0.0,34.0,0.0002094961,normal
2026-06-01T02:28:18Z,worker-1,longhorn-system,longhorn-csi-plugin-t8lpt,longhorn-csi-plugin,2.5,1.1,0.0,0.0,0.0,0.0,0.0,0.0,0.0,0.0,0.0,0.0,82.0,0.0003768621,normal
2026-06-01T02:28:18Z,worker-1,longhorn-system,longhorn-manager-fgsfc,longhorn-manager,117.5,48.8,0.3,0.1,0.1,469547.0,11358.0,0.0,0.0,0.0,0.0,0.0,4424.0,0.0142778183,normal
2026-06-01T02:28:18Z,worker-1,longhorn-system,longhorn-csi-plugin-t8lpt,node-driver-registrar,0.1,0.1,0.0,0.0,0.0,0.0,0.0,0.0,0.0,0.0,0.0,0.0,13.0,4.01389e-05,normal
2026-06-01T02:28:18Z,worker-1,longhorn-system,csi-attacher-896ffc747-rxjjt,csi-attacher,3.1,3.1,0.0,0.0,0.0,1112.0,1012.0,0.0,0.0,0.0,0.0,0.0,264.0,0.0007705929,normal
2026-06-01T02:28:18Z,worker-1,longhorn-system,csi-snapshotter-65884686fc-gjw5g,csi-snapshotter,10.8,10.6,0.0,0.0,0.0,1272.0,1073.0,0.0,0.0,0.0,0.0,0.0,825.0,0.0024682089,normal
2026-06-01T02:28:18Z,worker-1,kube-system,nodelocaldns-zjml5,node-cache,12.9,4.1,0.3,1.0,0.0,4922.0,3562.0,0.0,0.0,0.0,0.0,0.0,743.0,0.0038930426,normal
2026-06-01T02:28:18Z,worker-1,kube-system,kube-ovn-pinger-vfzmn,pinger,48.0,18.1,13.2,0.2,0.0,115921.0,1580.0,0.0,12288.0,0.067715,17.0,26.0,2953.0,0.0166083984,normal
2026-06-01T02:28:18Z,worker-1,kube-system,tetragon-kl9tz,tetragon,6.0,3.6,0.0,0.0,0.0,17609.0,239.0,0.0,0.0,0.0,0.0,0.0,13374.0,0.0391180207,normal
2026-06-01T02:28:18Z,worker-1,longhorn-system,engine-image-ei-3154f3aa-kvvkq,engine-image-ei-3154f3aa,12.8,1.0,14.4,0.0,0.0,0.0,0.0,0.0,0.0,0.0,10.0,39.0,1073.0,0.0141201183,normal
2026-06-01T02:28:18Z,worker-1,kube-system,kube-proxy-pdwww,kube-proxy,3.4,0.8,0.1,0.0,0.0,17428.0,1255.0,0.0,0.0,0.0,0.0,0.0,203.0,0.0004368439,normal
2026-06-01T02:28:18Z,worker-1,longhorn-system,engine-image-ei-843accdd-tx99h,engine-image-ei-843accdd,12.4,1.0,14.0,0.0,0.0,0.0,0.0,0.0,0.0,0.0,10.0,28.0,717.0,0.0100793854,normal
2026-06-01T02:28:18Z,worker-1,kube-system,kube-ovn-cni-cf7cj,cni-server,321.2,23.4,361.6,0.4,0.0,204616.0,1200.0,0.0,0.0,0.0,132.0,195.0,5375.0,0.0780678567,normal
2026-06-01T02:28:18Z,worker-1,kube-system,ovs-ovn-w75jd,openvswitch,97.3,57.6,37.9,0.0,0.0,38.0,41.0,0.0,0.0,0.0,52.0,88.0,1874.0,0.0295707942,normal
2026-06-01T02:28:18Z,worker-1,longhorn-system,csi-provisioner-688964c44b-7hv5d,csi-provisioner,36.3,8.0,0.0,0.0,0.0,205858.0,2190.0,0.0,0.0,0.0,0.0,0.0,1402.0,0.0042300349,normal
2026-06-01T02:28:18Z,worker-1,longhorn-system,instance-manager-bacbca1a1c80c6ca28fd5f2d5fd0c24c,instance-manager,192.7,7.3,11.3,0.4,0.0,2972.0,3145.0,0.0,0.0,0.0,6.0,6.0,682.0,0.0069732456,normal
2026-06-01T02:28:18Z,worker-1,ebpf-final,ebpf-collector-5588x,collector,0.2,0.7,0.3,0.1,0.0,11542.0,16662.0,0.0,0.0,0.0,0.0,0.0,10.0,0.00185223,normal
2026-06-01T02:28:18Z,worker-1,longhorn-system,longhorn-csi-plugin-t8lpt,longhorn-liveness-probe,2.8,1.7,0.0,0.0,0.0,224.0,274.0,0.0,0.0,0.0,0.0,0.0,172.0,0.0008059449,normal
2026-06-01T02:28:18Z,worker-1,monitoring,my-monitoring-prometheus-node-exporter-829wk,node-exporter,178.5,0.8,154.8,0.0,0.0,573.0,26022.0,0.0,0.0,0.0,0.0,0.0,362.0,0.0141161565,normal
2026-06-01T02:28:18Z,worker-1,longhorn-system,csi-resizer-7d9bff5787-242pl,csi-resizer,1.8,1.6,0.0,0.0,0.0,1094.0,996.0,0.0,0.0,0.0,0.0,0.0,275.0,0.0011841648,normal
2026-06-01T02:28:18Z,worker-1,kube-system,tetragon-kl9tz,export-stdout,6.0,4.8,0.0,0.0,0.0,0.0,0.0,0.0,0.0,0.0,0.0,0.0,11.0,0.0001457432,normal
2026-06-01T02:28:28Z,worker-1,gpu-operator,gpu-operator-1764036362-node-feature-discovery-worker-9v5dt,worker,294.3,4.6,159.6,0.0,0.0,137978.0,1811.0,0.0,0.0,0.0,0.0,0.0,2110.0,0.0348085196,normal
2026-06-01T02:28:28Z,worker-1,longhorn-system,longhorn-csi-plugin-t8lpt,longhorn-csi-plugin,2.7,1.0,0.0,0.0,0.0,0.0,0.0,0.0,0.0,0.0,0.0,0.0,80.0,0.0003827992,normal
2026-06-01T02:28:28Z,worker-1,longhorn-system,longhorn-manager-fgsfc,longhorn-manager,165.9,51.3,14.7,0.3,0.0,478193.0,21527.0,0.0,0.0,0.0,2.0,8.0,4821.0,0.0199232855,normal
2026-06-01T02:28:28Z,worker-1,longhorn-system,longhorn-csi-plugin-t8lpt,node-driver-registrar,0.1,0.1,0.0,0.0,0.0,0.0,0.0,0.0,0.0,0.0,0.0,0.0,9.0,3.17991e-05,normal
2026-06-01T02:28:28Z,worker-1,longhorn-system,csi-attacher-896ffc747-rxjjt,csi-attacher,3.7,3.0,0.0,0.0,0.0,1262.0,1012.0,0.0,0.0,0.0,0.0,0.0,273.0,0.0008680981,normal
2026-06-01T02:28:28Z,worker-1,longhorn-system,csi-snapshotter-65884686fc-gjw5g,csi-snapshotter,8.1,7.5,0.1,0.0,0.0,1167.0,1034.0,0.0,0.0,0.0,0.0,0.0,826.0,0.0032913408,normal
2026-06-01T02:28:28Z,worker-1,kube-system,nodelocaldns-zjml5,node-cache,14.4,4.9,0.4,1.1,0.0,5145.0,3785.0,0.0,0.0,0.0,0.0,0.0,834.0,0.0044565875,normal
2026-06-01T02:28:28Z,worker-1,kube-system,kube-ovn-pinger-vfzmn,pinger,45.4,19.0,13.2,0.2,0.0,83766.0,1205.0,0.0,12288.0,0.067566,17.0,26.0,3394.0,0.0181555487,normal
2026-06-01T02:28:28Z,worker-1,kube-system,tetragon-kl9tz,tetragon,5.6,5.2,0.0,0.0,0.0,17619.0,239.0,0.0,0.0,0.0,0.0,0.0,13766.0,0.0366165076,normal
2026-06-01T02:28:28Z,worker-1,longhorn-system,engine-image-ei-3154f3aa-kvvkq,engine-image-ei-3154f3aa,16.3,1.3,18.3,0.0,0.0,0.0,0.0,0.0,0.0,0.0,13.0,50.0,1317.0,0.0153043706,normal
2026-06-01T02:28:28Z,worker-1,kube-system,kube-proxy-pdwww,kube-proxy,1.7,0.4,0.0,0.0,0.0,17157.0,96.0,0.0,0.0,0.0,0.0,0.0,90.0,0.0002567013,normal
2026-06-01T02:28:28Z,worker-1,longhorn-system,engine-image-ei-843accdd-tx99h,engine-image-ei-843accdd,12.4,1.0,14.0,0.0,0.0,0.0,0.0,0.0,0.0,0.0,10.0,29.0,833.0,0.0103729912,normal
2026-06-01T02:28:28Z,worker-1,kube-system,kube-ovn-cni-cf7cj,cni-server,351.2,24.4,408.5,0.2,0.0,204477.0,1200.0,0.0,0.0,0.0,159.0,189.0,4399.0,0.0703265394,normal
2026-06-01T02:28:28Z,worker-1,kube-system,ovs-ovn-w75jd,openvswitch,101.6,61.2,38.3,0.0,0.0,38.0,41.0,0.0,0.0,0.0,52.0,88.0,1940.0,0.0322436812,normal
2026-06-01T02:28:28Z,worker-1,longhorn-system,csi-provisioner-688964c44b-7hv5d,csi-provisioner,36.0,8.3,0.0,0.0,0.0,205828.0,2423.0,0.0,0.0,0.0,0.0,0.0,1449.0,0.0044387348,normal
2026-06-01T02:28:28Z,worker-1,longhorn-system,instance-manager-bacbca1a1c80c6ca28fd5f2d5fd0c24c,instance-manager,203.4,9.6,12.4,0.4,0.0,3778.0,3749.0,0.0,0.0,0.0,7.0,7.0,821.0,0.0113042898,normal
2026-06-01T02:28:28Z,worker-1,ebpf-final,ebpf-collector-5588x,collector,154.4,0.8,143.4,0.1,0.0,209743.0,18125.0,0.0,0.0,0.0,0.0,0.0,166.0,0.023356614,normal
2026-06-01T02:28:28Z,worker-1,longhorn-system,longhorn-csi-plugin-t8lpt,longhorn-liveness-probe,2.7,1.7,0.0,0.0,0.0,224.0,274.0,0.0,0.0,0.0,0.0,0.0,260.0,0.0018080233,normal
2026-06-01T02:28:28Z,worker-1,monitoring,my-monitoring-prometheus-node-exporter-829wk,node-exporter,0.3,0.2,0.0,0.0,0.0,208.0,3254.0,0.0,0.0,0.0,0.0,0.0,18.0,0.0001284781,normal
2026-06-01T02:28:28Z,worker-1,longhorn-system,csi-resizer-7d9bff5787-242pl,csi-resizer,1.8,1.6,0.0,0.0,0.0,1094.0,995.0,0.0,0.0,0.0,0.0,0.0,243.0,0.00071487,normal
2026-06-01T02:28:28Z,worker-1,kube-system,tetragon-kl9tz,export-stdout,6.0,4.8,0.0,0.0,0.0,0.0,0.0,0.0,0.0,0.0,0.0,0.0,10.0,0.0001222526,normal
2026-06-01T02:28:38Z,worker-1,gpu-operator,gpu-operator-1764036362-node-feature-discovery-worker-9v5dt,worker,0.6,0.2,0.0,0.0,0.0,222.0,188.0,0.0,0.0,0.0,0.0,0.0,34.0,0.0001639386,normal
2026-06-01T02:28:38Z,worker-1,longhorn-system,longhorn-csi-plugin-t8lpt,longhorn-csi-plugin,2.9,1.3,0.0,0.0,0.0,0.0,0.0,0.0,0.0,0.0,0.0,0.0,78.0,0.0003213247,normal
2026-06-01T02:28:38Z,worker-1,longhorn-system,longhorn-manager-fgsfc,longhorn-manager,114.0,45.2,0.1,0.1,0.0,477617.0,11467.0,0.0,0.0,0.0,0.0,0.0,4631.0,0.0153823528,normal
2026-06-01T02:28:38Z,worker-1,longhorn-system,longhorn-csi-plugin-t8lpt,node-driver-registrar,0.1,0.1,0.0,0.0,0.0,0.0,0.0,0.0,0.0,0.0,0.0,0.0,9.0,3.01303e-05,normal
2026-06-01T02:28:38Z,worker-1,longhorn-system,csi-attacher-896ffc747-rxjjt,csi-attacher,3.0,2.9,0.0,0.0,0.0,1111.0,1013.0,0.0,0.0,0.0,0.0,0.0,306.0,0.0008939418,normal
2026-06-01T02:28:38Z,worker-1,longhorn-system,csi-snapshotter-65884686fc-gjw5g,csi-snapshotter,5.4,5.3,0.0,0.0,0.0,1145.0,1034.0,0.0,0.0,0.0,0.0,0.0,718.0,0.0021417447,normal
2026-06-01T02:28:38Z,worker-1,kube-system,nodelocaldns-zjml5,node-cache,28.2,5.4,37.5,1.0,0.0,4922.0,3562.0,0.0,0.0,0.0,12.0,12.0,934.0,0.0077357488,normal
2026-06-01T02:28:38Z,worker-1,kube-system,kube-ovn-pinger-vfzmn,pinger,50.0,20.4,13.2,0.2,0.0,115879.0,1580.0,0.0,12288.0,0.064065,17.0,26.0,3522.0,0.0177534228,normal
2026-06-01T02:28:38Z,worker-1,kube-system,tetragon-kl9tz,tetragon,5.2,3.4,0.0,0.0,0.0,17448.0,239.0,0.0,0.0,0.0,0.0,0.0,13281.0,0.0397301364,normal
2026-06-01T02:28:38Z,worker-1,longhorn-system,engine-image-ei-3154f3aa-kvvkq,engine-image-ei-3154f3aa,12.8,1.0,14.4,0.0,0.0,0.0,0.0,0.0,0.0,0.0,10.0,40.0,1052.0,0.0126193475,normal
2026-06-01T02:28:38Z,worker-1,kube-system,kube-proxy-pdwww,kube-proxy,1.8,0.4,0.0,0.0,0.0,17157.0,96.0,0.0,0.0,0.0,0.0,0.0,91.0,0.0002240248,normal
2026-06-01T02:28:38Z,worker-1,longhorn-system,engine-image-ei-843accdd-tx99h,engine-image-ei-843accdd,12.5,1.0,14.1,0.0,0.0,0.0,0.0,0.0,0.0,0.0,10.0,29.0,838.0,0.011033261,normal
2026-06-01T02:28:38Z,worker-1,kube-system,kube-ovn-cni-cf7cj,cni-server,341.7,24.9,396.1,0.4,0.0,204904.0,1335.0,0.0,0.0,0.0,145.0,207.0,5315.0,0.0856944741,normal
2026-06-01T02:28:38Z,worker-1,kube-system,ovs-ovn-w75jd,openvswitch,100.2,60.6,38.0,0.0,0.0,38.0,41.0,0.0,0.0,0.0,52.0,88.0,1901.0,0.0307678667,normal
2026-06-01T02:28:38Z,worker-1,longhorn-system,csi-provisioner-688964c44b-7hv5d,csi-provisioner,36.2,9.5,0.0,0.0,0.0,205565.0,2221.0,0.0,0.0,0.0,0.0,0.0,1380.0,0.0057014149,normal
2026-06-01T02:28:38Z,worker-1,longhorn-system,instance-manager-bacbca1a1c80c6ca28fd5f2d5fd0c24c,instance-manager,193.1,7.7,11.3,0.4,0.0,3023.0,3196.0,0.0,0.0,0.0,6.0,6.0,701.0,0.0069708074,normal
2026-06-01T02:28:38Z,worker-1,ebpf-final,ebpf-collector-5588x,collector,0.2,0.8,0.3,0.1,0.0,12602.0,18179.0,0.0,0.0,0.0,0.0,0.0,7.0,0.0013654465,normal
2026-06-01T02:28:38Z,worker-1,longhorn-system,longhorn-csi-plugin-t8lpt,longhorn-liveness-probe,2.9,1.8,0.0,0.0,0.0,224.0,274.0,0.0,0.0,0.0,0.0,0.0,189.0,0.0006872473,normal
2026-06-01T02:28:38Z,worker-1,monitoring,my-monitoring-prometheus-node-exporter-829wk,node-exporter,0.4,0.2,0.0,0.0,0.0,208.0,3254.0,0.0,0.0,0.0,0.0,0.0,23.0,0.0001617722,normal
2026-06-01T02:28:38Z,worker-1,longhorn-system,csi-resizer-7d9bff5787-242pl,csi-resizer,2.1,2.0,0.0,0.0,0.0,1216.0,1029.0,0.0,0.0,0.0,0.0,0.0,246.0,0.0007184291,normal
2026-06-01T02:28:38Z,worker-1,kube-system,tetragon-kl9tz,export-stdout,17.7,16.5,0.0,0.0,0.0,0.0,0.0,0.0,0.0,0.0,0.0,0.0,10.0,0.0002477163,normal
2026-06-01T02:28:48Z,worker-1,gpu-operator,gpu-operator-1764036362-node-feature-discovery-worker-9v5dt,worker,0.5,0.2,0.0,0.0,0.0,222.0,188.0,0.0,0.0,0.0,0.0,0.0,36.0,0.0002200472,normal
2026-06-01T02:28:48Z,worker-1,longhorn-system,longhorn-csi-plugin-t8lpt,longhorn-csi-plugin,2.7,1.1,0.0,0.0,0.0,0.0,0.0,0.0,0.0,0.0,0.0,0.0,82.0,0.0003802507,normal
2026-06-01T02:28:48Z,worker-1,longhorn-system,longhorn-manager-fgsfc,longhorn-manager,122.5,50.4,0.1,0.1,0.0,470477.0,11250.0,0.0,0.0,0.0,0.0,0.0,4663.0,0.01453319,normal
2026-06-01T02:28:48Z,worker-1,longhorn-system,longhorn-csi-plugin-t8lpt,node-driver-registrar,0.1,0.1,0.0,0.0,0.0,0.0,0.0,0.0,0.0,0.0,0.0,0.0,9.0,2.92798e-05,normal
2026-06-01T02:28:48Z,worker-1,longhorn-system,csi-attacher-896ffc747-rxjjt,csi-attacher,2.8,2.6,0.0,0.0,0.0,1241.0,1049.0,0.0,0.0,0.0,0.0,0.0,290.0,0.0008627941,normal
2026-06-01T02:28:48Z,worker-1,longhorn-system,csi-snapshotter-65884686fc-gjw5g,csi-snapshotter,8.1,8.1,0.0,0.0,0.0,1132.0,1069.0,0.0,0.0,0.0,0.0,0.0,790.0,0.0021727311,normal
2026-06-01T02:28:48Z,worker-1,kube-system,nodelocaldns-zjml5,node-cache,13.4,4.5,0.4,1.0,0.0,4922.0,3562.0,0.0,0.0,0.0,0.0,0.0,712.0,0.0038774286,normal
2026-06-01T02:28:48Z,worker-1,kube-system,kube-ovn-pinger-vfzmn,pinger,18.9,15.8,0.0,0.0,0.0,32018.0,375.0,0.0,12288.0,0.062359,0.0,0.0,2407.0,0.0082721946,normal
2026-06-01T02:28:48Z,worker-1,kube-system,tetragon-kl9tz,tetragon,5.3,3.0,0.0,0.0,0.0,17595.0,239.0,0.0,0.0,0.0,0.0,0.0,12132.0,0.030418261,normal
2026-06-01T02:28:48Z,worker-1,longhorn-system,engine-image-ei-3154f3aa-kvvkq,engine-image-ei-3154f3aa,12.9,1.0,14.5,0.0,0.0,0.0,0.0,0.0,0.0,0.0,10.0,43.0,1147.0,0.0135921383,normal
2026-06-01T02:28:48Z,worker-1,kube-system,kube-proxy-pdwww,kube-proxy,2.5,0.4,0.0,0.0,0.0,17283.0,96.0,0.0,0.0,0.0,0.0,0.0,95.0,0.0002796736,normal
2026-06-01T02:28:48Z,worker-1,longhorn-system,engine-image-ei-843accdd-tx99h,engine-image-ei-843accdd,12.5,1.0,14.1,0.0,0.0,0.0,0.0,0.0,0.0,0.0,10.0,32.0,795.0,0.0097793081,normal
2026-06-01T02:28:48Z,worker-1,kube-system,kube-ovn-cni-cf7cj,cni-server,321.4,22.0,364.1,0.2,0.0,204477.0,1200.0,0.0,0.0,0.0,134.0,167.0,4047.0,0.0610693901,normal
2026-06-01T02:28:48Z,worker-1,kube-system,ovs-ovn-w75jd,openvswitch,98.9,59.5,37.5,0.0,0.0,38.0,41.0,0.0,0.0,0.0,52.0,88.0,1997.0,0.0293684076,normal
2026-06-01T02:28:48Z,worker-1,longhorn-system,csi-provisioner-688964c44b-7hv5d,csi-provisioner,36.5,10.3,0.0,0.0,0.0,205667.0,2190.0,0.0,0.0,0.0,0.0,0.0,1347.0,0.0042106933,normal
2026-06-01T02:28:48Z,worker-1,longhorn-system,instance-manager-bacbca1a1c80c6ca28fd5f2d5fd0c24c,instance-manager,193.0,7.6,11.3,0.4,0.0,2972.0,3145.0,0.0,0.0,0.0,6.0,6.0,695.0,0.0065884428,normal
2026-06-01T02:28:48Z,worker-1,ebpf-final,ebpf-collector-5588x,collector,0.2,0.7,0.3,0.1,0.0,11905.0,17171.0,0.0,0.0,0.0,0.0,0.0,7.0,0.0023119407,normal
2026-06-01T02:28:48Z,worker-1,longhorn-system,longhorn-csi-plugin-t8lpt,longhorn-liveness-probe,2.7,1.7,0.0,0.0,0.0,224.0,274.0,0.0,0.0,0.0,0.0,0.0,162.0,0.0007692088,normal
2026-06-01T02:28:48Z,worker-1,monitoring,my-monitoring-prometheus-node-exporter-829wk,node-exporter,178.6,0.8,154.8,0.0,0.0,573.0,26028.0,0.0,0.0,0.0,0.0,0.0,205.0,0.0120011362,normal
2026-06-01T02:28:48Z,worker-1,longhorn-system,csi-resizer-7d9bff5787-242pl,csi-resizer,1.9,1.7,0.0,0.0,0.0,1095.0,994.0,0.0,0.0,0.0,0.0,0.0,217.0,0.000679473,normal
2026-06-01T02:28:48Z,worker-1,kube-system,tetragon-kl9tz,export-stdout,6.1,4.8,0.0,0.0,0.0,0.0,0.0,0.0,0.0,0.0,0.0,0.0,10.0,0.0001329932,normal
2026-06-01T02:28:59Z,worker-1,gpu-operator,gpu-operator-1764036362-node-feature-discovery-worker-9v5dt,worker,0.7,0.3,0.0,0.0,0.0,261.0,227.0,0.0,0.0,0.0,0.0,0.0,94.0,0.0003140652,normal
2026-06-01T02:28:59Z,worker-1,longhorn-system,longhorn-csi-plugin-t8lpt,longhorn-csi-plugin,2.7,1.1,0.0,0.0,0.0,0.0,0.0,0.0,0.0,0.0,0.0,0.0,78.0,0.0003322832,normal
2026-06-01T02:28:59Z,worker-1,longhorn-system,longhorn-manager-fgsfc,longhorn-manager,165.1,49.8,14.8,0.3,0.0,479348.0,22982.0,0.0,0.0,0.0,2.0,11.0,4961.0,0.0205491302,normal
2026-06-01T02:28:59Z,worker-1,longhorn-system,longhorn-csi-plugin-t8lpt,node-driver-registrar,0.1,0.1,0.0,0.0,0.0,0.0,0.0,0.0,0.0,0.0,0.0,0.0,9.0,3.2456e-05,normal
2026-06-01T02:28:59Z,worker-1,longhorn-system,csi-attacher-896ffc747-rxjjt,csi-attacher,3.5,2.9,0.1,0.0,0.0,1248.0,1014.0,0.0,0.0,0.0,0.0,0.0,321.0,0.0008918441,normal
2026-06-01T02:28:59Z,worker-1,longhorn-system,csi-snapshotter-65884686fc-gjw5g,csi-snapshotter,9.9,9.8,0.0,0.0,0.0,1158.0,1034.0,0.0,0.0,0.0,0.0,0.0,778.0,0.0023445142,normal
2026-06-01T02:28:59Z,worker-1,kube-system,nodelocaldns-zjml5,node-cache,13.1,4.4,0.3,1.0,0.0,4922.0,3504.0,0.0,0.0,0.0,0.0,0.0,942.0,0.0062781366,normal
2026-06-01T02:28:59Z,worker-1,kube-system,kube-ovn-pinger-vfzmn,pinger,50.2,21.6,13.2,0.2,0.0,115733.0,1580.0,0.0,12288.0,0.07655,17.0,26.0,3523.0,0.0187277398,normal
2026-06-01T02:28:59Z,worker-1,kube-system,tetragon-kl9tz,tetragon,8.2,6.0,0.4,0.0,0.0,17813.0,21430.0,0.0,0.0,0.0,0.0,0.0,14302.0,0.0478528612,normal
2026-06-01T02:28:59Z,worker-1,longhorn-system,engine-image-ei-3154f3aa-kvvkq,engine-image-ei-3154f3aa,15.6,1.1,17.6,0.0,0.0,0.0,0.0,0.0,0.0,0.0,12.0,50.0,1293.0,0.0163039002,normal
2026-06-01T02:28:59Z,worker-1,kube-system,kube-proxy-pdwww,kube-proxy,2.2,0.4,0.0,0.0,0.0,17157.0,96.0,0.0,0.0,0.0,0.0,0.0,86.0,0.0002764083,normal
2026-06-01T02:28:59Z,worker-1,longhorn-system,engine-image-ei-843accdd-tx99h,engine-image-ei-843accdd,12.4,1.0,14.0,0.0,0.0,0.0,0.0,0.0,0.0,0.0,10.0,33.0,840.0,0.0106266813,normal
2026-06-01T02:28:59Z,worker-1,kube-system,kube-ovn-cni-cf7cj,cni-server,318.7,22.9,361.7,0.4,0.0,204626.0,1200.0,0.0,0.0,0.0,132.0,202.0,5550.0,0.0842793114,normal
2026-06-01T02:28:59Z,worker-1,kube-system,ovs-ovn-w75jd,openvswitch,116.7,65.4,46.7,0.0,0.0,38.0,41.0,0.0,0.0,0.0,65.0,110.0,2321.0,0.0367613392,normal
2026-06-01T02:28:59Z,worker-1,longhorn-system,csi-provisioner-688964c44b-7hv5d,csi-provisioner,39.4,11.1,0.2,0.0,0.0,206300.0,2321.0,0.0,0.0,0.0,0.0,0.0,1608.0,0.0048179703,normal
2026-06-01T02:28:59Z,worker-1,longhorn-system,instance-manager-bacbca1a1c80c6ca28fd5f2d5fd0c24c,instance-manager,204.3,9.5,12.4,0.4,0.0,3828.0,3792.0,0.0,0.0,0.0,7.0,7.0,790.0,0.0081475453,normal
2026-06-01T02:28:59Z,worker-1,ebpf-final,ebpf-collector-5588x,collector,153.4,0.8,143.3,0.1,0.0,209035.0,17107.0,0.0,0.0,0.0,0.0,0.0,162.0,0.0188629648,normal
2026-06-01T02:28:59Z,worker-1,longhorn-system,longhorn-csi-plugin-t8lpt,longhorn-liveness-probe,3.1,2.0,0.0,0.0,0.0,224.0,274.0,0.0,0.0,0.0,0.0,0.0,195.0,0.0008243612,normal
2026-06-01T02:28:59Z,worker-1,monitoring,my-monitoring-prometheus-node-exporter-829wk,node-exporter,0.2,0.2,0.0,0.0,0.0,208.0,3254.0,0.0,0.0,0.0,0.0,0.0,18.0,0.0001337542,normal
2026-06-01T02:28:59Z,worker-1,longhorn-system,csi-resizer-7d9bff5787-242pl,csi-resizer,3.0,1.8,0.2,0.0,0.0,1407.0,1119.0,0.0,0.0,0.0,0.0,0.0,301.0,0.0008598063,normal
2026-06-01T02:28:59Z,worker-1,kube-system,tetragon-kl9tz,export-stdout,18.1,16.6,0.0,0.0,0.0,0.0,0.0,0.0,0.0,0.0,0.0,0.0,11.0,0.0003006925,normal
2026-06-01T02:29:09Z,worker-1,gpu-operator,gpu-operator-1764036362-node-feature-discovery-worker-9v5dt,worker,0.5,0.2,0.0,0.0,0.0,222.0,188.0,0.0,0.0,0.0,0.0,0.0,35.0,0.0002155656,normal
2026-06-01T02:29:09Z,worker-1,longhorn-system,longhorn-csi-plugin-t8lpt,longhorn-csi-plugin,2.8,1.4,0.0,0.0,0.0,0.0,0.0,0.0,0.0,0.0,0.0,0.0,85.0,0.0003655809,normal
2026-06-01T02:29:09Z,worker-1,longhorn-system,longhorn-manager-fgsfc,longhorn-manager,117.6,48.1,0.3,0.1,0.0,471972.0,14058.0,0.0,0.0,0.0,0.0,0.0,4614.0,0.015101916,normal
2026-06-01T02:29:09Z,worker-1,longhorn-system,longhorn-csi-plugin-t8lpt,node-driver-registrar,0.1,0.1,0.0,0.0,0.0,0.0,0.0,0.0,0.0,0.0,0.0,0.0,9.0,3.06967e-05,normal
2026-06-01T02:29:09Z,worker-1,longhorn-system,csi-attacher-896ffc747-rxjjt,csi-attacher,3.3,3.2,0.0,0.0,0.0,1112.0,1014.0,0.0,0.0,0.0,0.0,0.0,263.0,0.0008630595,normal
2026-06-01T02:29:09Z,worker-1,longhorn-system,csi-snapshotter-65884686fc-gjw5g,csi-snapshotter,8.3,8.0,0.1,0.0,0.0,1422.0,1111.0,0.0,0.0,0.0,0.0,0.0,760.0,0.0023950333,normal
2026-06-01T02:29:09Z,worker-1,kube-system,nodelocaldns-zjml5,node-cache,13.0,4.2,0.3,1.0,0.0,4922.0,3562.0,0.0,0.0,0.0,0.0,0.0,684.0,0.0037787851,normal
2026-06-01T02:29:09Z,worker-1,kube-system,kube-ovn-pinger-vfzmn,pinger,50.8,21.1,13.3,0.2,0.0,115961.0,1580.0,0.0,12288.0,0.067338,17.0,26.0,4308.0,0.0191270592,normal
2026-06-01T02:29:09Z,worker-1,kube-system,tetragon-kl9tz,tetragon,5.6,3.2,0.0,0.0,0.0,17748.0,239.0,0.0,0.0,0.0,0.0,0.0,13089.0,0.0333098871,normal
2026-06-01T02:29:09Z,worker-1,longhorn-system,engine-image-ei-3154f3aa-kvvkq,engine-image-ei-3154f3aa,12.9,1.1,14.5,0.0,0.0,0.0,0.0,0.0,0.0,0.0,10.0,39.0,1088.0,0.0131295746,normal
2026-06-01T02:29:09Z,worker-1,kube-system,kube-proxy-pdwww,kube-proxy,2.5,0.5,0.0,0.0,0.0,17404.0,96.0,0.0,0.0,0.0,0.0,0.0,105.0,0.0003509117,normal
2026-06-01T02:29:09Z,worker-1,longhorn-system,engine-image-ei-843accdd-tx99h,engine-image-ei-843accdd,12.6,1.0,14.2,0.0,0.0,0.0,0.0,0.0,0.0,0.0,10.0,34.0,898.0,0.0103157307,normal
2026-06-01T02:29:09Z,worker-1,kube-system,kube-ovn-cni-cf7cj,cni-server,368.6,25.7,440.0,0.2,0.0,204771.0,1200.0,0.0,0.0,0.0,169.0,201.0,4543.0,0.0728563657,normal
2026-06-01T02:29:09Z,worker-1,kube-system,ovs-ovn-w75jd,openvswitch,101.3,62.7,38.1,0.0,0.0,38.0,41.0,0.0,0.0,0.0,52.0,88.0,2071.0,0.0305529254,normal
2026-06-01T02:29:09Z,worker-1,longhorn-system,csi-provisioner-688964c44b-7hv5d,csi-provisioner,37.5,10.7,0.0,0.0,0.0,205865.0,2188.0,0.0,0.0,0.0,0.0,0.0,1407.0,0.0042353602,normal
2026-06-01T02:29:09Z,worker-1,longhorn-system,instance-manager-bacbca1a1c80c6ca28fd5f2d5fd0c24c,instance-manager,196.1,9.7,11.3,0.5,0.0,4108.0,4916.0,0.0,0.0,0.0,6.0,6.0,812.0,0.0080428074,normal
2026-06-01T02:29:09Z,worker-1,ebpf-final,ebpf-collector-5588x,collector,0.2,0.8,0.3,0.1,0.0,12262.0,17689.0,0.0,0.0,0.0,0.0,0.0,12.0,0.0010254725,normal
2026-06-01T02:29:09Z,worker-1,longhorn-system,longhorn-csi-plugin-t8lpt,longhorn-liveness-probe,2.8,1.7,0.0,0.0,0.0,224.0,274.0,0.0,0.0,0.0,0.0,0.0,197.0,0.0008235294,normal
2026-06-01T02:29:09Z,worker-1,monitoring,my-monitoring-prometheus-node-exporter-829wk,node-exporter,0.3,0.2,0.0,0.0,0.0,208.0,3254.0,0.0,0.0,0.0,0.0,0.0,18.0,0.0001384306,normal
2026-06-01T02:29:09Z,worker-1,longhorn-system,csi-resizer-7d9bff5787-242pl,csi-resizer,1.9,1.9,0.0,0.0,0.0,1092.0,994.0,0.0,0.0,0.0,0.0,0.0,222.0,0.0006575675,normal
2026-06-01T02:29:09Z,worker-1,kube-system,tetragon-kl9tz,export-stdout,6.7,5.4,0.0,0.0,0.0,0.0,0.0,0.0,0.0,0.0,0.0,0.0,10.0,0.0001393697,normal
2026-06-01T02:29:19Z,worker-1,gpu-operator,gpu-operator-1764036362-node-feature-discovery-worker-9v5dt,worker,0.5,0.2,0.0,0.0,0.0,222.0,188.0,0.0,0.0,0.0,0.0,0.0,37.0,0.0002179655,normal
2026-06-01T02:29:19Z,worker-1,longhorn-system,longhorn-csi-plugin-t8lpt,longhorn-csi-plugin,2.6,1.1,0.0,0.0,0.0,0.0,0.0,0.0,0.0,0.0,0.0,0.0,78.0,0.0003990303,normal
2026-06-01T02:29:19Z,worker-1,longhorn-system,longhorn-manager-fgsfc,longhorn-manager,116.1,45.2,0.1,0.1,0.0,470466.0,11418.0,0.0,0.0,0.0,0.0,0.0,4487.0,0.015233314,normal
2026-06-01T02:29:19Z,worker-1,longhorn-system,longhorn-csi-plugin-t8lpt,node-driver-registrar,0.1,0.1,0.0,0.0,0.0,0.0,0.0,0.0,0.0,0.0,0.0,0.0,9.0,3.02863e-05,normal
2026-06-01T02:29:19Z,worker-1,longhorn-system,csi-attacher-896ffc747-rxjjt,csi-attacher,3.2,2.8,0.0,0.0,0.0,1147.0,1014.0,0.0,0.0,0.0,0.0,0.0,274.0,0.0008705939,normal
2026-06-01T02:29:19Z,worker-1,longhorn-system,csi-snapshotter-65884686fc-gjw5g,csi-snapshotter,10.8,10.3,0.1,0.0,0.0,1166.0,1032.0,0.0,0.0,0.0,0.0,0.0,817.0,0.0023461856,normal
2026-06-01T02:29:19Z,worker-1,kube-system,nodelocaldns-zjml5,node-cache,14.3,4.7,0.4,1.1,0.0,5145.0,3785.0,0.0,0.0,0.0,0.0,0.0,714.0,0.0041061939,normal
2026-06-01T02:29:19Z,worker-1,kube-system,kube-ovn-pinger-vfzmn,pinger,52.1,22.4,13.2,0.2,0.0,115987.0,1580.0,0.0,12288.0,0.0823015,17.0,26.0,3980.0,0.0193603743,normal
2026-06-01T02:29:19Z,worker-1,kube-system,tetragon-kl9tz,tetragon,5.3,3.2,0.0,0.0,0.0,17448.0,239.0,0.0,0.0,0.0,0.0,0.0,12538.0,0.0441392651,normal
2026-06-01T02:29:19Z,worker-1,longhorn-system,engine-image-ei-3154f3aa-kvvkq,engine-image-ei-3154f3aa,12.8,1.0,14.4,0.0,0.0,0.0,0.0,0.0,0.0,0.0,10.0,40.0,1035.0,0.0124194779,normal
2026-06-01T02:29:19Z,worker-1,kube-system,kube-proxy-pdwww,kube-proxy,2.3,0.3,0.0,0.0,0.0,17296.0,96.0,0.0,0.0,0.0,0.0,0.0,150.0,0.0020650716,normal
2026-06-01T02:29:19Z,worker-1,longhorn-system,engine-image-ei-843accdd-tx99h,engine-image-ei-843accdd,12.4,1.0,14.0,0.0,0.0,0.0,0.0,0.0,0.0,0.0,10.0,29.0,737.0,0.010158131,normal
2026-06-01T02:29:19Z,worker-1,kube-system,kube-ovn-cni-cf7cj,cni-server,324.0,23.0,364.7,0.4,0.0,204736.0,1365.0,0.0,0.0,0.0,135.0,199.0,5227.0,0.0794688464,normal
2026-06-01T02:29:19Z,worker-1,kube-system,ovs-ovn-w75jd,openvswitch,99.2,58.6,37.9,0.0,0.0,38.0,41.0,0.0,0.0,0.0,52.0,88.0,1994.0,0.0301441562,normal
2026-06-01T02:29:19Z,worker-1,longhorn-system,csi-provisioner-688964c44b-7hv5d,csi-provisioner,38.7,10.5,0.0,0.0,0.0,205712.0,2188.0,0.0,0.0,0.0,0.0,0.0,1471.0,0.0069167542,normal
2026-06-01T02:29:19Z,worker-1,longhorn-system,instance-manager-bacbca1a1c80c6ca28fd5f2d5fd0c24c,instance-manager,24.8,6.0,1.2,0.0,0.0,2972.0,3051.0,0.0,0.0,0.0,1.0,1.0,545.0,0.0032384472,normal
2026-06-01T02:29:19Z,worker-1,ebpf-final,ebpf-collector-5588x,collector,0.2,0.8,0.3,0.1,0.0,12242.0,17660.0,0.0,0.0,0.0,0.0,0.0,11.0,0.0022017397,normal
2026-06-01T02:29:19Z,worker-1,longhorn-system,longhorn-csi-plugin-t8lpt,longhorn-liveness-probe,2.8,1.7,0.0,0.0,0.0,224.0,274.0,0.0,0.0,0.0,0.0,0.0,253.0,0.001832312,normal
2026-06-01T02:29:19Z,worker-1,monitoring,my-monitoring-prometheus-node-exporter-829wk,node-exporter,178.5,0.8,154.8,0.0,0.0,573.0,26075.0,0.0,0.0,0.0,0.0,0.0,230.0,0.0110025895,normal
2026-06-01T02:29:19Z,worker-1,longhorn-system,csi-resizer-7d9bff5787-242pl,csi-resizer,2.5,2.3,0.0,0.0,0.0,1207.0,994.0,0.0,0.0,0.0,0.0,0.0,246.0,0.0007278528,normal
2026-06-01T02:29:19Z,worker-1,kube-system,tetragon-kl9tz,export-stdout,6.1,4.8,0.0,0.0,0.0,0.0,0.0,0.0,0.0,0.0,0.0,0.0,10.0,0.0001240678,normal
2026-06-01T02:29:29Z,worker-1,gpu-operator,gpu-operator-1764036362-node-feature-discovery-worker-9v5dt,worker,293.0,4.4,159.6,0.0,0.0,137978.0,1811.0,0.0,0.0,0.0,0.0,0.0,1971.0,0.0319319165,normal
2026-06-01T02:29:29Z,worker-1,longhorn-system,longhorn-csi-plugin-t8lpt,longhorn-csi-plugin,2.4,1.0,0.0,0.0,0.0,0.0,0.0,0.0,0.0,0.0,0.0,0.0,72.0,0.0003395616,normal
2026-06-01T02:29:29Z,worker-1,longhorn-system,longhorn-manager-fgsfc,longhorn-manager,165.8,49.2,14.7,0.3,0.0,479354.0,21697.0,0.0,0.0,0.0,2.0,10.0,5395.0,0.0222685821,normal
2026-06-01T02:29:29Z,worker-1,longhorn-system,longhorn-csi-plugin-t8lpt,node-driver-registrar,0.1,0.1,0.0,0.0,0.0,0.0,0.0,0.0,0.0,0.0,0.0,0.0,9.0,3.14411e-05,normal
2026-06-01T02:29:29Z,worker-1,longhorn-system,csi-attacher-896ffc747-rxjjt,csi-attacher,4.0,3.8,0.0,0.0,0.0,1229.0,1014.0,0.0,0.0,0.0,0.0,0.0,280.0,0.0009065125,normal
2026-06-01T02:29:29Z,worker-1,longhorn-system,csi-snapshotter-65884686fc-gjw5g,csi-snapshotter,6.8,6.6,0.0,0.0,0.0,1130.0,1032.0,0.0,0.0,0.0,0.0,0.0,803.0,0.002271185,normal
2026-06-01T02:29:29Z,worker-1,kube-system,nodelocaldns-zjml5,node-cache,13.3,4.5,0.3,1.0,0.0,4922.0,3562.0,0.0,0.0,0.0,0.0,0.0,767.0,0.0041083007,normal
2026-06-01T02:29:29Z,worker-1,kube-system,kube-ovn-pinger-vfzmn,pinger,50.4,22.2,13.2,0.2,0.0,115969.0,1580.0,0.0,12288.0,0.066701,17.0,26.0,3738.0,0.0190361343,normal
2026-06-01T02:29:29Z,worker-1,kube-system,tetragon-kl9tz,tetragon,5.9,5.3,0.0,0.0,0.0,17619.0,239.0,0.0,0.0,0.0,0.0,0.0,12918.0,0.0347439784,normal
2026-06-01T02:29:29Z,worker-1,longhorn-system,engine-image-ei-3154f3aa-kvvkq,engine-image-ei-3154f3aa,12.8,1.0,14.4,0.0,0.0,0.0,0.0,0.0,0.0,0.0,10.0,40.0,1218.0,0.0129387631,normal
2026-06-01T02:29:29Z,worker-1,kube-system,kube-proxy-pdwww,kube-proxy,2.3,0.3,0.0,0.0,0.0,17157.0,96.0,0.0,0.0,0.0,0.0,0.0,83.0,0.0002691465,normal
2026-06-01T02:29:29Z,worker-1,longhorn-system,engine-image-ei-843accdd-tx99h,engine-image-ei-843accdd,12.4,1.0,14.0,0.0,0.0,0.0,0.0,0.0,0.0,0.0,10.0,30.0,747.0,0.0105599019,normal
2026-06-01T02:29:29Z,worker-1,kube-system,kube-ovn-cni-cf7cj,cni-server,315.4,22.0,359.8,0.2,0.0,204477.0,1200.0,0.0,0.0,0.0,130.0,163.0,3898.0,0.0650670491,normal
2026-06-01T02:29:29Z,worker-1,kube-system,ovs-ovn-w75jd,openvswitch,100.2,59.6,38.2,0.0,0.0,38.0,41.0,0.0,0.0,0.0,52.0,88.0,1861.0,0.0317631998,normal
2026-06-01T02:29:29Z,worker-1,longhorn-system,csi-provisioner-688964c44b-7hv5d,csi-provisioner,36.5,11.1,0.0,0.0,0.0,205680.0,2188.0,0.0,0.0,0.0,0.0,0.0,1420.0,0.0042496447,normal
2026-06-01T02:29:29Z,worker-1,longhorn-system,instance-manager-bacbca1a1c80c6ca28fd5f2d5fd0c24c,instance-manager,205.0,9.9,12.4,0.4,0.0,3811.0,3766.0,0.0,0.0,0.0,7.0,7.0,845.0,0.0074852323,normal
2026-06-01T02:29:29Z,worker-1,ebpf-final,ebpf-collector-5588x,collector,153.6,0.8,143.4,0.1,0.0,210095.0,18639.0,0.0,0.0,0.0,0.0,0.0,164.0,0.0219907899,normal
2026-06-01T02:29:29Z,worker-1,longhorn-system,longhorn-csi-plugin-t8lpt,longhorn-liveness-probe,2.3,1.6,0.0,0.0,0.0,224.0,274.0,0.0,0.0,0.0,0.0,0.0,157.0,0.0007470556,normal
2026-06-01T02:29:29Z,worker-1,monitoring,my-monitoring-prometheus-node-exporter-829wk,node-exporter,0.3,0.2,0.0,0.0,0.0,208.0,3254.0,0.0,0.0,0.0,0.0,0.0,19.0,0.00013687,normal
2026-06-01T02:29:29Z,worker-1,longhorn-system,csi-resizer-7d9bff5787-242pl,csi-resizer,2.3,2.3,0.0,0.0,0.0,1098.0,1031.0,0.0,0.0,0.0,0.0,0.0,197.0,0.0006846337,normal
2026-06-01T02:29:29Z,worker-1,kube-system,tetragon-kl9tz,export-stdout,18.1,16.6,0.0,0.0,0.0,0.0,0.0,0.0,0.0,0.0,0.0,0.0,11.0,0.0002586268,normal
2026-06-01T02:29:40Z,worker-1,gpu-operator,gpu-operator-1764036362-node-feature-discovery-worker-9v5dt,worker,0.4,0.2,0.0,0.0,0.0,222.0,188.0,0.0,0.0,0.0,0.0,0.0,29.0,0.0001976984,normal
2026-06-01T02:29:40Z,worker-1,longhorn-system,longhorn-csi-plugin-t8lpt,longhorn-csi-plugin,2.7,1.1,0.0,0.0,0.0,0.0,0.0,0.0,0.0,0.0,0.0,0.0,73.0,0.0003503424,normal
2026-06-01T02:29:40Z,worker-1,longhorn-system,longhorn-manager-fgsfc,longhorn-manager,113.7,43.5,0.1,0.1,0.0,468622.0,11023.0,0.0,0.0,0.0,0.0,0.0,4652.0,0.0278982886,normal
2026-06-01T02:29:40Z,worker-1,longhorn-system,longhorn-csi-plugin-t8lpt,node-driver-registrar,0.1,0.1,0.0,0.0,0.0,0.0,0.0,0.0,0.0,0.0,0.0,0.0,9.0,3.42268e-05,normal
2026-06-01T02:29:40Z,worker-1,longhorn-system,csi-attacher-896ffc747-rxjjt,csi-attacher,3.5,3.3,0.0,0.0,0.0,1113.0,1049.0,0.0,0.0,0.0,0.0,0.0,278.0,0.0009037172,normal
2026-06-01T02:29:40Z,worker-1,longhorn-system,csi-snapshotter-65884686fc-gjw5g,csi-snapshotter,8.4,8.2,0.0,0.0,0.0,1395.0,1106.0,0.0,0.0,0.0,0.0,0.0,793.0,0.0023651073,normal
2026-06-01T02:29:40Z,worker-1,kube-system,nodelocaldns-zjml5,node-cache,28.3,5.6,37.6,1.0,0.0,4922.0,3562.0,0.0,0.0,0.0,12.0,12.0,929.0,0.0078263579,normal
2026-06-01T02:29:40Z,worker-1,kube-system,kube-ovn-pinger-vfzmn,pinger,52.8,23.1,13.2,0.2,0.0,115741.0,1580.0,0.0,12288.0,0.0697055,17.0,26.0,3606.0,0.0187115566,normal
2026-06-01T02:29:40Z,worker-1,kube-system,tetragon-kl9tz,tetragon,5.3,3.4,0.0,0.0,0.0,17448.0,239.0,0.0,0.0,0.0,0.0,0.0,13394.0,0.0433564001,normal
2026-06-01T02:29:40Z,worker-1,longhorn-system,engine-image-ei-3154f3aa-kvvkq,engine-image-ei-3154f3aa,12.8,1.0,14.4,0.0,0.0,0.0,0.0,0.0,0.0,0.0,10.0,41.0,1047.0,0.0116852303,normal
2026-06-01T02:29:40Z,worker-1,kube-system,kube-proxy-pdwww,kube-proxy,2.2,0.4,0.0,0.0,0.0,17157.0,96.0,0.0,0.0,0.0,0.0,0.0,96.0,0.0002852063,normal
2026-06-01T02:29:40Z,worker-1,longhorn-system,engine-image-ei-843accdd-tx99h,engine-image-ei-843accdd,12.4,1.0,14.0,0.0,0.0,0.0,0.0,0.0,0.0,0.0,10.0,22.0,654.0,0.0079891582,normal
2026-06-01T02:29:40Z,worker-1,kube-system,kube-ovn-cni-cf7cj,cni-server,321.4,22.9,363.8,0.3,0.0,204784.0,1200.0,0.0,0.0,0.0,134.0,189.0,4873.0,0.0702646307,normal
2026-06-01T02:29:40Z,worker-1,kube-system,ovs-ovn-w75jd,openvswitch,102.5,62.6,37.9,0.0,0.0,38.0,41.0,0.0,0.0,0.0,52.0,88.0,2028.0,0.0316015131,normal
2026-06-01T02:29:40Z,worker-1,longhorn-system,csi-provisioner-688964c44b-7hv5d,csi-provisioner,37.9,10.1,0.0,0.0,0.0,205563.0,2188.0,0.0,0.0,0.0,0.0,0.0,1368.0,0.004361012,normal
2026-06-01T02:29:40Z,worker-1,longhorn-system,instance-manager-bacbca1a1c80c6ca28fd5f2d5fd0c24c,instance-manager,193.9,7.9,11.3,0.4,0.0,3023.0,3196.0,0.0,0.0,0.0,6.0,6.0,674.0,0.0068454139,normal
2026-06-01T02:29:40Z,worker-1,ebpf-final,ebpf-collector-5588x,collector,0.2,0.7,0.3,0.1,0.0,11547.0,16672.0,0.0,0.0,0.0,0.0,0.0,11.0,0.0012333844,normal
2026-06-01T02:29:40Z,worker-1,longhorn-system,longhorn-csi-plugin-t8lpt,longhorn-liveness-probe,3.0,2.0,0.0,0.0,0.0,224.0,274.0,0.0,0.0,0.0,0.0,0.0,165.0,0.0007971865,normal
2026-06-01T02:29:40Z,worker-1,monitoring,my-monitoring-prometheus-node-exporter-829wk,node-exporter,0.4,0.3,0.0,0.0,0.0,312.0,4881.0,0.0,0.0,0.0,0.0,0.0,25.0,0.0001939984,normal
2026-06-01T02:29:40Z,worker-1,longhorn-system,csi-resizer-7d9bff5787-242pl,csi-resizer,2.5,2.1,0.0,0.0,0.0,1218.0,996.0,0.0,0.0,0.0,0.0,0.0,271.0,0.0007475554,normal
2026-06-01T02:29:40Z,worker-1,kube-system,tetragon-kl9tz,export-stdout,6.1,4.8,0.0,0.0,0.0,0.0,0.0,0.0,0.0,0.0,0.0,0.0,10.0,0.000148233,normal
2026-06-01T02:29:50Z,worker-1,gpu-operator,gpu-operator-1764036362-node-feature-discovery-worker-9v5dt,worker,0.6,0.3,0.0,0.0,0.0,222.0,188.0,0.0,0.0,0.0,0.0,0.0,35.0,0.0001844306,normal
2026-06-01T02:29:50Z,worker-1,longhorn-system,longhorn-csi-plugin-t8lpt,longhorn-csi-plugin,2.8,1.2,0.0,0.0,0.0,0.0,0.0,0.0,0.0,0.0,0.0,0.0,79.0,0.0003506367,normal
2026-06-01T02:29:50Z,worker-1,longhorn-system,longhorn-manager-fgsfc,longhorn-manager,119.1,46.1,0.1,0.1,0.0,468488.0,12106.0,0.0,0.0,0.0,0.0,0.0,4500.0,0.014071053,normal
2026-06-01T02:29:50Z,worker-1,longhorn-system,longhorn-csi-plugin-t8lpt,node-driver-registrar,0.1,0.1,0.0,0.0,0.0,0.0,0.0,0.0,0.0,0.0,0.0,0.0,9.0,3.10082e-05,normal
2026-06-01T02:29:50Z,worker-1,longhorn-system,csi-attacher-896ffc747-rxjjt,csi-attacher,3.4,2.9,0.1,0.0,0.0,1237.0,1014.0,0.0,0.0,0.0,0.0,0.0,322.0,0.0020866958,normal
2026-06-01T02:29:50Z,worker-1,longhorn-system,csi-snapshotter-65884686fc-gjw5g,csi-snapshotter,7.6,7.6,0.0,0.0,0.0,1130.0,1033.0,0.0,0.0,0.0,0.0,0.0,786.0,0.0022118318,normal
2026-06-01T02:29:50Z,worker-1,kube-system,nodelocaldns-zjml5,node-cache,9.5,3.1,0.3,1.0,0.0,3059.0,2774.0,0.0,0.0,0.0,0.0,0.0,473.0,0.0028234149,normal
2026-06-01T02:29:50Z,worker-1,kube-system,kube-ovn-pinger-vfzmn,pinger,45.6,16.5,13.2,0.2,0.0,115717.0,1580.0,0.0,12288.0,0.081408,17.0,26.0,2705.0,0.0169196789,normal
2026-06-01T02:29:50Z,worker-1,kube-system,tetragon-kl9tz,tetragon,5.7,3.4,0.0,0.0,0.0,17595.0,239.0,0.0,0.0,0.0,0.0,0.0,14386.0,0.0376484583,normal
2026-06-01T02:29:50Z,worker-1,longhorn-system,engine-image-ei-3154f3aa-kvvkq,engine-image-ei-3154f3aa,12.8,1.0,14.4,0.0,0.0,0.0,0.0,0.0,0.0,0.0,10.0,41.0,1125.0,0.0141752668,normal
2026-06-01T02:29:50Z,worker-1,kube-system,kube-proxy-pdwww,kube-proxy,3.6,0.6,0.1,0.0,0.0,17629.0,302.0,0.0,0.0,0.0,0.0,0.0,125.0,0.0004377509,normal
2026-06-01T02:29:50Z,worker-1,longhorn-system,engine-image-ei-843accdd-tx99h,engine-image-ei-843accdd,15.9,1.3,17.9,0.0,0.0,0.0,0.0,0.0,0.0,0.0,13.0,35.0,983.0,0.0135071363,normal
2026-06-01T02:29:50Z,worker-1,kube-system,kube-ovn-cni-cf7cj,cni-server,371.5,27.1,442.2,0.3,0.0,204892.0,1344.0,0.0,0.0,0.0,171.0,218.0,5183.0,0.0857544535,normal
2026-06-01T02:29:50Z,worker-1,kube-system,ovs-ovn-w75jd,openvswitch,98.7,59.0,37.9,0.0,0.0,38.0,41.0,0.0,0.0,0.0,52.0,88.0,1920.0,0.0291287048,normal
2026-06-01T02:29:50Z,worker-1,longhorn-system,csi-provisioner-688964c44b-7hv5d,csi-provisioner,38.3,10.6,0.1,0.0,0.0,205690.0,2189.0,0.0,0.0,0.0,0.0,0.0,1372.0,0.0042920345,normal
2026-06-01T02:29:50Z,worker-1,longhorn-system,instance-manager-bacbca1a1c80c6ca28fd5f2d5fd0c24c,instance-manager,192.2,7.3,11.3,0.4,0.0,2972.0,3128.0,0.0,0.0,0.0,6.0,6.0,770.0,0.0102883981,normal
2026-06-01T02:29:50Z,worker-1,ebpf-final,ebpf-collector-5588x,collector,0.2,0.8,0.3,0.1,0.0,12259.0,17662.0,0.0,0.0,0.0,0.0,0.0,10.0,0.0021408159,normal
2026-06-01T02:29:50Z,worker-1,longhorn-system,longhorn-csi-plugin-t8lpt,longhorn-liveness-probe,2.9,1.8,0.0,0.0,0.0,224.0,274.0,0.0,0.0,0.0,0.0,0.0,181.0,0.0007698341,normal
2026-06-01T02:29:50Z,worker-1,monitoring,my-monitoring-prometheus-node-exporter-829wk,node-exporter,178.6,0.8,154.8,0.0,0.0,573.0,26057.0,0.0,0.0,0.0,0.0,0.0,184.0,0.0119731449,normal
2026-06-01T02:29:50Z,worker-1,longhorn-system,csi-resizer-7d9bff5787-242pl,csi-resizer,3.8,2.3,0.2,0.0,0.0,1497.0,1125.0,0.0,0.0,0.0,0.0,0.0,305.0,0.0009094215,normal
2026-06-01T02:29:50Z,worker-1,kube-system,tetragon-kl9tz,export-stdout,6.1,4.8,0.0,0.0,0.0,0.0,0.0,0.0,0.0,0.0,0.0,0.0,10.0,0.0001327094,normal
2026-06-01T02:30:00Z,worker-1,gpu-operator,gpu-operator-1764036362-node-feature-discovery-worker-9v5dt,worker,0.7,0.4,0.0,0.0,0.0,261.0,227.0,0.0,0.0,0.0,0.0,0.0,90.0,0.0003172421,normal
2026-06-01T02:30:00Z,worker-1,longhorn-system,longhorn-csi-plugin-t8lpt,longhorn-csi-plugin,2.6,1.0,0.0,0.0,0.0,0.0,0.0,0.0,0.0,0.0,0.0,0.0,71.0,0.000325231,normal
2026-06-01T02:30:00Z,worker-1,longhorn-system,longhorn-manager-fgsfc,longhorn-manager,161.7,48.7,14.8,0.2,0.0,479376.0,32846.0,0.0,0.0,0.0,2.0,11.0,5081.0,0.0216940881,normal
2026-06-01T02:30:00Z,worker-1,longhorn-system,longhorn-csi-plugin-t8lpt,node-driver-registrar,0.1,0.1,0.0,0.0,0.0,0.0,0.0,0.0,0.0,0.0,0.0,0.0,9.0,3.20069e-05,normal
2026-06-01T02:30:00Z,worker-1,longhorn-system,csi-attacher-896ffc747-rxjjt,csi-attacher,3.1,2.8,0.0,0.0,0.0,1363.0,1014.0,0.0,0.0,0.0,0.0,0.0,324.0,0.0008913249,normal
2026-06-01T02:30:00Z,worker-1,longhorn-system,csi-snapshotter-65884686fc-gjw5g,csi-snapshotter,9.2,8.7,0.1,0.0,0.0,1272.0,1073.0,0.0,0.0,0.0,0.0,0.0,842.0,0.0025297456,normal
2026-06-01T02:30:00Z,worker-1,kube-system,nodelocaldns-zjml5,node-cache,14.2,4.6,0.4,1.3,0.0,5145.0,3785.0,0.0,0.0,0.0,0.0,0.0,784.0,0.0044627969,normal
2026-06-01T02:30:00Z,worker-1,kube-system,kube-ovn-pinger-vfzmn,pinger,45.8,20.3,13.3,0.2,0.0,115802.0,1580.0,0.0,16384.0,0.08397666666666667,17.0,26.0,3456.0,0.017005266,normal
2026-06-01T02:30:00Z,worker-1,kube-system,tetragon-kl9tz,tetragon,8.2,6.3,0.4,0.0,0.0,17813.0,21439.0,0.0,0.0,0.0,0.0,0.0,13474.0,0.0427195855,normal
2026-06-01T02:30:00Z,worker-1,longhorn-system,engine-image-ei-3154f3aa-kvvkq,engine-image-ei-3154f3aa,12.8,1.0,14.4,0.0,0.0,0.0,0.0,0.0,0.0,0.0,10.0,39.0,1103.0,0.0125189991,normal
2026-06-01T02:30:00Z,worker-1,kube-system,kube-proxy-pdwww,kube-proxy,2.2,0.5,0.0,0.0,0.0,17157.0,96.0,0.0,0.0,0.0,0.0,0.0,100.0,0.0002491344,normal
2026-06-01T02:30:00Z,worker-1,longhorn-system,engine-image-ei-843accdd-tx99h,engine-image-ei-843accdd,12.4,1.0,14.0,0.0,0.0,0.0,0.0,0.0,0.0,0.0,10.0,30.0,750.0,0.0104972817,normal
2026-06-01T02:30:00Z,worker-1,kube-system,kube-ovn-cni-cf7cj,cni-server,322.9,22.9,363.7,0.3,0.0,204626.0,1200.0,0.0,0.0,0.0,134.0,184.0,4246.0,0.069570767,normal
2026-06-01T02:30:00Z,worker-1,kube-system,ovs-ovn-w75jd,openvswitch,103.7,67.9,38.6,0.0,0.0,38.0,41.0,0.0,0.0,0.0,52.0,88.0,2090.0,0.0312946749,normal
2026-06-01T02:30:00Z,worker-1,longhorn-system,csi-provisioner-688964c44b-7hv5d,csi-provisioner,38.7,10.2,0.0,0.0,0.0,206108.0,2190.0,0.0,0.0,0.0,0.0,0.0,1486.0,0.0065515022,normal
2026-06-01T02:30:00Z,worker-1,longhorn-system,instance-manager-bacbca1a1c80c6ca28fd5f2d5fd0c24c,instance-manager,204.3,9.6,12.4,0.4,0.0,3811.0,3766.0,0.0,0.0,0.0,7.0,7.0,809.0,0.0090664099,normal
2026-06-01T02:30:00Z,worker-1,ebpf-final,ebpf-collector-5588x,collector,153.9,0.9,143.3,0.1,0.0,210438.0,19139.0,0.0,0.0,0.0,0.0,0.0,162.0,0.0218370106,normal
2026-06-01T02:30:00Z,worker-1,longhorn-system,longhorn-csi-plugin-t8lpt,longhorn-liveness-probe,3.0,2.1,0.0,0.0,0.0,224.0,274.0,0.0,0.0,0.0,0.0,0.0,192.0,0.0007998729,normal
2026-06-01T02:30:00Z,worker-1,monitoring,my-monitoring-prometheus-node-exporter-829wk,node-exporter,0.4,0.2,0.0,0.0,0.0,208.0,3254.0,0.0,0.0,0.0,0.0,0.0,25.0,0.0001757941,normal
2026-06-01T02:30:00Z,worker-1,longhorn-system,csi-resizer-7d9bff5787-242pl,csi-resizer,2.2,1.9,0.0,0.0,0.0,1219.0,996.0,0.0,0.0,0.0,0.0,0.0,278.0,0.0007640402,normal
2026-06-01T02:30:00Z,worker-1,kube-system,tetragon-kl9tz,export-stdout,18.0,16.6,0.0,0.0,0.0,0.0,0.0,0.0,0.0,0.0,0.0,0.0,10.0,0.0003124731,normal
2026-06-01T02:30:10Z,worker-1,gpu-operator,gpu-operator-1764036362-node-feature-discovery-worker-9v5dt,worker,0.5,0.2,0.0,0.0,0.0,222.0,188.0,0.0,0.0,0.0,0.0,0.0,31.0,0.0001971619,normal
2026-06-01T02:30:10Z,worker-1,longhorn-system,longhorn-csi-plugin-t8lpt,longhorn-csi-plugin,2.8,1.2,0.0,0.0,0.0,0.0,0.0,0.0,0.0,0.0,0.0,0.0,142.0,0.0018232618,normal
2026-06-01T02:30:10Z,worker-1,longhorn-system,longhorn-manager-fgsfc,longhorn-manager,113.4,45.6,0.2,0.1,0.0,471291.0,13908.0,0.0,0.0,0.0,0.0,0.0,4402.0,0.0143482613,normal
2026-06-01T02:30:10Z,worker-1,longhorn-system,longhorn-csi-plugin-t8lpt,node-driver-registrar,0.1,0.1,0.0,0.0,0.0,0.0,0.0,0.0,0.0,0.0,0.0,0.0,9.0,3.05311e-05,normal
2026-06-01T02:30:10Z,worker-1,longhorn-system,csi-attacher-896ffc747-rxjjt,csi-attacher,4.0,3.7,0.0,0.0,0.0,1173.0,1014.0,0.0,0.0,0.0,0.0,0.0,288.0,0.0009349104,normal
2026-06-01T02:30:10Z,worker-1,longhorn-system,csi-snapshotter-65884686fc-gjw5g,csi-snapshotter,6.7,6.2,0.1,0.0,0.0,1308.0,1073.0,0.0,0.0,0.0,0.0,0.0,725.0,0.0022729298,normal
2026-06-01T02:30:10Z,worker-1,kube-system,nodelocaldns-zjml5,node-cache,13.0,4.2,0.3,1.0,0.0,4922.0,3489.0,0.0,0.0,0.0,0.0,0.0,795.0,0.00401189,normal
2026-06-01T02:30:10Z,worker-1,kube-system,kube-ovn-pinger-vfzmn,pinger,41.3,17.5,13.2,0.2,0.0,115899.0,1436.0,0.0,12288.0,0.0718325,17.0,26.0,3411.0,0.0163416111,normal
2026-06-01T02:30:10Z,worker-1,kube-system,tetragon-kl9tz,tetragon,6.1,3.4,0.0,0.0,0.0,17748.0,239.0,0.0,0.0,0.0,0.0,0.0,12817.0,0.0319616542,normal
2026-06-01T02:30:10Z,worker-1,longhorn-system,engine-image-ei-3154f3aa-kvvkq,engine-image-ei-3154f3aa,12.8,1.0,14.4,0.0,0.0,0.0,0.0,0.0,0.0,0.0,10.0,41.0,1051.0,0.0121902059,normal
2026-06-01T02:30:10Z,worker-1,kube-system,kube-proxy-pdwww,kube-proxy,2.8,0.5,0.0,0.0,0.0,17418.0,96.0,0.0,0.0,0.0,0.0,0.0,97.0,0.000351121,normal
2026-06-01T02:30:10Z,worker-1,longhorn-system,engine-image-ei-843accdd-tx99h,engine-image-ei-843accdd,12.5,1.0,14.1,0.0,0.0,0.0,0.0,0.0,0.0,0.0,10.0,32.0,933.0,0.0102745992,normal
2026-06-01T02:30:10Z,worker-1,kube-system,kube-ovn-cni-cf7cj,cni-server,318.3,22.2,360.8,0.3,0.0,204624.0,1200.0,0.0,0.0,0.0,131.0,183.0,4804.0,0.0757579393,normal
2026-06-01T02:30:10Z,worker-1,kube-system,ovs-ovn-w75jd,openvswitch,99.5,58.9,38.0,0.0,0.0,38.0,41.0,0.0,0.0,0.0,52.0,88.0,1940.0,0.0311510158,normal
2026-06-01T02:30:10Z,worker-1,longhorn-system,csi-provisioner-688964c44b-7hv5d,csi-provisioner,35.8,7.9,0.0,0.0,0.0,205693.0,2190.0,0.0,0.0,0.0,0.0,0.0,1363.0,0.0043055803,normal
2026-06-01T02:30:10Z,worker-1,longhorn-system,instance-manager-bacbca1a1c80c6ca28fd5f2d5fd0c24c,instance-manager,196.0,9.2,11.3,0.5,0.0,4108.0,4933.0,0.0,0.0,0.0,6.0,6.0,788.0,0.0072046714,normal
2026-06-01T02:30:10Z,worker-1,ebpf-final,ebpf-collector-5588x,collector,0.2,0.8,0.3,0.1,0.0,12247.0,17684.0,0.0,0.0,0.0,0.0,0.0,11.0,0.0013690432,normal
2026-06-01T02:30:10Z,worker-1,longhorn-system,longhorn-csi-plugin-t8lpt,longhorn-liveness-probe,3.1,2.2,0.0,0.0,0.0,224.0,274.0,0.0,0.0,0.0,0.0,0.0,243.0,0.0018653237,normal
2026-06-01T02:30:10Z,worker-1,monitoring,my-monitoring-prometheus-node-exporter-829wk,node-exporter,0.4,0.2,0.0,0.0,0.0,208.0,3254.0,0.0,0.0,0.0,0.0,0.0,21.0,0.0001443066,normal
2026-06-01T02:30:10Z,worker-1,longhorn-system,csi-resizer-7d9bff5787-242pl,csi-resizer,2.4,2.3,0.0,0.0,0.0,1120.0,1031.0,0.0,0.0,0.0,0.0,0.0,223.0,0.000688092,normal
2026-06-01T02:30:10Z,worker-1,kube-system,tetragon-kl9tz,export-stdout,6.7,5.4,0.0,0.0,0.0,0.0,0.0,0.0,0.0,0.0,0.0,0.0,10.0,0.0001411464,normal
2026-06-01T02:30:20Z,worker-1,gpu-operator,gpu-operator-1764036362-node-feature-discovery-worker-9v5dt,worker,295.2,4.3,159.6,0.0,0.0,138017.0,1850.0,0.0,0.0,0.0,0.0,0.0,1953.0,0.0301387719,normal
2026-06-01T02:30:20Z,worker-1,longhorn-system,longhorn-csi-plugin-t8lpt,longhorn-csi-plugin,2.5,1.0,0.0,0.0,0.0,0.0,0.0,0.0,0.0,0.0,0.0,0.0,78.0,0.0003100985,normal
2026-06-01T02:30:20Z,worker-1,longhorn-system,longhorn-manager-fgsfc,longhorn-manager,112.1,46.3,0.2,0.1,0.0,440249.0,10866.0,0.0,0.0,0.0,0.0,0.0,4435.0,0.0141419656,normal
2026-06-01T02:30:20Z,worker-1,longhorn-system,longhorn-csi-plugin-t8lpt,node-driver-registrar,0.1,0.1,0.0,0.0,0.0,0.0,0.0,0.0,0.0,0.0,0.0,0.0,9.0,3.11255e-05,normal
2026-06-01T02:30:20Z,worker-1,longhorn-system,csi-attacher-896ffc747-rxjjt,csi-attacher,3.1,2.9,0.0,0.0,0.0,1109.0,1047.0,0.0,0.0,0.0,0.0,0.0,285.0,0.0008954908,normal
2026-06-01T02:30:20Z,worker-1,longhorn-system,csi-snapshotter-65884686fc-gjw5g,csi-snapshotter,9.2,9.0,0.0,0.0,0.0,1132.0,1034.0,0.0,0.0,0.0,0.0,0.0,803.0,0.002247843,normal
2026-06-01T02:30:20Z,worker-1,kube-system,nodelocaldns-zjml5,node-cache,13.1,4.3,0.3,1.0,0.0,4922.0,3562.0,0.0,0.0,0.0,0.0,0.0,715.0,0.0039278427,normal
2026-06-01T02:30:20Z,worker-1,kube-system,kube-ovn-pinger-vfzmn,pinger,45.0,18.4,13.2,0.2,0.0,83767.0,1205.0,0.0,12288.0,0.0726115,17.0,26.0,3631.0,0.0142898307,normal
2026-06-01T02:30:20Z,worker-1,kube-system,tetragon-kl9tz,tetragon,6.3,3.5,0.0,0.0,0.0,17913.0,239.0,0.0,0.0,0.0,0.0,0.0,12091.0,0.0389134331,normal
2026-06-01T02:30:20Z,worker-1,longhorn-system,engine-image-ei-3154f3aa-kvvkq,engine-image-ei-3154f3aa,12.8,1.0,14.4,0.0,0.0,0.0,0.0,0.0,0.0,0.0,10.0,40.0,1062.0,0.0126179158,normal
2026-06-01T02:30:20Z,worker-1,kube-system,kube-proxy-pdwww,kube-proxy,1.9,0.4,0.0,0.0,0.0,17157.0,96.0,0.0,0.0,0.0,0.0,0.0,88.0,0.0002440788,normal
2026-06-01T02:30:20Z,worker-1,longhorn-system,engine-image-ei-843accdd-tx99h,engine-image-ei-843accdd,12.5,1.0,14.1,0.0,0.0,0.0,0.0,0.0,0.0,0.0,10.0,32.0,804.0,0.0100475693,normal
2026-06-01T02:30:20Z,worker-1,kube-system,kube-ovn-cni-cf7cj,cni-server,314.6,21.3,359.8,0.2,0.0,189980.0,1104.0,0.0,0.0,0.0,130.0,159.0,3751.0,0.0614881847,normal
2026-06-01T02:30:20Z,worker-1,kube-system,ovs-ovn-w75jd,openvswitch,98.7,59.2,37.9,0.0,0.0,38.0,41.0,0.0,0.0,0.0,52.0,88.0,1942.0,0.0305045289,normal
2026-06-01T02:30:20Z,worker-1,longhorn-system,csi-provisioner-688964c44b-7hv5d,csi-provisioner,34.4,8.6,0.0,0.0,0.0,191065.0,2094.0,0.0,0.0,0.0,0.0,0.0,1354.0,0.0041108624,normal
2026-06-01T02:30:20Z,worker-1,longhorn-system,instance-manager-bacbca1a1c80c6ca28fd5f2d5fd0c24c,instance-manager,192.7,7.8,11.3,0.4,0.0,2972.0,3145.0,0.0,0.0,0.0,6.0,6.0,719.0,0.0082998799,normal
2026-06-01T02:30:20Z,worker-1,ebpf-final,ebpf-collector-5588x,collector,0.2,0.7,0.3,0.1,0.0,11892.0,17151.0,0.0,0.0,0.0,0.0,0.0,10.0,0.0017788345,normal
2026-06-01T02:30:20Z,worker-1,longhorn-system,longhorn-csi-plugin-t8lpt,longhorn-liveness-probe,2.6,1.8,0.0,0.0,0.0,224.0,274.0,0.0,0.0,0.0,0.0,0.0,159.0,0.0007691355,normal
2026-06-01T02:30:20Z,worker-1,monitoring,my-monitoring-prometheus-node-exporter-829wk,node-exporter,178.6,0.8,154.8,0.0,0.0,573.0,26016.0,0.0,0.0,0.0,0.0,0.0,333.0,0.0135043118,normal
2026-06-01T02:30:20Z,worker-1,longhorn-system,csi-resizer-7d9bff5787-242pl,csi-resizer,2.1,2.1,0.0,0.0,0.0,1094.0,996.0,0.0,0.0,0.0,0.0,0.0,270.0,0.0015591485,normal
2026-06-01T02:30:20Z,worker-1,kube-system,tetragon-kl9tz,export-stdout,6.1,4.8,0.0,0.0,0.0,0.0,0.0,0.0,0.0,0.0,0.0,0.0,10.0,0.0001251454,normal
2026-06-01T02:30:31Z,worker-1,gpu-operator,gpu-operator-1764036362-node-feature-discovery-worker-9v5dt,worker,0.4,0.2,0.0,0.0,0.0,222.0,188.0,0.0,0.0,0.0,0.0,0.0,35.0,0.0002178459,normal
2026-06-01T02:30:31Z,worker-1,longhorn-system,longhorn-csi-plugin-t8lpt,longhorn-csi-plugin,2.7,1.1,0.0,0.0,0.0,0.0,0.0,0.0,0.0,0.0,0.0,0.0,82.0,0.0003657332,normal
2026-06-01T02:30:31Z,worker-1,longhorn-system,longhorn-manager-fgsfc,longhorn-manager,165.6,50.9,14.8,0.3,0.0,480050.0,21585.0,0.0,0.0,0.0,2.0,11.0,5334.0,0.021706232,normal
2026-06-01T02:30:31Z,worker-1,longhorn-system,longhorn-csi-plugin-t8lpt,node-driver-registrar,0.1,0.1,0.0,0.0,0.0,0.0,0.0,0.0,0.0,0.0,0.0,0.0,9.0,3.08596e-05,normal
2026-06-01T02:30:31Z,worker-1,longhorn-system,csi-attacher-896ffc747-rxjjt,csi-attacher,3.9,3.4,0.0,0.0,0.0,1230.0,1012.0,0.0,0.0,0.0,0.0,0.0,287.0,0.0009050001,normal
2026-06-01T02:30:31Z,worker-1,longhorn-system,csi-snapshotter-65884686fc-gjw5g,csi-snapshotter,9.1,9.0,0.0,0.0,0.0,1144.0,1069.0,0.0,0.0,0.0,0.0,0.0,840.0,0.0034713122,normal
2026-06-01T02:30:31Z,worker-1,kube-system,nodelocaldns-zjml5,node-cache,13.1,4.2,0.4,1.0,0.0,4922.0,3562.0,0.0,0.0,0.0,0.0,0.0,798.0,0.0059752046,normal
2026-06-01T02:30:31Z,worker-1,kube-system,kube-ovn-pinger-vfzmn,pinger,42.1,19.5,13.2,0.2,0.0,115742.0,1436.0,0.0,12288.0,0.068389,17.0,26.0,2909.0,0.0164901241,normal
2026-06-01T02:30:31Z,worker-1,kube-system,tetragon-kl9tz,tetragon,7.9,6.0,0.1,0.0,0.0,18356.0,649.0,0.0,0.0,0.0,0.0,0.0,14610.0,0.0426637371,normal
2026-06-01T02:30:31Z,worker-1,longhorn-system,engine-image-ei-3154f3aa-kvvkq,engine-image-ei-3154f3aa,12.8,1.0,14.4,0.0,0.0,0.0,0.0,0.0,0.0,0.0,10.0,42.0,1080.0,0.0135706944,normal
2026-06-01T02:30:31Z,worker-1,kube-system,kube-proxy-pdwww,kube-proxy,1.9,0.4,0.0,0.0,0.0,17157.0,96.0,0.0,0.0,0.0,0.0,0.0,76.0,0.0002486477,normal
2026-06-01T02:30:31Z,worker-1,longhorn-system,engine-image-ei-843accdd-tx99h,engine-image-ei-843accdd,12.5,1.0,14.1,0.0,0.0,0.0,0.0,0.0,0.0,0.0,10.0,29.0,824.0,0.0101061992,normal
2026-06-01T02:30:31Z,worker-1,kube-system,kube-ovn-cni-cf7cj,cni-server,379.2,28.9,444.8,0.4,0.0,204477.0,1200.0,0.0,0.0,0.0,174.0,237.0,5792.0,0.095881412,normal
2026-06-01T02:30:31Z,worker-1,kube-system,ovs-ovn-w75jd,openvswitch,101.0,61.5,38.2,0.0,0.0,38.0,41.0,0.0,0.0,0.0,52.0,88.0,2033.0,0.0313366096,normal
2026-06-01T02:30:31Z,worker-1,longhorn-system,csi-provisioner-688964c44b-7hv5d,csi-provisioner,33.3,6.7,0.0,0.0,0.0,205708.0,2190.0,0.0,0.0,0.0,0.0,0.0,1287.0,0.0039082605,normal
2026-06-01T02:30:31Z,worker-1,longhorn-system,instance-manager-bacbca1a1c80c6ca28fd5f2d5fd0c24c,instance-manager,203.2,9.6,12.4,0.4,0.0,3837.0,3792.0,0.0,0.0,0.0,7.0,7.0,782.0,0.008161243,normal
2026-06-01T02:30:31Z,worker-1,ebpf-final,ebpf-collector-5588x,collector,154.3,0.8,143.4,0.1,0.0,210095.0,18653.0,0.0,0.0,0.0,0.0,0.0,163.0,0.0216259717,normal
2026-06-01T02:30:31Z,worker-1,longhorn-system,longhorn-csi-plugin-t8lpt,longhorn-liveness-probe,2.8,1.9,0.0,0.0,0.0,224.0,274.0,0.0,0.0,0.0,0.0,0.0,228.0,0.0008840927,normal
2026-06-01T02:30:31Z,worker-1,monitoring,my-monitoring-prometheus-node-exporter-829wk,node-exporter,0.2,0.2,0.0,0.0,0.0,208.0,3254.0,0.0,0.0,0.0,0.0,0.0,16.0,0.0001145749,normal
2026-06-01T02:30:31Z,worker-1,longhorn-system,csi-resizer-7d9bff5787-242pl,csi-resizer,2.2,2.1,0.0,0.0,0.0,1093.0,996.0,0.0,0.0,0.0,0.0,0.0,241.0,0.0007623503,normal
2026-06-01T02:30:31Z,worker-1,kube-system,tetragon-kl9tz,export-stdout,18.1,16.6,0.0,0.0,0.0,0.0,0.0,0.0,0.0,0.0,0.0,0.0,11.0,0.0002797581,normal
2026-06-01T02:30:41Z,worker-1,gpu-operator,gpu-operator-1764036362-node-feature-discovery-worker-9v5dt,worker,0.5,0.2,0.0,0.0,0.0,222.0,188.0,0.0,0.0,0.0,0.0,0.0,35.0,0.0002174435,normal
2026-06-01T02:30:41Z,worker-1,longhorn-system,longhorn-csi-plugin-t8lpt,longhorn-csi-plugin,2.6,1.0,0.0,0.0,0.0,0.0,0.0,0.0,0.0,0.0,0.0,0.0,77.0,0.0003532673,normal
2026-06-01T02:30:41Z,worker-1,longhorn-system,longhorn-manager-fgsfc,longhorn-manager,110.1,43.2,0.1,0.1,0.0,467469.0,10872.0,0.0,0.0,0.0,0.0,0.0,4319.0,0.0136114156,normal
2026-06-01T02:30:41Z,worker-1,longhorn-system,longhorn-csi-plugin-t8lpt,node-driver-registrar,0.1,0.1,0.0,0.0,0.0,0.0,0.0,0.0,0.0,0.0,0.0,0.0,9.0,3.33716e-05,normal
2026-06-01T02:30:41Z,worker-1,longhorn-system,csi-attacher-896ffc747-rxjjt,csi-attacher,3.1,2.7,0.1,0.0,0.0,1111.0,1012.0,0.0,0.0,0.0,0.0,0.0,276.0,0.0008435753,normal
2026-06-01T02:30:41Z,worker-1,longhorn-system,csi-snapshotter-65884686fc-gjw5g,csi-snapshotter,9.0,8.9,0.0,0.0,0.0,1298.0,1073.0,0.0,0.0,0.0,0.0,0.0,803.0,0.0023708839,normal
2026-06-01T02:30:41Z,worker-1,kube-system,nodelocaldns-zjml5,node-cache,29.4,6.1,37.5,1.1,0.0,5145.0,3785.0,0.0,0.0,0.0,12.0,12.0,960.0,0.0079065084,normal
2026-06-01T02:30:41Z,worker-1,kube-system,kube-ovn-pinger-vfzmn,pinger,17.2,14.9,0.0,0.0,0.0,32150.0,375.0,0.0,12288.0,0.0682485,0.0,0.0,2815.0,0.0105069682,normal
2026-06-01T02:30:41Z,worker-1,kube-system,tetragon-kl9tz,tetragon,5.7,3.5,0.0,0.0,0.0,17448.0,239.0,0.0,0.0,0.0,0.0,0.0,11811.0,0.0307888217,normal
2026-06-01T02:30:41Z,worker-1,longhorn-system,engine-image-ei-3154f3aa-kvvkq,engine-image-ei-3154f3aa,12.9,1.0,14.5,0.0,0.0,0.0,0.0,0.0,0.0,0.0,10.0,43.0,1095.0,0.0144625318,normal
2026-06-01T02:30:41Z,worker-1,kube-system,kube-proxy-pdwww,kube-proxy,1.6,0.3,0.0,0.0,0.0,17157.0,96.0,0.0,0.0,0.0,0.0,0.0,101.0,0.0002782403,normal
2026-06-01T02:30:41Z,worker-1,longhorn-system,engine-image-ei-843accdd-tx99h,engine-image-ei-843accdd,12.5,1.0,14.1,0.0,0.0,0.0,0.0,0.0,0.0,0.0,10.0,29.0,874.0,0.010554373,normal
2026-06-01T02:30:41Z,worker-1,kube-system,kube-ovn-cni-cf7cj,cni-server,315.6,22.3,359.8,0.2,0.0,204784.0,1200.0,0.0,0.0,0.0,130.0,161.0,4097.0,0.0610613224,normal
2026-06-01T02:30:41Z,worker-1,kube-system,ovs-ovn-w75jd,openvswitch,100.4,62.1,37.5,0.0,0.0,38.0,41.0,0.0,0.0,0.0,52.0,88.0,1979.0,0.0285526238,normal
2026-06-01T02:30:41Z,worker-1,longhorn-system,csi-provisioner-688964c44b-7hv5d,csi-provisioner,35.9,8.3,0.1,0.0,0.0,205565.0,2190.0,0.0,0.0,0.0,0.0,0.0,1405.0,0.0041817225,normal
2026-06-01T02:30:41Z,worker-1,longhorn-system,instance-manager-bacbca1a1c80c6ca28fd5f2d5fd0c24c,instance-manager,193.1,7.7,11.3,0.4,0.0,3023.0,3196.0,0.0,0.0,0.0,6.0,6.0,661.0,0.0068284627,normal
2026-06-01T02:30:41Z,worker-1,ebpf-final,ebpf-collector-5588x,collector,0.2,0.8,0.3,0.1,0.0,13289.0,19186.0,0.0,0.0,0.0,0.0,0.0,12.0,0.0011237713,normal
2026-06-01T02:30:41Z,worker-1,longhorn-system,longhorn-csi-plugin-t8lpt,longhorn-liveness-probe,3.0,1.9,0.0,0.0,0.0,224.0,274.0,0.0,0.0,0.0,0.0,0.0,196.0,0.0008085319,normal
2026-06-01T02:30:41Z,worker-1,monitoring,my-monitoring-prometheus-node-exporter-829wk,node-exporter,0.6,0.2,0.0,0.0,0.0,208.0,3254.0,0.0,0.0,0.0,0.0,0.0,28.0,0.0001746417,normal
2026-06-01T02:30:41Z,worker-1,longhorn-system,csi-resizer-7d9bff5787-242pl,csi-resizer,2.3,1.9,0.1,0.0,0.0,1128.0,996.0,0.0,0.0,0.0,0.0,0.0,234.0,0.0007289632,normal
2026-06-01T02:30:41Z,worker-1,kube-system,tetragon-kl9tz,export-stdout,6.1,4.8,0.0,0.0,0.0,0.0,0.0,0.0,0.0,0.0,0.0,0.0,10.0,0.0001393511,normal
2026-06-01T02:30:51Z,worker-1,gpu-operator,gpu-operator-1764036362-node-feature-discovery-worker-9v5dt,worker,0.8,0.4,0.0,0.0,0.0,261.0,227.0,0.0,0.0,0.0,0.0,0.0,93.0,0.0002995553,normal
2026-06-01T02:30:51Z,worker-1,longhorn-system,longhorn-csi-plugin-t8lpt,longhorn-csi-plugin,2.9,1.2,0.0,0.0,0.0,0.0,0.0,0.0,0.0,0.0,0.0,0.0,118.0,0.0003886534,normal
2026-06-01T02:30:51Z,worker-1,longhorn-system,longhorn-manager-fgsfc,longhorn-manager,115.4,43.9,0.2,0.1,0.0,468428.0,10963.0,0.0,0.0,0.0,0.0,0.0,4388.0,0.013500541,normal
2026-06-01T02:30:51Z,worker-1,longhorn-system,longhorn-csi-plugin-t8lpt,node-driver-registrar,0.1,0.1,0.0,0.0,0.0,0.0,0.0,0.0,0.0,0.0,0.0,0.0,9.0,3.11345e-05,normal
2026-06-01T02:30:51Z,worker-1,longhorn-system,csi-attacher-896ffc747-rxjjt,csi-attacher,3.1,2.6,0.0,0.0,0.0,1371.0,1012.0,0.0,0.0,0.0,0.0,0.0,297.0,0.0008741254,normal
2026-06-01T02:30:51Z,worker-1,longhorn-system,csi-snapshotter-65884686fc-gjw5g,csi-snapshotter,7.5,7.1,0.1,0.0,0.0,1249.0,1073.0,0.0,0.0,0.0,0.0,0.0,820.0,0.0023950405,normal
2026-06-01T02:30:51Z,worker-1,kube-system,nodelocaldns-zjml5,node-cache,13.3,4.5,0.4,1.0,0.0,4922.0,3562.0,0.0,0.0,0.0,0.0,0.0,631.0,0.0034359921,normal
2026-06-01T02:30:51Z,worker-1,kube-system,kube-ovn-pinger-vfzmn,pinger,52.7,23.0,13.2,0.2,0.0,115776.0,1580.0,0.0,12288.0,0.0892785,17.0,26.0,3736.0,0.0188217249,normal
2026-06-01T02:30:51Z,worker-1,kube-system,tetragon-kl9tz,tetragon,5.3,3.3,0.0,0.0,0.0,17448.0,239.0,0.0,0.0,0.0,0.0,0.0,13129.0,0.0385582944,normal
2026-06-01T02:30:51Z,worker-1,longhorn-system,engine-image-ei-3154f3aa-kvvkq,engine-image-ei-3154f3aa,12.8,1.0,14.4,0.0,0.0,0.0,0.0,0.0,0.0,0.0,10.0,38.0,1050.0,0.0120132576,normal
2026-06-01T02:30:51Z,worker-1,kube-system,kube-proxy-pdwww,kube-proxy,2.4,0.4,0.0,0.0,0.0,17408.0,96.0,0.0,0.0,0.0,0.0,0.0,112.0,0.0003122124,normal
2026-06-01T02:30:51Z,worker-1,longhorn-system,engine-image-ei-843accdd-tx99h,engine-image-ei-843accdd,12.5,1.0,14.1,0.0,0.0,0.0,0.0,0.0,0.0,0.0,10.0,32.0,901.0,0.0100570375,normal
2026-06-01T02:30:51Z,worker-1,kube-system,kube-ovn-cni-cf7cj,cni-server,322.4,23.8,363.0,0.4,0.0,204624.0,1200.0,0.0,0.0,0.0,133.0,201.0,5038.0,0.0767096058,normal
2026-06-01T02:30:51Z,worker-1,kube-system,ovs-ovn-w75jd,openvswitch,99.5,60.8,37.9,0.0,0.0,38.0,41.0,0.0,0.0,0.0,52.0,88.0,2069.0,0.0311863555,normal
2026-06-01T02:30:51Z,worker-1,longhorn-system,csi-provisioner-688964c44b-7hv5d,csi-provisioner,37.4,9.9,0.0,0.0,0.0,205724.0,2190.0,0.0,0.0,0.0,0.0,0.0,1429.0,0.0070356226,normal
2026-06-01T02:30:51Z,worker-1,longhorn-system,instance-manager-bacbca1a1c80c6ca28fd5f2d5fd0c24c,instance-manager,193.4,7.3,11.3,0.4,0.0,2972.0,3145.0,0.0,0.0,0.0,6.0,6.0,687.0,0.0060488318,normal
2026-06-01T02:30:51Z,worker-1,ebpf-final,ebpf-collector-5588x,collector,0.2,0.8,0.3,0.1,0.0,12244.0,17667.0,0.0,0.0,0.0,0.0,0.0,10.0,0.0018185817,normal
2026-06-01T02:30:51Z,worker-1,longhorn-system,longhorn-csi-plugin-t8lpt,longhorn-liveness-probe,3.0,1.9,0.0,0.0,0.0,224.0,274.0,0.0,0.0,0.0,0.0,0.0,216.0,0.0016457885,normal
2026-06-01T02:30:51Z,worker-1,monitoring,my-monitoring-prometheus-node-exporter-829wk,node-exporter,178.5,0.8,154.8,0.0,0.0,573.0,26038.0,0.0,0.0,0.0,0.0,0.0,336.0,0.0120648907,normal
2026-06-01T02:30:51Z,worker-1,longhorn-system,csi-resizer-7d9bff5787-242pl,csi-resizer,3.1,2.6,0.0,0.0,0.0,1343.0,996.0,0.0,0.0,0.0,0.0,0.0,268.0,0.000773577,normal
2026-06-01T02:30:51Z,worker-1,kube-system,tetragon-kl9tz,export-stdout,6.1,4.8,0.0,0.0,0.0,0.0,0.0,0.0,0.0,0.0,0.0,0.0,10.0,0.000130834,normal
2026-06-01T02:31:01Z,worker-1,gpu-operator,gpu-operator-1764036362-node-feature-discovery-worker-9v5dt,worker,0.6,0.3,0.0,0.0,0.0,333.0,282.0,0.0,0.0,0.0,0.0,0.0,52.0,0.0003348789,normal
2026-06-01T02:31:01Z,worker-1,longhorn-system,longhorn-csi-plugin-t8lpt,longhorn-csi-plugin,3.1,1.5,0.0,0.0,0.0,0.0,0.0,0.0,0.0,0.0,0.0,0.0,85.0,0.0003827335,normal
2026-06-01T02:31:01Z,worker-1,longhorn-system,longhorn-manager-fgsfc,longhorn-manager,171.1,52.2,14.8,0.3,0.1,512023.0,21850.0,0.0,0.0,0.0,2.0,8.0,5225.0,0.0213133892,normal
2026-06-01T02:31:01Z,worker-1,longhorn-system,longhorn-csi-plugin-t8lpt,node-driver-registrar,0.1,0.1,0.0,0.0,0.0,0.0,0.0,0.0,0.0,0.0,0.0,0.0,9.0,3.11298e-05,normal
2026-06-01T02:31:01Z,worker-1,longhorn-system,csi-attacher-896ffc747-rxjjt,csi-attacher,3.9,3.5,0.0,0.0,0.0,1145.0,1012.0,0.0,0.0,0.0,0.0,0.0,297.0,0.0008569791,normal
2026-06-01T02:31:01Z,worker-1,longhorn-system,csi-snapshotter-65884686fc-gjw5g,csi-snapshotter,10.0,9.4,0.1,0.0,0.0,1735.0,1551.0,0.0,0.0,0.0,0.0,0.0,834.0,0.0024365633,normal
2026-06-01T02:31:01Z,worker-1,kube-system,nodelocaldns-zjml5,node-cache,13.4,4.7,0.3,1.0,0.0,4922.0,3562.0,0.0,0.0,0.0,0.0,0.0,754.0,0.0041169472,normal
2026-06-01T02:31:01Z,worker-1,kube-system,kube-ovn-pinger-vfzmn,pinger,51.7,21.6,13.3,0.2,0.0,115909.0,1580.0,0.0,12288.0,0.070036,17.0,26.0,4123.0,0.0193184909,normal
2026-06-01T02:31:01Z,worker-1,kube-system,tetragon-kl9tz,tetragon,7.9,6.1,0.4,0.0,0.0,17813.0,21446.0,0.0,0.0,0.0,0.0,0.0,13968.0,0.0411661992,normal
2026-06-01T02:31:01Z,worker-1,longhorn-system,engine-image-ei-3154f3aa-kvvkq,engine-image-ei-3154f3aa,12.7,1.0,14.3,0.0,0.0,0.0,0.0,0.0,0.0,0.0,10.0,43.0,1152.0,0.0130527678,normal
2026-06-01T02:31:01Z,worker-1,kube-system,kube-proxy-pdwww,kube-proxy,2.4,0.4,0.0,0.0,0.0,17279.0,96.0,0.0,0.0,0.0,0.0,0.0,97.0,0.0002318471,normal
2026-06-01T02:31:01Z,worker-1,longhorn-system,engine-image-ei-843accdd-tx99h,engine-image-ei-843accdd,12.4,1.0,14.0,0.0,0.0,0.0,0.0,0.0,0.0,0.0,10.0,24.0,690.0,0.0088088614,normal
2026-06-01T02:31:01Z,worker-1,kube-system,kube-ovn-cni-cf7cj,cni-server,373.5,26.5,443.0,0.2,0.0,204626.0,1200.0,0.0,0.0,0.0,172.0,204.0,4433.0,0.0756713677,normal
2026-06-01T02:31:01Z,worker-1,kube-system,ovs-ovn-w75jd,openvswitch,109.5,72.7,38.2,0.0,0.0,76.0,82.0,0.0,0.0,0.0,52.0,88.0,2334.0,0.0340984295,normal
2026-06-01T02:31:01Z,worker-1,longhorn-system,csi-provisioner-688964c44b-7hv5d,csi-provisioner,37.6,9.4,0.0,0.0,0.0,208871.0,2190.0,0.0,0.0,0.0,0.0,0.0,1503.0,0.0045419586,normal
2026-06-01T02:31:01Z,worker-1,longhorn-system,instance-manager-bacbca1a1c80c6ca28fd5f2d5fd0c24c,instance-manager,204.2,10.0,12.4,0.4,0.0,3811.0,3766.0,0.0,0.0,0.0,7.0,7.0,883.0,0.0121674317,normal
2026-06-01T02:31:01Z,worker-1,ebpf-final,ebpf-collector-5588x,collector,152.5,0.9,143.3,0.1,0.0,210441.0,19138.0,0.0,0.0,0.0,0.0,0.0,139.0,0.0227193608,normal
2026-06-01T02:31:01Z,worker-1,longhorn-system,longhorn-csi-plugin-t8lpt,longhorn-liveness-probe,2.7,1.8,0.0,0.0,0.0,224.0,274.0,0.0,0.0,0.0,0.0,0.0,191.0,0.0008659632,normal
2026-06-01T02:31:01Z,worker-1,monitoring,my-monitoring-prometheus-node-exporter-829wk,node-exporter,0.4,0.2,0.0,0.0,0.0,208.0,3254.0,0.0,0.0,0.0,0.0,0.0,20.0,0.0001375275,normal
2026-06-01T02:31:01Z,worker-1,longhorn-system,csi-resizer-7d9bff5787-242pl,csi-resizer,2.7,2.7,0.0,0.0,0.0,1094.0,1031.0,0.0,0.0,0.0,0.0,0.0,264.0,0.0007363149,normal
2026-06-01T02:31:01Z,worker-1,kube-system,tetragon-kl9tz,export-stdout,18.1,16.6,0.0,0.0,0.0,0.0,0.0,0.0,0.0,0.0,0.0,0.0,11.0,0.0002574298,normal
2026-06-01T02:31:12Z,worker-1,gpu-operator,gpu-operator-1764036362-node-feature-discovery-worker-9v5dt,worker,0.4,0.2,0.0,0.0,0.0,222.0,188.0,0.0,0.0,0.0,0.0,0.0,33.0,0.0002209635,normal
2026-06-01T02:31:12Z,worker-1,longhorn-system,longhorn-csi-plugin-t8lpt,longhorn-csi-plugin,2.8,1.2,0.0,0.0,0.0,0.0,0.0,0.0,0.0,0.0,0.0,0.0,93.0,0.0004036598,normal
2026-06-01T02:31:12Z,worker-1,longhorn-system,longhorn-manager-fgsfc,longhorn-manager,112.4,46.4,0.1,0.1,0.0,449255.0,13838.0,0.0,0.0,0.0,0.0,0.0,4301.0,0.0141282978,normal
2026-06-01T02:31:12Z,worker-1,longhorn-system,longhorn-csi-plugin-t8lpt,node-driver-registrar,0.1,0.1,0.0,0.0,0.0,0.0,0.0,0.0,0.0,0.0,0.0,0.0,9.0,3.16533e-05,normal
2026-06-01T02:31:12Z,worker-1,longhorn-system,csi-attacher-896ffc747-rxjjt,csi-attacher,2.9,2.9,0.0,0.0,0.0,1116.0,1049.0,0.0,0.0,0.0,0.0,0.0,264.0,0.0008094039,normal
2026-06-01T02:31:12Z,worker-1,longhorn-system,csi-snapshotter-65884686fc-gjw5g,csi-snapshotter,7.4,7.2,0.0,0.0,0.0,1132.0,1034.0,0.0,0.0,0.0,0.0,0.0,729.0,0.0021352399,normal
2026-06-01T02:31:12Z,worker-1,kube-system,nodelocaldns-zjml5,node-cache,13.6,4.5,0.4,1.0,0.0,4922.0,3562.0,0.0,0.0,0.0,0.0,0.0,682.0,0.0035030782,normal
2026-06-01T02:31:12Z,worker-1,kube-system,kube-ovn-pinger-vfzmn,pinger,45.8,21.5,13.2,0.2,0.0,115940.0,1532.0,0.0,12288.0,0.0726975,17.0,26.0,3701.0,0.0154946573,normal
2026-06-01T02:31:12Z,worker-1,kube-system,tetragon-kl9tz,tetragon,5.7,3.2,0.0,0.0,0.0,17748.0,239.0,0.0,0.0,0.0,0.0,0.0,12975.0,0.0390112674,normal
2026-06-01T02:31:12Z,worker-1,longhorn-system,engine-image-ei-3154f3aa-kvvkq,engine-image-ei-3154f3aa,12.8,1.0,14.4,0.0,0.0,0.0,0.0,0.0,0.0,0.0,10.0,42.0,1113.0,0.012964861,normal
2026-06-01T02:31:12Z,worker-1,kube-system,kube-proxy-pdwww,kube-proxy,2.4,0.5,0.0,0.0,0.0,17296.0,96.0,0.0,0.0,0.0,0.0,0.0,79.0,0.0003037167,normal
2026-06-01T02:31:12Z,worker-1,longhorn-system,engine-image-ei-843accdd-tx99h,engine-image-ei-843accdd,12.6,1.0,14.2,0.0,0.0,0.0,0.0,0.0,0.0,0.0,10.0,35.0,997.0,0.0103137997,normal
2026-06-01T02:31:12Z,worker-1,kube-system,kube-ovn-cni-cf7cj,cni-server,317.9,21.8,361.6,0.4,0.0,204624.0,1152.0,0.0,0.0,0.0,132.0,197.0,5048.0,0.0757214792,normal
2026-06-01T02:31:12Z,worker-1,kube-system,ovs-ovn-w75jd,openvswitch,98.3,58.7,37.9,0.0,0.0,38.0,41.0,0.0,0.0,0.0,52.0,88.0,1806.0,0.0303833143,normal
2026-06-01T02:31:12Z,worker-1,longhorn-system,csi-provisioner-688964c44b-7hv5d,csi-provisioner,34.1,6.3,0.0,0.0,0.0,202997.0,2190.0,0.0,0.0,0.0,0.0,0.0,1361.0,0.0039107516,normal
2026-06-01T02:31:12Z,worker-1,longhorn-system,instance-manager-bacbca1a1c80c6ca28fd5f2d5fd0c24c,instance-manager,196.6,9.7,11.3,0.5,0.0,4108.0,4933.0,0.0,0.0,0.0,6.0,6.0,756.0,0.0072391329,normal
2026-06-01T02:31:12Z,worker-1,ebpf-final,ebpf-collector-5588x,collector,0.2,0.7,0.3,0.1,0.0,11906.0,17180.0,0.0,0.0,0.0,0.0,0.0,9.0,0.0013203833,normal
2026-06-01T02:31:12Z,worker-1,longhorn-system,longhorn-csi-plugin-t8lpt,longhorn-liveness-probe,2.9,1.7,0.0,0.0,0.0,224.0,274.0,0.0,0.0,0.0,0.0,0.0,177.0,0.0008053029,normal
2026-06-01T02:31:12Z,worker-1,monitoring,my-monitoring-prometheus-node-exporter-829wk,node-exporter,0.3,0.2,0.0,0.0,0.0,208.0,3254.0,0.0,0.0,0.0,0.0,0.0,18.0,0.0001359019,normal
2026-06-01T02:31:12Z,worker-1,longhorn-system,csi-resizer-7d9bff5787-242pl,csi-resizer,2.4,2.2,0.0,0.0,0.0,1641.0,1494.0,0.0,0.0,0.0,0.0,0.0,203.0,0.0008215057,normal
2026-06-01T02:31:12Z,worker-1,kube-system,tetragon-kl9tz,export-stdout,6.7,5.4,0.0,0.0,0.0,0.0,0.0,0.0,0.0,0.0,0.0,0.0,10.0,0.0001346777,normal
2026-06-01T02:31:22Z,worker-1,gpu-operator,gpu-operator-1764036362-node-feature-discovery-worker-9v5dt,worker,296.2,4.3,159.6,0.0,0.0,137979.0,1811.0,0.0,0.0,0.0,0.0,0.0,1981.0,0.0294831997,normal
2026-06-01T02:31:22Z,worker-1,longhorn-system,longhorn-csi-plugin-t8lpt,longhorn-csi-plugin,2.8,1.0,0.0,0.0,0.0,0.0,0.0,0.0,0.0,0.0,0.0,0.0,82.0,0.0003885763,normal
2026-06-01T02:31:22Z,worker-1,longhorn-system,longhorn-manager-fgsfc,longhorn-manager,116.4,45.8,0.1,0.1,0.0,484494.0,10950.0,0.0,0.0,0.0,0.0,0.0,4473.0,0.0149987236,normal
2026-06-01T02:31:22Z,worker-1,longhorn-system,longhorn-csi-plugin-t8lpt,node-driver-registrar,0.1,0.1,0.0,0.0,0.0,0.0,0.0,0.0,0.0,0.0,0.0,0.0,9.0,3.0615e-05,normal
2026-06-01T02:31:22Z,worker-1,longhorn-system,csi-attacher-896ffc747-rxjjt,csi-attacher,3.1,3.1,0.0,0.0,0.0,1112.0,1014.0,0.0,0.0,0.0,0.0,0.0,267.0,0.000815976,normal
2026-06-01T02:31:22Z,worker-1,longhorn-system,csi-snapshotter-65884686fc-gjw5g,csi-snapshotter,6.6,6.8,0.0,0.0,0.0,568.0,1070.0,0.0,0.0,0.0,0.0,0.0,718.0,0.0020987279,normal
2026-06-01T02:31:22Z,worker-1,kube-system,nodelocaldns-zjml5,node-cache,13.2,4.4,0.3,1.0,0.0,4922.0,3562.0,0.0,0.0,0.0,0.0,0.0,731.0,0.0040360432,normal
2026-06-01T02:31:22Z,worker-1,kube-system,kube-ovn-pinger-vfzmn,pinger,45.3,22.1,13.2,0.2,0.0,115852.0,1436.0,0.0,12288.0,0.0862435,17.0,26.0,3702.0,0.0186683551,normal
2026-06-01T02:31:22Z,worker-1,kube-system,tetragon-kl9tz,tetragon,5.7,3.3,0.0,0.0,0.0,17595.0,239.0,0.0,0.0,0.0,0.0,0.0,12489.0,0.0335885982,normal
2026-06-01T02:31:22Z,worker-1,longhorn-system,engine-image-ei-3154f3aa-kvvkq,engine-image-ei-3154f3aa,12.8,1.0,14.4,0.0,0.0,0.0,0.0,0.0,0.0,0.0,10.0,41.0,1038.0,0.0131895375,normal
2026-06-01T02:31:22Z,worker-1,kube-system,kube-proxy-pdwww,kube-proxy,2.0,0.5,0.0,0.0,0.0,17157.0,96.0,0.0,0.0,0.0,0.0,0.0,179.0,0.002085629,normal
2026-06-01T02:31:22Z,worker-1,longhorn-system,engine-image-ei-843accdd-tx99h,engine-image-ei-843accdd,12.4,1.0,14.0,0.0,0.0,0.0,0.0,0.0,0.0,0.0,10.0,29.0,778.0,0.0106103417,normal
2026-06-01T02:31:22Z,worker-1,kube-system,kube-ovn-cni-cf7cj,cni-server,321.4,22.1,362.9,0.2,0.0,204616.0,1200.0,0.0,0.0,0.0,133.0,170.0,4020.0,0.0604387219,normal
2026-06-01T02:31:22Z,worker-1,kube-system,ovs-ovn-w75jd,openvswitch,102.7,63.2,37.9,0.0,0.0,38.0,41.0,0.0,0.0,0.0,52.0,88.0,2137.0,0.031272197,normal
2026-06-01T02:31:22Z,worker-1,longhorn-system,csi-provisioner-688964c44b-7hv5d,csi-provisioner,36.2,7.9,0.0,0.0,0.0,205702.0,2188.0,0.0,0.0,0.0,0.0,0.0,1404.0,0.0040357147,normal
2026-06-01T02:31:22Z,worker-1,longhorn-system,instance-manager-bacbca1a1c80c6ca28fd5f2d5fd0c24c,instance-manager,193.1,7.7,11.3,0.4,0.1,2972.0,3145.0,0.0,0.0,0.0,6.0,6.0,677.0,0.0065519785,normal
2026-06-01T02:31:22Z,worker-1,ebpf-final,ebpf-collector-5588x,collector,0.2,0.7,0.3,0.1,0.0,11549.0,16656.0,0.0,0.0,0.0,0.0,0.0,11.0,0.0017722172,normal
2026-06-01T02:31:22Z,worker-1,longhorn-system,longhorn-csi-plugin-t8lpt,longhorn-liveness-probe,3.0,1.9,0.0,0.0,0.0,224.0,274.0,0.0,0.0,0.0,0.0,0.0,173.0,0.0008713511,normal
2026-06-01T02:31:22Z,worker-1,monitoring,my-monitoring-prometheus-node-exporter-829wk,node-exporter,178.5,0.8,154.8,0.0,0.0,573.0,26050.0,0.0,0.0,0.0,0.0,0.0,394.0,0.0141789361,normal
2026-06-01T02:31:22Z,worker-1,longhorn-system,csi-resizer-7d9bff5787-242pl,csi-resizer,1.9,2.0,0.0,0.0,0.0,550.0,994.0,0.0,0.0,0.0,0.0,0.0,235.0,0.0006774847,normal
2026-06-01T02:31:22Z,worker-1,kube-system,tetragon-kl9tz,export-stdout,6.1,4.8,0.0,0.0,0.0,0.0,0.0,0.0,0.0,0.0,0.0,0.0,10.0,0.0001256527,normal
2026-06-01T02:31:32Z,worker-1,gpu-operator,gpu-operator-1764036362-node-feature-discovery-worker-9v5dt,worker,0.4,0.2,0.0,0.0,0.0,222.0,188.0,0.0,0.0,0.0,0.0,0.0,37.0,0.000222748,normal
2026-06-01T02:31:32Z,worker-1,longhorn-system,longhorn-csi-plugin-t8lpt,longhorn-csi-plugin,3.0,1.4,0.0,0.0,0.0,0.0,0.0,0.0,0.0,0.0,0.0,0.0,80.0,0.0003597112,normal
2026-06-01T02:31:32Z,worker-1,longhorn-system,longhorn-manager-fgsfc,longhorn-manager,349.5,50.8,186.0,0.2,0.0,502475.0,26556.0,0.0,0.0,0.0,17.0,23.0,5801.0,0.0467221525,normal
2026-06-01T02:31:32Z,worker-1,longhorn-system,longhorn-csi-plugin-t8lpt,node-driver-registrar,0.1,0.1,0.0,0.0,0.0,0.0,0.0,0.0,0.0,0.0,0.0,0.0,9.0,3.04017e-05,normal
2026-06-01T02:31:32Z,worker-1,longhorn-system,csi-attacher-896ffc747-rxjjt,csi-attacher,3.8,3.3,0.1,0.0,0.0,1229.0,1014.0,0.0,0.0,0.0,0.0,0.0,287.0,0.000934379,normal
2026-06-01T02:31:32Z,worker-1,longhorn-system,csi-snapshotter-65884686fc-gjw5g,csi-snapshotter,9.4,8.8,0.0,0.0,0.0,1964.0,1071.0,0.0,0.0,0.0,0.0,0.0,820.0,0.0025042879,normal
2026-06-01T02:31:32Z,worker-1,kube-system,nodelocaldns-zjml5,node-cache,13.9,4.5,0.3,1.1,0.0,5145.0,3785.0,0.0,0.0,0.0,0.0,0.0,849.0,0.004328923,normal
2026-06-01T02:31:32Z,worker-1,kube-system,kube-ovn-pinger-vfzmn,pinger,50.7,21.3,13.2,0.2,0.0,115849.0,1580.0,0.0,12288.0,0.067741,17.0,26.0,3544.0,0.0191815931,normal
2026-06-01T02:31:32Z,worker-1,kube-system,tetragon-kl9tz,tetragon,5.2,11.8,0.0,0.0,0.0,17619.0,239.0,0.0,0.0,0.0,0.0,0.0,13434.0,0.0465482328,normal
2026-06-01T02:31:32Z,worker-1,longhorn-system,engine-image-ei-3154f3aa-kvvkq,engine-image-ei-3154f3aa,12.8,1.0,14.4,0.0,0.0,0.0,0.0,0.0,0.0,0.0,10.0,40.0,1131.0,0.0128869179,normal
2026-06-01T02:31:32Z,worker-1,kube-system,kube-proxy-pdwww,kube-proxy,1.5,0.5,0.0,0.0,0.0,17157.0,96.0,0.0,0.0,0.0,0.0,0.0,85.0,0.0002812722,normal
2026-06-01T02:31:32Z,worker-1,longhorn-system,engine-image-ei-843accdd-tx99h,engine-image-ei-843accdd,12.5,1.0,14.1,0.0,0.0,0.0,0.0,0.0,0.0,0.0,10.0,32.0,859.0,0.0107234444,normal
2026-06-01T02:31:32Z,worker-1,kube-system,kube-ovn-cni-cf7cj,cni-server,318.6,23.2,361.5,0.4,0.0,204477.0,1200.0,0.0,0.0,0.0,132.0,196.0,5123.0,0.0786428933,normal
2026-06-01T02:31:32Z,worker-1,kube-system,ovs-ovn-w75jd,openvswitch,102.3,62.3,38.3,0.0,0.0,38.0,41.0,0.0,0.0,0.0,52.0,88.0,2081.0,0.0331966032,normal
2026-06-01T02:31:32Z,worker-1,longhorn-system,csi-provisioner-688964c44b-7hv5d,csi-provisioner,34.6,6.8,0.1,0.0,0.0,205692.0,2188.0,0.0,0.0,0.0,0.0,0.0,1447.0,0.0065087565,normal
2026-06-01T02:31:32Z,worker-1,longhorn-system,instance-manager-bacbca1a1c80c6ca28fd5f2d5fd0c24c,instance-manager,210.0,12.0,12.4,0.4,0.0,4998.0,5046.0,0.0,0.0,0.0,7.0,7.0,953.0,0.0095339965,normal
2026-06-01T02:31:32Z,worker-1,ebpf-final,ebpf-collector-5588x,collector,154.3,0.8,143.4,0.1,0.0,209395.0,17623.0,0.0,0.0,0.0,0.0,0.0,162.0,0.0232096088,normal
2026-06-01T02:31:32Z,worker-1,longhorn-system,longhorn-csi-plugin-t8lpt,longhorn-liveness-probe,2.8,1.7,0.0,0.0,0.0,224.0,274.0,0.0,0.0,0.0,0.0,0.0,170.0,0.0008302474,normal
2026-06-01T02:31:32Z,worker-1,monitoring,my-monitoring-prometheus-node-exporter-829wk,node-exporter,0.5,0.3,0.0,0.0,0.0,312.0,4881.0,0.0,0.0,0.0,0.0,0.0,28.0,0.0001962101,normal
2026-06-01T02:31:32Z,worker-1,longhorn-system,csi-resizer-7d9bff5787-242pl,csi-resizer,3.3,2.5,0.1,0.0,0.0,1787.0,994.0,0.0,0.0,0.0,0.0,0.0,249.0,0.0008074661,normal
2026-06-01T02:31:32Z,worker-1,kube-system,tetragon-kl9tz,export-stdout,62.6,61.2,0.0,0.0,0.0,0.0,0.0,0.0,0.0,0.0,0.0,0.0,10.0,0.0008952057,normal
2026-06-01T02:31:42Z,worker-1,gpu-operator,gpu-operator-1764036362-node-feature-discovery-worker-9v5dt,worker,0.5,0.2,0.0,0.0,0.0,222.0,188.0,0.0,0.0,0.0,0.0,0.0,33.0,0.0002085984,normal
2026-06-01T02:31:42Z,worker-1,longhorn-system,longhorn-csi-plugin-t8lpt,longhorn-csi-plugin,3.1,1.4,0.0,0.0,0.0,0.0,0.0,0.0,0.0,0.0,0.0,0.0,82.0,0.0003615157,normal
2026-06-01T02:31:42Z,worker-1,longhorn-system,longhorn-manager-fgsfc,longhorn-manager,111.2,40.7,0.2,0.1,0.0,476953.0,12331.0,0.0,0.0,0.0,0.0,0.0,4406.0,0.0145718563,normal
2026-06-01T02:31:42Z,worker-1,longhorn-system,longhorn-csi-plugin-t8lpt,node-driver-registrar,0.1,0.1,0.0,0.0,0.0,0.0,0.0,0.0,0.0,0.0,0.0,0.0,9.0,3.17721e-05,normal
2026-06-01T02:31:42Z,worker-1,longhorn-system,csi-attacher-896ffc747-rxjjt,csi-attacher,2.9,2.8,0.0,0.0,0.0,1112.0,1014.0,0.0,0.0,0.0,0.0,0.0,291.0,0.0022113173,normal
2026-06-01T02:31:42Z,worker-1,longhorn-system,csi-snapshotter-65884686fc-gjw5g,csi-snapshotter,8.1,7.4,0.2,0.0,0.0,1248.0,1072.0,0.0,0.0,0.0,0.0,0.0,819.0,0.0023779375,normal
2026-06-01T02:31:42Z,worker-1,kube-system,nodelocaldns-zjml5,node-cache,25.1,4.7,37.6,1.0,0.0,3059.0,2774.0,0.0,0.0,0.0,12.0,12.0,788.0,0.0080676344,normal
2026-06-01T02:31:42Z,worker-1,kube-system,kube-ovn-pinger-vfzmn,pinger,38.1,16.6,13.2,0.2,0.0,115854.0,1436.0,0.0,12288.0,0.071288,17.0,26.0,2739.0,0.0152948259,normal
2026-06-01T02:31:42Z,worker-1,kube-system,tetragon-kl9tz,tetragon,5.4,3.2,0.0,0.0,0.0,17448.0,239.0,0.0,0.0,0.0,0.0,0.0,13170.0,0.0368878238,normal
2026-06-01T02:31:42Z,worker-1,longhorn-system,engine-image-ei-3154f3aa-kvvkq,engine-image-ei-3154f3aa,12.9,1.0,14.5,0.0,0.0,0.0,0.0,0.0,0.0,0.0,10.0,40.0,1042.0,0.0132551604,normal
2026-06-01T02:31:42Z,worker-1,kube-system,kube-proxy-pdwww,kube-proxy,2.2,0.4,0.0,0.0,0.0,17157.0,96.0,0.0,0.0,0.0,0.0,0.0,91.0,0.0002015666,normal
2026-06-01T02:31:42Z,worker-1,longhorn-system,engine-image-ei-843accdd-tx99h,engine-image-ei-843accdd,12.6,1.0,14.2,0.0,0.0,0.0,0.0,0.0,0.0,0.0,10.0,33.0,960.0,0.0106394149,normal
2026-06-01T02:31:42Z,worker-1,kube-system,kube-ovn-cni-cf7cj,cni-server,369.2,26.5,440.0,0.2,0.0,204784.0,1200.0,0.0,0.0,0.0,169.0,200.0,4625.0,0.0760451873,normal
2026-06-01T02:31:42Z,worker-1,kube-system,ovs-ovn-w75jd,openvswitch,99.7,60.5,37.9,0.0,0.0,38.0,41.0,0.0,0.0,0.0,52.0,88.0,2006.0,0.029725477,normal
2026-06-01T02:31:42Z,worker-1,longhorn-system,csi-provisioner-688964c44b-7hv5d,csi-provisioner,35.9,8.6,0.0,0.0,0.0,205599.0,2189.0,0.0,0.0,0.0,0.0,0.0,1311.0,0.0040111797,normal
2026-06-01T02:31:42Z,worker-1,longhorn-system,instance-manager-bacbca1a1c80c6ca28fd5f2d5fd0c24c,instance-manager,193.4,7.7,11.3,0.4,0.0,3023.0,3196.0,0.0,0.0,0.0,6.0,6.0,676.0,0.0058693401,normal
2026-06-01T02:31:42Z,worker-1,ebpf-final,ebpf-collector-5588x,collector,0.2,0.7,0.3,0.1,0.0,11542.0,16665.0,0.0,0.0,0.0,0.0,0.0,12.0,0.0011482998,normal
2026-06-01T02:31:42Z,worker-1,longhorn-system,longhorn-csi-plugin-t8lpt,longhorn-liveness-probe,2.8,1.8,0.0,0.0,0.0,224.0,274.0,0.0,0.0,0.0,0.0,0.0,194.0,0.0008604144,normal
2026-06-01T02:31:42Z,worker-1,monitoring,my-monitoring-prometheus-node-exporter-829wk,node-exporter,0.4,0.2,0.0,0.0,0.0,208.0,3254.0,0.0,0.0,0.0,0.0,0.0,24.0,0.0001701432,normal
2026-06-01T02:31:42Z,worker-1,longhorn-system,csi-resizer-7d9bff5787-242pl,csi-resizer,2.6,2.5,0.0,0.0,0.0,1091.0,994.0,0.0,0.0,0.0,0.0,0.0,228.0,0.0006734647,normal
2026-06-01T02:31:42Z,worker-1,kube-system,tetragon-kl9tz,export-stdout,6.1,4.8,0.0,0.0,0.0,0.0,0.0,0.0,0.0,0.0,0.0,0.0,10.0,0.0001597287,normal
2026-06-01T02:31:52Z,worker-1,gpu-operator,gpu-operator-1764036362-node-feature-discovery-worker-9v5dt,worker,0.7,0.4,0.0,0.0,0.0,261.0,227.0,0.0,0.0,0.0,0.0,0.0,98.0,0.0003196327,normal
2026-06-01T02:31:52Z,worker-1,longhorn-system,longhorn-csi-plugin-t8lpt,longhorn-csi-plugin,2.8,1.3,0.0,0.0,0.0,0.0,0.0,0.0,0.0,0.0,0.0,0.0,86.0,0.0003930997,normal
2026-06-01T02:31:52Z,worker-1,longhorn-system,longhorn-manager-fgsfc,longhorn-manager,117.1,45.7,0.2,0.1,0.0,469463.0,11318.0,0.0,0.0,0.0,0.0,0.0,4528.0,0.0144189438,normal
2026-06-01T02:31:52Z,worker-1,longhorn-system,longhorn-csi-plugin-t8lpt,node-driver-registrar,0.1,0.1,0.0,0.0,0.0,0.0,0.0,0.0,0.0,0.0,0.0,0.0,9.0,3.10468e-05,normal
2026-06-01T02:31:52Z,worker-1,longhorn-system,csi-attacher-896ffc747-rxjjt,csi-attacher,3.8,2.7,0.0,0.0,0.0,1642.0,1049.0,0.0,0.0,0.0,0.0,0.0,340.0,0.0010103315,normal
2026-06-01T02:31:52Z,worker-1,longhorn-system,csi-snapshotter-65884686fc-gjw5g,csi-snapshotter,6.9,6.5,0.0,0.0,0.0,1167.0,1034.0,0.0,0.0,0.0,0.0,0.0,759.0,0.0021967396,normal
2026-06-01T02:31:52Z,worker-1,kube-system,nodelocaldns-zjml5,node-cache,13.2,4.3,0.3,1.2,0.0,4922.0,3562.0,0.0,0.0,0.0,0.0,0.0,776.0,0.0040835977,normal
2026-06-01T02:31:52Z,worker-1,kube-system,kube-ovn-pinger-vfzmn,pinger,43.4,18.7,13.3,0.2,0.0,115918.0,1436.0,0.0,12288.0,0.070854,17.0,26.0,3339.0,0.016075607,normal
2026-06-01T02:31:52Z,worker-1,kube-system,tetragon-kl9tz,tetragon,5.2,3.1,0.0,0.0,0.0,17448.0,239.0,0.0,0.0,0.0,0.0,0.0,12858.0,0.0392930981,normal
2026-06-01T02:31:52Z,worker-1,longhorn-system,engine-image-ei-3154f3aa-kvvkq,engine-image-ei-3154f3aa,12.8,1.0,14.4,0.0,0.0,0.0,0.0,0.0,0.0,0.0,10.0,41.0,1082.0,0.0121501338,normal
2026-06-01T02:31:52Z,worker-1,kube-system,kube-proxy-pdwww,kube-proxy,2.0,0.5,0.0,0.0,0.0,17408.0,96.0,0.0,0.0,0.0,0.0,0.0,148.0,0.0003425704,normal
2026-06-01T02:31:52Z,worker-1,longhorn-system,engine-image-ei-843accdd-tx99h,engine-image-ei-843accdd,12.4,1.0,14.0,0.0,0.0,0.0,0.0,0.0,0.0,0.0,10.0,27.0,711.0,0.0101928261,normal
2026-06-01T02:31:52Z,worker-1,kube-system,kube-ovn-cni-cf7cj,cni-server,322.9,22.0,365.0,0.3,0.0,204773.0,1200.0,0.0,0.0,0.0,135.0,181.0,4605.0,0.0692185824,normal
2026-06-01T02:31:52Z,worker-1,kube-system,ovs-ovn-w75jd,openvswitch,110.1,60.4,46.6,0.0,0.0,38.0,41.0,0.0,0.0,0.0,65.0,110.0,1972.0,0.0335797074,normal
2026-06-01T02:31:52Z,worker-1,longhorn-system,csi-provisioner-688964c44b-7hv5d,csi-provisioner,36.9,8.9,0.0,0.0,0.0,205689.0,2190.0,0.0,0.0,0.0,0.0,0.0,1387.0,0.0042507508,normal
2026-06-01T02:31:52Z,worker-1,longhorn-system,instance-manager-bacbca1a1c80c6ca28fd5f2d5fd0c24c,instance-manager,25.8,6.9,1.2,0.0,0.0,2972.0,3085.0,0.0,0.0,0.0,1.0,1.0,529.0,0.0032390512,normal
2026-06-01T02:31:52Z,worker-1,ebpf-final,ebpf-collector-5588x,collector,0.2,0.7,0.3,0.1,0.0,11210.0,16144.0,0.0,0.0,0.0,0.0,0.0,11.0,0.001839955,normal
2026-06-01T02:31:52Z,worker-1,longhorn-system,longhorn-csi-plugin-t8lpt,longhorn-liveness-probe,2.9,2.0,0.0,0.0,0.0,224.0,274.0,0.0,0.0,0.0,0.0,0.0,267.0,0.0019594119,normal
2026-06-01T02:31:52Z,worker-1,monitoring,my-monitoring-prometheus-node-exporter-829wk,node-exporter,178.5,0.8,154.8,0.0,0.0,573.0,26014.0,0.0,0.0,0.0,0.0,0.0,228.0,0.0121864908,normal
2026-06-01T02:31:52Z,worker-1,longhorn-system,csi-resizer-7d9bff5787-242pl,csi-resizer,2.7,2.3,0.0,0.0,0.0,1346.0,1030.0,0.0,0.0,0.0,0.0,0.0,312.0,0.0007997936,normal
2026-06-01T02:31:52Z,worker-1,kube-system,tetragon-kl9tz,export-stdout,6.1,4.8,0.0,0.0,0.0,0.0,0.0,0.0,0.0,0.0,0.0,0.0,10.0,0.000143939,normal
2026-06-01T02:32:03Z,worker-1,gpu-operator,gpu-operator-1764036362-node-feature-discovery-worker-9v5dt,worker,0.5,0.2,0.0,0.0,0.0,222.0,188.0,0.0,0.0,0.0,0.0,0.0,34.0,0.0002086486,normal
2026-06-01T02:32:03Z,worker-1,longhorn-system,longhorn-csi-plugin-t8lpt,longhorn-csi-plugin,3.9,1.7,0.0,0.0,0.0,0.0,0.0,0.0,0.0,0.0,0.0,0.0,120.0,0.0005650582,normal
2026-06-01T02:32:03Z,worker-1,longhorn-system,longhorn-manager-fgsfc,longhorn-manager,184.3,50.4,21.2,0.4,0.0,485957.0,23860.0,0.0,0.0,0.0,2.0,8.0,5143.0,0.023923072,normal
2026-06-01T02:32:03Z,worker-1,longhorn-system,longhorn-csi-plugin-t8lpt,node-driver-registrar,0.2,0.2,0.0,0.0,0.0,0.0,0.0,0.0,0.0,0.0,0.0,0.0,14.0,4.71846e-05,normal
2026-06-01T02:32:03Z,worker-1,longhorn-system,csi-attacher-896ffc747-rxjjt,csi-attacher,3.6,3.0,0.1,0.0,0.0,1358.0,1144.0,0.0,0.0,0.0,0.0,0.0,305.0,0.0009788153,normal
2026-06-01T02:32:03Z,worker-1,longhorn-system,csi-snapshotter-65884686fc-gjw5g,csi-snapshotter,7.9,7.7,0.0,0.0,0.0,1132.0,1034.0,0.0,0.0,0.0,0.0,0.0,803.0,0.0023407246,normal
2026-06-01T02:32:03Z,worker-1,kube-system,nodelocaldns-zjml5,node-cache,16.4,5.4,0.4,1.0,0.0,6394.0,4290.0,0.0,0.0,0.0,0.0,0.0,1046.0,0.0048718372,normal
2026-06-01T02:32:03Z,worker-1,kube-system,kube-ovn-pinger-vfzmn,pinger,48.8,21.5,13.2,0.2,0.0,115883.0,1532.0,0.0,4096.0,0.066875,17.0,26.0,4029.0,0.0178834841,normal
2026-06-01T02:32:03Z,worker-1,kube-system,tetragon-kl9tz,tetragon,7.6,5.9,0.4,0.0,0.0,17952.0,21453.0,0.0,0.0,0.0,0.0,0.0,13514.0,0.0442454733,normal
2026-06-01T02:32:03Z,worker-1,longhorn-system,engine-image-ei-3154f3aa-kvvkq,engine-image-ei-3154f3aa,12.7,1.0,14.3,0.0,0.0,0.0,0.0,0.0,0.0,0.0,10.0,37.0,1117.0,0.0127457598,normal
2026-06-01T02:32:03Z,worker-1,kube-system,kube-proxy-pdwww,kube-proxy,2.0,0.5,0.0,0.0,0.0,17279.0,96.0,0.0,0.0,0.0,0.0,0.0,111.0,0.0003073602,normal
2026-06-01T02:32:03Z,worker-1,longhorn-system,engine-image-ei-843accdd-tx99h,engine-image-ei-843accdd,15.4,1.2,17.4,0.0,0.0,0.0,0.0,0.0,0.0,0.0,12.0,41.0,1149.0,0.0139445421,normal
2026-06-01T02:32:03Z,worker-1,kube-system,kube-ovn-cni-cf7cj,cni-server,317.4,22.5,360.8,0.3,0.0,204477.0,1200.0,0.0,0.0,0.0,131.0,184.0,4557.0,0.070546078,normal
2026-06-01T02:32:03Z,worker-1,kube-system,ovs-ovn-w75jd,openvswitch,102.8,63.6,38.2,0.0,0.0,38.0,41.0,0.0,0.0,0.0,52.0,88.0,2089.0,0.0341246161,normal
2026-06-01T02:32:03Z,worker-1,longhorn-system,csi-provisioner-688964c44b-7hv5d,csi-provisioner,35.3,7.4,0.0,0.0,0.0,206078.0,2190.0,0.0,0.0,0.0,0.0,0.0,1389.0,0.0043126696,normal
2026-06-01T02:32:03Z,worker-1,longhorn-system,instance-manager-bacbca1a1c80c6ca28fd5f2d5fd0c24c,instance-manager,204.4,9.6,12.4,0.4,0.0,3837.0,3792.0,0.0,0.0,0.0,7.0,7.0,848.0,0.0091362406,normal
2026-06-01T02:32:03Z,worker-1,ebpf-final,ebpf-collector-5588x,collector,153.2,0.9,143.3,0.1,0.0,210436.0,19133.0,0.0,0.0,0.0,0.0,0.0,158.0,0.0212061912,normal
2026-06-01T02:32:03Z,worker-1,longhorn-system,longhorn-csi-plugin-t8lpt,longhorn-liveness-probe,4.1,2.5,0.0,0.0,0.0,336.0,411.0,0.0,0.0,0.0,0.0,0.0,276.0,0.0012671592,normal
2026-06-01T02:32:03Z,worker-1,monitoring,my-monitoring-prometheus-node-exporter-829wk,node-exporter,0.3,0.2,0.0,0.0,0.0,208.0,3254.0,0.0,0.0,0.0,0.0,0.0,17.0,0.0001458453,normal
2026-06-01T02:32:03Z,worker-1,longhorn-system,csi-resizer-7d9bff5787-242pl,csi-resizer,1.9,1.7,0.0,0.0,0.0,1094.0,996.0,0.0,0.0,0.0,0.0,0.0,224.0,0.0007262121,normal
2026-06-01T02:32:03Z,worker-1,kube-system,tetragon-kl9tz,export-stdout,19.1,17.7,0.0,0.0,0.0,0.0,0.0,0.0,0.0,0.0,0.0,0.0,11.0,0.0002886717,normal
2026-06-01T02:32:13Z,worker-1,gpu-operator,gpu-operator-1764036362-node-feature-discovery-worker-9v5dt,worker,0.6,0.2,0.0,0.0,0.0,222.0,188.0,0.0,0.0,0.0,0.0,0.0,36.0,0.0002127851,normal
2026-06-01T02:32:13Z,worker-1,longhorn-system,longhorn-csi-plugin-t8lpt,longhorn-csi-plugin,2.8,1.2,0.0,0.0,0.0,0.0,0.0,0.0,0.0,0.0,0.0,0.0,150.0,0.0018245365,normal
2026-06-01T02:32:13Z,worker-1,longhorn-system,longhorn-manager-fgsfc,longhorn-manager,111.7,42.5,0.1,0.1,0.0,471185.0,13919.0,0.0,0.0,0.0,0.0,0.0,4350.0,0.0140565935,normal
2026-06-01T02:32:13Z,worker-1,longhorn-system,longhorn-csi-plugin-t8lpt,node-driver-registrar,0.1,0.1,0.0,0.0,0.0,0.0,0.0,0.0,0.0,0.0,0.0,0.0,9.0,3.0968e-05,normal
2026-06-01T02:32:13Z,worker-1,longhorn-system,csi-attacher-896ffc747-rxjjt,csi-attacher,3.3,3.0,0.0,0.0,0.0,1138.0,1014.0,0.0,0.0,0.0,0.0,0.0,271.0,0.0008411973,normal
2026-06-01T02:32:13Z,worker-1,longhorn-system,csi-snapshotter-65884686fc-gjw5g,csi-snapshotter,7.2,6.9,0.0,0.0,0.0,1286.0,1108.0,0.0,0.0,0.0,0.0,0.0,798.0,0.002364533,normal
2026-06-01T02:32:13Z,worker-1,kube-system,nodelocaldns-zjml5,node-cache,13.7,4.4,0.3,1.1,0.0,5145.0,3785.0,0.0,0.0,0.0,0.0,0.0,789.0,0.00398674,normal
2026-06-01T02:32:13Z,worker-1,kube-system,kube-ovn-pinger-vfzmn,pinger,46.2,19.7,13.2,0.2,0.0,83766.0,1205.0,0.0,16384.0,0.0673245,17.0,26.0,3287.0,0.0151873747,normal
2026-06-01T02:32:13Z,worker-1,kube-system,tetragon-kl9tz,tetragon,5.7,3.6,0.0,0.0,0.0,17609.0,239.0,0.0,0.0,0.0,0.0,0.0,13854.0,0.0348786204,normal
2026-06-01T02:32:13Z,worker-1,longhorn-system,engine-image-ei-3154f3aa-kvvkq,engine-image-ei-3154f3aa,16.3,1.3,18.3,0.0,0.0,0.0,0.0,0.0,0.0,0.0,13.0,55.0,1298.0,0.0158837422,normal
2026-06-01T02:32:13Z,worker-1,kube-system,kube-proxy-pdwww,kube-proxy,2.5,0.5,0.0,0.0,0.0,17296.0,96.0,0.0,0.0,0.0,0.0,0.0,123.0,0.0003137893,normal
2026-06-01T02:32:13Z,worker-1,longhorn-system,engine-image-ei-843accdd-tx99h,engine-image-ei-843accdd,12.6,1.0,14.2,0.0,0.0,0.0,0.0,0.0,0.0,0.0,10.0,35.0,975.0,0.0108802345,normal
2026-06-01T02:32:13Z,worker-1,kube-system,kube-ovn-cni-cf7cj,cni-server,422.1,27.8,499.6,0.3,0.0,204771.0,1200.0,0.0,0.0,0.0,175.0,222.0,5238.0,0.0830082047,normal
2026-06-01T02:32:13Z,worker-1,kube-system,ovs-ovn-w75jd,openvswitch,100.9,59.6,38.0,0.0,0.0,38.0,41.0,0.0,0.0,0.0,52.0,88.0,2066.0,0.0327859165,normal
2026-06-01T02:32:13Z,worker-1,longhorn-system,csi-provisioner-688964c44b-7hv5d,csi-provisioner,35.0,8.3,0.0,0.0,0.0,205827.0,2190.0,0.0,0.0,0.0,0.0,0.0,1395.0,0.0051801422,normal
2026-06-01T02:32:13Z,worker-1,longhorn-system,instance-manager-bacbca1a1c80c6ca28fd5f2d5fd0c24c,instance-manager,196.9,9.5,12.1,0.5,0.0,4108.0,4933.0,0.0,0.0,0.0,7.0,7.0,921.0,0.0116659617,normal
2026-06-01T02:32:13Z,worker-1,ebpf-final,ebpf-collector-5588x,collector,0.2,0.8,0.3,0.1,0.0,13636.0,19689.0,0.0,0.0,0.0,0.0,0.0,7.0,0.0015343248,normal
2026-06-01T02:32:13Z,worker-1,longhorn-system,longhorn-csi-plugin-t8lpt,longhorn-liveness-probe,2.7,1.7,0.0,0.0,0.0,224.0,274.0,0.0,0.0,0.0,0.0,0.0,167.0,0.0008697118,normal
2026-06-01T02:32:13Z,worker-1,monitoring,my-monitoring-prometheus-node-exporter-829wk,node-exporter,0.3,0.2,0.0,0.0,0.0,208.0,3254.0,0.0,0.0,0.0,0.0,0.0,22.0,0.0001670601,normal
2026-06-01T02:32:13Z,worker-1,longhorn-system,csi-resizer-7d9bff5787-242pl,csi-resizer,2.0,1.8,0.0,0.0,0.0,1120.0,996.0,0.0,0.0,0.0,0.0,0.0,204.0,0.0006859225,normal
2026-06-01T02:32:13Z,worker-1,kube-system,tetragon-kl9tz,export-stdout,6.6,5.4,0.0,0.0,0.0,0.0,0.0,0.0,0.0,0.0,0.0,0.0,10.0,0.0001368421,normal
2026-06-01T02:32:23Z,worker-1,gpu-operator,gpu-operator-1764036362-node-feature-discovery-worker-9v5dt,worker,293.8,4.1,159.6,0.0,0.0,137978.0,1811.0,0.0,0.0,0.0,0.0,0.0,1955.0,0.0279445924,normal
2026-06-01T02:32:23Z,worker-1,longhorn-system,longhorn-csi-plugin-t8lpt,longhorn-csi-plugin,2.7,1.2,0.0,0.0,0.0,0.0,0.0,0.0,0.0,0.0,0.0,0.0,76.0,0.0003606263,normal
2026-06-01T02:32:23Z,worker-1,longhorn-system,longhorn-manager-fgsfc,longhorn-manager,112.7,44.4,0.1,0.1,0.0,468424.0,10949.0,0.0,0.0,0.0,0.0,0.0,4262.0,0.0137819294,normal
2026-06-01T02:32:23Z,worker-1,longhorn-system,longhorn-csi-plugin-t8lpt,node-driver-registrar,0.1,0.1,0.0,0.0,0.0,0.0,0.0,0.0,0.0,0.0,0.0,0.0,9.0,3.22076e-05,normal
2026-06-01T02:32:23Z,worker-1,longhorn-system,csi-attacher-896ffc747-rxjjt,csi-attacher,2.8,2.5,0.1,0.0,0.0,1112.0,1014.0,0.0,0.0,0.0,0.0,0.0,251.0,0.0007685607,normal
2026-06-01T02:32:23Z,worker-1,longhorn-system,csi-snapshotter-65884686fc-gjw5g,csi-snapshotter,9.4,9.2,0.0,0.0,0.0,1158.0,1034.0,0.0,0.0,0.0,0.0,0.0,806.0,0.0022759209,normal
2026-06-01T02:32:23Z,worker-1,kube-system,nodelocaldns-zjml5,node-cache,13.1,4.4,0.3,1.0,0.0,4922.0,3562.0,0.0,0.0,0.0,0.0,0.0,715.0,0.0038950507,normal
2026-06-01T02:32:23Z,worker-1,kube-system,kube-ovn-pinger-vfzmn,pinger,42.7,20.2,13.2,0.2,0.0,115844.0,1436.0,0.0,12288.0,0.070418,17.0,26.0,3077.0,0.0172956638,normal
2026-06-01T02:32:23Z,worker-1,kube-system,tetragon-kl9tz,tetragon,5.7,3.7,0.0,0.0,0.0,17595.0,239.0,0.0,0.0,0.0,0.0,0.0,12826.0,0.042362147,normal
2026-06-01T02:32:23Z,worker-1,longhorn-system,engine-image-ei-3154f3aa-kvvkq,engine-image-ei-3154f3aa,12.8,1.0,14.4,0.0,0.0,0.0,0.0,0.0,0.0,0.0,10.0,39.0,1091.0,0.0133706007,normal
2026-06-01T02:32:23Z,worker-1,kube-system,kube-proxy-pdwww,kube-proxy,2.7,0.5,0.0,0.0,0.0,17157.0,96.0,0.0,0.0,0.0,0.0,0.0,111.0,0.0002129338,normal
2026-06-01T02:32:23Z,worker-1,longhorn-system,engine-image-ei-843accdd-tx99h,engine-image-ei-843accdd,12.5,1.0,14.1,0.0,0.0,0.0,0.0,0.0,0.0,0.0,10.0,27.0,749.0,0.0097712955,normal
2026-06-01T02:32:23Z,worker-1,kube-system,kube-ovn-cni-cf7cj,cni-server,374.1,22.3,408.0,0.3,0.0,204883.0,1325.0,0.0,0.0,0.0,131.0,179.0,4542.0,0.0740614591,normal
2026-06-01T02:32:23Z,worker-1,kube-system,ovs-ovn-w75jd,openvswitch,100.0,60.5,37.9,0.0,0.0,38.0,41.0,0.0,0.0,0.0,52.0,88.0,1916.0,0.0304092997,normal
2026-06-01T02:32:23Z,worker-1,longhorn-system,csi-provisioner-688964c44b-7hv5d,csi-provisioner,38.7,10.3,0.1,0.0,0.0,205566.0,2190.0,0.0,0.0,0.0,0.0,0.0,1534.0,0.0044189962,normal
2026-06-01T02:32:23Z,worker-1,longhorn-system,instance-manager-bacbca1a1c80c6ca28fd5f2d5fd0c24c,instance-manager,202.0,7.5,11.4,0.4,0.0,2972.0,3128.0,0.0,0.0,0.0,6.0,6.0,665.0,0.0069322739,normal
2026-06-01T02:32:23Z,worker-1,ebpf-final,ebpf-collector-5588x,collector,0.2,0.8,0.3,0.1,0.0,12247.0,17667.0,0.0,0.0,0.0,0.0,0.0,10.0,0.0019127118,normal
2026-06-01T02:32:23Z,worker-1,longhorn-system,longhorn-csi-plugin-t8lpt,longhorn-liveness-probe,2.5,1.6,0.0,0.0,0.0,224.0,274.0,0.0,0.0,0.0,0.0,0.0,172.0,0.0008175264,normal
2026-06-01T02:32:23Z,worker-1,monitoring,my-monitoring-prometheus-node-exporter-829wk,node-exporter,178.5,0.8,154.8,0.0,0.0,573.0,26025.0,0.0,0.0,0.0,0.0,0.0,367.0,0.0138016337,normal
2026-06-01T02:32:23Z,worker-1,longhorn-system,csi-resizer-7d9bff5787-242pl,csi-resizer,2.5,2.0,0.1,0.0,0.0,1129.0,996.0,0.0,0.0,0.0,0.0,0.0,282.0,0.0014395459,normal
2026-06-01T02:32:23Z,worker-1,kube-system,tetragon-kl9tz,export-stdout,5.9,4.7,0.0,0.0,0.0,0.0,0.0,0.0,0.0,0.0,0.0,0.0,10.0,0.0001225965,normal
2026-06-01T02:32:33Z,worker-1,gpu-operator,gpu-operator-1764036362-node-feature-discovery-worker-9v5dt,worker,0.4,0.2,0.0,0.0,0.0,222.0,188.0,0.0,0.0,0.0,0.0,0.0,36.0,0.0002286428,normal
2026-06-01T02:32:33Z,worker-1,longhorn-system,longhorn-csi-plugin-t8lpt,longhorn-csi-plugin,2.8,1.4,0.0,0.0,0.0,0.0,0.0,0.0,0.0,0.0,0.0,0.0,80.0,0.0003727408,normal
2026-06-01T02:32:33Z,worker-1,longhorn-system,longhorn-manager-fgsfc,longhorn-manager,167.6,50.9,14.8,0.2,0.0,481238.0,21647.0,0.0,0.0,0.0,2.0,8.0,5318.0,0.0212319006,normal
2026-06-01T02:32:33Z,worker-1,longhorn-system,longhorn-csi-plugin-t8lpt,node-driver-registrar,0.1,0.1,0.0,0.0,0.0,0.0,0.0,0.0,0.0,0.0,0.0,0.0,9.0,3.11103e-05,normal
2026-06-01T02:32:33Z,worker-1,longhorn-system,csi-attacher-896ffc747-rxjjt,csi-attacher,3.7,2.8,0.0,0.0,0.0,1482.0,1150.0,0.0,0.0,0.0,0.0,0.0,348.0,0.0010124463,normal
2026-06-01T02:32:33Z,worker-1,longhorn-system,csi-snapshotter-65884686fc-gjw5g,csi-snapshotter,11.2,10.7,0.1,0.0,0.0,1133.0,1034.0,0.0,0.0,0.0,0.0,0.0,853.0,0.0034081545,normal
2026-06-01T02:32:33Z,worker-1,kube-system,nodelocaldns-zjml5,node-cache,13.5,4.4,0.4,1.0,0.0,4922.0,3489.0,0.0,0.0,0.0,0.0,0.0,664.0,0.0036676184,normal
2026-06-01T02:32:33Z,worker-1,kube-system,kube-ovn-pinger-vfzmn,pinger,38.7,18.8,13.2,0.2,0.0,33383.0,751.0,0.0,12288.0,0.0798615,17.0,26.0,3270.0,0.0158884881,normal
2026-06-01T02:32:33Z,worker-1,kube-system,tetragon-kl9tz,tetragon,5.5,5.2,0.0,0.0,0.0,17619.0,239.0,0.0,0.0,0.0,0.0,0.0,13081.0,0.034041844,normal
2026-06-01T02:32:33Z,worker-1,longhorn-system,engine-image-ei-3154f3aa-kvvkq,engine-image-ei-3154f3aa,12.7,1.0,14.3,0.0,0.0,0.0,0.0,0.0,0.0,0.0,10.0,38.0,1130.0,0.0126325389,normal
2026-06-01T02:32:33Z,worker-1,kube-system,kube-proxy-pdwww,kube-proxy,1.7,0.4,0.0,0.0,0.0,17157.0,96.0,0.0,0.0,0.0,0.0,0.0,95.0,0.0002572756,normal
2026-06-01T02:32:33Z,worker-1,longhorn-system,engine-image-ei-843accdd-tx99h,engine-image-ei-843accdd,12.4,1.0,14.0,0.0,0.0,0.0,0.0,0.0,0.0,0.0,10.0,26.0,679.0,0.0093047998,normal
2026-06-01T02:32:33Z,worker-1,kube-system,kube-ovn-cni-cf7cj,cni-server,316.6,22.4,359.8,0.2,0.0,204477.0,1200.0,0.0,0.0,0.0,130.0,163.0,4063.0,0.0625512089,normal
2026-06-01T02:32:33Z,worker-1,kube-system,ovs-ovn-w75jd,openvswitch,101.3,61.0,38.2,0.0,0.0,38.0,41.0,0.0,0.0,0.0,52.0,88.0,2097.0,0.0329479526,normal
2026-06-01T02:32:33Z,worker-1,longhorn-system,csi-provisioner-688964c44b-7hv5d,csi-provisioner,37.0,9.3,0.0,0.0,0.0,205717.0,2190.0,0.0,0.0,0.0,0.0,0.0,1399.0,0.0041605135,normal
2026-06-01T02:32:33Z,worker-1,longhorn-system,instance-manager-bacbca1a1c80c6ca28fd5f2d5fd0c24c,instance-manager,204.8,9.6,12.4,0.4,0.0,3853.0,3800.0,0.0,0.0,0.0,7.0,7.0,879.0,0.0091409479,normal
2026-06-01T02:32:33Z,worker-1,ebpf-final,ebpf-collector-5588x,collector,153.7,0.8,143.4,0.1,0.0,210095.0,18652.0,0.0,0.0,0.0,0.0,0.0,158.0,0.0214808672,normal
2026-06-01T02:32:33Z,worker-1,longhorn-system,longhorn-csi-plugin-t8lpt,longhorn-liveness-probe,2.7,1.8,0.0,0.0,0.0,224.0,274.0,0.0,0.0,0.0,0.0,0.0,239.0,0.0016884587,normal
2026-06-01T02:32:33Z,worker-1,monitoring,my-monitoring-prometheus-node-exporter-829wk,node-exporter,0.4,0.2,0.0,0.0,0.0,208.0,3254.0,0.0,0.0,0.0,0.0,0.0,24.0,0.0001803942,normal
2026-06-01T02:32:33Z,worker-1,longhorn-system,csi-resizer-7d9bff5787-242pl,csi-resizer,2.6,2.5,0.0,0.0,0.0,1094.0,996.0,0.0,0.0,0.0,0.0,0.0,233.0,0.0007075796,normal
2026-06-01T02:32:33Z,worker-1,kube-system,tetragon-kl9tz,export-stdout,21.6,20.1,0.0,0.0,0.0,0.0,0.0,0.0,0.0,0.0,0.0,0.0,11.0,0.0002508671,normal
2026-06-01T02:32:44Z,worker-1,gpu-operator,gpu-operator-1764036362-node-feature-discovery-worker-9v5dt,worker,0.4,0.2,0.0,0.0,0.0,222.0,188.0,0.0,0.0,0.0,0.0,0.0,32.0,0.0002104529,normal
2026-06-01T02:32:44Z,worker-1,longhorn-system,longhorn-csi-plugin-t8lpt,longhorn-csi-plugin,2.8,1.1,0.0,0.0,0.0,0.0,0.0,0.0,0.0,0.0,0.0,0.0,81.0,0.0003581417,normal
2026-06-01T02:32:44Z,worker-1,longhorn-system,longhorn-manager-fgsfc,longhorn-manager,111.6,42.0,0.3,0.1,0.0,468817.0,11308.0,0.0,0.0,0.0,0.0,0.0,4418.0,0.0140400402,normal
2026-06-01T02:32:44Z,worker-1,longhorn-system,longhorn-csi-plugin-t8lpt,node-driver-registrar,0.1,0.1,0.0,0.0,0.0,0.0,0.0,0.0,0.0,0.0,0.0,0.0,9.0,3.13018e-05,normal
2026-06-01T02:32:44Z,worker-1,longhorn-system,csi-attacher-896ffc747-rxjjt,csi-attacher,3.4,3.2,0.0,0.0,0.0,1150.0,1048.0,0.0,0.0,0.0,0.0,0.0,271.0,0.0008748055,normal
2026-06-01T02:32:44Z,worker-1,longhorn-system,csi-snapshotter-65884686fc-gjw5g,csi-snapshotter,10.1,9.6,0.1,0.0,0.0,1312.0,1073.0,0.0,0.0,0.0,0.0,0.0,817.0,0.0023877296,normal
2026-06-01T02:32:44Z,worker-1,kube-system,nodelocaldns-zjml5,node-cache,28.6,5.9,37.5,1.0,0.0,4922.0,3562.0,0.0,0.0,0.0,12.0,12.0,933.0,0.007740274,normal
2026-06-01T02:32:44Z,worker-1,kube-system,kube-ovn-pinger-vfzmn,pinger,25.5,17.6,0.0,0.0,0.0,114951.0,1108.0,0.0,12288.0,0.11382,0.0,0.0,3955.0,0.0130994429,normal
2026-06-01T02:32:44Z,worker-1,kube-system,tetragon-kl9tz,tetragon,6.5,3.4,0.1,0.0,0.0,17890.0,365.0,0.0,0.0,0.0,0.0,0.0,12171.0,0.0389699931,normal
2026-06-01T02:32:44Z,worker-1,longhorn-system,engine-image-ei-3154f3aa-kvvkq,engine-image-ei-3154f3aa,12.8,1.0,14.4,0.0,0.0,0.0,0.0,0.0,0.0,0.0,10.0,39.0,1042.0,0.0120694445,normal
2026-06-01T02:32:44Z,worker-1,kube-system,kube-proxy-pdwww,kube-proxy,2.0,0.4,0.0,0.0,0.0,17282.0,96.0,0.0,0.0,0.0,0.0,0.0,88.0,0.0002827362,normal
2026-06-01T02:32:44Z,worker-1,longhorn-system,engine-image-ei-843accdd-tx99h,engine-image-ei-843accdd,12.5,1.0,14.1,0.0,0.0,0.0,0.0,0.0,0.0,0.0,10.0,31.0,818.0,0.010291434,normal
2026-06-01T02:32:44Z,worker-1,kube-system,kube-ovn-cni-cf7cj,cni-server,324.1,23.4,364.6,0.4,0.0,204784.0,1200.0,0.0,0.0,0.0,135.0,197.0,5209.0,0.0788705292,normal
2026-06-01T02:32:44Z,worker-1,kube-system,ovs-ovn-w75jd,openvswitch,100.9,61.0,37.5,0.0,0.0,38.0,41.0,0.0,0.0,0.0,52.0,88.0,2036.0,0.0300927692,normal
2026-06-01T02:32:44Z,worker-1,longhorn-system,csi-provisioner-688964c44b-7hv5d,csi-provisioner,33.9,7.9,0.1,0.0,0.0,205870.0,2318.0,0.0,0.0,0.0,0.0,0.0,1323.0,0.0040563289,normal
2026-06-01T02:32:44Z,worker-1,longhorn-system,instance-manager-bacbca1a1c80c6ca28fd5f2d5fd0c24c,instance-manager,193.2,7.3,11.3,0.4,0.0,2972.0,3128.0,0.0,0.0,0.0,6.0,6.0,639.0,0.0066240506,normal
2026-06-01T02:32:44Z,worker-1,ebpf-final,ebpf-collector-5588x,collector,0.2,0.8,0.3,0.1,0.0,12929.0,18676.0,0.0,0.0,0.0,0.0,0.0,11.0,0.0014325793,normal
2026-06-01T02:32:44Z,worker-1,longhorn-system,longhorn-csi-plugin-t8lpt,longhorn-liveness-probe,3.0,1.8,0.0,0.0,0.0,224.0,274.0,0.0,0.0,0.0,0.0,0.0,221.0,0.0009077972,normal
2026-06-01T02:32:44Z,worker-1,monitoring,my-monitoring-prometheus-node-exporter-829wk,node-exporter,0.3,0.2,0.0,0.0,0.0,208.0,3254.0,0.0,0.0,0.0,0.0,0.0,18.0,0.0001301665,normal
2026-06-01T02:32:44Z,worker-1,longhorn-system,csi-resizer-7d9bff5787-242pl,csi-resizer,1.9,1.8,0.0,0.0,0.0,1094.0,1031.0,0.0,0.0,0.0,0.0,0.0,239.0,0.00072115,normal
2026-06-01T02:32:44Z,worker-1,kube-system,tetragon-kl9tz,export-stdout,6.1,4.8,0.0,0.0,0.0,0.0,0.0,0.0,0.0,0.0,0.0,0.0,10.0,0.0001455024,normal
2026-06-01T02:32:54Z,worker-1,gpu-operator,gpu-operator-1764036362-node-feature-discovery-worker-9v5dt,worker,0.7,0.4,0.0,0.0,0.0,261.0,227.0,0.0,0.0,0.0,0.0,0.0,90.0,0.0003130698,normal
2026-06-01T02:32:54Z,worker-1,longhorn-system,longhorn-csi-plugin-t8lpt,longhorn-csi-plugin,2.8,1.2,0.0,0.0,0.0,0.0,0.0,0.0,0.0,0.0,0.0,0.0,78.0,0.0003635983,normal
2026-06-01T02:32:54Z,worker-1,longhorn-system,longhorn-manager-fgsfc,longhorn-manager,113.1,43.3,0.1,0.1,0.1,467968.0,12215.0,0.0,0.0,0.0,0.0,0.0,4212.0,0.0134984056,normal
2026-06-01T02:32:54Z,worker-1,longhorn-system,longhorn-csi-plugin-t8lpt,node-driver-registrar,0.1,0.1,0.0,0.0,0.0,0.0,0.0,0.0,0.0,0.0,0.0,0.0,9.0,3.3937e-05,normal
2026-06-01T02:32:54Z,worker-1,longhorn-system,csi-attacher-896ffc747-rxjjt,csi-attacher,3.2,2.8,0.0,0.0,0.0,1352.0,1518.0,0.0,0.0,0.0,0.0,0.0,298.0,0.0009542249,normal
2026-06-01T02:32:54Z,worker-1,longhorn-system,csi-snapshotter-65884686fc-gjw5g,csi-snapshotter,10.5,10.3,0.0,0.0,0.0,1133.0,1034.0,0.0,0.0,0.0,0.0,0.0,810.0,0.0023029267,normal
2026-06-01T02:32:54Z,worker-1,kube-system,nodelocaldns-zjml5,node-cache,13.9,4.8,0.4,1.0,0.0,4922.0,3562.0,0.0,0.0,0.0,0.0,0.0,764.0,0.0041917463,normal
2026-06-01T02:32:54Z,worker-1,kube-system,kube-ovn-pinger-vfzmn,pinger,49.4,21.5,13.3,0.2,0.0,115843.0,1532.0,0.0,12288.0,0.0708495,17.0,26.0,3528.0,0.0191921087,normal
2026-06-01T02:32:54Z,worker-1,kube-system,tetragon-kl9tz,tetragon,5.9,3.5,0.0,0.0,0.0,17448.0,239.0,0.0,0.0,0.0,0.0,0.0,14304.0,0.0378643529,normal
2026-06-01T02:32:54Z,worker-1,longhorn-system,engine-image-ei-3154f3aa-kvvkq,engine-image-ei-3154f3aa,12.9,1.0,14.5,0.0,0.0,0.0,0.0,0.0,0.0,0.0,10.0,44.0,1139.0,0.0136681294,normal
2026-06-01T02:32:54Z,worker-1,kube-system,kube-proxy-pdwww,kube-proxy,1.8,0.4,0.0,0.0,0.0,17283.0,96.0,0.0,0.0,0.0,0.0,0.0,111.0,0.0003077768,normal
2026-06-01T02:32:54Z,worker-1,longhorn-system,engine-image-ei-843accdd-tx99h,engine-image-ei-843accdd,12.5,1.0,14.1,0.0,0.0,0.0,0.0,0.0,0.0,0.0,10.0,31.0,920.0,0.0101811723,normal
2026-06-01T02:32:54Z,worker-1,kube-system,kube-ovn-cni-cf7cj,cni-server,369.4,26.3,441.3,0.2,0.0,204773.0,1200.0,0.0,0.0,0.0,170.0,202.0,4572.0,0.0786275283,normal
2026-06-01T02:32:54Z,worker-1,kube-system,ovs-ovn-w75jd,openvswitch,111.3,63.4,46.1,0.0,0.0,38.0,41.0,0.0,0.0,0.0,65.0,110.0,2095.0,0.0358853105,normal
2026-06-01T02:32:54Z,worker-1,longhorn-system,csi-provisioner-688964c44b-7hv5d,csi-provisioner,35.8,7.5,0.0,0.0,0.0,205565.0,2194.0,0.0,0.0,0.0,0.0,0.0,1405.0,0.0062956412,normal
2026-06-01T02:32:54Z,worker-1,longhorn-system,instance-manager-bacbca1a1c80c6ca28fd5f2d5fd0c24c,instance-manager,193.6,7.9,11.3,0.4,0.0,2972.0,3145.0,0.0,0.0,0.0,6.0,6.0,706.0,0.0071889225,normal
2026-06-01T02:32:54Z,worker-1,ebpf-final,ebpf-collector-5588x,collector,0.2,0.7,0.3,0.1,0.0,10859.0,15652.0,0.0,0.0,0.0,0.0,0.0,9.0,0.0017547177,normal
2026-06-01T02:32:54Z,worker-1,longhorn-system,longhorn-csi-plugin-t8lpt,longhorn-liveness-probe,3.0,1.8,0.0,0.0,0.0,224.0,274.0,0.0,0.0,0.0,0.0,0.0,168.0,0.0007966382,normal
2026-06-01T02:32:54Z,worker-1,monitoring,my-monitoring-prometheus-node-exporter-829wk,node-exporter,178.7,0.8,154.8,0.0,0.0,573.0,26013.0,0.0,0.0,0.0,0.0,0.0,322.0,0.0133155344,normal
2026-06-01T02:32:54Z,worker-1,longhorn-system,csi-resizer-7d9bff5787-242pl,csi-resizer,2.2,1.6,0.0,0.0,0.0,1344.0,996.0,0.0,0.0,0.0,0.0,0.0,309.0,0.0007781798,normal
2026-06-01T02:32:54Z,worker-1,kube-system,tetragon-kl9tz,export-stdout,6.1,4.8,0.0,0.0,0.0,0.0,0.0,0.0,0.0,0.0,0.0,0.0,10.0,0.0001273599,normal
2026-06-01T02:33:04Z,worker-1,gpu-operator,gpu-operator-1764036362-node-feature-discovery-worker-9v5dt,worker,0.4,0.2,0.0,0.0,0.0,222.0,188.0,0.0,0.0,0.0,0.0,0.0,37.0,0.0002142486,normal
2026-06-01T02:33:04Z,worker-1,longhorn-system,longhorn-csi-plugin-t8lpt,longhorn-csi-plugin,2.8,1.2,0.0,0.0,0.0,0.0,0.0,0.0,0.0,0.0,0.0,0.0,76.0,0.0003459417,normal
2026-06-01T02:33:04Z,worker-1,longhorn-system,longhorn-manager-fgsfc,longhorn-manager,165.7,52.1,14.7,0.3,0.0,485555.0,24224.0,0.0,0.0,0.0,2.0,11.0,5287.0,0.0224444136,normal
2026-06-01T02:33:04Z,worker-1,longhorn-system,longhorn-csi-plugin-t8lpt,node-driver-registrar,0.1,0.1,0.0,0.0,0.0,0.0,0.0,0.0,0.0,0.0,0.0,0.0,9.0,2.99062e-05,normal
2026-06-01T02:33:04Z,worker-1,longhorn-system,csi-attacher-896ffc747-rxjjt,csi-attacher,3.8,3.1,0.1,0.0,0.0,1665.0,1012.0,0.0,0.0,0.0,0.0,0.0,225.0,0.000808765,normal
2026-06-01T02:33:04Z,worker-1,longhorn-system,csi-snapshotter-65884686fc-gjw5g,csi-snapshotter,9.6,9.4,0.0,0.0,0.0,1273.0,1108.0,0.0,0.0,0.0,0.0,0.0,833.0,0.0024184942,normal
2026-06-01T02:33:04Z,worker-1,kube-system,nodelocaldns-zjml5,node-cache,14.1,4.8,0.3,1.1,0.0,5145.0,3785.0,0.0,0.0,0.0,0.0,0.0,772.0,0.0042103329,normal
2026-06-01T02:33:04Z,worker-1,kube-system,kube-ovn-pinger-vfzmn,pinger,51.0,21.5,13.2,0.2,0.0,115882.0,1580.0,0.0,12288.0,0.0627775,17.0,26.0,3725.0,0.0192536249,normal
2026-06-01T02:33:04Z,worker-1,kube-system,tetragon-kl9tz,tetragon,8.2,6.5,0.4,0.0,0.0,17952.0,21455.0,0.0,0.0,0.0,0.0,0.0,13237.0,0.0409977331,normal
2026-06-01T02:33:04Z,worker-1,longhorn-system,engine-image-ei-3154f3aa-kvvkq,engine-image-ei-3154f3aa,15.7,1.2,17.7,0.0,0.0,0.0,0.0,0.0,0.0,0.0,12.0,54.0,1371.0,0.015652525,normal
2026-06-01T02:33:04Z,worker-1,kube-system,kube-proxy-pdwww,kube-proxy,2.1,0.4,0.0,0.0,0.0,17279.0,96.0,0.0,0.0,0.0,0.0,0.0,88.0,0.0002893034,normal
2026-06-01T02:33:04Z,worker-1,longhorn-system,engine-image-ei-843accdd-tx99h,engine-image-ei-843accdd,12.6,1.0,14.2,0.0,0.0,0.0,0.0,0.0,0.0,0.0,10.0,33.0,918.0,0.0101032486,normal
2026-06-01T02:33:04Z,worker-1,kube-system,kube-ovn-cni-cf7cj,cni-server,326.3,23.8,364.7,0.4,0.0,204895.0,1327.0,0.0,0.0,0.0,135.0,202.0,5138.0,0.077050195,normal
2026-06-01T02:33:04Z,worker-1,kube-system,ovs-ovn-w75jd,openvswitch,108.5,66.8,38.5,0.0,0.0,38.0,41.0,0.0,0.0,0.0,52.0,88.0,2091.0,0.0337610322,normal
2026-06-01T02:33:04Z,worker-1,longhorn-system,csi-provisioner-688964c44b-7hv5d,csi-provisioner,34.7,6.6,0.0,0.0,0.0,206175.0,2190.0,0.0,0.0,0.0,0.0,0.0,1489.0,0.0042774502,normal
2026-06-01T02:33:04Z,worker-1,longhorn-system,instance-manager-bacbca1a1c80c6ca28fd5f2d5fd0c24c,instance-manager,208.2,11.9,12.4,0.5,0.0,4947.0,5537.0,0.0,0.0,0.0,7.0,7.0,956.0,0.0107398992,normal
2026-06-01T02:33:04Z,worker-1,ebpf-final,ebpf-collector-5588x,collector,154.1,0.8,143.3,0.1,0.0,209733.0,18126.0,0.0,0.0,0.0,0.0,0.0,164.0,0.0184743043,normal
2026-06-01T02:33:04Z,worker-1,longhorn-system,longhorn-csi-plugin-t8lpt,longhorn-liveness-probe,2.9,1.8,0.0,0.0,0.0,224.0,274.0,0.0,0.0,0.0,0.0,0.0,202.0,0.0008316217,normal
2026-06-01T02:33:04Z,worker-1,monitoring,my-monitoring-prometheus-node-exporter-829wk,node-exporter,0.4,0.2,0.0,0.0,0.0,208.0,3254.0,0.0,0.0,0.0,0.0,0.0,25.0,0.0001725852,normal
2026-06-01T02:33:04Z,worker-1,longhorn-system,csi-resizer-7d9bff5787-242pl,csi-resizer,1.9,1.8,0.0,0.0,0.0,1095.0,996.0,0.0,0.0,0.0,0.0,0.0,254.0,0.0007187362,normal
2026-06-01T02:33:04Z,worker-1,kube-system,tetragon-kl9tz,export-stdout,18.6,17.2,0.0,0.0,0.0,0.0,0.0,0.0,0.0,0.0,0.0,0.0,10.0,0.0002887463,normal
2026-06-01T02:33:14Z,worker-1,gpu-operator,gpu-operator-1764036362-node-feature-discovery-worker-9v5dt,worker,0.4,0.2,0.0,0.0,0.0,222.0,188.0,0.0,0.0,0.0,0.0,0.0,33.0,0.0002337076,normal
2026-06-01T02:33:14Z,worker-1,longhorn-system,longhorn-csi-plugin-t8lpt,longhorn-csi-plugin,3.0,1.4,0.0,0.0,0.0,0.0,0.0,0.0,0.0,0.0,0.0,0.0,81.0,0.0003800773,normal
2026-06-01T02:33:14Z,worker-1,longhorn-system,longhorn-manager-fgsfc,longhorn-manager,114.6,46.4,0.2,0.1,0.0,467976.0,11132.0,0.0,0.0,0.0,0.0,0.0,4405.0,0.0138068312,normal
2026-06-01T02:33:14Z,worker-1,longhorn-system,longhorn-csi-plugin-t8lpt,node-driver-registrar,0.1,0.1,0.0,0.0,0.0,0.0,0.0,0.0,0.0,0.0,0.0,0.0,9.0,3.08403e-05,normal
2026-06-01T02:33:14Z,worker-1,longhorn-system,csi-attacher-896ffc747-rxjjt,csi-attacher,3.3,3.1,0.0,0.0,0.0,1111.0,1012.0,0.0,0.0,0.0,0.0,0.0,269.0,0.0007572235,normal
2026-06-01T02:33:14Z,worker-1,longhorn-system,csi-snapshotter-65884686fc-gjw5g,csi-snapshotter,8.3,8.3,0.0,0.0,0.0,1425.0,1072.0,0.0,0.0,0.0,0.0,0.0,745.0,0.00223222,normal
2026-06-01T02:33:14Z,worker-1,kube-system,nodelocaldns-zjml5,node-cache,13.4,4.6,0.4,1.0,0.0,4769.0,3483.0,0.0,0.0,0.0,0.0,0.0,706.0,0.0055580088,normal
2026-06-01T02:33:14Z,worker-1,kube-system,kube-ovn-pinger-vfzmn,pinger,52.7,22.5,13.2,0.2,0.0,115807.0,1580.0,0.0,8192.0,0.0654295,17.0,26.0,3646.0,0.0180469326,normal
2026-06-01T02:33:14Z,worker-1,kube-system,tetragon-kl9tz,tetragon,5.3,3.1,0.0,0.0,0.0,17448.0,239.0,0.0,0.0,0.0,0.0,0.0,12321.0,0.0326485803,normal
2026-06-01T02:33:14Z,worker-1,longhorn-system,engine-image-ei-3154f3aa-kvvkq,engine-image-ei-3154f3aa,12.8,1.0,14.4,0.0,0.0,0.0,0.0,0.0,0.0,0.0,10.0,41.0,1149.0,0.0132084701,normal
2026-06-01T02:33:14Z,worker-1,kube-system,kube-proxy-pdwww,kube-proxy,1.9,0.5,0.0,0.0,0.0,17296.0,96.0,0.0,0.0,0.0,0.0,0.0,104.0,0.0003063622,normal
2026-06-01T02:33:14Z,worker-1,longhorn-system,engine-image-ei-843accdd-tx99h,engine-image-ei-843accdd,12.5,1.0,14.1,0.0,0.0,0.0,0.0,0.0,0.0,0.0,10.0,31.0,871.0,0.0102809523,normal
2026-06-01T02:33:14Z,worker-1,kube-system,kube-ovn-cni-cf7cj,cni-server,316.1,21.5,361.1,0.2,0.0,204477.0,1200.0,0.0,0.0,0.0,131.0,163.0,4034.0,0.0663539873,normal
2026-06-01T02:33:14Z,worker-1,kube-system,ovs-ovn-w75jd,openvswitch,101.6,60.6,37.9,0.0,0.0,38.0,41.0,0.0,0.0,0.0,52.0,88.0,1978.0,0.0306576826,normal
2026-06-01T02:33:14Z,worker-1,longhorn-system,csi-provisioner-688964c44b-7hv5d,csi-provisioner,36.7,7.8,0.1,0.0,0.0,205830.0,2190.0,0.0,0.0,0.0,0.0,0.0,1399.0,0.0042878031,normal
2026-06-01T02:33:14Z,worker-1,longhorn-system,instance-manager-bacbca1a1c80c6ca28fd5f2d5fd0c24c,instance-manager,192.7,8.0,11.3,0.4,0.0,2972.0,3145.0,0.0,0.0,0.0,6.0,6.0,691.0,0.0070945545,normal
2026-06-01T02:33:14Z,worker-1,ebpf-final,ebpf-collector-5588x,collector,0.2,0.8,0.3,0.1,0.0,12592.0,18175.0,0.0,0.0,0.0,0.0,0.0,13.0,0.0005642912,normal
2026-06-01T02:33:14Z,worker-1,longhorn-system,longhorn-csi-plugin-t8lpt,longhorn-liveness-probe,2.8,1.8,0.0,0.0,0.0,224.0,274.0,0.0,0.0,0.0,0.0,0.0,205.0,0.0008524605,normal
2026-06-01T02:33:14Z,worker-1,monitoring,my-monitoring-prometheus-node-exporter-829wk,node-exporter,0.2,0.2,0.0,0.0,0.0,208.0,3254.0,0.0,0.0,0.0,0.0,0.0,18.0,0.0001363632,normal
2026-06-01T02:33:14Z,worker-1,longhorn-system,csi-resizer-7d9bff5787-242pl,csi-resizer,2.2,1.6,0.1,0.0,0.0,1129.0,996.0,0.0,0.0,0.0,0.0,0.0,217.0,0.0006247341,normal
2026-06-01T02:33:14Z,worker-1,kube-system,tetragon-kl9tz,export-stdout,6.1,4.8,0.0,0.0,0.0,0.0,0.0,0.0,0.0,0.0,0.0,0.0,10.0,0.000138127,normal
2026-06-01T02:33:24Z,worker-1,gpu-operator,gpu-operator-1764036362-node-feature-discovery-worker-9v5dt,worker,295.8,4.1,159.6,0.0,0.0,137978.0,1811.0,0.0,0.0,0.0,0.0,0.0,1870.0,0.0260879511,normal
2026-06-01T02:33:24Z,worker-1,longhorn-system,longhorn-csi-plugin-t8lpt,longhorn-csi-plugin,2.8,1.1,0.0,0.0,0.0,0.0,0.0,0.0,0.0,0.0,0.0,0.0,78.0,0.0003533426,normal
2026-06-01T02:33:24Z,worker-1,longhorn-system,longhorn-manager-fgsfc,longhorn-manager,113.8,47.7,0.2,0.1,0.0,468536.0,11438.0,0.0,0.0,0.0,0.0,0.0,4431.0,0.0149410944,normal
2026-06-01T02:33:24Z,worker-1,longhorn-system,longhorn-csi-plugin-t8lpt,node-driver-registrar,0.1,0.1,0.0,0.0,0.0,0.0,0.0,0.0,0.0,0.0,0.0,0.0,9.0,3.0116e-05,normal
2026-06-01T02:33:24Z,worker-1,longhorn-system,csi-attacher-896ffc747-rxjjt,csi-attacher,3.7,3.4,0.0,0.0,0.0,1240.0,1048.0,0.0,0.0,0.0,0.0,0.0,304.0,0.000865498,normal
2026-06-01T02:33:24Z,worker-1,longhorn-system,csi-snapshotter-65884686fc-gjw5g,csi-snapshotter,8.4,8.0,0.1,0.0,0.0,1129.0,1032.0,0.0,0.0,0.0,0.0,0.0,797.0,0.0022619106,normal
2026-06-01T02:33:24Z,worker-1,kube-system,nodelocaldns-zjml5,node-cache,13.4,4.6,0.3,1.0,0.0,4922.0,3562.0,0.0,0.0,0.0,0.0,0.0,741.0,0.0038670489,normal
2026-06-01T02:33:24Z,worker-1,kube-system,kube-ovn-pinger-vfzmn,pinger,52.5,22.4,13.2,0.2,0.0,115947.0,1580.0,0.0,12288.0,0.0709145,17.0,26.0,3424.0,0.0179512741,normal
2026-06-01T02:33:24Z,worker-1,kube-system,tetragon-kl9tz,tetragon,5.9,3.3,0.0,0.0,0.0,17766.0,239.0,0.0,0.0,0.0,0.0,0.0,13124.0,0.0409495952,normal
2026-06-01T02:33:24Z,worker-1,longhorn-system,engine-image-ei-3154f3aa-kvvkq,engine-image-ei-3154f3aa,12.8,1.0,14.4,0.0,0.0,0.0,0.0,0.0,0.0,0.0,10.0,39.0,1032.0,0.0122127713,normal
2026-06-01T02:33:24Z,worker-1,kube-system,kube-proxy-pdwww,kube-proxy,3.1,0.6,0.1,0.0,0.0,17555.0,241.0,0.0,0.0,0.0,0.0,0.0,153.0,0.0021772351,normal
2026-06-01T02:33:24Z,worker-1,longhorn-system,engine-image-ei-843accdd-tx99h,engine-image-ei-843accdd,12.7,1.0,14.3,0.0,0.0,0.0,0.0,0.0,0.0,0.0,10.0,35.0,994.0,0.0109144493,normal
2026-06-01T02:33:24Z,worker-1,kube-system,kube-ovn-cni-cf7cj,cni-server,318.1,22.0,361.6,0.4,0.0,204763.0,1200.0,0.0,0.0,0.0,132.0,196.0,5424.0,0.0849110794,normal
2026-06-01T02:33:24Z,worker-1,kube-system,ovs-ovn-w75jd,openvswitch,100.6,60.2,38.0,0.0,0.0,38.0,41.0,0.0,0.0,0.0,52.0,88.0,2021.0,0.0310667156,normal
2026-06-01T02:33:24Z,worker-1,longhorn-system,csi-provisioner-688964c44b-7hv5d,csi-provisioner,34.3,6.6,0.0,0.0,0.0,205600.0,2190.0,0.0,0.0,0.0,0.0,0.0,1399.0,0.0061769473,normal
2026-06-01T02:33:24Z,worker-1,longhorn-system,instance-manager-bacbca1a1c80c6ca28fd5f2d5fd0c24c,instance-manager,192.4,7.1,11.3,0.4,0.0,2972.0,3145.0,0.0,0.0,0.0,6.0,6.0,746.0,0.0089550036,normal
2026-06-01T02:33:24Z,worker-1,ebpf-final,ebpf-collector-5588x,collector,0.2,0.7,0.3,0.1,0.0,11562.0,16666.0,0.0,0.0,0.0,0.0,0.0,11.0,0.0017400275,normal
2026-06-01T02:33:24Z,worker-1,longhorn-system,longhorn-csi-plugin-t8lpt,longhorn-liveness-probe,3.0,1.9,0.0,0.0,0.0,224.0,274.0,0.0,0.0,0.0,0.0,0.0,236.0,0.0016943361,normal
2026-06-01T02:33:24Z,worker-1,monitoring,my-monitoring-prometheus-node-exporter-829wk,node-exporter,178.5,0.8,154.8,0.0,0.0,573.0,26010.0,0.0,0.0,0.0,0.0,0.0,331.0,0.0136339018,normal
2026-06-01T02:33:24Z,worker-1,longhorn-system,csi-resizer-7d9bff5787-242pl,csi-resizer,1.8,1.7,0.0,0.0,0.0,1094.0,996.0,0.0,0.0,0.0,0.0,0.0,238.0,0.0006738684,normal
2026-06-01T02:33:24Z,worker-1,kube-system,tetragon-kl9tz,export-stdout,6.1,4.8,0.0,0.0,0.0,0.0,0.0,0.0,0.0,0.0,0.0,0.0,10.0,0.0001228322,normal
2026-06-01T02:33:35Z,worker-1,gpu-operator,gpu-operator-1764036362-node-feature-discovery-worker-9v5dt,worker,0.6,0.3,0.0,0.0,0.0,333.0,282.0,0.0,0.0,0.0,0.0,0.0,46.0,0.0003052769,normal
2026-06-01T02:33:35Z,worker-1,longhorn-system,longhorn-csi-plugin-t8lpt,longhorn-csi-plugin,2.9,1.3,0.0,0.0,0.0,0.0,0.0,0.0,0.0,0.0,0.0,0.0,79.0,0.0003868258,normal
2026-06-01T02:33:35Z,worker-1,longhorn-system,longhorn-manager-fgsfc,longhorn-manager,165.0,51.1,14.8,0.3,0.0,483154.0,23990.0,0.0,0.0,0.0,2.0,12.0,5426.0,0.0361698533,normal
2026-06-01T02:33:35Z,worker-1,longhorn-system,longhorn-csi-plugin-t8lpt,node-driver-registrar,0.1,0.1,0.0,0.0,0.0,0.0,0.0,0.0,0.0,0.0,0.0,0.0,9.0,3.14111e-05,normal
2026-06-01T02:33:35Z,worker-1,longhorn-system,csi-attacher-896ffc747-rxjjt,csi-attacher,3.9,2.9,0.1,0.0,0.0,1402.0,1139.0,0.0,0.0,0.0,0.0,0.0,326.0,0.0009674199,normal
2026-06-01T02:33:35Z,worker-1,longhorn-system,csi-snapshotter-65884686fc-gjw5g,csi-snapshotter,7.1,6.6,0.0,0.0,0.0,1165.0,1032.0,0.0,0.0,0.0,0.0,0.0,751.0,0.0022389106,normal
2026-06-01T02:33:35Z,worker-1,kube-system,nodelocaldns-zjml5,node-cache,9.1,2.8,0.3,1.0,0.0,3059.0,2774.0,0.0,0.0,0.0,0.0,0.0,511.0,0.0028116564,normal
2026-06-01T02:33:35Z,worker-1,kube-system,kube-ovn-pinger-vfzmn,pinger,46.2,17.4,13.2,0.2,0.0,115825.0,1580.0,0.0,12288.0,0.071958,17.0,26.0,3615.0,0.0172793648,normal
2026-06-01T02:33:35Z,worker-1,kube-system,tetragon-kl9tz,tetragon,5.2,5.4,0.0,0.0,0.0,17448.0,239.0,0.0,0.0,0.0,0.0,0.0,13074.0,0.0358742413,normal
2026-06-01T02:33:35Z,worker-1,longhorn-system,engine-image-ei-3154f3aa-kvvkq,engine-image-ei-3154f3aa,12.8,1.0,14.4,0.0,0.0,0.0,0.0,0.0,0.0,0.0,10.0,40.0,1084.0,0.0121014673,normal
2026-06-01T02:33:35Z,worker-1,kube-system,kube-proxy-pdwww,kube-proxy,2.2,0.5,0.0,0.0,0.0,17157.0,144.0,0.0,0.0,0.0,0.0,0.0,93.0,0.0002737802,normal
2026-06-01T02:33:35Z,worker-1,longhorn-system,engine-image-ei-843accdd-tx99h,engine-image-ei-843accdd,15.8,1.3,17.8,0.0,0.0,0.0,0.0,0.0,0.0,0.0,13.0,38.0,1073.0,0.0134734542,normal
2026-06-01T02:33:35Z,worker-1,kube-system,kube-ovn-cni-cf7cj,cni-server,373.3,27.3,443.0,0.2,0.0,204477.0,1200.0,0.0,0.0,0.0,172.0,204.0,4325.0,0.0721647401,normal
2026-06-01T02:33:35Z,worker-1,kube-system,ovs-ovn-w75jd,openvswitch,104.5,63.9,38.2,0.0,0.0,38.0,41.0,0.0,0.0,0.0,52.0,88.0,2215.0,0.0328109721,normal
2026-06-01T02:33:35Z,worker-1,longhorn-system,csi-provisioner-688964c44b-7hv5d,csi-provisioner,37.3,10.3,0.0,0.0,0.0,206239.0,2685.0,0.0,0.0,0.0,0.0,0.0,1443.0,0.0044604147,normal
2026-06-01T02:33:35Z,worker-1,longhorn-system,instance-manager-bacbca1a1c80c6ca28fd5f2d5fd0c24c,instance-manager,205.0,9.7,12.4,0.4,0.0,3888.0,3826.0,0.0,0.0,0.0,7.0,7.0,870.0,0.0090063949,normal
2026-06-01T02:33:35Z,worker-1,ebpf-final,ebpf-collector-5588x,collector,154.3,0.8,143.4,0.1,0.0,209394.0,17638.0,0.0,0.0,0.0,0.0,0.0,162.0,0.0193596171,normal
2026-06-01T02:33:35Z,worker-1,longhorn-system,longhorn-csi-plugin-t8lpt,longhorn-liveness-probe,2.9,1.9,0.0,0.0,0.0,224.0,274.0,0.0,0.0,0.0,0.0,0.0,160.0,0.0007843193,normal
2026-06-01T02:33:35Z,worker-1,monitoring,my-monitoring-prometheus-node-exporter-829wk,node-exporter,0.5,0.2,0.0,0.0,0.0,208.0,3254.0,0.0,0.0,0.0,0.0,0.0,22.0,0.0001487278,normal
2026-06-01T02:33:35Z,worker-1,longhorn-system,csi-resizer-7d9bff5787-242pl,csi-resizer,2.0,1.9,0.0,0.0,0.0,1093.0,1031.0,0.0,0.0,0.0,0.0,0.0,222.0,0.0006918523,normal
2026-06-01T02:33:35Z,worker-1,kube-system,tetragon-kl9tz,export-stdout,18.1,16.6,0.0,0.0,0.0,0.0,0.0,0.0,0.0,0.0,0.0,0.0,11.0,0.0003115228,normal
2026-06-01T02:33:45Z,worker-1,gpu-operator,gpu-operator-1764036362-node-feature-discovery-worker-9v5dt,worker,0.6,0.2,0.0,0.0,0.0,222.0,188.0,0.0,0.0,0.0,0.0,0.0,36.0,0.0002033385,normal
2026-06-01T02:33:45Z,worker-1,longhorn-system,longhorn-csi-plugin-t8lpt,longhorn-csi-plugin,2.7,1.1,0.0,0.0,0.0,0.0,0.0,0.0,0.0,0.0,0.0,0.0,106.0,0.0003900646,normal
2026-06-01T02:33:45Z,worker-1,longhorn-system,longhorn-manager-fgsfc,longhorn-manager,112.9,43.8,0.3,0.1,0.1,469456.0,11387.0,0.0,0.0,0.0,0.0,0.0,4539.0,0.0150070283,normal
2026-06-01T02:33:45Z,worker-1,longhorn-system,longhorn-csi-plugin-t8lpt,node-driver-registrar,0.1,0.1,0.0,0.0,0.0,0.0,0.0,0.0,0.0,0.0,0.0,0.0,9.0,3.12063e-05,normal
2026-06-01T02:33:45Z,worker-1,longhorn-system,csi-attacher-896ffc747-rxjjt,csi-attacher,3.6,3.5,0.0,0.0,0.0,1113.0,1014.0,0.0,0.0,0.0,0.0,0.0,308.0,0.0023362415,normal
2026-06-01T02:33:45Z,worker-1,longhorn-system,csi-snapshotter-65884686fc-gjw5g,csi-snapshotter,7.5,7.4,0.0,0.0,0.0,1132.0,1033.0,0.0,0.0,0.0,0.0,0.0,792.0,0.0022415554,normal
2026-06-01T02:33:45Z,worker-1,kube-system,nodelocaldns-zjml5,node-cache,29.1,6.2,37.6,1.2,0.0,4922.0,3562.0,0.0,0.0,0.0,12.0,12.0,926.0,0.0079938879,normal
2026-06-01T02:33:45Z,worker-1,kube-system,kube-ovn-pinger-vfzmn,pinger,46.6,19.5,13.3,0.2,0.0,115762.0,1580.0,0.0,12288.0,0.0697245,17.0,26.0,3155.0,0.0176604859,normal
2026-06-01T02:33:45Z,worker-1,kube-system,tetragon-kl9tz,tetragon,5.6,3.2,0.0,0.0,0.0,17609.0,239.0,0.0,0.0,0.0,0.0,0.0,12945.0,0.0384026805,normal
2026-06-01T02:33:45Z,worker-1,longhorn-system,engine-image-ei-3154f3aa-kvvkq,engine-image-ei-3154f3aa,12.8,1.0,14.4,0.0,0.0,0.0,0.0,0.0,0.0,0.0,10.0,41.0,1042.0,0.0120160532,normal
2026-06-01T02:33:45Z,worker-1,kube-system,kube-proxy-pdwww,kube-proxy,2.4,0.4,0.0,0.0,0.0,17408.0,96.0,0.0,0.0,0.0,0.0,0.0,99.0,0.0002907639,normal
2026-06-01T02:33:45Z,worker-1,longhorn-system,engine-image-ei-843accdd-tx99h,engine-image-ei-843accdd,12.5,1.0,14.1,0.0,0.0,0.0,0.0,0.0,0.0,0.0,10.0,26.0,736.0,0.0101749409,normal
2026-06-01T02:33:45Z,worker-1,kube-system,kube-ovn-cni-cf7cj,cni-server,318.7,23.2,362.1,0.3,0.0,204635.0,1200.0,0.0,0.0,0.0,132.0,183.0,5039.0,0.0726606806,normal
2026-06-01T02:33:45Z,worker-1,kube-system,ovs-ovn-w75jd,openvswitch,99.2,59.3,37.9,0.0,0.0,38.0,41.0,0.0,0.0,0.0,52.0,88.0,1966.0,0.0302321703,normal
2026-06-01T02:33:45Z,worker-1,longhorn-system,csi-provisioner-688964c44b-7hv5d,csi-provisioner,33.9,6.6,0.0,0.0,0.0,205691.0,2189.0,0.0,0.0,0.0,0.0,0.0,1425.0,0.0043229102,normal
2026-06-01T02:33:45Z,worker-1,longhorn-system,instance-manager-bacbca1a1c80c6ca28fd5f2d5fd0c24c,instance-manager,192.9,7.7,11.3,0.4,0.0,2972.0,3145.0,0.0,0.0,0.0,6.0,6.0,659.0,0.0066322473,normal
2026-06-01T02:33:45Z,worker-1,ebpf-final,ebpf-collector-5588x,collector,0.2,0.8,0.3,0.1,0.0,12590.0,18179.0,0.0,0.0,0.0,0.0,0.0,13.0,0.0011290751,normal
2026-06-01T02:33:45Z,worker-1,longhorn-system,longhorn-csi-plugin-t8lpt,longhorn-liveness-probe,2.8,1.7,0.0,0.0,0.0,224.0,274.0,0.0,0.0,0.0,0.0,0.0,178.0,0.0007926185,normal
2026-06-01T02:33:45Z,worker-1,monitoring,my-monitoring-prometheus-node-exporter-829wk,node-exporter,178.6,0.8,154.8,0.0,0.0,573.0,26033.0,0.0,0.0,0.0,0.0,0.0,319.0,0.0141940822,normal
2026-06-01T02:33:45Z,worker-1,longhorn-system,csi-resizer-7d9bff5787-242pl,csi-resizer,1.8,1.8,0.0,0.0,0.0,1209.0,996.0,0.0,0.0,0.0,0.0,0.0,211.0,0.0006409087,normal
2026-06-01T02:33:45Z,worker-1,kube-system,tetragon-kl9tz,export-stdout,6.1,4.8,0.0,0.0,0.0,0.0,0.0,0.0,0.0,0.0,0.0,0.0,10.0,0.000123352,normal
2026-06-01T02:33:55Z,worker-1,gpu-operator,gpu-operator-1764036362-node-feature-discovery-worker-9v5dt,worker,0.8,0.4,0.0,0.0,0.0,261.0,227.0,0.0,0.0,0.0,0.0,0.0,129.0,0.0023091297,normal
2026-06-01T02:33:55Z,worker-1,longhorn-system,longhorn-csi-plugin-t8lpt,longhorn-csi-plugin,2.7,1.3,0.0,0.0,0.0,0.0,0.0,0.0,0.0,0.0,0.0,0.0,78.0,0.0003875927,normal
2026-06-01T02:33:55Z,worker-1,longhorn-system,longhorn-manager-fgsfc,longhorn-manager,111.7,45.7,0.1,0.1,0.0,467484.0,12340.0,0.0,0.0,0.0,0.0,0.0,4514.0,0.0142516798,normal
2026-06-01T02:33:55Z,worker-1,longhorn-system,longhorn-csi-plugin-t8lpt,node-driver-registrar,0.1,0.1,0.0,0.0,0.0,0.0,0.0,0.0,0.0,0.0,0.0,0.0,9.0,3.03205e-05,normal
2026-06-01T02:33:55Z,worker-1,longhorn-system,csi-attacher-896ffc747-rxjjt,csi-attacher,3.6,3.1,0.1,0.0,0.0,1229.0,1014.0,0.0,0.0,0.0,0.0,0.0,291.0,0.0009022258,normal
2026-06-01T02:33:55Z,worker-1,longhorn-system,csi-snapshotter-65884686fc-gjw5g,csi-snapshotter,7.1,7.0,0.0,0.0,0.0,1132.0,1069.0,0.0,0.0,0.0,0.0,0.0,791.0,0.0022352177,normal
2026-06-01T02:33:55Z,worker-1,kube-system,nodelocaldns-zjml5,node-cache,13.4,4.5,0.3,1.0,0.0,4922.0,3562.0,0.0,0.0,0.0,0.0,0.0,732.0,0.0040345438,normal
2026-06-01T02:33:55Z,worker-1,kube-system,kube-ovn-pinger-vfzmn,pinger,50.1,19.9,13.2,0.2,0.0,115913.0,1580.0,0.0,12288.0,0.08244466666666667,17.0,26.0,3652.0,0.0178017039,normal
2026-06-01T02:33:55Z,worker-1,kube-system,tetragon-kl9tz,tetragon,5.7,3.4,0.0,0.0,0.0,17448.0,239.0,0.0,0.0,0.0,0.0,0.0,12781.0,0.0343288266,normal
2026-06-01T02:33:55Z,worker-1,longhorn-system,engine-image-ei-3154f3aa-kvvkq,engine-image-ei-3154f3aa,12.8,1.0,14.4,0.0,0.0,0.0,0.0,0.0,0.0,0.0,10.0,43.0,1057.0,0.0132658094,normal
2026-06-01T02:33:55Z,worker-1,kube-system,kube-proxy-pdwww,kube-proxy,1.9,0.4,0.0,0.0,0.0,17157.0,96.0,0.0,0.0,0.0,0.0,0.0,112.0,0.00025521,normal
2026-06-01T02:33:55Z,worker-1,longhorn-system,engine-image-ei-843accdd-tx99h,engine-image-ei-843accdd,12.4,1.0,14.0,0.0,0.0,0.0,0.0,0.0,0.0,0.0,10.0,28.0,796.0,0.0093413788,normal
2026-06-01T02:33:55Z,worker-1,kube-system,kube-ovn-cni-cf7cj,cni-server,322.3,21.8,363.7,0.3,0.0,204773.0,1200.0,0.0,0.0,0.0,134.0,179.0,4809.0,0.0723203901,normal
2026-06-01T02:33:55Z,worker-1,kube-system,ovs-ovn-w75jd,openvswitch,96.1,57.7,37.9,0.0,0.0,38.0,41.0,0.0,0.0,0.0,52.0,88.0,1756.0,0.0289033874,normal
2026-06-01T02:33:55Z,worker-1,longhorn-system,csi-provisioner-688964c44b-7hv5d,csi-provisioner,34.3,6.8,0.1,0.0,0.0,205562.0,2188.0,0.0,0.0,0.0,0.0,0.0,1363.0,0.0040618787,normal
2026-06-01T02:33:55Z,worker-1,longhorn-system,instance-manager-bacbca1a1c80c6ca28fd5f2d5fd0c24c,instance-manager,193.2,8.1,11.3,0.4,0.0,2972.0,3128.0,0.0,0.0,0.0,6.0,6.0,631.0,0.006737091,normal
2026-06-01T02:33:55Z,worker-1,ebpf-final,ebpf-collector-5588x,collector,0.2,0.7,0.3,0.1,0.0,11569.0,16678.0,0.0,0.0,0.0,0.0,0.0,11.0,0.0017542306,normal
2026-06-01T02:33:55Z,worker-1,longhorn-system,longhorn-csi-plugin-t8lpt,longhorn-liveness-probe,2.8,1.7,0.0,0.0,0.0,224.0,274.0,0.0,0.0,0.0,0.0,0.0,186.0,0.0008154278,normal
2026-06-01T02:33:55Z,worker-1,monitoring,my-monitoring-prometheus-node-exporter-829wk,node-exporter,0.2,0.2,0.0,0.0,0.0,208.0,3254.0,0.0,0.0,0.0,0.0,0.0,15.0,0.0001123693,normal
2026-06-01T02:33:55Z,worker-1,longhorn-system,csi-resizer-7d9bff5787-242pl,csi-resizer,2.4,1.9,0.0,0.0,0.0,1345.0,994.0,0.0,0.0,0.0,0.0,0.0,342.0,0.0008351654,normal
2026-06-01T02:33:55Z,worker-1,kube-system,tetragon-kl9tz,export-stdout,6.0,4.8,0.0,0.0,0.0,0.0,0.0,0.0,0.0,0.0,0.0,0.0,10.0,0.0001378549,normal
2026-06-01T02:34:05Z,worker-1,gpu-operator,gpu-operator-1764036362-node-feature-discovery-worker-9v5dt,worker,0.4,0.2,0.0,0.0,0.0,222.0,188.0,0.0,0.0,0.0,0.0,0.0,42.0,0.0002395928,normal
2026-06-01T02:34:05Z,worker-1,longhorn-system,longhorn-csi-plugin-t8lpt,longhorn-csi-plugin,2.7,1.2,0.0,0.0,0.0,0.0,0.0,0.0,0.0,0.0,0.0,0.0,80.0,0.0003745465,normal
2026-06-01T02:34:05Z,worker-1,longhorn-system,longhorn-manager-fgsfc,longhorn-manager,169.6,54.4,14.8,0.3,0.0,484042.0,24605.0,0.0,0.0,0.0,2.0,10.0,5301.0,0.0220304963,normal
2026-06-01T02:34:05Z,worker-1,longhorn-system,longhorn-csi-plugin-t8lpt,node-driver-registrar,0.1,0.1,0.0,0.0,0.0,0.0,0.0,0.0,0.0,0.0,0.0,0.0,9.0,3.01456e-05,normal
2026-06-01T02:34:05Z,worker-1,longhorn-system,csi-attacher-896ffc747-rxjjt,csi-attacher,3.6,3.5,0.0,0.0,0.0,1227.0,1049.0,0.0,0.0,0.0,0.0,0.0,284.0,0.0008493175,normal
2026-06-01T02:34:05Z,worker-1,longhorn-system,csi-snapshotter-65884686fc-gjw5g,csi-snapshotter,10.7,10.3,0.1,0.0,0.0,1403.0,1112.0,0.0,0.0,0.0,0.0,0.0,875.0,0.0026730395,normal
2026-06-01T02:34:05Z,worker-1,kube-system,nodelocaldns-zjml5,node-cache,14.6,4.9,0.4,1.1,0.0,5145.0,3785.0,0.0,0.0,0.0,0.0,0.0,856.0,0.0042590927,normal
2026-06-01T02:34:05Z,worker-1,kube-system,kube-ovn-pinger-vfzmn,pinger,44.3,19.4,13.2,0.2,0.0,83766.0,1205.0,0.0,20480.0,0.0699725,17.0,26.0,3108.0,0.0169258557,normal
2026-06-01T02:34:05Z,worker-1,kube-system,tetragon-kl9tz,tetragon,8.1,6.2,0.4,0.0,0.0,17952.0,21459.0,0.0,0.0,0.0,0.0,0.0,14633.0,0.0485564667,normal
2026-06-01T02:34:05Z,worker-1,longhorn-system,engine-image-ei-3154f3aa-kvvkq,engine-image-ei-3154f3aa,12.8,1.0,14.4,0.0,0.0,0.0,0.0,0.0,0.0,0.0,10.0,43.0,1098.0,0.012581978,normal
2026-06-01T02:34:05Z,worker-1,kube-system,kube-proxy-pdwww,kube-proxy,2.3,0.4,0.0,0.0,0.0,17279.0,96.0,0.0,0.0,0.0,0.0,0.0,85.0,0.0002670428,normal
2026-06-01T02:34:05Z,worker-1,longhorn-system,engine-image-ei-843accdd-tx99h,engine-image-ei-843accdd,12.7,1.0,14.3,0.0,0.0,0.0,0.0,0.0,0.0,0.0,10.0,33.0,868.0,0.0105189914,normal
2026-06-01T02:34:05Z,worker-1,kube-system,kube-ovn-cni-cf7cj,cni-server,370.4,27.6,440.9,0.3,0.0,204626.0,1200.0,0.0,0.0,0.0,170.0,219.0,5474.0,0.0858729026,normal
2026-06-01T02:34:05Z,worker-1,kube-system,ovs-ovn-w75jd,openvswitch,102.4,64.2,38.5,0.0,0.0,38.0,41.0,0.0,0.0,0.0,52.0,88.0,2002.0,0.0337329019,normal
2026-06-01T02:34:05Z,worker-1,longhorn-system,csi-provisioner-688964c44b-7hv5d,csi-provisioner,38.1,8.3,0.1,0.0,0.0,206576.0,2322.0,0.0,0.0,0.0,0.0,0.0,1568.0,0.0056401157,normal
2026-06-01T02:34:05Z,worker-1,longhorn-system,instance-manager-bacbca1a1c80c6ca28fd5f2d5fd0c24c,instance-manager,208.4,11.9,12.4,0.5,0.0,4947.0,5554.0,0.0,0.0,0.0,7.0,7.0,1060.0,0.0117133431,normal
2026-06-01T02:34:05Z,worker-1,ebpf-final,ebpf-collector-5588x,collector,153.2,0.8,143.3,0.1,0.0,209740.0,18116.0,0.0,0.0,0.0,0.0,0.0,158.0,0.021768144,normal
2026-06-01T02:34:05Z,worker-1,longhorn-system,longhorn-csi-plugin-t8lpt,longhorn-liveness-probe,2.9,1.8,0.0,0.0,0.0,224.0,274.0,0.0,0.0,0.0,0.0,0.0,182.0,0.0008433318,normal
2026-06-01T02:34:05Z,worker-1,monitoring,my-monitoring-prometheus-node-exporter-829wk,node-exporter,0.2,0.2,0.0,0.0,0.0,208.0,3254.0,0.0,0.0,0.0,0.0,0.0,18.0,0.0001423888,normal
2026-06-01T02:34:05Z,worker-1,longhorn-system,csi-resizer-7d9bff5787-242pl,csi-resizer,2.5,2.1,0.1,0.0,0.0,1127.0,994.0,0.0,0.0,0.0,0.0,0.0,225.0,0.0007257743,normal
2026-06-01T02:34:05Z,worker-1,kube-system,tetragon-kl9tz,export-stdout,18.5,17.2,0.0,0.0,0.0,0.0,0.0,0.0,0.0,0.0,0.0,0.0,10.0,0.0003443971,normal
2026-06-01T02:34:15Z,worker-1,gpu-operator,gpu-operator-1764036362-node-feature-discovery-worker-9v5dt,worker,0.4,0.2,0.0,0.0,0.0,222.0,188.0,0.0,0.0,0.0,0.0,0.0,33.0,0.000208478,normal
2026-06-01T02:34:15Z,worker-1,longhorn-system,longhorn-csi-plugin-t8lpt,longhorn-csi-plugin,2.8,1.2,0.0,0.0,0.0,0.0,0.0,0.0,0.0,0.0,0.0,0.0,121.0,0.0016777311,normal
2026-06-01T02:34:15Z,worker-1,longhorn-system,longhorn-manager-fgsfc,longhorn-manager,115.9,46.6,0.2,0.1,0.0,469089.0,11277.0,0.0,0.0,0.0,0.0,0.0,4648.0,0.0144984197,normal
2026-06-01T02:34:15Z,worker-1,longhorn-system,longhorn-csi-plugin-t8lpt,node-driver-registrar,0.1,0.1,0.0,0.0,0.0,0.0,0.0,0.0,0.0,0.0,0.0,0.0,9.0,3.00391e-05,normal
2026-06-01T02:34:15Z,worker-1,longhorn-system,csi-attacher-896ffc747-rxjjt,csi-attacher,3.1,3.0,0.0,0.0,0.0,1138.0,1014.0,0.0,0.0,0.0,0.0,0.0,216.0,0.0007713592,normal
2026-06-01T02:34:15Z,worker-1,longhorn-system,csi-snapshotter-65884686fc-gjw5g,csi-snapshotter,8.9,8.6,0.1,0.0,0.0,1158.0,1034.0,0.0,0.0,0.0,0.0,0.0,787.0,0.0022650553,normal
2026-06-01T02:34:15Z,worker-1,kube-system,nodelocaldns-zjml5,node-cache,12.8,4.1,0.3,1.0,0.0,4922.0,3562.0,0.0,0.0,0.0,0.0,0.0,662.0,0.0037242798,normal
2026-06-01T02:34:15Z,worker-1,kube-system,kube-ovn-pinger-vfzmn,pinger,42.1,19.3,13.2,0.2,0.0,115936.0,1436.0,0.0,12288.0,0.0653575,17.0,26.0,3568.0,0.0141708883,normal
2026-06-01T02:34:15Z,worker-1,kube-system,tetragon-kl9tz,tetragon,5.8,3.5,0.0,0.0,0.0,17448.0,239.0,0.0,0.0,0.0,0.0,0.0,11595.0,0.0314662642,normal
2026-06-01T02:34:15Z,worker-1,longhorn-system,engine-image-ei-3154f3aa-kvvkq,engine-image-ei-3154f3aa,12.8,1.0,14.4,0.0,0.0,0.0,0.0,0.0,0.0,0.0,10.0,41.0,1039.0,0.0127792097,normal
2026-06-01T02:34:15Z,worker-1,kube-system,kube-proxy-pdwww,kube-proxy,1.6,0.4,0.0,0.0,0.0,17157.0,96.0,0.0,0.0,0.0,0.0,0.0,93.0,0.0002493129,normal
2026-06-01T02:34:15Z,worker-1,longhorn-system,engine-image-ei-843accdd-tx99h,engine-image-ei-843accdd,12.5,1.0,14.1,0.0,0.0,0.0,0.0,0.0,0.0,0.0,10.0,31.0,897.0,0.0107474802,normal
2026-06-01T02:34:15Z,worker-1,kube-system,kube-ovn-cni-cf7cj,cni-server,317.5,23.0,360.8,0.3,0.0,204763.0,1200.0,0.0,0.0,0.0,131.0,186.0,4776.0,0.0753850297,normal
2026-06-01T02:34:15Z,worker-1,kube-system,ovs-ovn-w75jd,openvswitch,96.8,57.3,37.9,0.0,0.0,38.0,41.0,0.0,0.0,0.0,52.0,88.0,1952.0,0.0304370664,normal
2026-06-01T02:34:15Z,worker-1,longhorn-system,csi-provisioner-688964c44b-7hv5d,csi-provisioner,36.9,10.5,0.0,0.0,0.0,205699.0,2188.0,0.0,0.0,0.0,0.0,0.0,1500.0,0.0044969204,normal
2026-06-01T02:34:15Z,worker-1,longhorn-system,instance-manager-bacbca1a1c80c6ca28fd5f2d5fd0c24c,instance-manager,25.4,6.0,1.2,0.0,0.1,2972.0,3085.0,0.0,0.0,0.0,1.0,1.0,598.0,0.0035040998,normal
2026-06-01T02:34:15Z,worker-1,ebpf-final,ebpf-collector-5588x,collector,0.2,0.8,0.3,0.1,0.0,13631.0,19688.0,0.0,0.0,0.0,0.0,0.0,13.0,0.001430648,normal
2026-06-01T02:34:15Z,worker-1,longhorn-system,longhorn-csi-plugin-t8lpt,longhorn-liveness-probe,2.9,1.8,0.0,0.0,0.0,224.0,274.0,0.0,0.0,0.0,0.0,0.0,203.0,0.0008793072,normal
2026-06-01T02:34:15Z,worker-1,monitoring,my-monitoring-prometheus-node-exporter-829wk,node-exporter,178.7,0.8,154.8,0.0,0.0,573.0,26031.0,0.0,0.0,0.0,0.0,0.0,296.0,0.0127584959,normal
2026-06-01T02:34:15Z,worker-1,longhorn-system,csi-resizer-7d9bff5787-242pl,csi-resizer,2.4,2.3,0.0,0.0,0.0,1093.0,994.0,0.0,0.0,0.0,0.0,0.0,255.0,0.0014584368,normal
2026-06-01T02:34:15Z,worker-1,kube-system,tetragon-kl9tz,export-stdout,6.0,4.8,0.0,0.0,0.0,0.0,0.0,0.0,0.0,0.0,0.0,0.0,11.0,0.0001375521,normal
2026-06-01T02:34:25Z,worker-1,gpu-operator,gpu-operator-1764036362-node-feature-discovery-worker-9v5dt,worker,295.5,4.2,159.6,0.0,0.0,138017.0,1850.0,0.0,0.0,0.0,0.0,0.0,1909.0,0.0325113074,normal
2026-06-01T02:34:25Z,worker-1,longhorn-system,longhorn-csi-plugin-t8lpt,longhorn-csi-plugin,2.6,1.2,0.0,0.0,0.0,0.0,0.0,0.0,0.0,0.0,0.0,0.0,80.0,0.0004107691,normal
2026-06-01T02:34:25Z,worker-1,longhorn-system,longhorn-manager-fgsfc,longhorn-manager,115.7,46.7,0.1,0.1,0.0,467670.0,10819.0,0.0,0.0,0.0,0.0,0.0,4396.0,0.01398562,normal
2026-06-01T02:34:25Z,worker-1,longhorn-system,longhorn-csi-plugin-t8lpt,node-driver-registrar,0.1,0.1,0.0,0.0,0.0,0.0,0.0,0.0,0.0,0.0,0.0,0.0,9.0,3.53371e-05,normal
2026-06-01T02:34:25Z,worker-1,longhorn-system,csi-attacher-896ffc747-rxjjt,csi-attacher,3.4,2.8,0.0,0.0,0.0,1271.0,1014.0,0.0,0.0,0.0,0.0,0.0,268.0,0.0008353602,normal
2026-06-01T02:34:25Z,worker-1,longhorn-system,csi-snapshotter-65884686fc-gjw5g,csi-snapshotter,10.5,10.2,0.0,0.0,0.0,1167.0,1034.0,0.0,0.0,0.0,0.0,0.0,823.0,0.00238876,normal
2026-06-01T02:34:25Z,worker-1,kube-system,nodelocaldns-zjml5,node-cache,13.4,4.4,0.4,1.0,0.0,4922.0,3489.0,0.0,0.0,0.0,0.0,0.0,716.0,0.0038642028,normal
2026-06-01T02:34:25Z,worker-1,kube-system,kube-ovn-pinger-vfzmn,pinger,16.7,14.1,0.0,0.0,0.0,31981.0,375.0,0.0,8192.0,0.0617425,0.0,0.0,2558.0,0.0099678103,normal
2026-06-01T02:34:25Z,worker-1,kube-system,tetragon-kl9tz,tetragon,5.1,3.2,0.0,0.0,0.0,17766.0,239.0,0.0,0.0,0.0,0.0,0.0,12007.0,0.0372919182,normal
2026-06-01T02:34:25Z,worker-1,longhorn-system,engine-image-ei-3154f3aa-kvvkq,engine-image-ei-3154f3aa,12.8,1.0,14.4,0.0,0.0,0.0,0.0,0.0,0.0,0.0,10.0,40.0,1050.0,0.012471608,normal
2026-06-01T02:34:25Z,worker-1,kube-system,kube-proxy-pdwww,kube-proxy,2.3,0.4,0.0,0.0,0.0,17296.0,96.0,0.0,0.0,0.0,0.0,0.0,99.0,0.0002691061,normal
2026-06-01T02:34:25Z,worker-1,longhorn-system,engine-image-ei-843accdd-tx99h,engine-image-ei-843accdd,12.5,1.0,14.1,0.0,0.0,0.0,0.0,0.0,0.0,0.0,10.0,33.0,881.0,0.0110828795,normal
2026-06-01T02:34:25Z,worker-1,kube-system,kube-ovn-cni-cf7cj,cni-server,321.2,22.0,362.9,0.2,0.0,204913.0,1335.0,0.0,0.0,0.0,133.0,167.0,4166.0,0.0653225582,normal
2026-06-01T02:34:25Z,worker-1,kube-system,ovs-ovn-w75jd,openvswitch,99.6,60.0,37.7,0.0,0.0,38.0,41.0,0.0,0.0,0.0,52.0,88.0,1953.0,0.0290722232,normal
2026-06-01T02:34:25Z,worker-1,longhorn-system,csi-provisioner-688964c44b-7hv5d,csi-provisioner,37.5,10.3,0.0,0.0,0.0,205568.0,2189.0,0.0,0.0,0.0,0.0,0.0,1392.0,0.0044070615,normal
2026-06-01T02:34:25Z,worker-1,longhorn-system,instance-manager-bacbca1a1c80c6ca28fd5f2d5fd0c24c,instance-manager,193.0,7.8,11.3,0.4,0.0,2972.0,3145.0,0.0,0.0,0.0,6.0,6.0,682.0,0.0071780864,normal
2026-06-01T02:34:25Z,worker-1,ebpf-final,ebpf-collector-5588x,collector,0.2,0.7,0.3,0.1,0.0,11557.0,16673.0,0.0,0.0,0.0,0.0,0.0,6.0,0.0014692319,normal
2026-06-01T02:34:25Z,worker-1,longhorn-system,longhorn-csi-plugin-t8lpt,longhorn-liveness-probe,2.8,1.8,0.0,0.0,0.0,224.0,274.0,0.0,0.0,0.0,0.0,0.0,244.0,0.001877762,normal
2026-06-01T02:34:25Z,worker-1,monitoring,my-monitoring-prometheus-node-exporter-829wk,node-exporter,0.4,0.2,0.0,0.0,0.0,208.0,3254.0,0.0,0.0,0.0,0.0,0.0,24.0,0.000172818,normal
2026-06-01T02:34:25Z,worker-1,longhorn-system,csi-resizer-7d9bff5787-242pl,csi-resizer,2.1,2.0,0.0,0.0,0.0,1097.0,1030.0,0.0,0.0,0.0,0.0,0.0,241.0,0.0006901464,normal
2026-06-01T02:34:25Z,worker-1,kube-system,tetragon-kl9tz,export-stdout,6.0,4.8,0.0,0.0,0.0,0.0,0.0,0.0,0.0,0.0,0.0,0.0,11.0,0.0001337012,normal
2026-06-01T02:34:36Z,worker-1,gpu-operator,gpu-operator-1764036362-node-feature-discovery-worker-9v5dt,worker,0.5,0.2,0.0,0.0,0.0,222.0,188.0,0.0,0.0,0.0,0.0,0.0,34.0,0.00020913,normal
2026-06-01T02:34:36Z,worker-1,longhorn-system,longhorn-csi-plugin-t8lpt,longhorn-csi-plugin,2.6,1.2,0.0,0.0,0.0,0.0,0.0,0.0,0.0,0.0,0.0,0.0,79.0,0.00037533,normal
2026-06-01T02:34:36Z,worker-1,longhorn-system,longhorn-manager-fgsfc,longhorn-manager,165.2,49.0,14.7,0.3,0.0,479749.0,21312.0,0.0,0.0,0.0,2.0,11.0,5210.0,0.0223580938,normal
2026-06-01T02:34:36Z,worker-1,longhorn-system,longhorn-csi-plugin-t8lpt,node-driver-registrar,0.1,0.1,0.0,0.0,0.0,0.0,0.0,0.0,0.0,0.0,0.0,0.0,9.0,3.0889e-05,normal
2026-06-01T02:34:36Z,worker-1,longhorn-system,csi-attacher-896ffc747-rxjjt,csi-attacher,3.2,2.8,0.0,0.0,0.0,1248.0,1014.0,0.0,0.0,0.0,0.0,0.0,337.0,0.000949259,normal
2026-06-01T02:34:36Z,worker-1,longhorn-system,csi-snapshotter-65884686fc-gjw5g,csi-snapshotter,11.4,11.4,0.0,0.0,0.0,1136.0,1034.0,0.0,0.0,0.0,0.0,0.0,860.0,0.0032889331,normal
2026-06-01T02:34:36Z,worker-1,kube-system,nodelocaldns-zjml5,node-cache,13.8,4.5,0.3,1.0,0.0,4876.0,3626.0,0.0,0.0,0.0,0.0,0.0,730.0,0.003890644,normal
2026-06-01T02:34:36Z,worker-1,kube-system,kube-ovn-pinger-vfzmn,pinger,52.1,22.9,13.2,0.2,0.0,115928.0,1580.0,0.0,12288.0,0.089717,17.0,26.0,3894.0,0.0193002014,normal
2026-06-01T02:34:36Z,worker-1,kube-system,tetragon-kl9tz,tetragon,5.5,5.2,0.0,0.0,0.0,17448.0,239.0,0.0,0.0,0.0,0.0,0.0,12611.0,0.0334033391,normal
2026-06-01T02:34:36Z,worker-1,longhorn-system,engine-image-ei-3154f3aa-kvvkq,engine-image-ei-3154f3aa,12.7,1.0,14.3,0.0,0.0,0.0,0.0,0.0,0.0,0.0,10.0,37.0,1085.0,0.0133076071,normal
2026-06-01T02:34:36Z,worker-1,kube-system,kube-proxy-pdwww,kube-proxy,2.2,0.4,0.0,0.0,0.0,17157.0,96.0,0.0,0.0,0.0,0.0,0.0,112.0,0.0002399728,normal
2026-06-01T02:34:36Z,worker-1,longhorn-system,engine-image-ei-843accdd-tx99h,engine-image-ei-843accdd,12.7,1.0,14.3,0.0,0.0,0.0,0.0,0.0,0.0,0.0,10.0,37.0,1024.0,0.0109951722,normal
2026-06-01T02:34:36Z,worker-1,kube-system,kube-ovn-cni-cf7cj,cni-server,317.8,22.9,361.6,0.4,0.0,204477.0,1200.0,0.0,0.0,0.0,132.0,193.0,5081.0,0.0737125034,normal
2026-06-01T02:34:36Z,worker-1,kube-system,ovs-ovn-w75jd,openvswitch,101.2,61.9,38.0,0.0,0.0,38.0,41.0,0.0,0.0,0.0,52.0,88.0,1989.0,0.0310719975,normal
2026-06-01T02:34:36Z,worker-1,longhorn-system,csi-provisioner-688964c44b-7hv5d,csi-provisioner,37.4,8.3,0.1,0.0,0.0,206541.0,3752.0,0.0,0.0,0.0,0.0,0.0,1487.0,0.0045449265,normal
2026-06-01T02:34:36Z,worker-1,longhorn-system,instance-manager-bacbca1a1c80c6ca28fd5f2d5fd0c24c,instance-manager,205.4,10.2,12.4,0.4,0.0,3862.0,3817.0,0.0,0.0,0.0,7.0,7.0,814.0,0.00913138,normal
2026-06-01T02:34:36Z,worker-1,ebpf-final,ebpf-collector-5588x,collector,154.1,0.9,143.4,0.1,0.0,210431.0,19133.0,0.0,0.0,0.0,0.0,0.0,164.0,0.0145146933,normal
2026-06-01T02:34:36Z,worker-1,longhorn-system,longhorn-csi-plugin-t8lpt,longhorn-liveness-probe,2.7,1.7,0.0,0.0,0.0,224.0,274.0,0.0,0.0,0.0,0.0,0.0,183.0,0.0008229489,normal
2026-06-01T02:34:36Z,worker-1,monitoring,my-monitoring-prometheus-node-exporter-829wk,node-exporter,0.3,0.2,0.0,0.0,0.0,208.0,3254.0,0.0,0.0,0.0,0.0,0.0,23.0,0.0001658447,normal
2026-06-01T02:34:36Z,worker-1,longhorn-system,csi-resizer-7d9bff5787-242pl,csi-resizer,2.3,2.3,0.0,0.0,0.0,1121.0,996.0,0.0,0.0,0.0,0.0,0.0,235.0,0.0007153699,normal
2026-06-01T02:34:36Z,worker-1,kube-system,tetragon-kl9tz,export-stdout,18.0,16.6,0.0,0.0,0.0,0.0,0.0,0.0,0.0,0.0,0.0,0.0,10.0,0.0002825918,normal
2026-06-01T02:34:46Z,worker-1,gpu-operator,gpu-operator-1764036362-node-feature-discovery-worker-9v5dt,worker,0.5,0.2,0.0,0.0,0.0,222.0,188.0,0.0,0.0,0.0,0.0,0.0,34.0,0.0002032155,normal
2026-06-01T02:34:46Z,worker-1,longhorn-system,longhorn-csi-plugin-t8lpt,longhorn-csi-plugin,2.7,1.1,0.0,0.0,0.0,0.0,0.0,0.0,0.0,0.0,0.0,0.0,76.0,0.0003495072,normal
2026-06-01T02:34:46Z,worker-1,longhorn-system,longhorn-manager-fgsfc,longhorn-manager,119.1,48.8,0.3,0.1,0.0,469186.0,11264.0,0.0,0.0,0.0,0.0,0.0,4675.0,0.015115091,normal
2026-06-01T02:34:46Z,worker-1,longhorn-system,longhorn-csi-plugin-t8lpt,node-driver-registrar,0.1,0.1,0.0,0.0,0.0,0.0,0.0,0.0,0.0,0.0,0.0,0.0,9.0,3.07411e-05,normal
2026-06-01T02:34:46Z,worker-1,longhorn-system,csi-attacher-896ffc747-rxjjt,csi-attacher,3.0,2.6,0.1,0.0,0.0,1112.0,1014.0,0.0,0.0,0.0,0.0,0.0,277.0,0.0008035381,normal
2026-06-01T02:34:46Z,worker-1,longhorn-system,csi-snapshotter-65884686fc-gjw5g,csi-snapshotter,11.8,11.8,0.0,0.0,0.0,1131.0,1069.0,0.0,0.0,0.0,0.0,0.0,824.0,0.0024140029,normal
2026-06-01T02:34:46Z,worker-1,kube-system,nodelocaldns-zjml5,node-cache,28.3,5.8,37.5,1.0,0.0,4922.0,3562.0,0.0,0.0,0.0,12.0,12.0,887.0,0.009635192,normal
2026-06-01T02:34:46Z,worker-1,kube-system,kube-ovn-pinger-vfzmn,pinger,52.2,22.3,13.3,0.2,0.0,115744.0,1580.0,0.0,16384.0,0.077891,17.0,26.0,3895.0,0.0197806956,normal
2026-06-01T02:34:46Z,worker-1,kube-system,tetragon-kl9tz,tetragon,5.2,3.1,0.0,0.0,0.0,17609.0,239.0,0.0,0.0,0.0,0.0,0.0,13342.0,0.0431206701,normal
2026-06-01T02:34:46Z,worker-1,longhorn-system,engine-image-ei-3154f3aa-kvvkq,engine-image-ei-3154f3aa,12.9,1.0,14.5,0.0,0.0,0.0,0.0,0.0,0.0,0.0,10.0,41.0,1070.0,0.01318345,normal
2026-06-01T02:34:46Z,worker-1,kube-system,kube-proxy-pdwww,kube-proxy,2.9,0.5,0.1,0.0,0.0,17528.0,301.0,0.0,0.0,0.0,0.0,0.0,132.0,0.0004433768,normal
2026-06-01T02:34:46Z,worker-1,longhorn-system,engine-image-ei-843accdd-tx99h,engine-image-ei-843accdd,12.4,1.0,14.0,0.0,0.0,0.0,0.0,0.0,0.0,0.0,10.0,25.0,705.0,0.0091758988,normal
2026-06-01T02:34:46Z,worker-1,kube-system,kube-ovn-cni-cf7cj,cni-server,346.0,24.8,406.2,0.2,0.0,204624.0,1200.0,0.0,0.0,0.0,157.0,187.0,4320.0,0.0763697332,normal
2026-06-01T02:34:46Z,worker-1,kube-system,ovs-ovn-w75jd,openvswitch,101.9,61.6,37.9,0.0,0.0,38.0,41.0,0.0,0.0,0.0,52.0,89.0,2021.0,0.0325294139,normal
2026-06-01T02:34:46Z,worker-1,longhorn-system,csi-provisioner-688964c44b-7hv5d,csi-provisioner,34.2,6.9,0.1,0.0,0.0,205689.0,2190.0,0.0,0.0,0.0,0.0,0.0,1411.0,0.0060899041,normal
2026-06-01T02:34:46Z,worker-1,longhorn-system,instance-manager-bacbca1a1c80c6ca28fd5f2d5fd0c24c,instance-manager,192.2,7.4,11.3,0.4,0.1,2972.0,3145.0,0.0,0.0,0.0,6.0,6.0,758.0,0.0089194389,normal
2026-06-01T02:34:46Z,worker-1,ebpf-final,ebpf-collector-5588x,collector,0.2,0.7,0.3,0.1,0.0,11894.0,17153.0,0.0,0.0,0.0,0.0,0.0,11.0,0.001164596,normal
2026-06-01T02:34:46Z,worker-1,longhorn-system,longhorn-csi-plugin-t8lpt,longhorn-liveness-probe,3.1,1.9,0.0,0.0,0.0,224.0,274.0,0.0,0.0,0.0,0.0,0.0,165.0,0.0008130837,normal
2026-06-01T02:34:46Z,worker-1,monitoring,my-monitoring-prometheus-node-exporter-829wk,node-exporter,178.4,0.8,154.8,0.0,0.0,573.0,26049.0,0.0,0.0,0.0,0.0,0.0,360.0,0.0122037177,normal
2026-06-01T02:34:46Z,worker-1,longhorn-system,csi-resizer-7d9bff5787-242pl,csi-resizer,2.0,1.9,0.0,0.0,0.0,1094.0,996.0,0.0,0.0,0.0,0.0,0.0,225.0,0.0006881974,normal
2026-06-01T02:34:46Z,worker-1,kube-system,tetragon-kl9tz,export-stdout,6.1,4.8,0.0,0.0,0.0,0.0,0.0,0.0,0.0,0.0,0.0,0.0,10.0,0.0001245187,normal
2026-06-01T02:34:56Z,worker-1,gpu-operator,gpu-operator-1764036362-node-feature-discovery-worker-9v5dt,worker,0.7,0.4,0.0,0.0,0.0,261.0,227.0,0.0,0.0,0.0,0.0,0.0,90.0,0.0003055196,normal
2026-06-01T02:34:56Z,worker-1,longhorn-system,longhorn-csi-plugin-t8lpt,longhorn-csi-plugin,2.9,1.3,0.0,0.0,0.0,0.0,0.0,0.0,0.0,0.0,0.0,0.0,89.0,0.0004146235,normal
2026-06-01T02:34:56Z,worker-1,longhorn-system,longhorn-manager-fgsfc,longhorn-manager,118.7,47.3,0.1,0.1,0.0,468545.0,12051.0,0.0,0.0,0.0,0.0,0.0,4447.0,0.0138599523,normal
2026-06-01T02:34:56Z,worker-1,longhorn-system,longhorn-csi-plugin-t8lpt,node-driver-registrar,0.1,0.1,0.0,0.0,0.0,0.0,0.0,0.0,0.0,0.0,0.0,0.0,9.0,3.28238e-05,normal
2026-06-01T02:34:56Z,worker-1,longhorn-system,csi-attacher-896ffc747-rxjjt,csi-attacher,3.5,3.2,0.0,0.0,0.0,1229.0,1049.0,0.0,0.0,0.0,0.0,0.0,279.0,0.0008914345,normal
2026-06-01T02:34:56Z,worker-1,longhorn-system,csi-snapshotter-65884686fc-gjw5g,csi-snapshotter,11.7,11.7,0.0,0.0,0.0,1132.0,1034.0,0.0,0.0,0.0,0.0,0.0,820.0,0.0023834442,normal
2026-06-01T02:34:56Z,worker-1,kube-system,nodelocaldns-zjml5,node-cache,14.2,4.8,0.4,1.1,0.0,5145.0,3785.0,0.0,0.0,0.0,0.0,0.0,766.0,0.0041542571,normal
2026-06-01T02:34:56Z,worker-1,kube-system,kube-ovn-pinger-vfzmn,pinger,51.4,21.5,13.2,0.2,0.0,115836.0,1580.0,0.0,12288.0,0.066241,17.0,26.0,3866.0,0.0191752268,normal
2026-06-01T02:34:56Z,worker-1,kube-system,tetragon-kl9tz,tetragon,7.7,4.2,0.4,0.0,0.0,17813.0,21461.0,0.0,0.0,0.0,0.0,0.0,13536.0,0.0464686549,normal
2026-06-01T02:34:56Z,worker-1,longhorn-system,engine-image-ei-3154f3aa-kvvkq,engine-image-ei-3154f3aa,12.8,1.0,14.4,0.0,0.0,0.0,0.0,0.0,0.0,0.0,10.0,43.0,1046.0,0.0125991628,normal
2026-06-01T02:34:56Z,worker-1,kube-system,kube-proxy-pdwww,kube-proxy,2.0,0.4,0.0,0.0,0.0,17157.0,96.0,0.0,0.0,0.0,0.0,0.0,101.0,0.0002739752,normal
2026-06-01T02:34:56Z,worker-1,longhorn-system,engine-image-ei-843accdd-tx99h,engine-image-ei-843accdd,12.8,1.0,14.4,0.0,0.0,0.0,0.0,0.0,0.0,0.0,10.0,38.0,1005.0,0.0113977146,normal
2026-06-01T02:34:56Z,worker-1,kube-system,kube-ovn-cni-cf7cj,cni-server,349.0,25.7,399.7,0.4,0.0,204626.0,1200.0,0.0,0.0,0.0,148.0,217.0,5542.0,0.0865311287,normal
2026-06-01T02:34:56Z,worker-1,kube-system,ovs-ovn-w75jd,openvswitch,100.3,61.8,37.9,0.0,0.0,38.0,41.0,0.0,0.0,0.0,52.0,88.0,1842.0,0.0296145625,normal
2026-06-01T02:34:56Z,worker-1,longhorn-system,csi-provisioner-688964c44b-7hv5d,csi-provisioner,34.5,7.0,0.0,0.0,0.0,205702.0,2190.0,0.0,0.0,0.0,0.0,0.0,1371.0,0.0042344034,normal
2026-06-01T02:34:56Z,worker-1,longhorn-system,instance-manager-bacbca1a1c80c6ca28fd5f2d5fd0c24c,instance-manager,192.9,7.6,11.3,0.4,0.0,2972.0,3145.0,0.0,0.0,0.0,6.0,6.0,749.0,0.0064168874,normal
2026-06-01T02:34:56Z,worker-1,ebpf-final,ebpf-collector-5588x,collector,0.2,0.7,0.3,0.1,0.0,11561.0,16666.0,0.0,0.0,0.0,0.0,0.0,11.0,0.0019713727,normal
2026-06-01T02:34:56Z,worker-1,longhorn-system,longhorn-csi-plugin-t8lpt,longhorn-liveness-probe,3.0,1.8,0.0,0.0,0.0,224.0,274.0,0.0,0.0,0.0,0.0,0.0,186.0,0.0008243968,normal
2026-06-01T02:34:56Z,worker-1,monitoring,my-monitoring-prometheus-node-exporter-829wk,node-exporter,0.3,0.2,0.0,0.0,0.0,208.0,3254.0,0.0,0.0,0.0,0.0,0.0,19.0,0.0001298894,normal
2026-06-01T02:34:56Z,worker-1,longhorn-system,csi-resizer-7d9bff5787-242pl,csi-resizer,3.2,2.2,0.1,0.0,0.0,1377.0,996.0,0.0,0.0,0.0,0.0,0.0,345.0,0.0008952152,normal
2026-06-01T02:34:56Z,worker-1,kube-system,tetragon-kl9tz,export-stdout,6.1,4.8,0.0,0.0,0.0,0.0,0.0,0.0,0.0,0.0,0.0,0.0,10.0,0.0001284195,normal
2026-06-01T02:35:06Z,worker-1,gpu-operator,gpu-operator-1764036362-node-feature-discovery-worker-9v5dt,worker,0.5,0.2,0.0,0.0,0.0,222.0,188.0,0.0,0.0,0.0,0.0,0.0,33.0,0.000222537,normal
2026-06-01T02:35:06Z,worker-1,longhorn-system,longhorn-csi-plugin-t8lpt,longhorn-csi-plugin,2.8,1.2,0.0,0.0,0.0,0.0,0.0,0.0,0.0,0.0,0.0,0.0,83.0,0.0003771291,normal
2026-06-01T02:35:06Z,worker-1,longhorn-system,longhorn-manager-fgsfc,longhorn-manager,163.8,50.7,14.9,0.3,0.0,482928.0,24315.0,0.0,0.0,0.0,2.0,10.0,5477.0,0.0228357367,normal
2026-06-01T02:35:06Z,worker-1,longhorn-system,longhorn-csi-plugin-t8lpt,node-driver-registrar,0.1,0.1,0.0,0.0,0.0,0.0,0.0,0.0,0.0,0.0,0.0,0.0,9.0,3.13947e-05,normal
2026-06-01T02:35:06Z,worker-1,longhorn-system,csi-attacher-896ffc747-rxjjt,csi-attacher,3.4,3.3,0.0,0.0,0.0,1112.0,1014.0,0.0,0.0,0.0,0.0,0.0,283.0,0.0009107171,normal
2026-06-01T02:35:06Z,worker-1,longhorn-system,csi-snapshotter-65884686fc-gjw5g,csi-snapshotter,13.2,12.6,0.2,0.0,0.0,1492.0,1112.0,0.0,0.0,0.0,0.0,0.0,879.0,0.0026585779,normal
2026-06-01T02:35:06Z,worker-1,kube-system,nodelocaldns-zjml5,node-cache,13.4,4.5,0.3,1.0,0.0,4922.0,3562.0,0.0,0.0,0.0,0.0,0.0,694.0,0.0040005894,normal
2026-06-01T02:35:06Z,worker-1,kube-system,kube-ovn-pinger-vfzmn,pinger,51.5,21.6,13.2,0.2,0.0,115812.0,1580.0,0.0,12288.0,0.0717215,17.0,26.0,3957.0,0.0184876952,normal
2026-06-01T02:35:06Z,worker-1,kube-system,tetragon-kl9tz,tetragon,5.7,5.4,0.0,0.0,0.0,17587.0,239.0,0.0,0.0,0.0,0.0,0.0,12256.0,0.0330451949,normal
2026-06-01T02:35:06Z,worker-1,longhorn-system,engine-image-ei-3154f3aa-kvvkq,engine-image-ei-3154f3aa,12.8,1.0,14.4,0.0,0.0,0.0,0.0,0.0,0.0,0.0,10.0,41.0,1081.0,0.0133934024,normal
2026-06-01T02:35:06Z,worker-1,kube-system,kube-proxy-pdwww,kube-proxy,2.5,0.4,0.0,0.0,0.0,17279.0,96.0,0.0,0.0,0.0,0.0,0.0,105.0,0.0003120349,normal
2026-06-01T02:35:06Z,worker-1,longhorn-system,engine-image-ei-843accdd-tx99h,engine-image-ei-843accdd,12.5,1.0,14.1,0.0,0.0,0.0,0.0,0.0,0.0,0.0,10.0,29.0,796.0,0.0097187449,normal
2026-06-01T02:35:06Z,worker-1,kube-system,kube-ovn-cni-cf7cj,cni-server,315.8,21.7,359.8,0.2,0.0,204626.0,1200.0,0.0,0.0,0.0,130.0,162.0,3883.0,0.0641375805,normal
2026-06-01T02:35:06Z,worker-1,kube-system,ovs-ovn-w75jd,openvswitch,100.3,61.5,38.2,0.0,0.0,38.0,41.0,0.0,0.0,0.0,52.0,88.0,1958.0,0.032249449,normal
2026-06-01T02:35:06Z,worker-1,longhorn-system,csi-provisioner-688964c44b-7hv5d,csi-provisioner,36.5,7.8,0.1,0.0,0.0,206350.0,2323.0,0.0,0.0,0.0,0.0,0.0,1484.0,0.0044422417,normal
2026-06-01T02:35:06Z,worker-1,longhorn-system,instance-manager-bacbca1a1c80c6ca28fd5f2d5fd0c24c,instance-manager,207.2,11.7,12.4,0.5,0.0,4923.0,5539.0,0.0,0.0,0.0,7.0,7.0,969.0,0.0090202093,normal
2026-06-01T02:35:06Z,worker-1,ebpf-final,ebpf-collector-5588x,collector,154.1,0.9,143.3,0.1,0.0,210438.0,19139.0,0.0,0.0,0.0,0.0,0.0,162.0,0.0219735266,normal
2026-06-01T02:35:06Z,worker-1,longhorn-system,longhorn-csi-plugin-t8lpt,longhorn-liveness-probe,2.9,1.9,0.0,0.0,0.0,224.0,274.0,0.0,0.0,0.0,0.0,0.0,159.0,0.0008089878,normal
2026-06-01T02:35:06Z,worker-1,monitoring,my-monitoring-prometheus-node-exporter-829wk,node-exporter,0.5,0.2,0.0,0.0,0.0,208.0,3254.0,0.0,0.0,0.0,0.0,0.0,20.0,0.0001595765,normal
2026-06-01T02:35:06Z,worker-1,longhorn-system,csi-resizer-7d9bff5787-242pl,csi-resizer,2.1,2.0,0.0,0.0,0.0,1095.0,996.0,0.0,0.0,0.0,0.0,0.0,232.0,0.0006982337,normal
2026-06-01T02:35:06Z,worker-1,kube-system,tetragon-kl9tz,export-stdout,18.6,17.2,0.0,0.0,0.0,0.0,0.0,0.0,0.0,0.0,0.0,0.0,10.0,0.0002761623,normal
2026-06-01T02:35:16Z,worker-1,gpu-operator,gpu-operator-1764036362-node-feature-discovery-worker-9v5dt,worker,0.6,0.2,0.0,0.0,0.0,222.0,188.0,0.0,0.0,0.0,0.0,0.0,38.0,0.0002154318,normal
2026-06-01T02:35:16Z,worker-1,longhorn-system,longhorn-csi-plugin-t8lpt,longhorn-csi-plugin,2.6,1.1,0.0,0.0,0.0,0.0,0.0,0.0,0.0,0.0,0.0,0.0,77.0,0.0004056283,normal
2026-06-01T02:35:16Z,worker-1,longhorn-system,longhorn-manager-fgsfc,longhorn-manager,115.0,43.6,0.2,0.1,0.0,469544.0,11314.0,0.0,0.0,0.0,0.0,0.0,4432.0,0.0135643714,normal
2026-06-01T02:35:16Z,worker-1,longhorn-system,longhorn-csi-plugin-t8lpt,node-driver-registrar,0.1,0.1,0.0,0.0,0.0,0.0,0.0,0.0,0.0,0.0,0.0,0.0,10.0,3.36243e-05,normal
2026-06-01T02:35:16Z,worker-1,longhorn-system,csi-attacher-896ffc747-rxjjt,csi-attacher,3.2,2.9,0.0,0.0,0.0,1150.0,1013.0,0.0,0.0,0.0,0.0,0.0,258.0,0.000833319,normal
2026-06-01T02:35:16Z,worker-1,longhorn-system,csi-snapshotter-65884686fc-gjw5g,csi-snapshotter,12.4,12.2,0.0,0.0,0.0,1168.0,1034.0,0.0,0.0,0.0,0.0,0.0,827.0,0.0024503544,normal
2026-06-01T02:35:16Z,worker-1,kube-system,nodelocaldns-zjml5,node-cache,13.5,4.4,0.4,1.0,0.0,4922.0,3562.0,0.0,0.0,0.0,0.0,0.0,719.0,0.0040999086,normal
2026-06-01T02:35:16Z,worker-1,kube-system,kube-ovn-pinger-vfzmn,pinger,51.5,22.2,13.2,0.2,0.0,115878.0,1580.0,0.0,8192.0,0.072323,17.0,26.0,4204.0,0.0192928629,normal
2026-06-01T02:35:16Z,worker-1,kube-system,tetragon-kl9tz,tetragon,5.3,3.2,0.0,0.0,0.0,17448.0,239.0,0.0,0.0,0.0,0.0,0.0,13070.0,0.0400078982,normal
2026-06-01T02:35:16Z,worker-1,longhorn-system,engine-image-ei-3154f3aa-kvvkq,engine-image-ei-3154f3aa,12.8,1.0,14.4,0.0,0.0,0.0,0.0,0.0,0.0,0.0,10.0,39.0,1061.0,0.0127752084,normal
2026-06-01T02:35:16Z,worker-1,kube-system,kube-proxy-pdwww,kube-proxy,1.8,0.5,0.0,0.0,0.0,17157.0,96.0,0.0,0.0,0.0,0.0,0.0,97.0,0.0002482346,normal
2026-06-01T02:35:16Z,worker-1,longhorn-system,engine-image-ei-843accdd-tx99h,engine-image-ei-843accdd,12.4,1.0,14.0,0.0,0.0,0.0,0.0,0.0,0.0,0.0,10.0,29.0,786.0,0.0103407743,normal
2026-06-01T02:35:16Z,worker-1,kube-system,kube-ovn-cni-cf7cj,cni-server,324.9,23.8,364.6,0.4,0.0,204763.0,1200.0,0.0,0.0,0.0,135.0,197.0,5201.0,0.0793453772,normal
2026-06-01T02:35:16Z,worker-1,kube-system,ovs-ovn-w75jd,openvswitch,99.7,61.0,38.0,0.0,0.0,38.0,41.0,0.0,0.0,0.0,52.0,88.0,1887.0,0.0308844671,normal
2026-06-01T02:35:16Z,worker-1,longhorn-system,csi-provisioner-688964c44b-7hv5d,csi-provisioner,36.5,8.6,0.0,0.0,0.0,205948.0,2315.0,0.0,0.0,0.0,0.0,0.0,1375.0,0.0042112595,normal
2026-06-01T02:35:16Z,worker-1,longhorn-system,instance-manager-bacbca1a1c80c6ca28fd5f2d5fd0c24c,instance-manager,192.3,7.4,11.3,0.4,0.0,2998.0,3154.0,0.0,0.0,0.0,6.0,6.0,708.0,0.0081161529,normal
2026-06-01T02:35:16Z,worker-1,ebpf-final,ebpf-collector-5588x,collector,0.2,0.8,0.3,0.1,0.0,12247.0,17681.0,0.0,0.0,0.0,0.0,0.0,10.0,0.0011887214,normal
2026-06-01T02:35:16Z,worker-1,longhorn-system,longhorn-csi-plugin-t8lpt,longhorn-liveness-probe,2.6,1.7,0.0,0.0,0.0,224.0,274.0,0.0,0.0,0.0,0.0,0.0,216.0,0.001935693,normal
2026-06-01T02:35:16Z,worker-1,monitoring,my-monitoring-prometheus-node-exporter-829wk,node-exporter,178.6,0.8,154.8,0.0,0.0,573.0,26042.0,0.0,0.0,0.0,0.0,0.0,361.0,0.0138948843,normal
2026-06-01T02:35:16Z,worker-1,longhorn-system,csi-resizer-7d9bff5787-242pl,csi-resizer,1.7,1.8,0.0,0.0,0.0,1094.0,1031.0,0.0,0.0,0.0,0.0,0.0,221.0,0.0006447989,normal
2026-06-01T02:35:16Z,worker-1,kube-system,tetragon-kl9tz,export-stdout,6.2,4.8,0.0,0.0,0.0,0.0,0.0,0.0,0.0,0.0,0.0,0.0,11.0,0.0001351155,normal
2026-06-01T02:35:27Z,worker-1,gpu-operator,gpu-operator-1764036362-node-feature-discovery-worker-9v5dt,worker,296.2,4.4,159.6,0.0,0.0,137978.0,1811.0,0.0,0.0,0.0,0.0,0.0,1871.0,0.0276558299,normal
2026-06-01T02:35:27Z,worker-1,longhorn-system,longhorn-csi-plugin-t8lpt,longhorn-csi-plugin,2.2,0.9,0.0,0.0,0.0,0.0,0.0,0.0,0.0,0.0,0.0,0.0,69.0,0.000347164,normal
2026-06-01T02:35:27Z,worker-1,longhorn-system,longhorn-manager-fgsfc,longhorn-manager,149.4,45.2,12.6,0.1,0.1,452293.0,15773.0,0.0,0.0,0.0,0.0,0.0,4568.0,0.0165895193,normal
2026-06-01T02:35:27Z,worker-1,longhorn-system,longhorn-csi-plugin-t8lpt,node-driver-registrar,0.1,0.1,0.0,0.0,0.0,0.0,0.0,0.0,0.0,0.0,0.0,0.0,9.0,3.05243e-05,normal
2026-06-01T02:35:27Z,worker-1,longhorn-system,csi-attacher-896ffc747-rxjjt,csi-attacher,3.4,3.1,0.0,0.0,0.0,1235.0,1012.0,0.0,0.0,0.0,0.0,0.0,274.0,0.0008611365,normal
2026-06-01T02:35:27Z,worker-1,longhorn-system,csi-snapshotter-65884686fc-gjw5g,csi-snapshotter,11.4,11.3,0.0,0.0,0.0,1132.0,1034.0,0.0,0.0,0.0,0.0,0.0,824.0,0.0024694417,normal
2026-06-01T02:35:27Z,worker-1,kube-system,nodelocaldns-zjml5,node-cache,9.4,3.0,0.3,1.0,0.0,3059.0,2774.0,0.0,0.0,0.0,0.0,0.0,515.0,0.0028626952,normal
2026-06-01T02:35:27Z,worker-1,kube-system,kube-ovn-pinger-vfzmn,pinger,46.5,17.4,13.2,0.2,0.0,116058.0,1580.0,0.0,12288.0,0.0602545,17.0,26.0,3212.0,0.016872528,normal
2026-06-01T02:35:27Z,worker-1,kube-system,tetragon-kl9tz,tetragon,6.0,3.2,0.0,0.0,0.0,17913.0,239.0,0.0,0.0,0.0,0.0,0.0,13237.0,0.0354086696,normal
2026-06-01T02:35:27Z,worker-1,longhorn-system,engine-image-ei-3154f3aa-kvvkq,engine-image-ei-3154f3aa,12.8,1.0,14.4,0.0,0.0,0.0,0.0,0.0,0.0,0.0,10.0,41.0,1092.0,0.0129888803,normal
2026-06-01T02:35:27Z,worker-1,kube-system,kube-proxy-pdwww,kube-proxy,1.9,0.4,0.0,0.0,0.0,17296.0,96.0,0.0,0.0,0.0,0.0,0.0,134.0,0.0016025533,normal
2026-06-01T02:35:27Z,worker-1,longhorn-system,engine-image-ei-843accdd-tx99h,engine-image-ei-843accdd,12.4,1.0,14.0,0.0,0.0,0.0,0.0,0.0,0.0,0.0,10.0,28.0,744.0,0.0091493548,normal
2026-06-01T02:35:27Z,worker-1,kube-system,kube-ovn-cni-cf7cj,cni-server,367.9,26.9,439.9,0.2,0.0,193980.0,1104.0,0.0,0.0,0.0,169.0,201.0,4538.0,0.0764703361,normal
2026-06-01T02:35:27Z,worker-1,kube-system,ovs-ovn-w75jd,openvswitch,98.3,59.4,38.0,0.0,0.0,38.0,41.0,0.0,0.0,0.0,52.0,88.0,1867.0,0.0302326527,normal
2026-06-01T02:35:27Z,worker-1,longhorn-system,csi-provisioner-688964c44b-7hv5d,csi-provisioner,33.5,7.5,0.0,0.0,0.0,194910.0,2094.0,0.0,0.0,0.0,0.0,0.0,1372.0,0.0066006823,normal
2026-06-01T02:35:27Z,worker-1,longhorn-system,instance-manager-bacbca1a1c80c6ca28fd5f2d5fd0c24c,instance-manager,192.9,7.1,11.3,0.4,0.0,2972.0,3145.0,0.0,0.0,0.0,6.0,6.0,649.0,0.0062765126,normal
2026-06-01T02:35:27Z,worker-1,ebpf-final,ebpf-collector-5588x,collector,0.2,0.7,0.3,0.1,0.0,11560.0,16673.0,0.0,0.0,0.0,0.0,0.0,11.0,0.0017499489,normal
2026-06-01T02:35:27Z,worker-1,longhorn-system,longhorn-csi-plugin-t8lpt,longhorn-liveness-probe,2.5,1.6,0.0,0.0,0.0,224.0,274.0,0.0,0.0,0.0,0.0,0.0,191.0,0.0008089709,normal
2026-06-01T02:35:27Z,worker-1,monitoring,my-monitoring-prometheus-node-exporter-829wk,node-exporter,0.4,0.2,0.0,0.0,0.0,208.0,3254.0,0.0,0.0,0.0,0.0,0.0,23.0,0.0001634582,normal
2026-06-01T02:35:27Z,worker-1,longhorn-system,csi-resizer-7d9bff5787-242pl,csi-resizer,3.6,2.7,0.1,0.0,0.0,1375.0,1311.0,0.0,0.0,0.0,0.0,0.0,312.0,0.000898602,normal
2026-06-01T02:35:27Z,worker-1,kube-system,tetragon-kl9tz,export-stdout,6.1,4.8,0.0,0.0,0.0,0.0,0.0,0.0,0.0,0.0,0.0,0.0,10.0,0.0001259844,normal
2026-06-01T02:35:37Z,worker-1,gpu-operator,gpu-operator-1764036362-node-feature-discovery-worker-9v5dt,worker,0.4,0.2,0.0,0.0,0.0,222.0,188.0,0.0,0.0,0.0,0.0,0.0,34.0,0.0002265725,normal
2026-06-01T02:35:37Z,worker-1,longhorn-system,longhorn-csi-plugin-t8lpt,longhorn-csi-plugin,2.9,1.3,0.0,0.0,0.0,0.0,0.0,0.0,0.0,0.0,0.0,0.0,80.0,0.0003590829,normal
2026-06-01T02:35:37Z,worker-1,longhorn-system,longhorn-manager-fgsfc,longhorn-manager,126.0,47.4,2.4,0.3,0.0,496684.0,17053.0,0.0,0.0,0.0,2.0,12.0,5314.0,0.0324015884,normal
2026-06-01T02:35:37Z,worker-1,longhorn-system,longhorn-csi-plugin-t8lpt,node-driver-registrar,0.1,0.1,0.0,0.0,0.0,0.0,0.0,0.0,0.0,0.0,0.0,0.0,9.0,3.31125e-05,normal
2026-06-01T02:35:37Z,worker-1,longhorn-system,csi-attacher-896ffc747-rxjjt,csi-attacher,3.6,3.0,0.1,0.0,0.0,1246.0,1047.0,0.0,0.0,0.0,0.0,0.0,334.0,0.0009251873,normal
2026-06-01T02:35:37Z,worker-1,longhorn-system,csi-snapshotter-65884686fc-gjw5g,csi-snapshotter,12.6,12.6,0.0,0.0,0.0,1320.0,1106.0,0.0,0.0,0.0,0.0,0.0,810.0,0.0026346643,normal
2026-06-01T02:35:37Z,worker-1,kube-system,nodelocaldns-zjml5,node-cache,14.6,4.9,0.7,1.3,0.0,5256.0,3922.0,0.0,0.0,0.0,0.0,0.0,744.0,0.0040833183,normal
2026-06-01T02:35:37Z,worker-1,kube-system,kube-ovn-pinger-vfzmn,pinger,49.7,19.9,13.3,0.2,0.0,115868.0,1580.0,0.0,12288.0,0.060663,17.0,26.0,3531.0,0.0148156028,normal
2026-06-01T02:35:37Z,worker-1,kube-system,tetragon-kl9tz,tetragon,6.3,5.5,0.1,0.0,0.0,17715.0,374.0,0.0,0.0,0.0,0.0,0.0,13214.0,0.0409296388,normal
2026-06-01T02:35:37Z,worker-1,longhorn-system,engine-image-ei-3154f3aa-kvvkq,engine-image-ei-3154f3aa,12.8,1.0,14.4,0.0,0.0,0.0,0.0,0.0,0.0,0.0,10.0,40.0,1037.0,0.011760904,normal
2026-06-01T02:35:37Z,worker-1,kube-system,kube-proxy-pdwww,kube-proxy,1.3,0.3,0.0,0.0,0.0,17157.0,96.0,0.0,0.0,0.0,0.0,0.0,86.0,0.0002306298,normal
2026-06-01T02:35:37Z,worker-1,longhorn-system,engine-image-ei-843accdd-tx99h,engine-image-ei-843accdd,12.4,1.0,14.0,0.0,0.0,0.0,0.0,0.0,0.0,0.0,10.0,33.0,820.0,0.0110764529,normal
2026-06-01T02:35:37Z,worker-1,kube-system,kube-ovn-cni-cf7cj,cni-server,326.6,23.7,364.6,0.4,0.0,215132.0,1296.0,0.0,0.0,0.0,135.0,197.0,5370.0,0.0817730773,normal
2026-06-01T02:35:37Z,worker-1,kube-system,ovs-ovn-w75jd,openvswitch,102.3,62.5,38.0,0.0,0.0,38.0,41.0,0.0,0.0,0.0,52.0,88.0,2030.0,0.032742761,normal
2026-06-01T02:35:37Z,worker-1,longhorn-system,csi-provisioner-688964c44b-7hv5d,csi-provisioner,37.8,8.8,0.1,0.0,0.0,216601.0,2286.0,0.0,0.0,0.0,0.0,0.0,1470.0,0.0045700987,normal
2026-06-01T02:35:37Z,worker-1,longhorn-system,instance-manager-bacbca1a1c80c6ca28fd5f2d5fd0c24c,instance-manager,210.0,11.8,12.4,0.4,0.0,5049.0,5097.0,0.0,0.0,0.0,7.0,7.0,983.0,0.0087315063,normal
2026-06-01T02:35:37Z,worker-1,ebpf-final,ebpf-collector-5588x,collector,154.1,0.9,143.4,0.1,0.0,210779.0,19649.0,0.0,0.0,0.0,0.0,0.0,160.0,0.0250944969,normal
2026-06-01T02:35:37Z,worker-1,longhorn-system,longhorn-csi-plugin-t8lpt,longhorn-liveness-probe,3.1,1.9,0.0,0.0,0.0,224.0,274.0,0.0,0.0,0.0,0.0,0.0,163.0,0.0007806712,normal
2026-06-01T02:35:37Z,worker-1,monitoring,my-monitoring-prometheus-node-exporter-829wk,node-exporter,0.5,0.2,0.0,0.0,0.0,208.0,3254.0,0.0,0.0,0.0,0.0,0.0,26.0,0.00018953,normal
2026-06-01T02:35:37Z,worker-1,longhorn-system,csi-resizer-7d9bff5787-242pl,csi-resizer,2.2,2.2,0.0,0.0,0.0,1094.0,996.0,0.0,0.0,0.0,0.0,0.0,236.0,0.000754224,normal
2026-06-01T02:35:37Z,worker-1,kube-system,tetragon-kl9tz,export-stdout,18.0,16.6,0.0,0.0,0.0,0.0,0.0,0.0,0.0,0.0,0.0,0.0,10.0,0.0002485103,normal
2026-06-01T02:35:47Z,worker-1,gpu-operator,gpu-operator-1764036362-node-feature-discovery-worker-9v5dt,worker,0.5,0.2,0.0,0.0,0.0,222.0,188.0,0.0,0.0,0.0,0.0,0.0,34.0,0.0002224344,normal
2026-06-01T02:35:47Z,worker-1,longhorn-system,longhorn-csi-plugin-t8lpt,longhorn-csi-plugin,2.7,1.1,0.0,0.0,0.0,0.0,0.0,0.0,0.0,0.0,0.0,0.0,87.0,0.0003553715,normal
2026-06-01T02:35:47Z,worker-1,longhorn-system,longhorn-manager-fgsfc,longhorn-manager,113.5,43.7,0.1,0.1,0.0,470019.0,11514.0,0.0,0.0,0.0,0.0,0.0,4443.0,0.0142953889,normal
2026-06-01T02:35:47Z,worker-1,longhorn-system,longhorn-csi-plugin-t8lpt,node-driver-registrar,0.1,0.1,0.0,0.0,0.0,0.0,0.0,0.0,0.0,0.0,0.0,0.0,9.0,3.15703e-05,normal
2026-06-01T02:35:47Z,worker-1,longhorn-system,csi-attacher-896ffc747-rxjjt,csi-attacher,2.9,2.8,0.0,0.0,0.0,1116.0,1014.0,0.0,0.0,0.0,0.0,0.0,309.0,0.0021350174,normal
2026-06-01T02:35:47Z,worker-1,longhorn-system,csi-snapshotter-65884686fc-gjw5g,csi-snapshotter,11.6,11.4,0.0,0.0,0.0,1261.0,1071.0,0.0,0.0,0.0,0.0,0.0,868.0,0.0026411461,normal
2026-06-01T02:35:47Z,worker-1,kube-system,nodelocaldns-zjml5,node-cache,28.3,5.6,37.5,1.0,0.0,4922.0,3562.0,0.0,0.0,0.0,12.0,12.0,943.0,0.0082342162,normal
2026-06-01T02:35:47Z,worker-1,kube-system,kube-ovn-pinger-vfzmn,pinger,48.9,19.0,13.2,0.2,0.0,116139.0,1580.0,0.0,12288.0,0.0658045,17.0,26.0,3504.0,0.0186958531,normal
2026-06-01T02:35:47Z,worker-1,kube-system,tetragon-kl9tz,tetragon,6.6,3.7,0.0,0.0,0.0,18006.0,1368.0,0.0,0.0,0.0,0.0,0.0,13140.0,0.0335988526,normal
2026-06-01T02:35:47Z,worker-1,longhorn-system,engine-image-ei-3154f3aa-kvvkq,engine-image-ei-3154f3aa,13.0,1.0,14.6,0.0,0.0,0.0,0.0,0.0,0.0,0.0,10.0,42.0,1090.0,0.0125570458,normal
2026-06-01T02:35:47Z,worker-1,kube-system,kube-proxy-pdwww,kube-proxy,2.8,0.4,0.0,0.0,0.0,17408.0,96.0,0.0,0.0,0.0,0.0,0.0,115.0,0.0003443235,normal
2026-06-01T02:35:47Z,worker-1,longhorn-system,engine-image-ei-843accdd-tx99h,engine-image-ei-843accdd,12.5,1.0,14.1,0.0,0.0,0.0,0.0,0.0,0.0,0.0,10.0,32.0,893.0,0.0097849123,normal
2026-06-01T02:35:47Z,worker-1,kube-system,kube-ovn-cni-cf7cj,cni-server,318.3,21.6,361.1,0.2,0.0,204763.0,1200.0,0.0,0.0,0.0,131.0,163.0,4217.0,0.0662416749,normal
2026-06-01T02:35:47Z,worker-1,kube-system,ovs-ovn-w75jd,openvswitch,101.3,61.0,37.9,0.0,0.0,38.0,41.0,0.0,0.0,0.0,52.0,88.0,2035.0,0.0300939003,normal
2026-06-01T02:35:47Z,worker-1,longhorn-system,csi-provisioner-688964c44b-7hv5d,csi-provisioner,38.8,10.3,0.0,0.0,0.0,205724.0,2190.0,0.0,0.0,0.0,0.0,0.0,1383.0,0.0044088862,normal
2026-06-01T02:35:47Z,worker-1,longhorn-system,instance-manager-bacbca1a1c80c6ca28fd5f2d5fd0c24c,instance-manager,192.2,7.2,11.3,0.4,0.0,2972.0,3145.0,0.0,0.0,0.0,6.0,6.0,675.0,0.0082399492,normal
2026-06-01T02:35:47Z,worker-1,ebpf-final,ebpf-collector-5588x,collector,0.2,0.7,0.3,0.1,0.0,11902.0,17164.0,0.0,0.0,0.0,0.0,0.0,10.0,0.0012177867,normal
2026-06-01T02:35:47Z,worker-1,longhorn-system,longhorn-csi-plugin-t8lpt,longhorn-liveness-probe,3.0,1.8,0.0,0.0,0.0,224.0,274.0,0.0,0.0,0.0,0.0,0.0,175.0,0.0008160276,normal
2026-06-01T02:35:47Z,worker-1,monitoring,my-monitoring-prometheus-node-exporter-829wk,node-exporter,178.5,0.8,154.8,0.0,0.0,573.0,26066.0,0.0,0.0,0.0,0.0,0.0,305.0,0.0123977958,normal
2026-06-01T02:35:47Z,worker-1,longhorn-system,csi-resizer-7d9bff5787-242pl,csi-resizer,2.7,2.1,0.1,0.0,0.0,1368.0,996.0,0.0,0.0,0.0,0.0,0.0,241.0,0.0007148299,normal
2026-06-01T02:35:47Z,worker-1,kube-system,tetragon-kl9tz,export-stdout,6.1,4.8,0.0,0.0,0.0,0.0,0.0,0.0,0.0,0.0,0.0,0.0,11.0,0.0001301579,normal
2026-06-01T02:35:57Z,worker-1,gpu-operator,gpu-operator-1764036362-node-feature-discovery-worker-9v5dt,worker,0.8,0.3,0.0,0.0,0.0,261.0,227.0,0.0,0.0,0.0,0.0,0.0,59.0,0.0002991477,normal
2026-06-01T02:35:57Z,worker-1,longhorn-system,longhorn-csi-plugin-t8lpt,longhorn-csi-plugin,2.8,1.2,0.0,0.0,0.0,0.0,0.0,0.0,0.0,0.0,0.0,0.0,73.0,0.0003660623,normal
2026-06-01T02:35:57Z,worker-1,longhorn-system,longhorn-manager-fgsfc,longhorn-manager,153.1,43.6,12.8,0.1,0.0,473576.0,16788.0,0.0,0.0,0.0,0.0,0.0,4685.0,0.0162749513,normal
2026-06-01T02:35:57Z,worker-1,longhorn-system,longhorn-csi-plugin-t8lpt,node-driver-registrar,0.1,0.1,0.0,0.0,0.0,0.0,0.0,0.0,0.0,0.0,0.0,0.0,9.0,3.07967e-05,normal
2026-06-01T02:35:57Z,worker-1,longhorn-system,csi-attacher-896ffc747-rxjjt,csi-attacher,3.1,2.8,0.0,0.0,0.0,1229.0,1014.0,0.0,0.0,0.0,0.0,0.0,267.0,0.0008910062,normal
2026-06-01T02:35:57Z,worker-1,longhorn-system,csi-snapshotter-65884686fc-gjw5g,csi-snapshotter,12.9,12.5,0.1,0.0,0.0,1129.0,1032.0,0.0,0.0,0.0,0.0,0.0,814.0,0.0024530496,normal
2026-06-01T02:35:57Z,worker-1,kube-system,nodelocaldns-zjml5,node-cache,13.2,4.4,0.3,1.0,0.0,4922.0,3562.0,0.0,0.0,0.0,0.0,0.0,765.0,0.0039504486,normal
2026-06-01T02:35:57Z,worker-1,kube-system,kube-ovn-pinger-vfzmn,pinger,46.0,19.8,13.2,0.2,0.0,83809.0,1205.0,0.0,12288.0,0.0676045,17.0,26.0,3728.0,0.0174813871,normal
2026-06-01T02:35:57Z,worker-1,kube-system,tetragon-kl9tz,tetragon,7.6,4.0,0.4,0.0,0.0,17813.0,21422.0,0.0,0.0,0.0,0.0,0.0,12671.0,0.0455739124,normal
2026-06-01T02:35:57Z,worker-1,longhorn-system,engine-image-ei-3154f3aa-kvvkq,engine-image-ei-3154f3aa,12.8,1.0,14.4,0.0,0.0,0.0,0.0,0.0,0.0,0.0,10.0,39.0,1099.0,0.0127843831,normal
2026-06-01T02:35:57Z,worker-1,kube-system,kube-proxy-pdwww,kube-proxy,2.4,0.6,0.0,0.0,0.0,17157.0,96.0,0.0,0.0,0.0,0.0,0.0,98.0,0.000320584,normal
2026-06-01T02:35:57Z,worker-1,longhorn-system,engine-image-ei-843accdd-tx99h,engine-image-ei-843accdd,12.5,1.0,14.1,0.0,0.0,0.0,0.0,0.0,0.0,0.0,10.0,31.0,866.0,0.0106850551,normal
2026-06-01T02:35:57Z,worker-1,kube-system,kube-ovn-cni-cf7cj,cni-server,317.0,22.1,360.8,0.3,0.0,204746.0,1450.0,0.0,0.0,0.0,131.0,178.0,4606.0,0.0719403467,normal
2026-06-01T02:35:57Z,worker-1,kube-system,ovs-ovn-w75jd,openvswitch,112.8,61.8,46.7,0.0,0.0,38.0,41.0,0.0,0.0,0.0,65.0,110.0,2082.0,0.0346634262,normal
2026-06-01T02:35:57Z,worker-1,longhorn-system,csi-provisioner-688964c44b-7hv5d,csi-provisioner,37.2,9.2,0.0,0.0,0.0,205566.0,2190.0,0.0,0.0,0.0,0.0,0.0,1345.0,0.004176169,normal
2026-06-01T02:35:57Z,worker-1,longhorn-system,instance-manager-bacbca1a1c80c6ca28fd5f2d5fd0c24c,instance-manager,192.1,7.2,11.3,0.4,0.0,2972.0,3128.0,0.0,0.0,0.0,6.0,6.0,715.0,0.0089382933,normal
2026-06-01T02:35:57Z,worker-1,ebpf-final,ebpf-collector-5588x,collector,0.2,0.7,0.3,0.1,0.0,10861.0,15670.0,0.0,0.0,0.0,0.0,0.0,10.0,0.0022389262,normal
2026-06-01T02:35:57Z,worker-1,longhorn-system,longhorn-csi-plugin-t8lpt,longhorn-liveness-probe,2.8,1.8,0.0,0.0,0.0,224.0,274.0,0.0,0.0,0.0,0.0,0.0,185.0,0.0008070671,normal
2026-06-01T02:35:57Z,worker-1,monitoring,my-monitoring-prometheus-node-exporter-829wk,node-exporter,0.2,0.2,0.0,0.0,0.0,208.0,3254.0,0.0,0.0,0.0,0.0,0.0,17.0,0.0001387484,normal
2026-06-01T02:35:57Z,worker-1,longhorn-system,csi-resizer-7d9bff5787-242pl,csi-resizer,2.2,2.2,0.0,0.0,0.0,1094.0,996.0,0.0,0.0,0.0,0.0,0.0,283.0,0.0008077002,normal
2026-06-01T02:35:57Z,worker-1,kube-system,tetragon-kl9tz,export-stdout,6.1,4.8,0.0,0.0,0.0,0.0,0.0,0.0,0.0,0.0,0.0,0.0,10.0,0.0001244527,normal
2026-06-01T02:36:08Z,worker-1,gpu-operator,gpu-operator-1764036362-node-feature-discovery-worker-9v5dt,worker,0.5,0.2,0.0,0.0,0.0,222.0,188.0,0.0,0.0,0.0,0.0,0.0,34.0,0.0002210756,normal
2026-06-01T02:36:08Z,worker-1,longhorn-system,longhorn-csi-plugin-t8lpt,longhorn-csi-plugin,4.2,1.7,0.0,0.0,0.0,0.0,0.0,0.0,0.0,0.0,0.0,0.0,131.0,0.0006233949,normal
2026-06-01T02:36:08Z,worker-1,longhorn-system,longhorn-manager-fgsfc,longhorn-manager,123.4,47.5,2.2,0.3,0.0,477372.0,19865.0,0.0,0.0,0.0,2.0,11.0,5085.0,0.0189220247,normal
2026-06-01T02:36:08Z,worker-1,longhorn-system,longhorn-csi-plugin-t8lpt,node-driver-registrar,0.1,0.1,0.0,0.0,0.0,0.0,0.0,0.0,0.0,0.0,0.0,0.0,13.0,4.47817e-05,normal
2026-06-01T02:36:08Z,worker-1,longhorn-system,csi-attacher-896ffc747-rxjjt,csi-attacher,3.3,2.9,0.0,0.0,0.0,1146.0,1014.0,0.0,0.0,0.0,0.0,0.0,267.0,0.0008460996,normal
2026-06-01T02:36:08Z,worker-1,longhorn-system,csi-snapshotter-65884686fc-gjw5g,csi-snapshotter,13.0,12.7,0.0,0.0,0.0,1192.0,1032.0,0.0,0.0,0.0,0.0,0.0,840.0,0.0025076062,normal
2026-06-01T02:36:08Z,worker-1,kube-system,nodelocaldns-zjml5,node-cache,13.3,4.6,0.4,1.0,0.0,4922.0,3562.0,0.0,0.0,0.0,0.0,0.0,755.0,0.0052160006,normal
2026-06-01T02:36:08Z,worker-1,kube-system,kube-ovn-pinger-vfzmn,pinger,47.3,19.6,13.2,0.2,0.0,115895.0,1436.0,0.0,12288.0,0.0696695,17.0,26.0,3478.0,0.0181463314,normal
2026-06-01T02:36:08Z,worker-1,kube-system,tetragon-kl9tz,tetragon,5.3,5.2,0.0,0.0,0.0,17448.0,239.0,0.0,0.0,0.0,0.0,0.0,14465.0,0.0370915999,normal
2026-06-01T02:36:08Z,worker-1,longhorn-system,engine-image-ei-3154f3aa-kvvkq,engine-image-ei-3154f3aa,12.8,1.0,14.4,0.0,0.0,0.0,0.0,0.0,0.0,0.0,10.0,42.0,1120.0,0.0131311205,normal
2026-06-01T02:36:08Z,worker-1,kube-system,kube-proxy-pdwww,kube-proxy,2.4,0.4,0.0,0.0,0.0,17279.0,96.0,0.0,0.0,0.0,0.0,0.0,127.0,0.0003372919,normal
2026-06-01T02:36:08Z,worker-1,longhorn-system,engine-image-ei-843accdd-tx99h,engine-image-ei-843accdd,15.5,1.2,17.5,0.0,0.0,0.0,0.0,0.0,0.0,0.0,12.0,38.0,1074.0,0.0134324258,normal
2026-06-01T02:36:08Z,worker-1,kube-system,kube-ovn-cni-cf7cj,cni-server,375.2,27.3,444.0,0.3,0.0,204775.0,1200.0,0.0,0.0,0.0,173.0,224.0,5125.0,0.080268564,normal
2026-06-01T02:36:08Z,worker-1,kube-system,ovs-ovn-w75jd,openvswitch,99.6,61.2,38.1,0.0,0.0,38.0,41.0,0.0,0.0,0.0,52.0,88.0,1941.0,0.0322255973,normal
2026-06-01T02:36:08Z,worker-1,longhorn-system,csi-provisioner-688964c44b-7hv5d,csi-provisioner,34.7,7.8,0.0,0.0,0.0,205948.0,2190.0,0.0,0.0,0.0,0.0,0.0,1424.0,0.0043286831,normal
2026-06-01T02:36:08Z,worker-1,longhorn-system,instance-manager-bacbca1a1c80c6ca28fd5f2d5fd0c24c,instance-manager,207.3,11.3,12.4,0.5,0.0,4947.0,5537.0,0.0,0.0,0.0,7.0,7.0,1067.0,0.0110779814,normal
2026-06-01T02:36:08Z,worker-1,ebpf-final,ebpf-collector-5588x,collector,153.8,0.9,143.3,0.1,0.0,211130.0,20143.0,0.0,0.0,0.0,0.0,0.0,157.0,0.0161766399,normal
2026-06-01T02:36:08Z,worker-1,longhorn-system,longhorn-csi-plugin-t8lpt,longhorn-liveness-probe,4.3,2.7,0.0,0.0,0.0,336.0,411.0,0.0,0.0,0.0,0.0,0.0,301.0,0.0022046978,normal
2026-06-01T02:36:08Z,worker-1,monitoring,my-monitoring-prometheus-node-exporter-829wk,node-exporter,0.5,0.2,0.0,0.0,0.0,208.0,3254.0,0.0,0.0,0.0,0.0,0.0,24.0,0.0001610148,normal
2026-06-01T02:36:08Z,worker-1,longhorn-system,csi-resizer-7d9bff5787-242pl,csi-resizer,1.8,1.8,0.0,0.0,0.0,1094.0,1031.0,0.0,0.0,0.0,0.0,0.0,228.0,0.0007172567,normal
2026-06-01T02:36:08Z,worker-1,kube-system,tetragon-kl9tz,export-stdout,18.5,17.1,0.0,0.0,0.0,0.0,0.0,0.0,0.0,0.0,0.0,0.0,11.0,0.0003064561,normal
2026-06-01T02:36:18Z,worker-1,gpu-operator,gpu-operator-1764036362-node-feature-discovery-worker-9v5dt,worker,0.5,0.2,0.0,0.0,0.0,222.0,188.0,0.0,0.0,0.0,0.0,0.0,35.0,0.0002151163,normal
2026-06-01T02:36:18Z,worker-1,longhorn-system,longhorn-csi-plugin-t8lpt,longhorn-csi-plugin,3.0,1.3,0.0,0.0,0.0,0.0,0.0,0.0,0.0,0.0,0.0,0.0,138.0,0.00185777,normal
2026-06-01T02:36:18Z,worker-1,longhorn-system,longhorn-manager-fgsfc,longhorn-manager,112.1,44.8,0.2,0.1,0.0,469049.0,11068.0,0.0,0.0,0.0,0.0,0.0,4411.0,0.0138564475,normal
2026-06-01T02:36:18Z,worker-1,longhorn-system,longhorn-csi-plugin-t8lpt,node-driver-registrar,0.1,0.1,0.0,0.0,0.0,0.0,0.0,0.0,0.0,0.0,0.0,0.0,9.0,3.31406e-05,normal
2026-06-01T02:36:18Z,worker-1,longhorn-system,csi-attacher-896ffc747-rxjjt,csi-attacher,3.2,3.0,0.0,0.0,0.0,1227.0,1014.0,0.0,0.0,0.0,0.0,0.0,286.0,0.0009340369,normal
2026-06-01T02:36:18Z,worker-1,longhorn-system,csi-snapshotter-65884686fc-gjw5g,csi-snapshotter,11.8,11.6,0.1,0.0,0.0,1249.0,1072.0,0.0,0.0,0.0,0.0,0.0,831.0,0.002517602,normal
2026-06-01T02:36:18Z,worker-1,kube-system,nodelocaldns-zjml5,node-cache,13.6,4.6,0.3,1.0,0.0,4922.0,3562.0,0.0,0.0,0.0,0.0,0.0,722.0,0.0040200065,normal
2026-06-01T02:36:18Z,worker-1,kube-system,kube-ovn-pinger-vfzmn,pinger,49.6,19.9,13.2,0.2,0.0,115813.0,1580.0,0.0,12288.0,0.085818,17.0,26.0,3262.0,0.0170305025,normal
2026-06-01T02:36:18Z,worker-1,kube-system,tetragon-kl9tz,tetragon,5.3,3.2,0.0,0.0,0.0,17448.0,239.0,0.0,0.0,0.0,0.0,0.0,12787.0,0.03889792,normal
2026-06-01T02:36:18Z,worker-1,longhorn-system,engine-image-ei-3154f3aa-kvvkq,engine-image-ei-3154f3aa,12.8,1.0,14.4,0.0,0.0,0.0,0.0,0.0,0.0,0.0,10.0,40.0,1014.0,0.0140989731,normal
2026-06-01T02:36:18Z,worker-1,kube-system,kube-proxy-pdwww,kube-proxy,1.6,0.5,0.0,0.0,0.0,17157.0,96.0,0.0,0.0,0.0,0.0,0.0,92.0,0.0002818297,normal
2026-06-01T02:36:18Z,worker-1,longhorn-system,engine-image-ei-843accdd-tx99h,engine-image-ei-843accdd,12.4,1.0,14.0,0.0,0.0,0.0,0.0,0.0,0.0,0.0,10.0,30.0,821.0,0.0095421692,normal
2026-06-01T02:36:18Z,worker-1,kube-system,kube-ovn-cni-cf7cj,cni-server,317.1,22.4,360.8,0.3,0.0,204744.0,1328.0,0.0,0.0,0.0,131.0,179.0,4741.0,0.0727739878,normal
2026-06-01T02:36:18Z,worker-1,kube-system,ovs-ovn-w75jd,openvswitch,99.4,60.3,37.9,0.0,0.0,38.0,41.0,0.0,0.0,0.0,52.0,88.0,1916.0,0.0304763982,normal
2026-06-01T02:36:18Z,worker-1,longhorn-system,csi-provisioner-688964c44b-7hv5d,csi-provisioner,36.8,8.0,0.1,0.0,0.0,205951.0,2357.0,0.0,0.0,0.0,0.0,0.0,1442.0,0.007120566,normal
2026-06-01T02:36:18Z,worker-1,longhorn-system,instance-manager-bacbca1a1c80c6ca28fd5f2d5fd0c24c,instance-manager,192.7,7.4,11.3,0.4,0.0,2972.0,3145.0,0.0,0.0,0.0,6.0,6.0,614.0,0.0063378294,normal
2026-06-01T02:36:18Z,worker-1,ebpf-final,ebpf-collector-5588x,collector,0.2,0.8,0.3,0.1,0.0,12245.0,17686.0,0.0,0.0,0.0,0.0,0.0,12.0,0.0012165023,normal
2026-06-01T02:36:18Z,worker-1,longhorn-system,longhorn-csi-plugin-t8lpt,longhorn-liveness-probe,3.1,2.0,0.0,0.0,0.0,224.0,274.0,0.0,0.0,0.0,0.0,0.0,193.0,0.0008838899,normal
2026-06-01T02:36:18Z,worker-1,monitoring,my-monitoring-prometheus-node-exporter-829wk,node-exporter,178.5,0.8,154.8,0.0,0.0,573.0,26025.0,0.0,0.0,0.0,0.0,0.0,140.0,0.0109867602,normal
2026-06-01T02:36:18Z,worker-1,longhorn-system,csi-resizer-7d9bff5787-242pl,csi-resizer,2.0,1.9,0.0,0.0,0.0,1094.0,996.0,0.0,0.0,0.0,0.0,0.0,216.0,0.0016824581,normal
2026-06-01T02:36:18Z,worker-1,kube-system,tetragon-kl9tz,export-stdout,6.1,4.8,0.0,0.0,0.0,0.0,0.0,0.0,0.0,0.0,0.0,0.0,10.0,0.0001533061,normal
2026-06-01T02:36:28Z,worker-1,gpu-operator,gpu-operator-1764036362-node-feature-discovery-worker-9v5dt,worker,293.4,4.7,159.6,0.0,0.0,138017.0,1850.0,0.0,0.0,0.0,0.0,0.0,1906.0,0.0363133864,normal
2026-06-01T02:36:28Z,worker-1,longhorn-system,longhorn-csi-plugin-t8lpt,longhorn-csi-plugin,2.6,1.1,0.0,0.0,0.0,0.0,0.0,0.0,0.0,0.0,0.0,0.0,80.0,0.0003601458,normal
2026-06-01T02:36:28Z,worker-1,longhorn-system,longhorn-manager-fgsfc,longhorn-manager,151.5,46.5,12.6,0.1,0.0,472869.0,15896.0,0.0,0.0,0.0,0.0,0.0,4416.0,0.0163255554,normal
2026-06-01T02:36:28Z,worker-1,longhorn-system,longhorn-csi-plugin-t8lpt,node-driver-registrar,0.1,0.1,0.0,0.0,0.0,0.0,0.0,0.0,0.0,0.0,0.0,0.0,9.0,2.96697e-05,normal
2026-06-01T02:36:28Z,worker-1,longhorn-system,csi-attacher-896ffc747-rxjjt,csi-attacher,3.5,3.0,0.1,0.0,0.0,1263.0,1049.0,0.0,0.0,0.0,0.0,0.0,287.0,0.0008899904,normal
2026-06-01T02:36:28Z,worker-1,longhorn-system,csi-snapshotter-65884686fc-gjw5g,csi-snapshotter,12.1,12.1,0.0,0.0,0.0,1136.0,1069.0,0.0,0.0,0.0,0.0,0.0,834.0,0.0023717404,normal
2026-06-01T02:36:28Z,worker-1,kube-system,nodelocaldns-zjml5,node-cache,13.1,4.3,0.4,1.0,0.0,4922.0,3562.0,0.0,0.0,0.0,0.0,0.0,707.0,0.0041602696,normal
2026-06-01T02:36:28Z,worker-1,kube-system,kube-ovn-pinger-vfzmn,pinger,17.2,14.5,0.0,0.0,0.0,32018.0,375.0,0.0,12288.0,0.071744,0.0,0.0,3247.0,0.0120518278,normal
2026-06-01T02:36:28Z,worker-1,kube-system,tetragon-kl9tz,tetragon,5.7,3.5,0.0,0.0,0.0,17766.0,239.0,0.0,0.0,0.0,0.0,0.0,11711.0,0.0317110987,normal
2026-06-01T02:36:28Z,worker-1,longhorn-system,engine-image-ei-3154f3aa-kvvkq,engine-image-ei-3154f3aa,16.3,1.3,18.3,0.0,0.0,0.0,0.0,0.0,0.0,0.0,13.0,51.0,1412.0,0.0159493756,normal
2026-06-01T02:36:28Z,worker-1,kube-system,kube-proxy-pdwww,kube-proxy,2.2,0.4,0.0,0.0,0.0,17296.0,96.0,0.0,0.0,0.0,0.0,0.0,95.0,0.0003013535,normal
2026-06-01T02:36:28Z,worker-1,longhorn-system,engine-image-ei-843accdd-tx99h,engine-image-ei-843accdd,12.5,1.0,14.1,0.0,0.0,0.0,0.0,0.0,0.0,0.0,10.0,34.0,905.0,0.0110714943,normal
2026-06-01T02:36:28Z,worker-1,kube-system,kube-ovn-cni-cf7cj,cni-server,318.2,22.1,360.7,0.3,0.0,204635.0,1200.0,0.0,0.0,0.0,131.0,181.0,4651.0,0.0750521441,normal
2026-06-01T02:36:28Z,worker-1,kube-system,ovs-ovn-w75jd,openvswitch,97.9,59.0,37.8,0.0,0.0,38.0,41.0,0.0,0.0,0.0,52.0,88.0,1883.0,0.0302463158,normal
2026-06-01T02:36:28Z,worker-1,longhorn-system,csi-provisioner-688964c44b-7hv5d,csi-provisioner,33.2,7.2,0.1,0.0,0.0,205589.0,2188.0,0.0,0.0,0.0,0.0,0.0,1334.0,0.0041994773,normal
2026-06-01T02:36:28Z,worker-1,longhorn-system,instance-manager-bacbca1a1c80c6ca28fd5f2d5fd0c24c,instance-manager,25.8,6.9,1.2,0.0,0.0,2972.0,3085.0,0.0,0.0,0.0,1.0,1.0,594.0,0.0033201384,normal
2026-06-01T02:36:28Z,worker-1,ebpf-final,ebpf-collector-5588x,collector,0.2,0.7,0.3,0.1,0.0,10863.0,15657.0,0.0,0.0,0.0,0.0,0.0,9.0,0.001955822,normal
2026-06-01T02:36:28Z,worker-1,longhorn-system,longhorn-csi-plugin-t8lpt,longhorn-liveness-probe,2.6,1.7,0.0,0.0,0.0,224.0,274.0,0.0,0.0,0.0,0.0,0.0,170.0,0.0007535723,normal
2026-06-01T02:36:28Z,worker-1,monitoring,my-monitoring-prometheus-node-exporter-829wk,node-exporter,0.2,0.2,0.0,0.0,0.0,208.0,3254.0,0.0,0.0,0.0,0.0,0.0,16.0,0.0001217046,normal
2026-06-01T02:36:28Z,worker-1,longhorn-system,csi-resizer-7d9bff5787-242pl,csi-resizer,2.4,2.1,0.0,0.0,0.0,1222.0,998.0,0.0,0.0,0.0,0.0,0.0,288.0,0.0008427878,normal
2026-06-01T02:36:28Z,worker-1,kube-system,tetragon-kl9tz,export-stdout,6.1,4.8,0.0,0.0,0.0,0.0,0.0,0.0,0.0,0.0,0.0,0.0,10.0,0.0001370301,normal
2026-06-01T02:36:38Z,worker-1,gpu-operator,gpu-operator-1764036362-node-feature-discovery-worker-9v5dt,worker,0.6,0.2,0.0,0.0,0.0,222.0,188.0,0.0,0.0,0.0,0.0,0.0,35.0,0.0002201762,normal
2026-06-01T02:36:38Z,worker-1,longhorn-system,longhorn-csi-plugin-t8lpt,longhorn-csi-plugin,2.9,1.3,0.0,0.0,0.0,0.0,0.0,0.0,0.0,0.0,0.0,0.0,80.0,0.0003486932,normal
2026-06-01T02:36:38Z,worker-1,longhorn-system,longhorn-manager-fgsfc,longhorn-manager,122.1,49.5,2.3,0.3,0.0,474275.0,16412.0,0.0,0.0,0.0,2.0,12.0,5056.0,0.0201957446,normal
2026-06-01T02:36:38Z,worker-1,longhorn-system,longhorn-csi-plugin-t8lpt,node-driver-registrar,0.1,0.1,0.0,0.0,0.0,0.0,0.0,0.0,0.0,0.0,0.0,0.0,9.0,3.09668e-05,normal
2026-06-01T02:36:38Z,worker-1,longhorn-system,csi-attacher-896ffc747-rxjjt,csi-attacher,3.2,3.0,0.0,0.0,0.0,1248.0,1014.0,0.0,0.0,0.0,0.0,0.0,296.0,0.0008366228,normal
2026-06-01T02:36:38Z,worker-1,longhorn-system,csi-snapshotter-65884686fc-gjw5g,csi-snapshotter,7.2,7.1,0.0,0.0,0.0,1132.0,1034.0,0.0,0.0,0.0,0.0,0.0,767.0,0.0032551425,normal
2026-06-01T02:36:38Z,worker-1,kube-system,nodelocaldns-zjml5,node-cache,29.2,6.2,37.5,1.1,0.0,5145.0,3785.0,0.0,0.0,0.0,12.0,12.0,965.0,0.0082670835,normal
2026-06-01T02:36:38Z,worker-1,kube-system,kube-ovn-pinger-vfzmn,pinger,47.6,21.1,13.3,0.2,0.0,115886.0,1580.0,0.0,12288.0,0.065726,17.0,26.0,4271.0,0.0166857444,normal
2026-06-01T02:36:38Z,worker-1,kube-system,tetragon-kl9tz,tetragon,5.5,5.6,0.0,0.0,0.0,17448.0,239.0,0.0,0.0,0.0,0.0,0.0,13428.0,0.0417334299,normal
2026-06-01T02:36:38Z,worker-1,longhorn-system,engine-image-ei-3154f3aa-kvvkq,engine-image-ei-3154f3aa,12.8,1.0,14.4,0.0,0.0,0.0,0.0,0.0,0.0,0.0,10.0,40.0,1148.0,0.0128639505,normal
2026-06-01T02:36:38Z,worker-1,kube-system,kube-proxy-pdwww,kube-proxy,1.6,0.4,0.0,0.0,0.0,17279.0,96.0,0.0,0.0,0.0,0.0,0.0,101.0,0.0003534498,normal
2026-06-01T02:36:38Z,worker-1,longhorn-system,engine-image-ei-843accdd-tx99h,engine-image-ei-843accdd,12.5,1.0,14.1,0.0,0.0,0.0,0.0,0.0,0.0,0.0,10.0,29.0,800.0,0.009984314,normal
2026-06-01T02:36:38Z,worker-1,kube-system,kube-ovn-cni-cf7cj,cni-server,325.8,22.0,368.8,0.2,0.0,204477.0,1200.0,0.0,0.0,0.0,140.0,177.0,4093.0,0.0642926292,normal
2026-06-01T02:36:38Z,worker-1,kube-system,ovs-ovn-w75jd,openvswitch,100.6,60.6,37.9,0.0,0.0,38.0,41.0,0.0,0.0,0.0,52.0,88.0,1991.0,0.0308207004,normal
2026-06-01T02:36:38Z,worker-1,longhorn-system,csi-provisioner-688964c44b-7hv5d,csi-provisioner,33.8,6.6,0.0,0.0,0.0,205979.0,2188.0,0.0,0.0,0.0,0.0,0.0,1429.0,0.0043474454,normal
2026-06-01T02:36:38Z,worker-1,longhorn-system,instance-manager-bacbca1a1c80c6ca28fd5f2d5fd0c24c,instance-manager,205.0,10.2,12.4,0.4,0.0,3862.0,3817.0,0.0,0.0,0.0,7.0,7.0,842.0,0.0083584115,normal
2026-06-01T02:36:38Z,worker-1,ebpf-final,ebpf-collector-5588x,collector,154.3,0.8,143.4,0.1,0.0,210068.0,18616.0,0.0,0.0,0.0,0.0,0.0,157.0,0.0138964637,normal
2026-06-01T02:36:38Z,worker-1,longhorn-system,longhorn-csi-plugin-t8lpt,longhorn-liveness-probe,3.1,1.9,0.0,0.0,0.0,224.0,274.0,0.0,0.0,0.0,0.0,0.0,188.0,0.0008026591,normal
2026-06-01T02:36:38Z,worker-1,monitoring,my-monitoring-prometheus-node-exporter-829wk,node-exporter,0.4,0.2,0.0,0.0,0.0,208.0,3254.0,0.0,0.0,0.0,0.0,0.0,17.0,0.0001137156,normal
2026-06-01T02:36:38Z,worker-1,longhorn-system,csi-resizer-7d9bff5787-242pl,csi-resizer,2.3,1.7,0.1,0.0,0.0,1153.0,994.0,0.0,0.0,0.0,0.0,0.0,239.0,0.0007061071,normal
2026-06-01T02:36:38Z,worker-1,kube-system,tetragon-kl9tz,export-stdout,17.8,16.5,0.0,0.0,0.0,0.0,0.0,0.0,0.0,0.0,0.0,0.0,10.0,0.0002545524,normal
2026-06-01T02:36:48Z,worker-1,gpu-operator,gpu-operator-1764036362-node-feature-discovery-worker-9v5dt,worker,0.6,0.2,0.0,0.0,0.0,222.0,188.0,0.0,0.0,0.0,0.0,0.0,31.0,0.000176666,normal
2026-06-01T02:36:48Z,worker-1,longhorn-system,longhorn-csi-plugin-t8lpt,longhorn-csi-plugin,2.7,1.1,0.0,0.0,0.0,0.0,0.0,0.0,0.0,0.0,0.0,0.0,74.0,0.0003330411,normal
2026-06-01T02:36:48Z,worker-1,longhorn-system,longhorn-manager-fgsfc,longhorn-manager,116.5,44.9,0.3,0.1,0.0,469873.0,11337.0,0.0,0.0,0.0,0.0,0.0,4434.0,0.0141347791,normal
2026-06-01T02:36:48Z,worker-1,longhorn-system,longhorn-csi-plugin-t8lpt,node-driver-registrar,0.1,0.1,0.0,0.0,0.0,0.0,0.0,0.0,0.0,0.0,0.0,0.0,9.0,2.94618e-05,normal
2026-06-01T02:36:48Z,worker-1,longhorn-system,csi-attacher-896ffc747-rxjjt,csi-attacher,3.2,3.2,0.0,0.0,0.0,1112.0,1014.0,0.0,0.0,0.0,0.0,0.0,222.0,0.0007516185,normal
2026-06-01T02:36:48Z,worker-1,longhorn-system,csi-snapshotter-65884686fc-gjw5g,csi-snapshotter,10.0,9.7,0.1,0.0,0.0,1273.0,1073.0,0.0,0.0,0.0,0.0,0.0,814.0,0.0024709691,normal
2026-06-01T02:36:48Z,worker-1,kube-system,nodelocaldns-zjml5,node-cache,13.2,4.3,0.4,1.0,0.0,4922.0,3562.0,0.0,0.0,0.0,0.0,0.0,739.0,0.004093503,normal
2026-06-01T02:36:48Z,worker-1,kube-system,kube-ovn-pinger-vfzmn,pinger,51.3,21.8,13.2,0.2,0.0,115849.0,1580.0,0.0,12288.0,0.063516,17.0,26.0,3999.0,0.0204582479,normal
2026-06-01T02:36:48Z,worker-1,kube-system,tetragon-kl9tz,tetragon,6.0,3.4,0.0,0.0,0.0,17748.0,239.0,0.0,0.0,0.0,0.0,0.0,13500.0,0.036210031,normal
2026-06-01T02:36:48Z,worker-1,longhorn-system,engine-image-ei-3154f3aa-kvvkq,engine-image-ei-3154f3aa,12.7,1.0,14.3,0.0,0.0,0.0,0.0,0.0,0.0,0.0,10.0,38.0,1014.0,0.0114532556,normal
2026-06-01T02:36:48Z,worker-1,kube-system,kube-proxy-pdwww,kube-proxy,3.6,0.5,0.1,0.0,0.0,17563.0,312.0,0.0,0.0,0.0,0.0,0.0,128.0,0.0003828118,normal
2026-06-01T02:36:48Z,worker-1,longhorn-system,engine-image-ei-843accdd-tx99h,engine-image-ei-843accdd,12.4,1.0,14.0,0.0,0.0,0.0,0.0,0.0,0.0,0.0,10.0,24.0,701.0,0.0094765106,normal
2026-06-01T02:36:48Z,worker-1,kube-system,kube-ovn-cni-cf7cj,cni-server,368.4,26.7,437.1,0.4,0.0,204763.0,1200.0,0.0,0.0,0.0,164.0,227.0,5805.0,0.0901291517,normal
2026-06-01T02:36:48Z,worker-1,kube-system,ovs-ovn-w75jd,openvswitch,100.8,60.6,37.9,0.0,0.0,38.0,41.0,0.0,0.0,0.0,52.0,88.0,1949.0,0.031240263,normal
2026-06-01T02:36:48Z,worker-1,longhorn-system,csi-provisioner-688964c44b-7hv5d,csi-provisioner,34.6,6.7,0.0,0.0,0.0,205687.0,2188.0,0.0,0.0,0.0,0.0,0.0,1386.0,0.0041182304,normal
2026-06-01T02:36:48Z,worker-1,longhorn-system,instance-manager-bacbca1a1c80c6ca28fd5f2d5fd0c24c,instance-manager,192.6,7.7,11.3,0.4,0.0,2972.0,3145.0,0.0,0.0,0.0,6.0,6.0,699.0,0.0086922737,normal
2026-06-01T02:36:48Z,worker-1,ebpf-final,ebpf-collector-5588x,collector,0.2,0.7,0.3,0.1,0.0,11911.0,17182.0,0.0,0.0,0.0,0.0,0.0,11.0,0.0012183315,normal
2026-06-01T02:36:48Z,worker-1,longhorn-system,longhorn-csi-plugin-t8lpt,longhorn-liveness-probe,3.0,1.9,0.0,0.0,0.0,224.0,274.0,0.0,0.0,0.0,0.0,0.0,188.0,0.0008550374,normal
2026-06-01T02:36:48Z,worker-1,monitoring,my-monitoring-prometheus-node-exporter-829wk,node-exporter,178.5,0.8,154.8,0.0,0.0,573.0,26063.0,0.0,0.0,0.0,0.0,0.0,428.0,0.0146975228,normal
2026-06-01T02:36:48Z,worker-1,longhorn-system,csi-resizer-7d9bff5787-242pl,csi-resizer,1.7,1.4,0.0,0.0,0.0,1216.0,994.0,0.0,0.0,0.0,0.0,0.0,227.0,0.0006593098,normal
2026-06-01T02:36:48Z,worker-1,kube-system,tetragon-kl9tz,export-stdout,6.1,4.8,0.0,0.0,0.0,0.0,0.0,0.0,0.0,0.0,0.0,0.0,10.0,0.0001299165,normal
2026-06-01T02:36:58Z,worker-1,gpu-operator,gpu-operator-1764036362-node-feature-discovery-worker-9v5dt,worker,0.7,0.3,0.0,0.0,0.0,261.0,227.0,0.0,0.0,0.0,0.0,0.0,97.0,0.0003033761,normal
2026-06-01T02:36:58Z,worker-1,longhorn-system,longhorn-csi-plugin-t8lpt,longhorn-csi-plugin,3.0,1.4,0.0,0.0,0.0,0.0,0.0,0.0,0.0,0.0,0.0,0.0,79.0,0.0003478807,normal
2026-06-01T02:36:58Z,worker-1,longhorn-system,longhorn-manager-fgsfc,longhorn-manager,166.2,50.7,14.8,0.3,0.1,479499.0,21620.0,0.0,0.0,0.0,2.0,8.0,5097.0,0.020278452,normal
2026-06-01T02:36:58Z,worker-1,longhorn-system,longhorn-csi-plugin-t8lpt,node-driver-registrar,0.1,0.1,0.0,0.0,0.0,0.0,0.0,0.0,0.0,0.0,0.0,0.0,9.0,3.09553e-05,normal
2026-06-01T02:36:58Z,worker-1,longhorn-system,csi-attacher-896ffc747-rxjjt,csi-attacher,3.0,2.5,0.0,0.0,0.0,1264.0,1014.0,0.0,0.0,0.0,0.0,0.0,252.0,0.0008073662,normal
2026-06-01T02:36:58Z,worker-1,longhorn-system,csi-snapshotter-65884686fc-gjw5g,csi-snapshotter,11.0,10.8,0.0,0.0,0.0,1269.0,1034.0,0.0,0.0,0.0,0.0,0.0,813.0,0.0022656084,normal
2026-06-01T02:36:58Z,worker-1,kube-system,nodelocaldns-zjml5,node-cache,13.1,4.4,0.3,1.0,0.0,4922.0,3562.0,0.0,0.0,0.0,0.0,0.0,695.0,0.0038963256,normal
2026-06-01T02:36:58Z,worker-1,kube-system,kube-ovn-pinger-vfzmn,pinger,50.5,22.2,13.2,0.2,0.0,115780.0,1580.0,0.0,12288.0,0.0649425,17.0,26.0,4328.0,0.0199741331,normal
2026-06-01T02:36:58Z,worker-1,kube-system,tetragon-kl9tz,tetragon,7.3,5.5,0.4,0.0,0.0,17813.0,21439.0,0.0,0.0,0.0,0.0,0.0,12866.0,0.0433820022,normal
2026-06-01T02:36:58Z,worker-1,longhorn-system,engine-image-ei-3154f3aa-kvvkq,engine-image-ei-3154f3aa,12.9,1.0,14.5,0.0,0.0,0.0,0.0,0.0,0.0,0.0,10.0,41.0,1101.0,0.0131452924,normal
2026-06-01T02:36:58Z,worker-1,kube-system,kube-proxy-pdwww,kube-proxy,2.3,0.4,0.0,0.0,0.0,17157.0,96.0,0.0,0.0,0.0,0.0,0.0,98.0,0.0002408347,normal
2026-06-01T02:36:58Z,worker-1,longhorn-system,engine-image-ei-843accdd-tx99h,engine-image-ei-843accdd,12.6,1.0,14.2,0.0,0.0,0.0,0.0,0.0,0.0,0.0,10.0,35.0,1024.0,0.0116829391,normal
2026-06-01T02:36:58Z,worker-1,kube-system,kube-ovn-cni-cf7cj,cni-server,321.7,22.0,364.2,0.2,0.0,204626.0,1200.0,0.0,0.0,0.0,134.0,165.0,4182.0,0.0644245115,normal
2026-06-01T02:36:58Z,worker-1,kube-system,ovs-ovn-w75jd,openvswitch,102.9,66.1,37.9,0.0,0.0,38.0,41.0,0.0,0.0,0.0,52.0,88.0,1924.0,0.0337914312,normal
2026-06-01T02:36:58Z,worker-1,longhorn-system,csi-provisioner-688964c44b-7hv5d,csi-provisioner,35.4,8.4,0.0,0.0,0.0,205665.0,2188.0,0.0,0.0,0.0,0.0,0.0,1399.0,0.0065605504,normal
2026-06-01T02:36:58Z,worker-1,longhorn-system,instance-manager-bacbca1a1c80c6ca28fd5f2d5fd0c24c,instance-manager,204.6,10.0,12.4,0.4,0.0,3811.0,3766.0,0.0,0.0,0.0,7.0,7.0,819.0,0.0081024894,normal
2026-06-01T02:36:58Z,worker-1,ebpf-final,ebpf-collector-5588x,collector,0.2,0.7,0.3,0.1,0.0,11561.0,16673.0,0.0,0.0,0.0,0.0,0.0,11.0,0.0018198936,normal
2026-06-01T02:36:58Z,worker-1,longhorn-system,longhorn-csi-plugin-t8lpt,longhorn-liveness-probe,3.0,1.9,0.0,0.0,0.0,224.0,274.0,0.0,0.0,0.0,0.0,0.0,173.0,0.0007959829,normal
2026-06-01T02:36:58Z,worker-1,monitoring,my-monitoring-prometheus-node-exporter-829wk,node-exporter,0.3,0.2,0.0,0.0,0.0,208.0,3254.0,0.0,0.0,0.0,0.0,0.0,19.0,0.0001497427,normal
2026-06-01T02:36:58Z,worker-1,longhorn-system,csi-resizer-7d9bff5787-242pl,csi-resizer,2.0,2.0,0.0,0.0,0.0,1093.0,1029.0,0.0,0.0,0.0,0.0,0.0,255.0,0.0007086995,normal
2026-06-01T02:36:58Z,worker-1,kube-system,tetragon-kl9tz,export-stdout,6.1,4.8,0.0,0.0,0.0,0.0,0.0,0.0,0.0,0.0,0.0,0.0,10.0,0.0001263066,normal
2026-06-01T02:37:09Z,worker-1,gpu-operator,gpu-operator-1764036362-node-feature-discovery-worker-9v5dt,worker,0.6,0.2,0.0,0.0,0.0,222.0,188.0,0.0,0.0,0.0,0.0,0.0,36.0,0.0002066377,normal
2026-06-01T02:37:09Z,worker-1,longhorn-system,longhorn-csi-plugin-t8lpt,longhorn-csi-plugin,2.9,1.2,0.0,0.0,0.0,0.0,0.0,0.0,0.0,0.0,0.0,0.0,78.0,0.0003956765,normal
2026-06-01T02:37:09Z,worker-1,longhorn-system,longhorn-manager-fgsfc,longhorn-manager,113.7,44.5,0.1,0.1,0.0,472386.0,13848.0,0.0,0.0,0.0,0.0,0.0,4605.0,0.0148397642,normal
2026-06-01T02:37:09Z,worker-1,longhorn-system,longhorn-csi-plugin-t8lpt,node-driver-registrar,0.1,0.1,0.0,0.0,0.0,0.0,0.0,0.0,0.0,0.0,0.0,0.0,9.0,3.53879e-05,normal
2026-06-01T02:37:09Z,worker-1,longhorn-system,csi-attacher-896ffc747-rxjjt,csi-attacher,3.3,2.7,0.0,0.0,0.0,1346.0,1014.0,0.0,0.0,0.0,0.0,0.0,302.0,0.0009046878,normal
2026-06-01T02:37:09Z,worker-1,longhorn-system,csi-snapshotter-65884686fc-gjw5g,csi-snapshotter,10.9,10.6,0.1,0.0,0.0,1274.0,1073.0,0.0,0.0,0.0,0.0,0.0,853.0,0.0025132322,normal
2026-06-01T02:37:09Z,worker-1,kube-system,nodelocaldns-zjml5,node-cache,13.2,4.3,0.3,1.0,0.0,4922.0,3562.0,0.0,0.0,0.0,0.0,0.0,695.0,0.0039790774,normal
2026-06-01T02:37:09Z,worker-1,kube-system,kube-ovn-pinger-vfzmn,pinger,50.3,21.6,13.2,0.2,0.0,115850.0,1436.0,0.0,12288.0,0.070353,17.0,26.0,3986.0,0.0188598926,normal
2026-06-01T02:37:09Z,worker-1,kube-system,tetragon-kl9tz,tetragon,5.5,3.4,0.0,0.0,0.0,17448.0,239.0,0.0,0.0,0.0,0.0,0.0,13059.0,0.0431118576,normal
2026-06-01T02:37:09Z,worker-1,longhorn-system,engine-image-ei-3154f3aa-kvvkq,engine-image-ei-3154f3aa,15.8,1.2,17.8,0.0,0.0,0.0,0.0,0.0,0.0,0.0,12.0,54.0,1321.0,0.0148499407,normal
2026-06-01T02:37:09Z,worker-1,kube-system,kube-proxy-pdwww,kube-proxy,2.6,0.5,0.0,0.0,0.0,17157.0,96.0,0.0,0.0,0.0,0.0,0.0,115.0,0.0002394583,normal
2026-06-01T02:37:09Z,worker-1,longhorn-system,engine-image-ei-843accdd-tx99h,engine-image-ei-843accdd,12.4,1.0,14.0,0.0,0.0,0.0,0.0,0.0,0.0,0.0,10.0,30.0,720.0,0.0102051058,normal
2026-06-01T02:37:09Z,worker-1,kube-system,kube-ovn-cni-cf7cj,cni-server,320.1,22.7,361.6,0.4,0.0,204626.0,1200.0,0.0,0.0,0.0,132.0,195.0,5313.0,0.0791222914,normal
2026-06-01T02:37:09Z,worker-1,kube-system,ovs-ovn-w75jd,openvswitch,120.2,70.8,46.9,0.0,0.0,38.0,41.0,0.0,0.0,0.0,65.0,110.0,2208.0,0.0365260917,normal
2026-06-01T02:37:09Z,worker-1,longhorn-system,csi-provisioner-688964c44b-7hv5d,csi-provisioner,35.4,6.7,0.0,0.0,0.0,205813.0,2190.0,0.0,0.0,0.0,0.0,0.0,1369.0,0.0040237228,normal
2026-06-01T02:37:09Z,worker-1,longhorn-system,instance-manager-bacbca1a1c80c6ca28fd5f2d5fd0c24c,instance-manager,197.3,10.1,11.3,0.5,0.0,4132.0,4924.0,0.0,0.0,0.0,6.0,6.0,856.0,0.0092506641,normal
2026-06-01T02:37:09Z,worker-1,ebpf-final,ebpf-collector-5588x,collector,154.2,0.8,143.3,0.1,0.0,209735.0,18126.0,0.0,0.0,0.0,0.0,0.0,161.0,0.0201128668,normal
2026-06-01T02:37:09Z,worker-1,longhorn-system,longhorn-csi-plugin-t8lpt,longhorn-liveness-probe,3.0,1.9,0.0,0.0,0.0,224.0,274.0,0.0,0.0,0.0,0.0,0.0,221.0,0.0016836114,normal
2026-06-01T02:37:09Z,worker-1,monitoring,my-monitoring-prometheus-node-exporter-829wk,node-exporter,0.2,0.2,0.0,0.0,0.0,208.0,3254.0,0.0,0.0,0.0,0.0,0.0,16.0,0.000134207,normal
2026-06-01T02:37:09Z,worker-1,longhorn-system,csi-resizer-7d9bff5787-242pl,csi-resizer,1.7,1.7,0.0,0.0,0.0,1099.0,996.0,0.0,0.0,0.0,0.0,0.0,180.0,0.0006404986,normal
2026-06-01T02:37:09Z,worker-1,kube-system,tetragon-kl9tz,export-stdout,18.7,17.2,0.0,0.0,0.0,0.0,0.0,0.0,0.0,0.0,0.0,0.0,11.0,0.000355979,normal
2026-06-01T02:37:19Z,worker-1,gpu-operator,gpu-operator-1764036362-node-feature-discovery-worker-9v5dt,worker,0.4,0.2,0.0,0.0,0.0,222.0,188.0,0.0,0.0,0.0,0.0,0.0,32.0,0.0002020995,normal
2026-06-01T02:37:19Z,worker-1,longhorn-system,longhorn-csi-plugin-t8lpt,longhorn-csi-plugin,2.7,1.1,0.0,0.0,0.0,0.0,0.0,0.0,0.0,0.0,0.0,0.0,80.0,0.0003722617,normal
2026-06-01T02:37:19Z,worker-1,longhorn-system,longhorn-manager-fgsfc,longhorn-manager,111.3,44.3,0.2,0.1,0.0,446915.0,12094.0,0.0,0.0,0.0,0.0,0.0,4516.0,0.0137343624,normal
2026-06-01T02:37:19Z,worker-1,longhorn-system,longhorn-csi-plugin-t8lpt,node-driver-registrar,0.1,0.1,0.0,0.0,0.0,0.0,0.0,0.0,0.0,0.0,0.0,0.0,9.0,2.64034e-05,normal
2026-06-01T02:37:19Z,worker-1,longhorn-system,csi-attacher-896ffc747-rxjjt,csi-attacher,3.4,2.7,0.2,0.0,0.0,1268.0,1179.0,0.0,0.0,0.0,0.0,0.0,330.0,0.0010339212,normal
2026-06-01T02:37:19Z,worker-1,longhorn-system,csi-snapshotter-65884686fc-gjw5g,csi-snapshotter,7.4,7.4,0.0,0.0,0.0,1272.0,1108.0,0.0,0.0,0.0,0.0,0.0,790.0,0.0023415057,normal
2026-06-01T02:37:19Z,worker-1,kube-system,nodelocaldns-zjml5,node-cache,9.6,3.2,0.4,1.0,0.0,3059.0,2774.0,0.0,0.0,0.0,0.0,0.0,529.0,0.0028112674,normal
2026-06-01T02:37:19Z,worker-1,kube-system,kube-ovn-pinger-vfzmn,pinger,46.5,17.4,13.2,0.2,0.0,115881.0,1580.0,0.0,12288.0,0.0591925,17.0,26.0,3128.0,0.0161469175,normal
2026-06-01T02:37:19Z,worker-1,kube-system,tetragon-kl9tz,tetragon,5.7,3.1,0.0,0.0,0.0,17790.0,239.0,0.0,0.0,0.0,0.0,0.0,12589.0,0.0350299143,normal
2026-06-01T02:37:19Z,worker-1,longhorn-system,engine-image-ei-3154f3aa-kvvkq,engine-image-ei-3154f3aa,12.8,1.0,14.4,0.0,0.0,0.0,0.0,0.0,0.0,0.0,10.0,42.0,1069.0,0.0127338269,normal
2026-06-01T02:37:19Z,worker-1,kube-system,kube-proxy-pdwww,kube-proxy,2.0,0.4,0.0,0.0,0.0,17157.0,96.0,0.0,0.0,0.0,0.0,0.0,81.0,0.0001776789,normal
2026-06-01T02:37:19Z,worker-1,longhorn-system,engine-image-ei-843accdd-tx99h,engine-image-ei-843accdd,12.5,1.0,14.1,0.0,0.0,0.0,0.0,0.0,0.0,0.0,10.0,31.0,820.0,0.0106475587,normal
2026-06-01T02:37:19Z,worker-1,kube-system,kube-ovn-cni-cf7cj,cni-server,368.5,26.2,440.1,0.2,0.0,194236.0,1229.0,0.0,0.0,0.0,169.0,192.0,4469.0,0.0738280457,normal
2026-06-01T02:37:19Z,worker-1,kube-system,ovs-ovn-w75jd,openvswitch,102.4,62.1,37.9,0.0,0.0,38.0,41.0,0.0,0.0,0.0,52.0,88.0,2013.0,0.0288692455,normal
2026-06-01T02:37:19Z,worker-1,longhorn-system,csi-provisioner-688964c44b-7hv5d,csi-provisioner,35.9,8.4,0.1,0.0,0.0,195174.0,2094.0,0.0,0.0,0.0,0.0,0.0,1378.0,0.0040996299,normal
2026-06-01T02:37:19Z,worker-1,longhorn-system,instance-manager-bacbca1a1c80c6ca28fd5f2d5fd0c24c,instance-manager,192.9,7.6,11.3,0.4,0.0,2972.0,3145.0,0.0,0.0,0.0,6.0,6.0,675.0,0.0080193812,normal
2026-06-01T02:37:19Z,worker-1,ebpf-final,ebpf-collector-5588x,collector,0.2,0.7,0.3,0.1,0.0,11549.0,16655.0,0.0,0.0,0.0,0.0,0.0,11.0,0.0008771234,normal
2026-06-01T02:37:19Z,worker-1,longhorn-system,longhorn-csi-plugin-t8lpt,longhorn-liveness-probe,2.9,1.8,0.0,0.0,0.0,224.0,274.0,0.0,0.0,0.0,0.0,0.0,194.0,0.0007778851,normal
2026-06-01T02:37:19Z,worker-1,monitoring,my-monitoring-prometheus-node-exporter-829wk,node-exporter,178.5,0.8,154.8,0.0,0.0,573.0,26058.0,0.0,0.0,0.0,0.0,0.0,222.0,0.0126861915,normal
2026-06-01T02:37:19Z,worker-1,longhorn-system,csi-resizer-7d9bff5787-242pl,csi-resizer,2.6,2.4,0.0,0.0,0.0,1094.0,996.0,0.0,0.0,0.0,0.0,0.0,237.0,0.000692131,normal
2026-06-01T02:37:19Z,worker-1,kube-system,tetragon-kl9tz,export-stdout,6.1,4.8,0.0,0.0,0.0,0.0,0.0,0.0,0.0,0.0,0.0,0.0,10.0,0.000143411,normal
2026-06-01T02:37:29Z,worker-1,gpu-operator,gpu-operator-1764036362-node-feature-discovery-worker-9v5dt,worker,293.3,4.2,159.6,0.0,0.0,137978.0,1811.0,0.0,0.0,0.0,0.0,0.0,1933.0,0.0347130091,normal
2026-06-01T02:37:29Z,worker-1,longhorn-system,longhorn-csi-plugin-t8lpt,longhorn-csi-plugin,2.9,1.3,0.0,0.0,0.0,0.0,0.0,0.0,0.0,0.0,0.0,0.0,83.0,0.000377661,normal
2026-06-01T02:37:29Z,worker-1,longhorn-system,longhorn-manager-fgsfc,longhorn-manager,159.5,46.1,14.8,0.3,0.0,479294.0,21808.0,0.0,0.0,0.0,2.0,8.0,5049.0,0.0332807662,normal
2026-06-01T02:37:29Z,worker-1,longhorn-system,longhorn-csi-plugin-t8lpt,node-driver-registrar,0.1,0.1,0.0,0.0,0.0,0.0,0.0,0.0,0.0,0.0,0.0,0.0,9.0,3.06139e-05,normal
2026-06-01T02:37:29Z,worker-1,longhorn-system,csi-attacher-896ffc747-rxjjt,csi-attacher,3.5,2.9,0.0,0.0,0.0,1373.0,1014.0,0.0,0.0,0.0,0.0,0.0,280.0,0.0008676084,normal
2026-06-01T02:37:29Z,worker-1,longhorn-system,csi-snapshotter-65884686fc-gjw5g,csi-snapshotter,10.9,10.8,0.0,0.0,0.0,1131.0,1034.0,0.0,0.0,0.0,0.0,0.0,812.0,0.0023964705,normal
2026-06-01T02:37:29Z,worker-1,kube-system,nodelocaldns-zjml5,node-cache,14.1,4.8,0.3,1.3,0.0,5145.0,3785.0,0.0,0.0,0.0,0.0,0.0,891.0,0.004265603,normal
2026-06-01T02:37:29Z,worker-1,kube-system,kube-ovn-pinger-vfzmn,pinger,48.3,19.6,13.3,0.2,0.0,115796.0,1532.0,0.0,12288.0,0.078458,17.0,26.0,3436.0,0.0185448989,normal
2026-06-01T02:37:29Z,worker-1,kube-system,tetragon-kl9tz,tetragon,6.5,5.3,0.1,0.0,0.0,17714.0,371.0,0.0,0.0,0.0,0.0,0.0,13361.0,0.0424361656,normal
2026-06-01T02:37:29Z,worker-1,longhorn-system,engine-image-ei-3154f3aa-kvvkq,engine-image-ei-3154f3aa,12.8,1.0,14.4,0.0,0.0,0.0,0.0,0.0,0.0,0.0,10.0,40.0,1115.0,0.0128360655,normal
2026-06-01T02:37:29Z,worker-1,kube-system,kube-proxy-pdwww,kube-proxy,2.1,0.3,0.0,0.0,0.0,17296.0,96.0,0.0,0.0,0.0,0.0,0.0,168.0,0.0013197404,normal
2026-06-01T02:37:29Z,worker-1,longhorn-system,engine-image-ei-843accdd-tx99h,engine-image-ei-843accdd,12.5,1.0,14.1,0.0,0.0,0.0,0.0,0.0,0.0,0.0,10.0,27.0,747.0,0.0090863521,normal
2026-06-01T02:37:29Z,worker-1,kube-system,kube-ovn-cni-cf7cj,cni-server,325.1,23.2,364.6,0.4,0.0,204635.0,1200.0,0.0,0.0,0.0,135.0,193.0,5072.0,0.0785993563,normal
2026-06-01T02:37:29Z,worker-1,kube-system,ovs-ovn-w75jd,openvswitch,101.9,61.5,38.3,0.0,0.0,38.0,41.0,0.0,0.0,0.0,52.0,88.0,1926.0,0.031443516,normal
2026-06-01T02:37:29Z,worker-1,longhorn-system,csi-provisioner-688964c44b-7hv5d,csi-provisioner,35.7,8.0,0.0,0.0,0.0,205613.0,2190.0,0.0,0.0,0.0,0.0,0.0,1334.0,0.0042705984,normal
2026-06-01T02:37:29Z,worker-1,longhorn-system,instance-manager-bacbca1a1c80c6ca28fd5f2d5fd0c24c,instance-manager,204.2,9.6,12.4,0.4,0.0,3811.0,3766.0,0.0,0.0,0.0,7.0,7.0,845.0,0.0077723375,normal
2026-06-01T02:37:29Z,worker-1,ebpf-final,ebpf-collector-5588x,collector,0.2,0.7,0.3,0.1,0.0,11561.0,16671.0,0.0,0.0,0.0,0.0,0.0,11.0,0.0017283087,normal
2026-06-01T02:37:29Z,worker-1,longhorn-system,longhorn-csi-plugin-t8lpt,longhorn-liveness-probe,2.9,1.8,0.0,0.0,0.0,224.0,274.0,0.0,0.0,0.0,0.0,0.0,192.0,0.0008242959,normal
2026-06-01T02:37:29Z,worker-1,monitoring,my-monitoring-prometheus-node-exporter-829wk,node-exporter,0.2,0.2,0.0,0.0,0.0,208.0,3254.0,0.0,0.0,0.0,0.0,0.0,14.0,9.58686e-05,normal
2026-06-01T02:37:29Z,worker-1,longhorn-system,csi-resizer-7d9bff5787-242pl,csi-resizer,2.2,1.6,0.1,0.0,0.0,1254.0,996.0,0.0,0.0,0.0,0.0,0.0,278.0,0.0007826912,normal
2026-06-01T02:37:29Z,worker-1,kube-system,tetragon-kl9tz,export-stdout,17.9,16.6,0.0,0.0,0.0,0.0,0.0,0.0,0.0,0.0,0.0,0.0,10.0,0.0002993344,normal
2026-06-01T02:37:39Z,worker-1,gpu-operator,gpu-operator-1764036362-node-feature-discovery-worker-9v5dt,worker,0.4,0.2,0.0,0.0,0.0,222.0,188.0,0.0,0.0,0.0,0.0,0.0,36.0,0.0002094173,normal
2026-06-01T02:37:39Z,worker-1,longhorn-system,longhorn-csi-plugin-t8lpt,longhorn-csi-plugin,2.8,1.2,0.0,0.0,0.0,0.0,0.0,0.0,0.0,0.0,0.0,0.0,90.0,0.0004362902,normal
2026-06-01T02:37:39Z,worker-1,longhorn-system,longhorn-manager-fgsfc,longhorn-manager,115.2,46.9,0.2,0.1,0.0,470149.0,11119.0,0.0,0.0,0.0,0.0,0.0,4727.0,0.0150256307,normal
2026-06-01T02:37:39Z,worker-1,longhorn-system,longhorn-csi-plugin-t8lpt,node-driver-registrar,0.1,0.1,0.0,0.0,0.0,0.0,0.0,0.0,0.0,0.0,0.0,0.0,9.0,3.06106e-05,normal
2026-06-01T02:37:39Z,worker-1,longhorn-system,csi-attacher-896ffc747-rxjjt,csi-attacher,2.8,2.6,0.0,0.0,0.0,1113.0,1012.0,0.0,0.0,0.0,0.0,0.0,296.0,0.000843367,normal
2026-06-01T02:37:39Z,worker-1,longhorn-system,csi-snapshotter-65884686fc-gjw5g,csi-snapshotter,11.1,10.8,0.1,0.0,0.0,1332.0,1073.0,0.0,0.0,0.0,0.0,0.0,796.0,0.0024992922,normal
2026-06-01T02:37:39Z,worker-1,kube-system,nodelocaldns-zjml5,node-cache,28.8,5.9,37.6,1.0,0.0,4922.0,3562.0,0.0,0.0,0.0,12.0,12.0,1030.0,0.0098587446,normal
2026-06-01T02:37:39Z,worker-1,kube-system,kube-ovn-pinger-vfzmn,pinger,49.9,20.0,13.2,0.2,0.0,115818.0,1580.0,0.0,12288.0,0.064286,17.0,26.0,3569.0,0.0181331903,normal
2026-06-01T02:37:39Z,worker-1,kube-system,tetragon-kl9tz,tetragon,5.7,3.6,0.0,0.0,0.0,17448.0,239.0,0.0,0.0,0.0,0.0,0.0,12740.0,0.0323688044,normal
2026-06-01T02:37:39Z,worker-1,longhorn-system,engine-image-ei-3154f3aa-kvvkq,engine-image-ei-3154f3aa,12.9,1.0,14.5,0.0,0.0,0.0,0.0,0.0,0.0,0.0,10.0,43.0,1033.0,0.0129600807,normal
2026-06-01T02:37:39Z,worker-1,kube-system,kube-proxy-pdwww,kube-proxy,1.9,0.3,0.0,0.0,0.0,17157.0,96.0,0.0,0.0,0.0,0.0,0.0,90.0,0.00021517,normal
2026-06-01T02:37:39Z,worker-1,longhorn-system,engine-image-ei-843accdd-tx99h,engine-image-ei-843accdd,12.4,1.0,14.0,0.0,0.0,0.0,0.0,0.0,0.0,0.0,10.0,25.0,678.0,0.0089487057,normal
2026-06-01T02:37:39Z,worker-1,kube-system,kube-ovn-cni-cf7cj,cni-server,315.0,21.3,359.8,0.2,0.0,204477.0,1200.0,0.0,0.0,0.0,130.0,161.0,4079.0,0.0632876513,normal
2026-06-01T02:37:39Z,worker-1,kube-system,ovs-ovn-w75jd,openvswitch,94.8,56.1,37.8,0.0,0.0,38.0,41.0,0.0,0.0,0.0,52.0,88.0,1631.0,0.0306533358,normal
2026-06-01T02:37:39Z,worker-1,longhorn-system,csi-provisioner-688964c44b-7hv5d,csi-provisioner,37.1,8.6,0.0,0.0,0.0,205946.0,2190.0,0.0,0.0,0.0,0.0,0.0,1478.0,0.0056272837,normal
2026-06-01T02:37:39Z,worker-1,longhorn-system,instance-manager-bacbca1a1c80c6ca28fd5f2d5fd0c24c,instance-manager,193.6,7.9,11.3,0.4,0.0,3023.0,3179.0,0.0,0.0,0.0,6.0,6.0,691.0,0.0071385878,normal
2026-06-01T02:37:39Z,worker-1,ebpf-final,ebpf-collector-5588x,collector,153.3,0.9,143.4,0.1,0.0,210782.0,19632.0,0.0,0.0,0.0,0.0,0.0,161.0,0.0214714359,normal
2026-06-01T02:37:39Z,worker-1,longhorn-system,longhorn-csi-plugin-t8lpt,longhorn-liveness-probe,2.7,1.7,0.0,0.0,0.0,224.0,274.0,0.0,0.0,0.0,0.0,0.0,170.0,0.0007918924,normal
2026-06-01T02:37:39Z,worker-1,monitoring,my-monitoring-prometheus-node-exporter-829wk,node-exporter,0.2,0.2,0.0,0.0,0.0,208.0,3254.0,0.0,0.0,0.0,0.0,0.0,15.0,0.0001198756,normal
2026-06-01T02:37:39Z,worker-1,longhorn-system,csi-resizer-7d9bff5787-242pl,csi-resizer,2.0,1.8,0.0,0.0,0.0,1641.0,1529.0,0.0,0.0,0.0,0.0,0.0,239.0,0.000745002,normal
2026-06-01T02:37:39Z,worker-1,kube-system,tetragon-kl9tz,export-stdout,5.4,4.2,0.0,0.0,0.0,0.0,0.0,0.0,0.0,0.0,0.0,0.0,10.0,0.0001277004,normal
2026-06-01T02:37:49Z,worker-1,gpu-operator,gpu-operator-1764036362-node-feature-discovery-worker-9v5dt,worker,0.5,0.2,0.0,0.0,0.0,222.0,188.0,0.0,0.0,0.0,0.0,0.0,33.0,0.0001820974,normal
2026-06-01T02:37:49Z,worker-1,longhorn-system,longhorn-csi-plugin-t8lpt,longhorn-csi-plugin,2.7,1.1,0.0,0.0,0.0,0.0,0.0,0.0,0.0,0.0,0.0,0.0,80.0,0.0004045313,normal
2026-06-01T02:37:49Z,worker-1,longhorn-system,longhorn-manager-fgsfc,longhorn-manager,112.3,42.4,0.1,0.1,0.1,468539.0,11005.0,0.0,0.0,0.0,0.0,0.0,4338.0,0.0138128061,normal
2026-06-01T02:37:49Z,worker-1,longhorn-system,longhorn-csi-plugin-t8lpt,node-driver-registrar,0.1,0.1,0.0,0.0,0.0,0.0,0.0,0.0,0.0,0.0,0.0,0.0,9.0,3.50782e-05,normal
2026-06-01T02:37:49Z,worker-1,longhorn-system,csi-attacher-896ffc747-rxjjt,csi-attacher,3.0,2.6,0.0,0.0,0.0,1145.0,1012.0,0.0,0.0,0.0,0.0,0.0,285.0,0.0017181602,normal
2026-06-01T02:37:49Z,worker-1,longhorn-system,csi-snapshotter-65884686fc-gjw5g,csi-snapshotter,9.8,9.4,0.0,0.0,0.0,1192.0,1034.0,0.0,0.0,0.0,0.0,0.0,750.0,0.0021971285,normal
2026-06-01T02:37:49Z,worker-1,kube-system,nodelocaldns-zjml5,node-cache,13.2,4.5,0.3,1.0,0.0,4922.0,3562.0,0.0,0.0,0.0,0.0,0.0,785.0,0.0041775524,normal
2026-06-01T02:37:49Z,worker-1,kube-system,kube-ovn-pinger-vfzmn,pinger,39.8,18.8,13.2,0.2,0.0,83766.0,1109.0,0.0,12288.0,0.070279,17.0,26.0,3276.0,0.0175215225,normal
2026-06-01T02:37:49Z,worker-1,kube-system,tetragon-kl9tz,tetragon,5.6,3.4,0.0,0.0,0.0,17748.0,239.0,0.0,0.0,0.0,0.0,0.0,13015.0,0.0417467405,normal
2026-06-01T02:37:49Z,worker-1,longhorn-system,engine-image-ei-3154f3aa-kvvkq,engine-image-ei-3154f3aa,12.8,1.0,14.4,0.0,0.0,0.0,0.0,0.0,0.0,0.0,10.0,40.0,1116.0,0.0113401931,normal
2026-06-01T02:37:49Z,worker-1,kube-system,kube-proxy-pdwww,kube-proxy,2.5,0.4,0.0,0.0,0.0,17530.0,96.0,0.0,0.0,0.0,0.0,0.0,132.0,0.0003638284,normal
2026-06-01T02:37:49Z,worker-1,longhorn-system,engine-image-ei-843accdd-tx99h,engine-image-ei-843accdd,12.6,1.0,14.2,0.0,0.0,0.0,0.0,0.0,0.0,0.0,10.0,30.0,823.0,0.0094355043,normal
2026-06-01T02:37:49Z,worker-1,kube-system,kube-ovn-cni-cf7cj,cni-server,319.2,22.8,363.0,0.3,0.0,204763.0,1200.0,0.0,0.0,0.0,135.0,181.0,4470.0,0.065686386,normal
2026-06-01T02:37:49Z,worker-1,kube-system,ovs-ovn-w75jd,openvswitch,101.6,61.3,38.0,0.0,0.0,38.0,41.0,0.0,0.0,0.0,52.0,88.0,1980.0,0.0318033289,normal
2026-06-01T02:37:49Z,worker-1,longhorn-system,csi-provisioner-688964c44b-7hv5d,csi-provisioner,35.3,7.5,0.0,0.0,0.0,205689.0,2190.0,0.0,0.0,0.0,0.0,0.0,1333.0,0.0040956688,normal
2026-06-01T02:37:49Z,worker-1,longhorn-system,instance-manager-bacbca1a1c80c6ca28fd5f2d5fd0c24c,instance-manager,192.7,7.5,11.3,0.4,0.0,2972.0,3128.0,0.0,0.0,0.0,6.0,6.0,733.0,0.0082599439,normal
2026-06-01T02:37:49Z,worker-1,ebpf-final,ebpf-collector-5588x,collector,0.2,0.7,0.3,0.1,0.0,11206.0,16164.0,0.0,0.0,0.0,0.0,0.0,10.0,0.001342964,normal
2026-06-01T02:37:49Z,worker-1,longhorn-system,longhorn-csi-plugin-t8lpt,longhorn-liveness-probe,2.9,1.8,0.0,0.0,0.0,224.0,274.0,0.0,0.0,0.0,0.0,0.0,195.0,0.0008383524,normal
2026-06-01T02:37:49Z,worker-1,monitoring,my-monitoring-prometheus-node-exporter-829wk,node-exporter,178.5,0.8,154.8,0.0,0.0,573.0,26058.0,0.0,0.0,0.0,0.0,0.0,325.0,0.0137442729,normal
2026-06-01T02:37:49Z,worker-1,longhorn-system,csi-resizer-7d9bff5787-242pl,csi-resizer,1.8,1.6,0.0,0.0,0.0,1218.0,996.0,0.0,0.0,0.0,0.0,0.0,289.0,0.0007672864,normal
2026-06-01T02:37:49Z,worker-1,kube-system,tetragon-kl9tz,export-stdout,6.0,4.8,0.0,0.0,0.0,0.0,0.0,0.0,0.0,0.0,0.0,0.0,10.0,0.0001374318,normal
2026-06-01T02:38:00Z,worker-1,gpu-operator,gpu-operator-1764036362-node-feature-discovery-worker-9v5dt,worker,0.6,0.3,0.0,0.0,0.0,261.0,227.0,0.0,0.0,0.0,0.0,0.0,93.0,0.0002952361,normal
2026-06-01T02:38:00Z,worker-1,longhorn-system,longhorn-csi-plugin-t8lpt,longhorn-csi-plugin,2.6,1.1,0.0,0.0,0.0,0.0,0.0,0.0,0.0,0.0,0.0,0.0,85.0,0.0003894271,normal
2026-06-01T02:38:00Z,worker-1,longhorn-system,longhorn-manager-fgsfc,longhorn-manager,160.1,45.7,14.9,0.3,0.0,479448.0,21895.0,0.0,0.0,0.0,2.0,10.0,5123.0,0.0212427694,normal
2026-06-01T02:38:00Z,worker-1,longhorn-system,longhorn-csi-plugin-t8lpt,node-driver-registrar,0.1,0.1,0.0,0.0,0.0,0.0,0.0,0.0,0.0,0.0,0.0,0.0,9.0,2.9681e-05,normal
2026-06-01T02:38:00Z,worker-1,longhorn-system,csi-attacher-896ffc747-rxjjt,csi-attacher,3.3,3.3,0.0,0.0,0.0,1115.0,1048.0,0.0,0.0,0.0,0.0,0.0,264.0,0.0008758478,normal
2026-06-01T02:38:00Z,worker-1,longhorn-system,csi-snapshotter-65884686fc-gjw5g,csi-snapshotter,5.5,5.3,0.0,0.0,0.0,1135.0,1032.0,0.0,0.0,0.0,0.0,0.0,765.0,0.002142305,normal
2026-06-01T02:38:00Z,worker-1,kube-system,nodelocaldns-zjml5,node-cache,13.4,4.4,0.4,1.0,0.0,4922.0,3562.0,0.0,0.0,0.0,0.0,0.0,825.0,0.0040860831,normal
2026-06-01T02:38:00Z,worker-1,kube-system,kube-ovn-pinger-vfzmn,pinger,51.5,20.9,13.2,0.2,0.0,115761.0,1580.0,0.0,12288.0,0.068951,17.0,26.0,3541.0,0.0162989898,normal
2026-06-01T02:38:00Z,worker-1,kube-system,tetragon-kl9tz,tetragon,7.6,5.9,0.4,0.0,0.0,17813.0,21450.0,0.0,0.0,0.0,0.0,0.0,14242.0,0.0412888567,normal
2026-06-01T02:38:00Z,worker-1,longhorn-system,engine-image-ei-3154f3aa-kvvkq,engine-image-ei-3154f3aa,12.8,1.0,14.4,0.0,0.0,0.0,0.0,0.0,0.0,0.0,10.0,42.0,1048.0,0.0128992305,normal
2026-06-01T02:38:00Z,worker-1,kube-system,kube-proxy-pdwww,kube-proxy,1.9,0.4,0.0,0.0,0.0,17157.0,96.0,0.0,0.0,0.0,0.0,0.0,96.0,0.0002646826,normal
2026-06-01T02:38:00Z,worker-1,longhorn-system,engine-image-ei-843accdd-tx99h,engine-image-ei-843accdd,12.4,1.0,14.0,0.0,0.0,0.0,0.0,0.0,0.0,0.0,10.0,31.0,996.0,0.0111824827,normal
2026-06-01T02:38:00Z,worker-1,kube-system,kube-ovn-cni-cf7cj,cni-server,377.3,27.3,442.8,0.3,0.0,204892.0,2308.0,0.0,0.0,0.0,170.0,218.0,5133.0,0.0871807168,normal
2026-06-01T02:38:00Z,worker-1,kube-system,ovs-ovn-w75jd,openvswitch,101.7,62.7,38.1,0.0,0.0,38.0,41.0,0.0,0.0,0.0,52.0,88.0,2011.0,0.0309896493,normal
2026-06-01T02:38:00Z,worker-1,longhorn-system,csi-provisioner-688964c44b-7hv5d,csi-provisioner,36.7,8.2,0.1,0.0,0.0,205967.0,2319.0,0.0,0.0,0.0,0.0,0.0,1444.0,0.0043696794,normal
2026-06-01T02:38:00Z,worker-1,longhorn-system,instance-manager-bacbca1a1c80c6ca28fd5f2d5fd0c24c,instance-manager,203.8,9.8,12.4,0.4,0.0,3811.0,3766.0,0.0,0.0,0.0,7.0,7.0,914.0,0.0093403006,normal
2026-06-01T02:38:00Z,worker-1,ebpf-final,ebpf-collector-5588x,collector,0.2,0.8,0.3,0.1,0.0,12254.0,17676.0,0.0,0.0,0.0,0.0,0.0,10.0,0.0019206483,normal
2026-06-01T02:38:00Z,worker-1,longhorn-system,longhorn-csi-plugin-t8lpt,longhorn-liveness-probe,2.8,1.8,0.0,0.0,0.0,224.0,274.0,0.0,0.0,0.0,0.0,0.0,164.0,0.0008041052,normal
2026-06-01T02:38:00Z,worker-1,monitoring,my-monitoring-prometheus-node-exporter-829wk,node-exporter,0.4,0.2,0.0,0.0,0.0,208.0,3254.0,0.0,0.0,0.0,0.0,0.0,21.0,0.0001651736,normal
2026-06-01T02:38:00Z,worker-1,longhorn-system,csi-resizer-7d9bff5787-242pl,csi-resizer,1.9,1.7,0.0,0.0,0.0,1209.0,996.0,0.0,0.0,0.0,0.0,0.0,230.0,0.0006433581,normal
2026-06-01T02:38:00Z,worker-1,kube-system,tetragon-kl9tz,export-stdout,18.7,17.2,0.0,0.0,0.0,0.0,0.0,0.0,0.0,0.0,0.0,0.0,11.0,0.0003009692,normal
2026-06-01T02:38:10Z,worker-1,gpu-operator,gpu-operator-1764036362-node-feature-discovery-worker-9v5dt,worker,0.5,0.2,0.0,0.0,0.0,222.0,188.0,0.0,0.0,0.0,0.0,0.0,32.0,0.0002036995,normal
2026-06-01T02:38:10Z,worker-1,longhorn-system,longhorn-csi-plugin-t8lpt,longhorn-csi-plugin,3.2,1.5,0.0,0.0,0.0,0.0,0.0,0.0,0.0,0.0,0.0,0.0,76.0,0.0003845867,normal
2026-06-01T02:38:10Z,worker-1,longhorn-system,longhorn-manager-fgsfc,longhorn-manager,117.2,46.9,0.1,0.1,0.0,473610.0,13883.0,0.0,0.0,0.0,0.0,0.0,4578.0,0.0148658918,normal
2026-06-01T02:38:10Z,worker-1,longhorn-system,longhorn-csi-plugin-t8lpt,node-driver-registrar,0.1,0.1,0.0,0.0,0.0,0.0,0.0,0.0,0.0,0.0,0.0,0.0,9.0,3.02405e-05,normal
2026-06-01T02:38:10Z,worker-1,longhorn-system,csi-attacher-896ffc747-rxjjt,csi-attacher,3.3,2.9,0.1,0.0,0.0,1228.0,1014.0,0.0,0.0,0.0,0.0,0.0,298.0,0.0009151987,normal
2026-06-01T02:38:10Z,worker-1,longhorn-system,csi-snapshotter-65884686fc-gjw5g,csi-snapshotter,7.5,7.3,0.1,0.0,0.0,1835.0,1622.0,0.0,0.0,0.0,0.0,0.0,841.0,0.0025082167,normal
2026-06-01T02:38:10Z,worker-1,kube-system,nodelocaldns-zjml5,node-cache,14.2,5.0,0.3,1.1,0.0,5145.0,3785.0,0.0,0.0,0.0,0.0,0.0,791.0,0.0043050201,normal
2026-06-01T02:38:10Z,worker-1,kube-system,kube-ovn-pinger-vfzmn,pinger,47.3,20.6,13.2,0.2,0.0,104962.0,1436.0,0.0,16384.0,0.070981,17.0,26.0,3664.0,0.0168632743,normal
2026-06-01T02:38:10Z,worker-1,kube-system,tetragon-kl9tz,tetragon,5.2,3.5,0.0,0.0,0.0,17448.0,239.0,0.0,0.0,0.0,0.0,0.0,12415.0,0.0369411515,normal
2026-06-01T02:38:10Z,worker-1,longhorn-system,engine-image-ei-3154f3aa-kvvkq,engine-image-ei-3154f3aa,12.8,1.0,14.4,0.0,0.0,0.0,0.0,0.0,0.0,0.0,10.0,39.0,1077.0,0.0132506534,normal
2026-06-01T02:38:10Z,worker-1,kube-system,kube-proxy-pdwww,kube-proxy,2.6,0.5,0.0,0.0,0.0,17157.0,96.0,0.0,0.0,0.0,0.0,0.0,107.0,0.0002078738,normal
2026-06-01T02:38:10Z,worker-1,longhorn-system,engine-image-ei-843accdd-tx99h,engine-image-ei-843accdd,16.2,1.3,18.2,0.0,0.0,0.0,0.0,0.0,0.0,0.0,13.0,44.0,1277.0,0.0159320433,normal
2026-06-01T02:38:10Z,worker-1,kube-system,kube-ovn-cni-cf7cj,cni-server,320.4,22.5,362.0,0.3,0.0,204626.0,1200.0,0.0,0.0,0.0,132.0,178.0,4429.0,0.0671745698,normal
2026-06-01T02:38:10Z,worker-1,kube-system,ovs-ovn-w75jd,openvswitch,104.3,64.8,38.0,0.0,0.0,38.0,41.0,0.0,0.0,0.0,52.0,88.0,2124.0,0.0327075709,normal
2026-06-01T02:38:10Z,worker-1,longhorn-system,csi-provisioner-688964c44b-7hv5d,csi-provisioner,35.6,7.1,0.1,0.0,0.0,205807.0,2188.0,0.0,0.0,0.0,0.0,0.0,1370.0,0.0040942286,normal
2026-06-01T02:38:10Z,worker-1,longhorn-system,instance-manager-bacbca1a1c80c6ca28fd5f2d5fd0c24c,instance-manager,197.1,9.6,11.3,0.5,0.0,4108.0,4916.0,0.0,0.0,0.0,6.0,6.0,731.0,0.0067818924,normal
2026-06-01T02:38:10Z,worker-1,ebpf-final,ebpf-collector-5588x,collector,153.6,0.9,143.3,0.1,0.0,211126.0,20134.0,0.0,0.0,0.0,0.0,0.0,158.0,0.0216587561,normal
2026-06-01T02:38:10Z,worker-1,longhorn-system,longhorn-csi-plugin-t8lpt,longhorn-liveness-probe,2.8,1.8,0.0,0.0,0.0,224.0,274.0,0.0,0.0,0.0,0.0,0.0,244.0,0.0018202181,normal
2026-06-01T02:38:10Z,worker-1,monitoring,my-monitoring-prometheus-node-exporter-829wk,node-exporter,0.4,0.3,0.0,0.0,0.0,312.0,4881.0,0.0,0.0,0.0,0.0,0.0,26.0,0.0002137587,normal
2026-06-01T02:38:10Z,worker-1,longhorn-system,csi-resizer-7d9bff5787-242pl,csi-resizer,3.0,2.4,0.1,0.0,0.0,1129.0,996.0,0.0,0.0,0.0,0.0,0.0,242.0,0.0007075213,normal
2026-06-01T02:38:10Z,worker-1,kube-system,tetragon-kl9tz,export-stdout,6.0,4.8,0.0,0.0,0.0,0.0,0.0,0.0,0.0,0.0,0.0,0.0,10.0,0.0001275182,normal
2026-06-01T02:38:20Z,worker-1,gpu-operator,gpu-operator-1764036362-node-feature-discovery-worker-9v5dt,worker,294.5,4.1,159.6,0.0,0.0,137978.0,1811.0,0.0,0.0,0.0,0.0,0.0,1945.0,0.0318994477,normal
2026-06-01T02:38:20Z,worker-1,longhorn-system,longhorn-csi-plugin-t8lpt,longhorn-csi-plugin,2.8,1.2,0.0,0.0,0.0,0.0,0.0,0.0,0.0,0.0,0.0,0.0,77.0,0.0003577924,normal
2026-06-01T02:38:20Z,worker-1,longhorn-system,longhorn-manager-fgsfc,longhorn-manager,105.2,44.8,0.0,0.0,0.0,428459.0,5607.0,0.0,0.0,0.0,0.0,0.0,4129.0,0.0127164958,normal
2026-06-01T02:38:20Z,worker-1,longhorn-system,longhorn-csi-plugin-t8lpt,node-driver-registrar,0.1,0.1,0.0,0.0,0.0,0.0,0.0,0.0,0.0,0.0,0.0,0.0,9.0,3.11942e-05,normal
2026-06-01T02:38:20Z,worker-1,longhorn-system,csi-attacher-896ffc747-rxjjt,csi-attacher,2.7,2.5,0.0,0.0,0.0,1112.0,1014.0,0.0,0.0,0.0,0.0,0.0,291.0,0.0008524553,normal
2026-06-01T02:38:20Z,worker-1,longhorn-system,csi-snapshotter-65884686fc-gjw5g,csi-snapshotter,7.8,7.6,0.0,0.0,0.0,1135.0,1033.0,0.0,0.0,0.0,0.0,0.0,782.0,0.0022703993,normal
2026-06-01T02:38:20Z,worker-1,kube-system,nodelocaldns-zjml5,node-cache,13.0,4.2,0.3,1.0,0.0,4922.0,3562.0,0.0,0.0,0.0,0.0,0.0,718.0,0.0038185595,normal
2026-06-01T02:38:20Z,worker-1,kube-system,kube-ovn-pinger-vfzmn,pinger,19.6,17.1,0.0,0.0,0.0,42777.0,471.0,0.0,12288.0,0.0595295,0.0,0.0,3447.0,0.0098890489,normal
2026-06-01T02:38:20Z,worker-1,kube-system,tetragon-kl9tz,tetragon,3.4,3.1,0.0,0.0,0.0,462.0,143.0,0.0,0.0,0.0,0.0,0.0,12026.0,0.0315646593,normal
2026-06-01T02:38:20Z,worker-1,longhorn-system,engine-image-ei-3154f3aa-kvvkq,engine-image-ei-3154f3aa,12.8,1.0,14.4,0.0,0.0,0.0,0.0,0.0,0.0,0.0,10.0,41.0,1074.0,0.0133811317,normal
2026-06-01T02:38:20Z,worker-1,kube-system,kube-proxy-pdwww,kube-proxy,0.2,0.2,0.0,0.0,0.0,0.0,0.0,0.0,0.0,0.0,0.0,0.0,58.0,7.17538e-05,normal
2026-06-01T02:38:20Z,worker-1,longhorn-system,engine-image-ei-843accdd-tx99h,engine-image-ei-843accdd,12.5,1.0,14.1,0.0,0.0,0.0,0.0,0.0,0.0,0.0,10.0,30.0,817.0,0.0105432341,normal
2026-06-01T02:38:20Z,worker-1,kube-system,kube-ovn-cni-cf7cj,cni-server,318.5,21.8,363.7,0.3,0.0,187625.0,1104.0,0.0,0.0,0.0,134.0,180.0,4635.0,0.0741340047,normal
2026-06-01T02:38:20Z,worker-1,kube-system,ovs-ovn-w75jd,openvswitch,96.4,57.6,37.5,0.0,0.0,38.0,41.0,0.0,0.0,0.0,52.0,88.0,1817.0,0.0305250819,normal
2026-06-01T02:38:20Z,worker-1,longhorn-system,csi-provisioner-688964c44b-7hv5d,csi-provisioner,34.5,8.9,0.0,0.0,0.0,188705.0,2092.0,0.0,0.0,0.0,0.0,0.0,1380.0,0.0060429701,normal
2026-06-01T02:38:20Z,worker-1,longhorn-system,instance-manager-bacbca1a1c80c6ca28fd5f2d5fd0c24c,instance-manager,190.2,6.1,11.3,0.4,0.0,2504.0,2733.0,0.0,0.0,0.0,6.0,6.0,609.0,0.0073451121,normal
2026-06-01T02:38:20Z,worker-1,ebpf-final,ebpf-collector-5588x,collector,0.2,0.7,0.3,0.1,0.0,11546.0,16661.0,0.0,0.0,0.0,0.0,0.0,9.0,0.0012374937,normal
2026-06-01T02:38:20Z,worker-1,longhorn-system,longhorn-csi-plugin-t8lpt,longhorn-liveness-probe,2.9,1.8,0.0,0.0,0.0,224.0,274.0,0.0,0.0,0.0,0.0,0.0,211.0,0.000862788,normal
2026-06-01T02:38:20Z,worker-1,monitoring,my-monitoring-prometheus-node-exporter-829wk,node-exporter,178.5,0.8,154.8,0.0,0.0,573.0,26080.0,0.0,0.0,0.0,0.0,0.0,388.0,0.0141523179,normal
2026-06-01T02:38:20Z,worker-1,longhorn-system,csi-resizer-7d9bff5787-242pl,csi-resizer,2.0,1.9,0.0,0.0,0.0,1093.0,996.0,0.0,0.0,0.0,0.0,0.0,250.0,0.0016484334,normal
2026-06-01T02:38:20Z,worker-1,kube-system,tetragon-kl9tz,export-stdout,6.0,4.8,0.0,0.0,0.0,0.0,0.0,0.0,0.0,0.0,0.0,0.0,10.0,0.0001250718,normal
2026-06-01T02:38:30Z,worker-1,gpu-operator,gpu-operator-1764036362-node-feature-discovery-worker-9v5dt,worker,0.5,0.2,0.0,0.0,0.0,222.0,188.0,0.0,0.0,0.0,0.0,0.0,31.0,0.0001967324,normal
2026-06-01T02:38:30Z,worker-1,longhorn-system,longhorn-csi-plugin-t8lpt,longhorn-csi-plugin,2.7,1.1,0.0,0.0,0.0,0.0,0.0,0.0,0.0,0.0,0.0,0.0,140.0,0.0016732304,normal
2026-06-01T02:38:30Z,worker-1,longhorn-system,longhorn-manager-fgsfc,longhorn-manager,163.8,49.4,14.8,0.3,0.0,478879.0,22673.0,0.0,0.0,0.0,2.0,12.0,5244.0,0.0220944678,normal
2026-06-01T02:38:30Z,worker-1,longhorn-system,longhorn-csi-plugin-t8lpt,node-driver-registrar,0.1,0.1,0.0,0.0,0.0,0.0,0.0,0.0,0.0,0.0,0.0,0.0,9.0,3.15172e-05,normal
2026-06-01T02:38:30Z,worker-1,longhorn-system,csi-attacher-896ffc747-rxjjt,csi-attacher,3.2,2.6,0.0,0.0,0.0,1488.0,1014.0,0.0,0.0,0.0,0.0,0.0,314.0,0.0008775554,normal
2026-06-01T02:38:30Z,worker-1,longhorn-system,csi-snapshotter-65884686fc-gjw5g,csi-snapshotter,9.0,8.3,0.1,0.0,0.0,1308.0,1073.0,0.0,0.0,0.0,0.0,0.0,825.0,0.0035860643,normal
2026-06-01T02:38:30Z,worker-1,kube-system,nodelocaldns-zjml5,node-cache,13.9,4.8,0.4,1.0,0.0,4922.0,3562.0,0.0,0.0,0.0,0.0,0.0,862.0,0.0042764903,normal
2026-06-01T02:38:30Z,worker-1,kube-system,kube-ovn-pinger-vfzmn,pinger,50.7,22.2,13.3,0.2,0.0,115756.0,1580.0,0.0,12288.0,0.077269,17.0,26.0,4443.0,0.0194909515,normal
2026-06-01T02:38:30Z,worker-1,kube-system,tetragon-kl9tz,tetragon,6.0,5.6,0.0,0.0,0.0,17595.0,239.0,0.0,0.0,0.0,0.0,0.0,12173.0,0.0379094266,normal
2026-06-01T02:38:30Z,worker-1,longhorn-system,engine-image-ei-3154f3aa-kvvkq,engine-image-ei-3154f3aa,12.7,1.0,14.3,0.0,0.0,0.0,0.0,0.0,0.0,0.0,10.0,39.0,1071.0,0.0125957704,normal
2026-06-01T02:38:30Z,worker-1,kube-system,kube-proxy-pdwww,kube-proxy,2.5,0.4,0.0,0.0,0.0,17296.0,96.0,0.0,0.0,0.0,0.0,0.0,126.0,0.0003004708,normal
2026-06-01T02:38:30Z,worker-1,longhorn-system,engine-image-ei-843accdd-tx99h,engine-image-ei-843accdd,12.5,1.0,14.1,0.0,0.0,0.0,0.0,0.0,0.0,0.0,10.0,30.0,784.0,0.0097184495,normal
2026-06-01T02:38:30Z,worker-1,kube-system,kube-ovn-cni-cf7cj,cni-server,315.0,22.2,359.8,0.2,0.0,204477.0,1200.0,0.0,0.0,0.0,130.0,158.0,3823.0,0.0624483333,normal
2026-06-01T02:38:30Z,worker-1,kube-system,ovs-ovn-w75jd,openvswitch,97.4,58.3,38.1,0.0,0.0,38.0,41.0,0.0,0.0,0.0,52.0,88.0,1821.0,0.0319019771,normal
2026-06-01T02:38:30Z,worker-1,longhorn-system,csi-provisioner-688964c44b-7hv5d,csi-provisioner,35.9,8.1,0.0,0.0,0.0,205720.0,2188.0,0.0,0.0,0.0,0.0,0.0,1346.0,0.0041922881,normal
2026-06-01T02:38:30Z,worker-1,longhorn-system,instance-manager-bacbca1a1c80c6ca28fd5f2d5fd0c24c,instance-manager,204.2,9.9,12.4,0.4,0.0,3811.0,3749.0,0.0,0.0,0.0,7.0,7.0,840.0,0.0094172519,normal
2026-06-01T02:38:30Z,worker-1,ebpf-final,ebpf-collector-5588x,collector,0.2,0.7,0.3,0.1,0.0,11207.0,16146.0,0.0,0.0,0.0,0.0,0.0,11.0,0.0016923549,normal
2026-06-01T02:38:30Z,worker-1,longhorn-system,longhorn-csi-plugin-t8lpt,longhorn-liveness-probe,2.9,1.7,0.0,0.0,0.0,224.0,274.0,0.0,0.0,0.0,0.0,0.0,178.0,0.0008435885,normal
2026-06-01T02:38:30Z,worker-1,monitoring,my-monitoring-prometheus-node-exporter-829wk,node-exporter,0.3,0.2,0.0,0.0,0.0,208.0,3254.0,0.0,0.0,0.0,0.0,0.0,19.0,0.0001385658,normal
2026-06-01T02:38:30Z,worker-1,longhorn-system,csi-resizer-7d9bff5787-242pl,csi-resizer,2.7,2.5,0.0,0.0,0.0,1219.0,1031.0,0.0,0.0,0.0,0.0,0.0,256.0,0.0007408525,normal
2026-06-01T02:38:30Z,worker-1,kube-system,tetragon-kl9tz,export-stdout,17.9,16.6,0.0,0.0,0.0,0.0,0.0,0.0,0.0,0.0,0.0,0.0,10.0,0.0003276221,normal
2026-06-01T02:38:41Z,worker-1,gpu-operator,gpu-operator-1764036362-node-feature-discovery-worker-9v5dt,worker,0.6,0.2,0.0,0.0,0.0,222.0,188.0,0.0,0.0,0.0,0.0,0.0,36.0,0.0002151126,normal
2026-06-01T02:38:41Z,worker-1,longhorn-system,longhorn-csi-plugin-t8lpt,longhorn-csi-plugin,2.9,1.2,0.0,0.0,0.0,0.0,0.0,0.0,0.0,0.0,0.0,0.0,88.0,0.000407517,normal
2026-06-01T02:38:41Z,worker-1,longhorn-system,longhorn-manager-fgsfc,longhorn-manager,117.7,45.4,0.3,0.2,0.1,509022.0,16352.0,0.0,0.0,0.0,0.0,0.0,4741.0,0.0158040059,normal
2026-06-01T02:38:41Z,worker-1,longhorn-system,longhorn-csi-plugin-t8lpt,node-driver-registrar,0.1,0.1,0.0,0.0,0.0,0.0,0.0,0.0,0.0,0.0,0.0,0.0,9.0,3.08892e-05,normal
2026-06-01T02:38:41Z,worker-1,longhorn-system,csi-attacher-896ffc747-rxjjt,csi-attacher,3.6,3.1,0.0,0.0,0.0,1173.0,1014.0,0.0,0.0,0.0,0.0,0.0,235.0,0.000818624,normal
2026-06-01T02:38:41Z,worker-1,longhorn-system,csi-snapshotter-65884686fc-gjw5g,csi-snapshotter,8.4,8.2,0.0,0.0,0.0,1234.0,1034.0,0.0,0.0,0.0,0.0,0.0,812.0,0.0022899866,normal
2026-06-01T02:38:41Z,worker-1,kube-system,nodelocaldns-zjml5,node-cache,28.0,5.4,37.5,1.0,0.0,4922.0,3562.0,0.0,0.0,0.0,12.0,12.0,926.0,0.0078477652,normal
2026-06-01T02:38:41Z,worker-1,kube-system,kube-ovn-pinger-vfzmn,pinger,40.5,21.0,13.2,0.2,0.0,115937.0,1436.0,0.0,12288.0,0.0636875,17.0,26.0,3810.0,0.0198070512,normal
2026-06-01T02:38:41Z,worker-1,kube-system,tetragon-kl9tz,tetragon,8.2,3.8,0.0,0.0,0.0,34905.0,335.0,0.0,0.0,0.0,0.0,0.0,13321.0,0.0450923846,normal
2026-06-01T02:38:41Z,worker-1,longhorn-system,engine-image-ei-3154f3aa-kvvkq,engine-image-ei-3154f3aa,12.8,1.0,14.4,0.0,0.0,0.0,0.0,0.0,0.0,0.0,10.0,41.0,1055.0,0.0125163455,normal
2026-06-01T02:38:41Z,worker-1,kube-system,kube-proxy-pdwww,kube-proxy,4.0,0.6,0.0,0.0,0.0,34436.0,192.0,0.0,0.0,0.0,0.0,0.0,153.0,0.0006698954,normal
2026-06-01T02:38:41Z,worker-1,longhorn-system,engine-image-ei-843accdd-tx99h,engine-image-ei-843accdd,12.4,1.0,14.0,0.0,0.0,0.0,0.0,0.0,0.0,0.0,10.0,25.0,726.0,0.0098159436,normal
2026-06-01T02:38:41Z,worker-1,kube-system,kube-ovn-cni-cf7cj,cni-server,375.1,28.7,441.8,0.4,0.0,221634.0,1296.0,0.0,0.0,0.0,171.0,231.0,5724.0,0.0951320673,normal
2026-06-01T02:38:41Z,worker-1,kube-system,ovs-ovn-w75jd,openvswitch,103.4,65.5,38.5,0.0,0.0,38.0,41.0,0.0,0.0,0.0,52.0,88.0,2050.0,0.0321594975,normal
2026-06-01T02:38:41Z,worker-1,longhorn-system,csi-provisioner-688964c44b-7hv5d,csi-provisioner,38.1,7.5,0.0,0.0,0.0,222974.0,2284.0,0.0,0.0,0.0,0.0,0.0,1433.0,0.0044845268,normal
2026-06-01T02:38:41Z,worker-1,longhorn-system,instance-manager-bacbca1a1c80c6ca28fd5f2d5fd0c24c,instance-manager,196.4,9.0,11.3,0.4,0.0,3517.0,3617.0,0.0,0.0,0.0,6.0,6.0,786.0,0.0075992683,normal
2026-06-01T02:38:41Z,worker-1,ebpf-final,ebpf-collector-5588x,collector,154.2,0.8,143.4,0.1,0.0,209725.0,18114.0,0.0,0.0,0.0,0.0,0.0,159.0,0.018167507,normal
2026-06-01T02:38:41Z,worker-1,longhorn-system,longhorn-csi-plugin-t8lpt,longhorn-liveness-probe,3.0,1.9,0.0,0.0,0.0,224.0,274.0,0.0,0.0,0.0,0.0,0.0,213.0,0.0008863625,normal
2026-06-01T02:38:41Z,worker-1,monitoring,my-monitoring-prometheus-node-exporter-829wk,node-exporter,0.2,0.2,0.0,0.0,0.0,208.0,3254.0,0.0,0.0,0.0,0.0,0.0,15.0,0.0001193224,normal
2026-06-01T02:38:41Z,worker-1,longhorn-system,csi-resizer-7d9bff5787-242pl,csi-resizer,1.9,1.9,0.0,0.0,0.0,1096.0,994.0,0.0,0.0,0.0,0.0,0.0,229.0,0.0006957899,normal
2026-06-01T02:38:41Z,worker-1,kube-system,tetragon-kl9tz,export-stdout,6.1,4.8,0.0,0.0,0.0,0.0,0.0,0.0,0.0,0.0,0.0,0.0,11.0,0.0001363284,normal
2026-06-01T02:38:51Z,worker-1,gpu-operator,gpu-operator-1764036362-node-feature-discovery-worker-9v5dt,worker,0.8,0.4,0.0,0.0,0.0,261.0,227.0,0.0,0.0,0.0,0.0,0.0,94.0,0.0003262698,normal
2026-06-01T02:38:51Z,worker-1,longhorn-system,longhorn-csi-plugin-t8lpt,longhorn-csi-plugin,2.7,1.3,0.0,0.0,0.0,0.0,0.0,0.0,0.0,0.0,0.0,0.0,77.0,0.0003544927,normal
2026-06-01T02:38:51Z,worker-1,longhorn-system,longhorn-manager-fgsfc,longhorn-manager,103.3,40.7,0.2,0.0,0.0,428370.0,5717.0,0.0,0.0,0.0,0.0,0.0,4253.0,0.0130494973,normal
2026-06-01T02:38:51Z,worker-1,longhorn-system,longhorn-csi-plugin-t8lpt,node-driver-registrar,0.1,0.1,0.0,0.0,0.0,0.0,0.0,0.0,0.0,0.0,0.0,0.0,9.0,3.01264e-05,normal
2026-06-01T02:38:51Z,worker-1,longhorn-system,csi-attacher-896ffc747-rxjjt,csi-attacher,3.0,3.0,0.0,0.0,0.0,1112.0,1049.0,0.0,0.0,0.0,0.0,0.0,266.0,0.0008513501,normal
2026-06-01T02:38:51Z,worker-1,longhorn-system,csi-snapshotter-65884686fc-gjw5g,csi-snapshotter,9.4,9.1,0.0,0.0,0.0,1250.0,1108.0,0.0,0.0,0.0,0.0,0.0,800.0,0.0023972846,normal
2026-06-01T02:38:51Z,worker-1,kube-system,nodelocaldns-zjml5,node-cache,12.9,4.0,0.4,1.0,0.0,4922.0,3562.0,0.0,0.0,0.0,0.0,0.0,746.0,0.0040274771,normal
2026-06-01T02:38:51Z,worker-1,kube-system,kube-ovn-pinger-vfzmn,pinger,47.4,21.6,13.2,0.2,0.0,115792.0,1580.0,0.0,12288.0,0.0754795,17.0,26.0,3299.0,0.0153479377,normal
2026-06-01T02:38:51Z,worker-1,kube-system,tetragon-kl9tz,tetragon,3.4,3.3,0.0,0.0,0.0,291.0,143.0,0.0,0.0,0.0,0.0,0.0,12347.0,0.0302580162,normal
2026-06-01T02:38:51Z,worker-1,longhorn-system,engine-image-ei-3154f3aa-kvvkq,engine-image-ei-3154f3aa,12.8,1.0,14.4,0.0,0.0,0.0,0.0,0.0,0.0,0.0,10.0,39.0,1039.0,0.0134298501,normal
2026-06-01T02:38:51Z,worker-1,kube-system,kube-proxy-pdwww,kube-proxy,0.6,0.2,0.0,0.0,0.0,251.0,0.0,0.0,0.0,0.0,0.0,0.0,79.0,0.0001493179,normal
2026-06-01T02:38:51Z,worker-1,longhorn-system,engine-image-ei-843accdd-tx99h,engine-image-ei-843accdd,12.7,1.0,14.3,0.0,0.0,0.0,0.0,0.0,0.0,0.0,10.0,38.0,1087.0,0.0114406926,normal
2026-06-01T02:38:51Z,worker-1,kube-system,kube-ovn-cni-cf7cj,cni-server,319.5,22.5,364.1,0.2,0.0,187459.0,1104.0,0.0,0.0,0.0,134.0,163.0,3878.0,0.0660599147,normal
2026-06-01T02:38:51Z,worker-1,kube-system,ovs-ovn-w75jd,openvswitch,100.4,61.1,37.9,0.0,0.0,38.0,41.0,0.0,0.0,0.0,52.0,88.0,2056.0,0.0321914403,normal
2026-06-01T02:38:51Z,worker-1,longhorn-system,csi-provisioner-688964c44b-7hv5d,csi-provisioner,33.3,8.9,0.0,0.0,0.0,188406.0,2092.0,0.0,0.0,0.0,0.0,0.0,1367.0,0.0040989307,normal
2026-06-01T02:38:51Z,worker-1,longhorn-system,instance-manager-bacbca1a1c80c6ca28fd5f2d5fd0c24c,instance-manager,22.9,4.9,1.2,0.0,0.0,2504.0,2656.0,0.0,0.0,0.0,1.0,1.0,440.0,0.0028523196,normal
2026-06-01T02:38:51Z,worker-1,ebpf-final,ebpf-collector-5588x,collector,0.2,0.7,0.3,0.1,0.0,11906.0,17180.0,0.0,0.0,0.0,0.0,0.0,10.0,0.0012173709,normal
2026-06-01T02:38:51Z,worker-1,longhorn-system,longhorn-csi-plugin-t8lpt,longhorn-liveness-probe,2.8,1.7,0.0,0.0,0.0,224.0,274.0,0.0,0.0,0.0,0.0,0.0,163.0,0.0007721342,normal
2026-06-01T02:38:51Z,worker-1,monitoring,my-monitoring-prometheus-node-exporter-829wk,node-exporter,178.7,0.8,154.8,0.0,0.0,573.0,26065.0,0.0,0.0,0.0,0.0,0.0,334.0,0.0126198122,normal
2026-06-01T02:38:51Z,worker-1,longhorn-system,csi-resizer-7d9bff5787-242pl,csi-resizer,2.5,2.2,0.0,0.0,0.0,1242.0,994.0,0.0,0.0,0.0,0.0,0.0,264.0,0.0007378851,normal
2026-06-01T02:38:51Z,worker-1,kube-system,tetragon-kl9tz,export-stdout,6.0,4.8,0.0,0.0,0.0,0.0,0.0,0.0,0.0,0.0,0.0,0.0,10.0,0.0001219153,normal
2026-06-01T02:39:01Z,worker-1,gpu-operator,gpu-operator-1764036362-node-feature-discovery-worker-9v5dt,worker,0.5,0.2,0.0,0.0,0.0,222.0,188.0,0.0,0.0,0.0,0.0,0.0,34.0,0.0001869655,normal
2026-06-01T02:39:01Z,worker-1,longhorn-system,longhorn-csi-plugin-t8lpt,longhorn-csi-plugin,2.9,1.3,0.0,0.0,0.0,0.0,0.0,0.0,0.0,0.0,0.0,0.0,78.0,0.0003366913,normal
2026-06-01T02:39:01Z,worker-1,longhorn-system,longhorn-manager-fgsfc,longhorn-manager,156.3,44.4,14.7,0.3,0.0,458372.0,21459.0,0.0,0.0,0.0,2.0,11.0,4957.0,0.0207550361,normal
2026-06-01T02:39:01Z,worker-1,longhorn-system,longhorn-csi-plugin-t8lpt,node-driver-registrar,0.1,0.1,0.0,0.0,0.0,0.0,0.0,0.0,0.0,0.0,0.0,0.0,9.0,3.1197e-05,normal
2026-06-01T02:39:01Z,worker-1,longhorn-system,csi-attacher-896ffc747-rxjjt,csi-attacher,3.2,3.0,0.1,0.0,0.0,1112.0,1014.0,0.0,0.0,0.0,0.0,0.0,272.0,0.0008405513,normal
2026-06-01T02:39:01Z,worker-1,longhorn-system,csi-snapshotter-65884686fc-gjw5g,csi-snapshotter,12.5,12.2,0.0,0.0,0.0,1272.0,1073.0,0.0,0.0,0.0,0.0,0.0,833.0,0.0024357797,normal
2026-06-01T02:39:01Z,worker-1,kube-system,nodelocaldns-zjml5,node-cache,9.1,2.7,0.3,1.0,0.0,3059.0,2774.0,0.0,0.0,0.0,0.0,0.0,570.0,0.0030080103,normal
2026-06-01T02:39:01Z,worker-1,kube-system,kube-ovn-pinger-vfzmn,pinger,41.2,18.4,13.2,0.2,0.0,115755.0,1532.0,0.0,12288.0,0.067002,17.0,26.0,3766.0,0.019072662,normal
2026-06-01T02:39:01Z,worker-1,kube-system,tetragon-kl9tz,tetragon,7.4,5.9,0.4,0.0,0.0,17813.0,21436.0,0.0,0.0,0.0,0.0,0.0,12854.0,0.0437588437,normal
2026-06-01T02:39:01Z,worker-1,longhorn-system,engine-image-ei-3154f3aa-kvvkq,engine-image-ei-3154f3aa,12.9,1.0,14.5,0.0,0.0,0.0,0.0,0.0,0.0,0.0,10.0,44.0,1120.0,0.0123905056,normal
2026-06-01T02:39:01Z,worker-1,kube-system,kube-proxy-pdwww,kube-proxy,2.0,0.4,0.0,0.0,0.0,17157.0,96.0,0.0,0.0,0.0,0.0,0.0,95.0,0.0002617209,normal
2026-06-01T02:39:01Z,worker-1,longhorn-system,engine-image-ei-843accdd-tx99h,engine-image-ei-843accdd,12.6,1.0,14.2,0.0,0.0,0.0,0.0,0.0,0.0,0.0,10.0,33.0,1016.0,0.0109078236,normal
2026-06-01T02:39:01Z,worker-1,kube-system,kube-ovn-cni-cf7cj,cni-server,319.7,22.6,361.8,0.4,0.0,204905.0,1344.0,0.0,0.0,0.0,132.0,198.0,5064.0,0.0725086556,normal
2026-06-01T02:39:01Z,worker-1,kube-system,ovs-ovn-w75jd,openvswitch,100.7,62.8,38.1,0.0,0.0,38.0,41.0,0.0,0.0,0.0,52.0,88.0,2085.0,0.0313837093,normal
2026-06-01T02:39:01Z,worker-1,longhorn-system,csi-provisioner-688964c44b-7hv5d,csi-provisioner,33.4,6.5,0.1,0.0,0.0,199263.0,2142.0,0.0,0.0,0.0,0.0,0.0,1413.0,0.0058067668,normal
2026-06-01T02:39:01Z,worker-1,longhorn-system,instance-manager-bacbca1a1c80c6ca28fd5f2d5fd0c24c,instance-manager,204.3,9.8,12.4,0.4,0.0,3811.0,3766.0,0.0,0.0,0.0,7.0,7.0,870.0,0.0095130937,normal
2026-06-01T02:39:01Z,worker-1,ebpf-final,ebpf-collector-5588x,collector,0.2,0.8,0.3,0.1,0.0,12252.0,17674.0,0.0,0.0,0.0,0.0,0.0,11.0,0.001852079,normal
2026-06-01T02:39:01Z,worker-1,longhorn-system,longhorn-csi-plugin-t8lpt,longhorn-liveness-probe,2.9,1.8,0.0,0.0,0.0,224.0,274.0,0.0,0.0,0.0,0.0,0.0,176.0,0.0007391909,normal
2026-06-01T02:39:01Z,worker-1,monitoring,my-monitoring-prometheus-node-exporter-829wk,node-exporter,0.4,0.2,0.0,0.0,0.0,208.0,3254.0,0.0,0.0,0.0,0.0,0.0,22.0,0.0001479453,normal
2026-06-01T02:39:01Z,worker-1,longhorn-system,csi-resizer-7d9bff5787-242pl,csi-resizer,2.4,1.8,0.1,0.0,0.0,1129.0,996.0,0.0,0.0,0.0,0.0,0.0,236.0,0.0006653052,normal
2026-06-01T02:39:01Z,worker-1,kube-system,tetragon-kl9tz,export-stdout,17.9,16.6,0.0,0.0,0.0,0.0,0.0,0.0,0.0,0.0,0.0,0.0,10.0,0.0003031077,normal
2026-06-01T02:39:11Z,worker-1,gpu-operator,gpu-operator-1764036362-node-feature-discovery-worker-9v5dt,worker,0.7,0.3,0.0,0.0,0.0,333.0,282.0,0.0,0.0,0.0,0.0,0.0,54.0,0.0003228549,normal
2026-06-01T02:39:11Z,worker-1,longhorn-system,longhorn-csi-plugin-t8lpt,longhorn-csi-plugin,2.7,1.1,0.0,0.0,0.0,0.0,0.0,0.0,0.0,0.0,0.0,0.0,82.0,0.0004101789,normal
2026-06-01T02:39:11Z,worker-1,longhorn-system,longhorn-manager-fgsfc,longhorn-manager,119.3,46.6,0.1,0.1,0.0,493947.0,13997.0,0.0,0.0,0.0,0.0,0.0,4548.0,0.0145990829,normal
2026-06-01T02:39:11Z,worker-1,longhorn-system,longhorn-csi-plugin-t8lpt,node-driver-registrar,0.1,0.1,0.0,0.0,0.0,0.0,0.0,0.0,0.0,0.0,0.0,0.0,9.0,3.11523e-05,normal
2026-06-01T02:39:11Z,worker-1,longhorn-system,csi-attacher-896ffc747-rxjjt,csi-attacher,3.2,2.9,0.0,0.0,0.0,1229.0,1014.0,0.0,0.0,0.0,0.0,0.0,303.0,0.000842868,normal
2026-06-01T02:39:11Z,worker-1,longhorn-system,csi-snapshotter-65884686fc-gjw5g,csi-snapshotter,7.5,7.3,0.0,0.0,0.0,1132.0,1034.0,0.0,0.0,0.0,0.0,0.0,821.0,0.0023153363,normal
2026-06-01T02:39:11Z,worker-1,kube-system,nodelocaldns-zjml5,node-cache,14.6,5.2,0.4,1.3,0.0,5145.0,3785.0,0.0,0.0,0.0,0.0,0.0,941.0,0.0064704522,normal
2026-06-01T02:39:11Z,worker-1,kube-system,kube-ovn-pinger-vfzmn,pinger,48.1,19.9,13.2,0.2,0.0,115978.0,1532.0,0.0,12288.0,0.0662795,17.0,26.0,3086.0,0.0174733194,normal
2026-06-01T02:39:11Z,worker-1,kube-system,tetragon-kl9tz,tetragon,7.6,3.9,0.1,0.0,0.0,18020.0,508.0,0.0,0.0,0.0,0.0,0.0,13440.0,0.0361231268,normal
2026-06-01T02:39:11Z,worker-1,longhorn-system,engine-image-ei-3154f3aa-kvvkq,engine-image-ei-3154f3aa,12.8,1.0,14.4,0.0,0.0,0.0,0.0,0.0,0.0,0.0,10.0,40.0,1092.0,0.0135303244,normal
2026-06-01T02:39:11Z,worker-1,kube-system,kube-proxy-pdwww,kube-proxy,2.3,0.5,0.0,0.0,0.0,17157.0,96.0,0.0,0.0,0.0,0.0,0.0,100.0,0.0002860696,normal
2026-06-01T02:39:11Z,worker-1,longhorn-system,engine-image-ei-843accdd-tx99h,engine-image-ei-843accdd,12.6,1.0,14.2,0.0,0.0,0.0,0.0,0.0,0.0,0.0,10.0,34.0,956.0,0.0115719806,normal
2026-06-01T02:39:11Z,worker-1,kube-system,kube-ovn-cni-cf7cj,cni-server,375.0,27.6,442.9,0.2,0.0,204626.0,1200.0,0.0,0.0,0.0,172.0,204.0,4782.0,0.0799232925,normal
2026-06-01T02:39:11Z,worker-1,kube-system,ovs-ovn-w75jd,openvswitch,100.5,64.7,38.0,0.0,0.0,76.0,82.0,0.0,0.0,0.0,52.0,88.0,2000.0,0.0330685894,normal
2026-06-01T02:39:11Z,worker-1,longhorn-system,csi-provisioner-688964c44b-7hv5d,csi-provisioner,36.8,7.8,0.0,0.0,0.0,212376.0,2238.0,0.0,0.0,0.0,0.0,0.0,1507.0,0.0044666276,normal
2026-06-01T02:39:11Z,worker-1,longhorn-system,instance-manager-bacbca1a1c80c6ca28fd5f2d5fd0c24c,instance-manager,196.4,9.2,11.3,0.5,0.0,4108.0,4916.0,0.0,0.0,0.0,6.0,6.0,741.0,0.0069587573,normal
2026-06-01T02:39:11Z,worker-1,ebpf-final,ebpf-collector-5588x,collector,153.4,0.8,143.3,0.1,0.0,209737.0,18123.0,0.0,0.0,0.0,0.0,0.0,161.0,0.0225025142,normal
2026-06-01T02:39:11Z,worker-1,longhorn-system,longhorn-csi-plugin-t8lpt,longhorn-liveness-probe,2.8,1.8,0.0,0.0,0.0,224.0,274.0,0.0,0.0,0.0,0.0,0.0,270.0,0.0019631561,normal
2026-06-01T02:39:11Z,worker-1,monitoring,my-monitoring-prometheus-node-exporter-829wk,node-exporter,0.3,0.2,0.0,0.0,0.0,208.0,3254.0,0.0,0.0,0.0,0.0,0.0,15.0,0.0001162671,normal
2026-06-01T02:39:11Z,worker-1,longhorn-system,csi-resizer-7d9bff5787-242pl,csi-resizer,2.2,2.0,0.0,0.0,0.0,1098.0,996.0,0.0,0.0,0.0,0.0,0.0,263.0,0.0007468575,normal
2026-06-01T02:39:11Z,worker-1,kube-system,tetragon-kl9tz,export-stdout,6.6,5.4,0.0,0.0,0.0,0.0,0.0,0.0,0.0,0.0,0.0,0.0,10.0,0.0001375676,normal
2026-06-01T02:39:21Z,worker-1,gpu-operator,gpu-operator-1764036362-node-feature-discovery-worker-9v5dt,worker,296.4,4.4,159.6,0.0,0.0,137978.0,1811.0,0.0,0.0,0.0,0.0,0.0,1762.0,0.0237852475,normal
2026-06-01T02:39:21Z,worker-1,longhorn-system,longhorn-csi-plugin-t8lpt,longhorn-csi-plugin,2.6,1.2,0.0,0.0,0.0,0.0,0.0,0.0,0.0,0.0,0.0,0.0,80.0,0.0003592048,normal
2026-06-01T02:39:21Z,worker-1,longhorn-system,longhorn-manager-fgsfc,longhorn-manager,111.3,42.0,0.2,0.1,0.0,468287.0,11195.0,0.0,0.0,0.0,0.0,0.0,4552.0,0.0140880694,normal
2026-06-01T02:39:21Z,worker-1,longhorn-system,longhorn-csi-plugin-t8lpt,node-driver-registrar,0.1,0.1,0.0,0.0,0.0,0.0,0.0,0.0,0.0,0.0,0.0,0.0,9.0,3.38134e-05,normal
2026-06-01T02:39:21Z,worker-1,longhorn-system,csi-attacher-896ffc747-rxjjt,csi-attacher,3.3,3.1,0.0,0.0,0.0,1112.0,1014.0,0.0,0.0,0.0,0.0,0.0,268.0,0.0008300583,normal
2026-06-01T02:39:21Z,worker-1,longhorn-system,csi-snapshotter-65884686fc-gjw5g,csi-snapshotter,6.7,6.1,0.1,0.0,0.0,1167.0,1034.0,0.0,0.0,0.0,0.0,0.0,721.0,0.002128048,normal
2026-06-01T02:39:21Z,worker-1,kube-system,nodelocaldns-zjml5,node-cache,13.2,4.4,0.3,1.2,0.0,4922.0,3562.0,0.0,0.0,0.0,0.0,0.0,704.0,0.0035722557,normal
2026-06-01T02:39:21Z,worker-1,kube-system,kube-ovn-pinger-vfzmn,pinger,48.3,18.5,13.3,0.2,0.0,115896.0,1580.0,0.0,12288.0,0.0639755,17.0,26.0,3222.0,0.0175398734,normal
2026-06-01T02:39:21Z,worker-1,kube-system,tetragon-kl9tz,tetragon,5.0,3.0,0.0,0.0,0.0,17619.0,239.0,0.0,0.0,0.0,0.0,0.0,12942.0,0.0405596957,normal
2026-06-01T02:39:21Z,worker-1,longhorn-system,engine-image-ei-3154f3aa-kvvkq,engine-image-ei-3154f3aa,12.8,1.0,14.4,0.0,0.0,0.0,0.0,0.0,0.0,0.0,10.0,39.0,1104.0,0.0129299618,normal
2026-06-01T02:39:21Z,worker-1,kube-system,kube-proxy-pdwww,kube-proxy,2.9,0.6,0.1,0.0,0.0,17402.0,301.0,0.0,0.0,0.0,0.0,0.0,114.0,0.0003695756,normal
2026-06-01T02:39:21Z,worker-1,longhorn-system,engine-image-ei-843accdd-tx99h,engine-image-ei-843accdd,12.7,1.0,14.3,0.0,0.0,0.0,0.0,0.0,0.0,0.0,10.0,38.0,993.0,0.0110707292,normal
2026-06-01T02:39:21Z,worker-1,kube-system,kube-ovn-cni-cf7cj,cni-server,319.7,22.8,361.6,0.4,0.0,204782.0,1200.0,0.0,0.0,0.0,132.0,195.0,4840.0,0.0765755175,normal
2026-06-01T02:39:21Z,worker-1,kube-system,ovs-ovn-w75jd,openvswitch,97.9,59.7,37.9,0.0,0.0,38.0,41.0,0.0,0.0,0.0,52.0,88.0,1789.0,0.0299060205,normal
2026-06-01T02:39:21Z,worker-1,longhorn-system,csi-provisioner-688964c44b-7hv5d,csi-provisioner,36.7,8.2,0.0,0.0,0.0,205829.0,2190.0,0.0,0.0,0.0,0.0,0.0,1431.0,0.0043808835,normal
2026-06-01T02:39:21Z,worker-1,longhorn-system,instance-manager-bacbca1a1c80c6ca28fd5f2d5fd0c24c,instance-manager,192.9,7.8,11.3,0.4,0.0,2972.0,3128.0,0.0,0.0,0.0,6.0,6.0,703.0,0.0079714958,normal
2026-06-01T02:39:21Z,worker-1,ebpf-final,ebpf-collector-5588x,collector,0.2,0.7,0.3,0.1,0.0,11201.0,16161.0,0.0,0.0,0.0,0.0,0.0,12.0,0.0012232781,normal
2026-06-01T02:39:21Z,worker-1,longhorn-system,longhorn-csi-plugin-t8lpt,longhorn-liveness-probe,2.6,1.7,0.0,0.0,0.0,224.0,274.0,0.0,0.0,0.0,0.0,0.0,172.0,0.0007676882,normal
2026-06-01T02:39:21Z,worker-1,monitoring,my-monitoring-prometheus-node-exporter-829wk,node-exporter,178.5,0.8,154.8,0.0,0.0,573.0,26019.0,0.0,0.0,0.0,0.0,0.0,355.0,0.0139797104,normal
2026-06-01T02:39:21Z,worker-1,longhorn-system,csi-resizer-7d9bff5787-242pl,csi-resizer,2.0,1.7,0.0,0.0,0.0,1219.0,1031.0,0.0,0.0,0.0,0.0,0.0,225.0,0.000684369,normal
2026-06-01T02:39:21Z,worker-1,kube-system,tetragon-kl9tz,export-stdout,6.0,4.8,0.0,0.0,0.0,0.0,0.0,0.0,0.0,0.0,0.0,0.0,10.0,0.0001257287,normal
2026-06-01T02:39:31Z,worker-1,gpu-operator,gpu-operator-1764036362-node-feature-discovery-worker-9v5dt,worker,0.7,0.3,0.0,0.0,0.0,222.0,188.0,0.0,0.0,0.0,0.0,0.0,33.0,0.0001812694,normal
2026-06-01T02:39:31Z,worker-1,longhorn-system,longhorn-csi-plugin-t8lpt,longhorn-csi-plugin,3.0,1.4,0.0,0.0,0.0,0.0,0.0,0.0,0.0,0.0,0.0,0.0,80.0,0.0003699112,normal
2026-06-01T02:39:31Z,worker-1,longhorn-system,longhorn-manager-fgsfc,longhorn-manager,155.9,44.2,14.8,0.3,0.1,479089.0,21648.0,0.0,0.0,0.0,2.0,11.0,5089.0,0.035010665,normal
2026-06-01T02:39:31Z,worker-1,longhorn-system,longhorn-csi-plugin-t8lpt,node-driver-registrar,0.1,0.1,0.0,0.0,0.0,0.0,0.0,0.0,0.0,0.0,0.0,0.0,9.0,3.12601e-05,normal
2026-06-01T02:39:31Z,worker-1,longhorn-system,csi-attacher-896ffc747-rxjjt,csi-attacher,3.8,3.2,0.0,0.0,0.0,1407.0,1048.0,0.0,0.0,0.0,0.0,0.0,326.0,0.0009234378,normal
2026-06-01T02:39:31Z,worker-1,longhorn-system,csi-snapshotter-65884686fc-gjw5g,csi-snapshotter,7.4,7.0,0.1,0.0,0.0,1357.0,1073.0,0.0,0.0,0.0,0.0,0.0,789.0,0.002341737,normal
2026-06-01T02:39:31Z,worker-1,kube-system,nodelocaldns-zjml5,node-cache,13.1,4.3,0.3,1.0,0.0,4922.0,3562.0,0.0,0.0,0.0,0.0,0.0,737.0,0.0038369857,normal
2026-06-01T02:39:31Z,worker-1,kube-system,kube-ovn-pinger-vfzmn,pinger,43.5,17.6,13.2,0.2,0.0,83790.0,1205.0,0.0,12288.0,0.063761,17.0,26.0,3303.0,0.0164804004,normal
2026-06-01T02:39:31Z,worker-1,kube-system,tetragon-kl9tz,tetragon,5.3,5.0,0.0,0.0,0.0,17595.0,239.0,0.0,0.0,0.0,0.0,0.0,13266.0,0.0350890297,normal
2026-06-01T02:39:31Z,worker-1,longhorn-system,engine-image-ei-3154f3aa-kvvkq,engine-image-ei-3154f3aa,12.8,1.0,14.4,0.0,0.0,0.0,0.0,0.0,0.0,0.0,10.0,39.0,1045.0,0.0130722353,normal
2026-06-01T02:39:31Z,worker-1,kube-system,kube-proxy-pdwww,kube-proxy,2.1,0.3,0.0,0.0,0.0,17296.0,96.0,0.0,0.0,0.0,0.0,0.0,149.0,0.0019947313,normal
2026-06-01T02:39:31Z,worker-1,longhorn-system,engine-image-ei-843accdd-tx99h,engine-image-ei-843accdd,12.6,1.0,14.2,0.0,0.0,0.0,0.0,0.0,0.0,0.0,10.0,32.0,912.0,0.0105073552,normal
2026-06-01T02:39:31Z,worker-1,kube-system,kube-ovn-cni-cf7cj,cni-server,317.1,22.1,359.9,0.2,0.0,204477.0,1200.0,0.0,0.0,0.0,130.0,168.0,4087.0,0.0611189063,normal
2026-06-01T02:39:31Z,worker-1,kube-system,ovs-ovn-w75jd,openvswitch,99.8,60.0,38.2,0.0,0.0,38.0,41.0,0.0,0.0,0.0,52.0,88.0,1912.0,0.0303116547,normal
2026-06-01T02:39:31Z,worker-1,longhorn-system,csi-provisioner-688964c44b-7hv5d,csi-provisioner,35.5,7.7,0.0,0.0,0.0,205707.0,2190.0,0.0,0.0,0.0,0.0,0.0,1282.0,0.0040951314,normal
2026-06-01T02:39:31Z,worker-1,longhorn-system,instance-manager-bacbca1a1c80c6ca28fd5f2d5fd0c24c,instance-manager,203.4,9.8,12.4,0.4,0.0,3811.0,3766.0,0.0,0.0,0.0,7.0,7.0,774.0,0.0082943533,normal
2026-06-01T02:39:31Z,worker-1,ebpf-final,ebpf-collector-5588x,collector,0.2,0.7,0.3,0.1,0.0,11910.0,17197.0,0.0,0.0,0.0,0.0,0.0,10.0,0.0017901066,normal
2026-06-01T02:39:31Z,worker-1,longhorn-system,longhorn-csi-plugin-t8lpt,longhorn-liveness-probe,2.8,1.9,0.0,0.0,0.0,224.0,274.0,0.0,0.0,0.0,0.0,0.0,181.0,0.0008294939,normal
2026-06-01T02:39:31Z,worker-1,monitoring,my-monitoring-prometheus-node-exporter-829wk,node-exporter,0.4,0.2,0.0,0.0,0.0,208.0,3254.0,0.0,0.0,0.0,0.0,0.0,19.0,0.0001411856,normal
2026-06-01T02:39:31Z,worker-1,longhorn-system,csi-resizer-7d9bff5787-242pl,csi-resizer,1.8,1.6,0.0,0.0,0.0,1094.0,996.0,0.0,0.0,0.0,0.0,0.0,251.0,0.0007000753,normal
2026-06-01T02:39:31Z,worker-1,kube-system,tetragon-kl9tz,export-stdout,18.0,16.6,0.0,0.0,0.0,0.0,0.0,0.0,0.0,0.0,0.0,0.0,10.0,0.0003009431,normal
2026-06-01T02:39:42Z,worker-1,gpu-operator,gpu-operator-1764036362-node-feature-discovery-worker-9v5dt,worker,0.4,0.2,0.0,0.0,0.0,222.0,188.0,0.0,0.0,0.0,0.0,0.0,35.0,0.0002067386,normal
2026-06-01T02:39:42Z,worker-1,longhorn-system,longhorn-csi-plugin-t8lpt,longhorn-csi-plugin,2.8,1.2,0.0,0.0,0.0,0.0,0.0,0.0,0.0,0.0,0.0,0.0,77.0,0.0003898587,normal
2026-06-01T02:39:42Z,worker-1,longhorn-system,longhorn-manager-fgsfc,longhorn-manager,116.1,44.4,0.2,0.1,0.0,472480.0,10965.0,0.0,0.0,0.0,0.0,0.0,4692.0,0.0149245472,normal
2026-06-01T02:39:42Z,worker-1,longhorn-system,longhorn-csi-plugin-t8lpt,node-driver-registrar,0.1,0.1,0.0,0.0,0.0,0.0,0.0,0.0,0.0,0.0,0.0,0.0,9.0,3.0793e-05,normal
2026-06-01T02:39:42Z,worker-1,longhorn-system,csi-attacher-896ffc747-rxjjt,csi-attacher,4.1,3.8,0.0,0.0,0.0,1668.0,1518.0,0.0,0.0,0.0,0.0,0.0,298.0,0.0009786163,normal
2026-06-01T02:39:42Z,worker-1,longhorn-system,csi-snapshotter-65884686fc-gjw5g,csi-snapshotter,12.1,12.0,0.0,0.0,0.0,1132.0,1069.0,0.0,0.0,0.0,0.0,0.0,860.0,0.0024788948,normal
2026-06-01T02:39:42Z,worker-1,kube-system,nodelocaldns-zjml5,node-cache,28.7,5.6,37.6,1.0,0.0,4922.0,3483.0,0.0,0.0,0.0,12.0,12.0,852.0,0.0074759766,normal
2026-06-01T02:39:42Z,worker-1,kube-system,kube-ovn-pinger-vfzmn,pinger,48.4,20.7,13.2,0.2,0.0,115760.0,1580.0,0.0,8192.0,0.0648045,17.0,26.0,3660.0,0.0163762435,normal
2026-06-01T02:39:42Z,worker-1,kube-system,tetragon-kl9tz,tetragon,5.5,3.2,0.0,0.0,0.0,17587.0,239.0,0.0,0.0,0.0,0.0,0.0,12916.0,0.0404923495,normal
2026-06-01T02:39:42Z,worker-1,longhorn-system,engine-image-ei-3154f3aa-kvvkq,engine-image-ei-3154f3aa,12.9,1.0,14.5,0.0,0.0,0.0,0.0,0.0,0.0,0.0,10.0,41.0,1111.0,0.0127741827,normal
2026-06-01T02:39:42Z,worker-1,kube-system,kube-proxy-pdwww,kube-proxy,2.7,0.4,0.0,0.0,0.0,17418.0,96.0,0.0,0.0,0.0,0.0,0.0,115.0,0.0003582146,normal
2026-06-01T02:39:42Z,worker-1,longhorn-system,engine-image-ei-843accdd-tx99h,engine-image-ei-843accdd,12.4,1.0,14.0,0.0,0.0,0.0,0.0,0.0,0.0,0.0,10.0,30.0,890.0,0.0103239904,normal
2026-06-01T02:39:42Z,worker-1,kube-system,kube-ovn-cni-cf7cj,cni-server,323.3,24.0,364.6,0.4,0.0,204477.0,1200.0,0.0,0.0,0.0,135.0,197.0,5382.0,0.0784905275,normal
2026-06-01T02:39:42Z,worker-1,kube-system,ovs-ovn-w75jd,openvswitch,100.7,59.6,38.0,0.0,0.0,38.0,41.0,0.0,0.0,0.0,52.0,88.0,2070.0,0.0328065482,normal
2026-06-01T02:39:42Z,worker-1,longhorn-system,csi-provisioner-688964c44b-7hv5d,csi-provisioner,36.3,8.5,0.0,0.0,0.0,205817.0,2190.0,0.0,0.0,0.0,0.0,0.0,1454.0,0.0065246094,normal
2026-06-01T02:39:42Z,worker-1,longhorn-system,instance-manager-bacbca1a1c80c6ca28fd5f2d5fd0c24c,instance-manager,193.5,7.7,11.3,0.4,0.0,3023.0,3196.0,0.0,0.0,0.0,6.0,6.0,762.0,0.0080747098,normal
2026-06-01T02:39:42Z,worker-1,ebpf-final,ebpf-collector-5588x,collector,154.0,0.9,143.4,0.1,0.0,211124.0,20162.0,0.0,0.0,0.0,0.0,0.0,161.0,0.0228320003,normal
2026-06-01T02:39:42Z,worker-1,longhorn-system,longhorn-csi-plugin-t8lpt,longhorn-liveness-probe,2.8,1.7,0.0,0.0,0.0,224.0,274.0,0.0,0.0,0.0,0.0,0.0,192.0,0.0007816057,normal
2026-06-01T02:39:42Z,worker-1,monitoring,my-monitoring-prometheus-node-exporter-829wk,node-exporter,0.6,0.3,0.0,0.0,0.0,312.0,4881.0,0.0,0.0,0.0,0.0,0.0,30.0,0.0002017928,normal
2026-06-01T02:39:42Z,worker-1,longhorn-system,csi-resizer-7d9bff5787-242pl,csi-resizer,3.2,2.4,0.1,0.0,0.0,1375.0,1125.0,0.0,0.0,0.0,0.0,0.0,280.0,0.0008229208,normal
2026-06-01T02:39:42Z,worker-1,kube-system,tetragon-kl9tz,export-stdout,6.1,4.8,0.0,0.0,0.0,0.0,0.0,0.0,0.0,0.0,0.0,0.0,11.0,0.0001427806,normal
2026-06-01T02:39:52Z,worker-1,gpu-operator,gpu-operator-1764036362-node-feature-discovery-worker-9v5dt,worker,0.7,0.4,0.0,0.0,0.0,261.0,227.0,0.0,0.0,0.0,0.0,0.0,91.0,0.000304698,normal
2026-06-01T02:39:52Z,worker-1,longhorn-system,longhorn-csi-plugin-t8lpt,longhorn-csi-plugin,3.1,1.5,0.0,0.0,0.0,0.0,0.0,0.0,0.0,0.0,0.0,0.0,82.0,0.0003650469,normal
2026-06-01T02:39:52Z,worker-1,longhorn-system,longhorn-manager-fgsfc,longhorn-manager,112.4,43.4,0.1,0.1,0.0,467823.0,10831.0,0.0,0.0,0.0,0.0,0.0,4406.0,0.0137776064,normal
2026-06-01T02:39:52Z,worker-1,longhorn-system,longhorn-csi-plugin-t8lpt,node-driver-registrar,0.1,0.1,0.0,0.0,0.0,0.0,0.0,0.0,0.0,0.0,0.0,0.0,9.0,3.58001e-05,normal
2026-06-01T02:39:52Z,worker-1,longhorn-system,csi-attacher-896ffc747-rxjjt,csi-attacher,3.0,3.0,0.1,0.0,0.0,556.0,1013.0,0.0,0.0,0.0,0.0,0.0,288.0,0.0019323937,normal
2026-06-01T02:39:52Z,worker-1,longhorn-system,csi-snapshotter-65884686fc-gjw5g,csi-snapshotter,9.7,9.5,0.0,0.0,0.0,1276.0,1072.0,0.0,0.0,0.0,0.0,0.0,811.0,0.0024179863,normal
2026-06-01T02:39:52Z,worker-1,kube-system,nodelocaldns-zjml5,node-cache,14.4,5.0,0.3,1.1,0.0,5145.0,3785.0,0.0,0.0,0.0,0.0,0.0,777.0,0.0042832552,normal
2026-06-01T02:39:52Z,worker-1,kube-system,kube-ovn-pinger-vfzmn,pinger,37.5,17.6,13.2,0.2,0.0,41336.0,973.0,0.0,16384.0,0.074572,17.0,26.0,3123.0,0.0159714596,normal
2026-06-01T02:39:52Z,worker-1,kube-system,tetragon-kl9tz,tetragon,5.2,3.1,0.0,0.0,0.0,17448.0,239.0,0.0,0.0,0.0,0.0,0.0,13194.0,0.0349711191,normal
2026-06-01T02:39:52Z,worker-1,longhorn-system,engine-image-ei-3154f3aa-kvvkq,engine-image-ei-3154f3aa,12.8,1.0,14.4,0.0,0.0,0.0,0.0,0.0,0.0,0.0,10.0,45.0,1071.0,0.0132882471,normal
2026-06-01T02:39:52Z,worker-1,kube-system,kube-proxy-pdwww,kube-proxy,3.2,0.5,0.0,0.0,0.0,17542.0,240.0,0.0,0.0,0.0,0.0,0.0,105.0,0.0004012816,normal
2026-06-01T02:39:52Z,worker-1,longhorn-system,engine-image-ei-843accdd-tx99h,engine-image-ei-843accdd,12.5,1.0,14.1,0.0,0.0,0.0,0.0,0.0,0.0,0.0,10.0,31.0,887.0,0.0110831255,normal
2026-06-01T02:39:52Z,worker-1,kube-system,kube-ovn-cni-cf7cj,cni-server,369.8,26.3,441.3,0.2,0.0,204616.0,1200.0,0.0,0.0,0.0,170.0,201.0,4230.0,0.0747756416,normal
2026-06-01T02:39:52Z,worker-1,kube-system,ovs-ovn-w75jd,openvswitch,101.0,61.9,37.9,0.0,0.0,38.0,41.0,0.0,0.0,0.0,52.0,88.0,2107.0,0.0310451922,normal
2026-06-01T02:39:52Z,worker-1,longhorn-system,csi-provisioner-688964c44b-7hv5d,csi-provisioner,37.0,8.4,0.1,0.0,0.0,205565.0,2190.0,0.0,0.0,0.0,0.0,0.0,1331.0,0.0041333524,normal
2026-06-01T02:39:52Z,worker-1,longhorn-system,instance-manager-bacbca1a1c80c6ca28fd5f2d5fd0c24c,instance-manager,192.6,7.0,11.3,0.4,0.0,2972.0,3128.0,0.0,0.0,0.0,6.0,6.0,692.0,0.0076120553,normal
2026-06-01T02:39:52Z,worker-1,ebpf-final,ebpf-collector-5588x,collector,0.2,0.7,0.3,0.1,0.0,11209.0,16167.0,0.0,0.0,0.0,0.0,0.0,11.0,0.0011061066,normal
2026-06-01T02:39:52Z,worker-1,longhorn-system,longhorn-csi-plugin-t8lpt,longhorn-liveness-probe,3.1,1.9,0.0,0.0,0.0,224.0,274.0,0.0,0.0,0.0,0.0,0.0,201.0,0.000865028,normal
2026-06-01T02:39:52Z,worker-1,monitoring,my-monitoring-prometheus-node-exporter-829wk,node-exporter,178.4,0.8,154.8,0.0,0.0,573.0,26069.0,0.0,0.0,0.0,0.0,0.0,435.0,0.0138777745,normal
2026-06-01T02:39:52Z,worker-1,longhorn-system,csi-resizer-7d9bff5787-242pl,csi-resizer,2.1,1.7,0.1,0.0,0.0,1129.0,996.0,0.0,0.0,0.0,0.0,0.0,254.0,0.0006969236,normal
2026-06-01T02:39:52Z,worker-1,kube-system,tetragon-kl9tz,export-stdout,6.0,4.8,0.0,0.0,0.0,0.0,0.0,0.0,0.0,0.0,0.0,0.0,10.0,0.0001350992,normal
2026-06-01T02:40:02Z,worker-1,gpu-operator,gpu-operator-1764036362-node-feature-discovery-worker-9v5dt,worker,0.5,0.2,0.0,0.0,0.0,222.0,188.0,0.0,0.0,0.0,0.0,0.0,33.0,0.0002178906,normal
2026-06-01T02:40:02Z,worker-1,longhorn-system,longhorn-csi-plugin-t8lpt,longhorn-csi-plugin,3.0,1.3,0.0,0.0,0.0,0.0,0.0,0.0,0.0,0.0,0.0,0.0,78.0,0.000385018,normal
2026-06-01T02:40:02Z,worker-1,longhorn-system,longhorn-manager-fgsfc,longhorn-manager,162.4,47.7,14.8,0.3,0.0,479068.0,22726.0,0.0,0.0,0.0,2.0,8.0,5100.0,0.0208904273,normal
2026-06-01T02:40:02Z,worker-1,longhorn-system,longhorn-csi-plugin-t8lpt,node-driver-registrar,0.1,0.1,0.0,0.0,0.0,0.0,0.0,0.0,0.0,0.0,0.0,0.0,9.0,3.14197e-05,normal
2026-06-01T02:40:02Z,worker-1,longhorn-system,csi-attacher-896ffc747-rxjjt,csi-attacher,3.1,2.9,0.0,0.0,0.0,556.0,1014.0,0.0,0.0,0.0,0.0,0.0,254.0,0.0007451125,normal
2026-06-01T02:40:02Z,worker-1,longhorn-system,csi-snapshotter-65884686fc-gjw5g,csi-snapshotter,6.4,6.2,0.0,0.0,0.0,1130.0,1032.0,0.0,0.0,0.0,0.0,0.0,779.0,0.0021988955,normal
2026-06-01T02:40:02Z,worker-1,kube-system,nodelocaldns-zjml5,node-cache,13.6,4.5,0.4,1.0,0.0,4922.0,3562.0,0.0,0.0,0.0,0.0,0.0,838.0,0.0042018638,normal
2026-06-01T02:40:02Z,worker-1,kube-system,kube-ovn-pinger-vfzmn,pinger,28.2,17.9,0.0,0.0,0.0,106669.0,982.0,0.0,12288.0,0.065381,0.0,0.0,3347.0,0.0124902342,normal
2026-06-01T02:40:02Z,worker-1,kube-system,tetragon-kl9tz,tetragon,7.2,5.6,0.4,0.0,0.0,17813.0,21430.0,0.0,0.0,0.0,0.0,0.0,12665.0,0.0399285086,normal
2026-06-01T02:40:02Z,worker-1,longhorn-system,engine-image-ei-3154f3aa-kvvkq,engine-image-ei-3154f3aa,12.7,1.0,14.3,0.0,0.0,0.0,0.0,0.0,0.0,0.0,10.0,39.0,1033.0,0.0123979472,normal
2026-06-01T02:40:02Z,worker-1,kube-system,kube-proxy-pdwww,kube-proxy,1.8,0.5,0.0,0.0,0.0,17157.0,144.0,0.0,0.0,0.0,0.0,0.0,91.0,0.0002573237,normal
2026-06-01T02:40:02Z,worker-1,longhorn-system,engine-image-ei-843accdd-tx99h,engine-image-ei-843accdd,12.6,1.0,14.2,0.0,0.0,0.0,0.0,0.0,0.0,0.0,10.0,33.0,987.0,0.0102422604,normal
2026-06-01T02:40:02Z,worker-1,kube-system,kube-ovn-cni-cf7cj,cni-server,324.0,23.2,363.7,0.3,0.0,204773.0,1200.0,0.0,0.0,0.0,134.0,182.0,4535.0,0.0670312557,normal
2026-06-01T02:40:02Z,worker-1,kube-system,ovs-ovn-w75jd,openvswitch,100.0,61.5,37.7,0.0,0.0,38.0,41.0,0.0,0.0,0.0,52.0,88.0,1911.0,0.0299549316,normal
2026-06-01T02:40:02Z,worker-1,longhorn-system,csi-provisioner-688964c44b-7hv5d,csi-provisioner,36.4,9.8,0.0,0.0,0.0,205724.0,2190.0,0.0,0.0,0.0,0.0,0.0,1341.0,0.0040930832,normal
2026-06-01T02:40:02Z,worker-1,longhorn-system,instance-manager-bacbca1a1c80c6ca28fd5f2d5fd0c24c,instance-manager,203.2,9.2,12.4,0.4,0.0,3811.0,3734.0,0.0,0.0,0.0,7.0,7.0,840.0,0.0081579468,normal
2026-06-01T02:40:02Z,worker-1,ebpf-final,ebpf-collector-5588x,collector,0.2,0.7,0.3,0.1,0.0,11559.0,16665.0,0.0,0.0,0.0,0.0,0.0,12.0,0.0018961899,normal
2026-06-01T02:40:02Z,worker-1,longhorn-system,longhorn-csi-plugin-t8lpt,longhorn-liveness-probe,3.1,2.0,0.0,0.0,0.0,224.0,274.0,0.0,0.0,0.0,0.0,0.0,263.0,0.0019750048,normal
2026-06-01T02:40:02Z,worker-1,monitoring,my-monitoring-prometheus-node-exporter-829wk,node-exporter,0.3,0.2,0.0,0.0,0.0,208.0,3254.0,0.0,0.0,0.0,0.0,0.0,17.0,0.0001213176,normal
2026-06-01T02:40:02Z,worker-1,longhorn-system,csi-resizer-7d9bff5787-242pl,csi-resizer,2.0,1.7,0.0,0.0,0.0,1209.0,996.0,0.0,0.0,0.0,0.0,0.0,220.0,0.0006691859,normal
2026-06-01T02:40:02Z,worker-1,kube-system,tetragon-kl9tz,export-stdout,17.9,16.6,0.0,0.0,0.0,0.0,0.0,0.0,0.0,0.0,0.0,0.0,10.0,0.0002628645,normal
2026-06-01T02:40:13Z,worker-1,gpu-operator,gpu-operator-1764036362-node-feature-discovery-worker-9v5dt,worker,0.4,0.2,0.0,0.0,0.0,222.0,188.0,0.0,0.0,0.0,0.0,0.0,34.0,0.0002163397,normal
2026-06-01T02:40:13Z,worker-1,longhorn-system,longhorn-csi-plugin-t8lpt,longhorn-csi-plugin,4.1,1.9,0.0,0.0,0.0,0.0,0.0,0.0,0.0,0.0,0.0,0.0,119.0,0.0005282632,normal
2026-06-01T02:40:13Z,worker-1,longhorn-system,longhorn-manager-fgsfc,longhorn-manager,118.7,47.6,0.1,0.1,0.0,474311.0,13974.0,0.0,0.0,0.0,0.0,0.0,4661.0,0.0145070859,normal
2026-06-01T02:40:13Z,worker-1,longhorn-system,longhorn-csi-plugin-t8lpt,node-driver-registrar,0.1,0.1,0.0,0.0,0.0,0.0,0.0,0.0,0.0,0.0,0.0,0.0,9.0,3.10441e-05,normal
2026-06-01T02:40:13Z,worker-1,longhorn-system,csi-attacher-896ffc747-rxjjt,csi-attacher,4.5,3.7,0.0,0.0,0.0,1823.0,1049.0,0.0,0.0,0.0,0.0,0.0,336.0,0.0010243366,normal
2026-06-01T02:40:13Z,worker-1,longhorn-system,csi-snapshotter-65884686fc-gjw5g,csi-snapshotter,11.9,11.2,0.1,0.0,0.0,1306.0,1071.0,0.0,0.0,0.0,0.0,0.0,850.0,0.0024689658,normal
2026-06-01T02:40:13Z,worker-1,kube-system,nodelocaldns-zjml5,node-cache,13.8,4.7,0.3,1.0,0.0,4922.0,3489.0,0.0,0.0,0.0,0.0,0.0,720.0,0.004077265,normal
2026-06-01T02:40:13Z,worker-1,kube-system,kube-ovn-pinger-vfzmn,pinger,50.0,22.8,13.2,0.2,0.0,115941.0,1532.0,0.0,12288.0,0.0642215,17.0,26.0,4501.0,0.0173196768,normal
2026-06-01T02:40:13Z,worker-1,kube-system,tetragon-kl9tz,tetragon,5.5,3.5,0.0,0.0,0.0,17609.0,239.0,0.0,0.0,0.0,0.0,0.0,13345.0,0.0335848552,normal
2026-06-01T02:40:13Z,worker-1,longhorn-system,engine-image-ei-3154f3aa-kvvkq,engine-image-ei-3154f3aa,12.9,1.0,14.5,0.0,0.0,0.0,0.0,0.0,0.0,0.0,10.0,41.0,1049.0,0.0120534281,normal
2026-06-01T02:40:13Z,worker-1,kube-system,kube-proxy-pdwww,kube-proxy,2.0,0.5,0.0,0.0,0.0,17157.0,96.0,0.0,0.0,0.0,0.0,0.0,101.0,0.000307115,normal
2026-06-01T02:40:13Z,worker-1,longhorn-system,engine-image-ei-843accdd-tx99h,engine-image-ei-843accdd,15.2,1.2,17.2,0.0,0.0,0.0,0.0,0.0,0.0,0.0,12.0,31.0,857.0,0.0120636664,normal
2026-06-01T02:40:13Z,worker-1,kube-system,kube-ovn-cni-cf7cj,cni-server,317.2,22.6,360.7,0.3,0.0,204626.0,1200.0,0.0,0.0,0.0,131.0,179.0,4552.0,0.0719436529,normal
2026-06-01T02:40:13Z,worker-1,kube-system,ovs-ovn-w75jd,openvswitch,114.0,64.2,46.7,0.0,0.0,38.0,41.0,0.0,0.0,0.0,65.0,110.0,2142.0,0.0346315725,normal
2026-06-01T02:40:13Z,worker-1,longhorn-system,csi-provisioner-688964c44b-7hv5d,csi-provisioner,40.1,11.5,0.0,0.0,0.0,206492.0,2685.0,0.0,0.0,0.0,0.0,0.0,1522.0,0.0045292603,normal
2026-06-01T02:40:13Z,worker-1,longhorn-system,instance-manager-bacbca1a1c80c6ca28fd5f2d5fd0c24c,instance-manager,201.5,11.1,11.3,0.5,0.0,5320.0,6205.0,0.0,0.0,0.0,6.0,6.0,925.0,0.0086500484,normal
2026-06-01T02:40:13Z,worker-1,ebpf-final,ebpf-collector-5588x,collector,151.3,0.9,143.3,0.1,0.0,211108.0,20122.0,0.0,0.0,0.0,0.0,0.0,134.0,0.02344713,normal
2026-06-01T02:40:13Z,worker-1,longhorn-system,longhorn-csi-plugin-t8lpt,longhorn-liveness-probe,4.2,2.6,0.0,0.0,0.0,336.0,411.0,0.0,0.0,0.0,0.0,0.0,243.0,0.001088655,normal
2026-06-01T02:40:13Z,worker-1,monitoring,my-monitoring-prometheus-node-exporter-829wk,node-exporter,0.3,0.2,0.0,0.0,0.0,208.0,3254.0,0.0,0.0,0.0,0.0,0.0,19.0,0.0001399973,normal
2026-06-01T02:40:13Z,worker-1,longhorn-system,csi-resizer-7d9bff5787-242pl,csi-resizer,1.9,1.8,0.0,0.0,0.0,1094.0,1031.0,0.0,0.0,0.0,0.0,0.0,207.0,0.0006313146,normal
2026-06-01T02:40:13Z,worker-1,kube-system,tetragon-kl9tz,export-stdout,6.7,5.4,0.0,0.0,0.0,0.0,0.0,0.0,0.0,0.0,0.0,0.0,11.0,0.000137842,normal
2026-06-01T02:40:23Z,worker-1,gpu-operator,gpu-operator-1764036362-node-feature-discovery-worker-9v5dt,worker,293.5,4.0,159.6,0.0,0.0,137978.0,1811.0,0.0,0.0,0.0,0.0,0.0,2119.0,0.0345050126,normal
2026-06-01T02:40:23Z,worker-1,longhorn-system,longhorn-csi-plugin-t8lpt,longhorn-csi-plugin,2.5,1.1,0.0,0.0,0.0,0.0,0.0,0.0,0.0,0.0,0.0,0.0,74.0,0.0003640156,normal
2026-06-01T02:40:23Z,worker-1,longhorn-system,longhorn-manager-fgsfc,longhorn-manager,111.1,41.2,0.2,0.1,0.0,468731.0,11027.0,0.0,0.0,0.0,0.0,0.0,4412.0,0.0137018197,normal
2026-06-01T02:40:23Z,worker-1,longhorn-system,longhorn-csi-plugin-t8lpt,node-driver-registrar,0.2,0.2,0.0,0.0,0.0,0.0,0.0,0.0,0.0,0.0,0.0,0.0,14.0,4.82361e-05,normal
2026-06-01T02:40:23Z,worker-1,longhorn-system,csi-attacher-896ffc747-rxjjt,csi-attacher,3.4,3.2,0.0,0.0,0.0,1112.0,1014.0,0.0,0.0,0.0,0.0,0.0,276.0,0.00085188,normal
2026-06-01T02:40:23Z,worker-1,longhorn-system,csi-snapshotter-65884686fc-gjw5g,csi-snapshotter,10.0,9.5,0.1,0.0,0.0,1372.0,1071.0,0.0,0.0,0.0,0.0,0.0,812.0,0.0023339365,normal
2026-06-01T02:40:23Z,worker-1,kube-system,nodelocaldns-zjml5,node-cache,13.5,4.5,0.4,1.0,0.0,4922.0,3562.0,0.0,0.0,0.0,0.0,0.0,735.0,0.0036846009,normal
2026-06-01T02:40:23Z,worker-1,kube-system,kube-ovn-pinger-vfzmn,pinger,51.7,22.1,13.3,0.2,0.0,115991.0,1580.0,0.0,12288.0,0.069806,17.0,26.0,3694.0,0.019422607,normal
2026-06-01T02:40:23Z,worker-1,kube-system,tetragon-kl9tz,tetragon,5.5,3.5,0.0,0.0,0.0,17619.0,239.0,0.0,0.0,0.0,0.0,0.0,13238.0,0.0426557947,normal
2026-06-01T02:40:23Z,worker-1,longhorn-system,engine-image-ei-3154f3aa-kvvkq,engine-image-ei-3154f3aa,12.7,1.0,14.3,0.0,0.0,0.0,0.0,0.0,0.0,0.0,10.0,41.0,1074.0,0.0135350583,normal
2026-06-01T02:40:23Z,worker-1,kube-system,kube-proxy-pdwww,kube-proxy,2.6,0.5,0.0,0.0,0.0,17282.0,96.0,0.0,0.0,0.0,0.0,0.0,110.0,0.0003103715,normal
2026-06-01T02:40:23Z,worker-1,longhorn-system,engine-image-ei-843accdd-tx99h,engine-image-ei-843accdd,12.4,1.0,14.0,0.0,0.0,0.0,0.0,0.0,0.0,0.0,10.0,26.0,738.0,0.0103519365,normal
2026-06-01T02:40:23Z,worker-1,kube-system,kube-ovn-cni-cf7cj,cni-server,315.9,21.9,359.8,0.2,0.0,204782.0,1200.0,0.0,0.0,0.0,130.0,160.0,3979.0,0.0646203363,normal
2026-06-01T02:40:23Z,worker-1,kube-system,ovs-ovn-w75jd,openvswitch,101.4,62.3,37.9,0.0,0.0,38.0,41.0,0.0,0.0,0.0,52.0,88.0,2011.0,0.0311184104,normal
2026-06-01T02:40:23Z,worker-1,longhorn-system,csi-provisioner-688964c44b-7hv5d,csi-provisioner,36.3,9.1,0.0,0.0,0.0,205690.0,2190.0,0.0,0.0,0.0,0.0,0.0,1359.0,0.0044795187,normal
2026-06-01T02:40:23Z,worker-1,longhorn-system,instance-manager-bacbca1a1c80c6ca28fd5f2d5fd0c24c,instance-manager,192.7,7.6,11.3,0.4,0.0,2972.0,3128.0,0.0,0.0,0.0,6.0,6.0,687.0,0.0081541194,normal
2026-06-01T02:40:23Z,worker-1,ebpf-final,ebpf-collector-5588x,collector,0.2,0.7,0.3,0.1,0.0,11910.0,17170.0,0.0,0.0,0.0,0.0,0.0,11.0,0.0011117427,normal
2026-06-01T02:40:23Z,worker-1,longhorn-system,longhorn-csi-plugin-t8lpt,longhorn-liveness-probe,2.9,1.8,0.0,0.0,0.0,224.0,274.0,0.0,0.0,0.0,0.0,0.0,195.0,0.00082722,normal
2026-06-01T02:40:23Z,worker-1,monitoring,my-monitoring-prometheus-node-exporter-829wk,node-exporter,178.4,0.8,154.8,0.0,0.0,573.0,26029.0,0.0,0.0,0.0,0.0,0.0,250.0,0.0131998633,normal
2026-06-01T02:40:23Z,worker-1,longhorn-system,csi-resizer-7d9bff5787-242pl,csi-resizer,2.3,2.1,0.0,0.0,0.0,1219.0,996.0,0.0,0.0,0.0,0.0,0.0,244.0,0.0015939593,normal
2026-06-01T02:40:23Z,worker-1,kube-system,tetragon-kl9tz,export-stdout,5.8,4.7,0.0,0.0,0.0,0.0,0.0,0.0,0.0,0.0,0.0,0.0,10.0,0.0001338883,normal
2026-06-01T02:40:33Z,worker-1,gpu-operator,gpu-operator-1764036362-node-feature-discovery-worker-9v5dt,worker,0.4,0.2,0.0,0.0,0.0,222.0,188.0,0.0,0.0,0.0,0.0,0.0,28.0,0.0001886055,normal
2026-06-01T02:40:33Z,worker-1,longhorn-system,longhorn-csi-plugin-t8lpt,longhorn-csi-plugin,2.4,1.1,0.0,0.0,0.0,0.0,0.0,0.0,0.0,0.0,0.0,0.0,143.0,0.0015818253,normal
2026-06-01T02:40:33Z,worker-1,longhorn-system,longhorn-manager-fgsfc,longhorn-manager,162.2,48.0,14.8,0.3,0.1,478213.0,21577.0,0.0,0.0,0.0,2.0,8.0,5079.0,0.0214966955,normal
2026-06-01T02:40:33Z,worker-1,longhorn-system,longhorn-csi-plugin-t8lpt,node-driver-registrar,0.1,0.1,0.0,0.0,0.0,0.0,0.0,0.0,0.0,0.0,0.0,0.0,9.0,2.98262e-05,normal
2026-06-01T02:40:33Z,worker-1,longhorn-system,csi-attacher-896ffc747-rxjjt,csi-attacher,3.6,3.2,0.0,0.0,0.0,1488.0,1014.0,0.0,0.0,0.0,0.0,0.0,326.0,0.00091874,normal
2026-06-01T02:40:33Z,worker-1,longhorn-system,csi-snapshotter-65884686fc-gjw5g,csi-snapshotter,9.1,9.0,0.0,0.0,0.0,1130.0,1067.0,0.0,0.0,0.0,0.0,0.0,828.0,0.0034858047,normal
2026-06-01T02:40:33Z,worker-1,kube-system,nodelocaldns-zjml5,node-cache,13.0,4.3,0.3,1.0,0.0,4922.0,3489.0,0.0,0.0,0.0,0.0,0.0,739.0,0.003951165,normal
2026-06-01T02:40:33Z,worker-1,kube-system,kube-ovn-pinger-vfzmn,pinger,46.0,22.3,13.2,0.2,0.0,115925.0,1436.0,0.0,12288.0,0.0607375,17.0,26.0,3747.0,0.0199124763,normal
2026-06-01T02:40:33Z,worker-1,kube-system,tetragon-kl9tz,tetragon,5.4,5.1,0.0,0.0,0.0,17595.0,239.0,0.0,0.0,0.0,0.0,0.0,14011.0,0.0365378404,normal
2026-06-01T02:40:33Z,worker-1,longhorn-system,engine-image-ei-3154f3aa-kvvkq,engine-image-ei-3154f3aa,12.7,1.0,14.3,0.0,0.0,0.0,0.0,0.0,0.0,0.0,10.0,38.0,1103.0,0.0126985235,normal
2026-06-01T02:40:33Z,worker-1,kube-system,kube-proxy-pdwww,kube-proxy,1.6,0.3,0.0,0.0,0.0,17157.0,96.0,0.0,0.0,0.0,0.0,0.0,93.0,0.0002697258,normal
2026-06-01T02:40:33Z,worker-1,longhorn-system,engine-image-ei-843accdd-tx99h,engine-image-ei-843accdd,12.4,1.0,14.0,0.0,0.0,0.0,0.0,0.0,0.0,0.0,10.0,31.0,715.0,0.0110033705,normal
2026-06-01T02:40:33Z,worker-1,kube-system,kube-ovn-cni-cf7cj,cni-server,375.3,27.5,444.8,0.4,0.0,204477.0,1200.0,0.0,0.0,0.0,174.0,238.0,5590.0,0.093761411,normal
2026-06-01T02:40:33Z,worker-1,kube-system,ovs-ovn-w75jd,openvswitch,103.8,63.8,38.1,0.0,0.0,38.0,41.0,0.0,0.0,0.0,52.0,88.0,2316.0,0.0317452113,normal
2026-06-01T02:40:33Z,worker-1,longhorn-system,csi-provisioner-688964c44b-7hv5d,csi-provisioner,34.6,7.0,0.0,0.0,0.0,205809.0,2190.0,0.0,0.0,0.0,0.0,0.0,1390.0,0.006474239,normal
2026-06-01T02:40:33Z,worker-1,longhorn-system,instance-manager-bacbca1a1c80c6ca28fd5f2d5fd0c24c,instance-manager,204.1,9.6,12.4,0.4,0.0,3811.0,3766.0,0.0,0.0,0.0,7.0,7.0,782.0,0.008290269,normal
2026-06-01T02:40:33Z,worker-1,ebpf-final,ebpf-collector-5588x,collector,0.2,0.8,0.3,0.1,0.0,13294.0,19201.0,0.0,0.0,0.0,0.0,0.0,12.0,0.0019263886,normal
2026-06-01T02:40:33Z,worker-1,longhorn-system,longhorn-csi-plugin-t8lpt,longhorn-liveness-probe,2.6,1.6,0.0,0.0,0.0,224.0,274.0,0.0,0.0,0.0,0.0,0.0,186.0,0.0008009792,normal
2026-06-01T02:40:33Z,worker-1,monitoring,my-monitoring-prometheus-node-exporter-829wk,node-exporter,0.4,0.2,0.0,0.0,0.0,208.0,3254.0,0.0,0.0,0.0,0.0,0.0,17.0,0.0001412151,normal
2026-06-01T02:40:33Z,worker-1,longhorn-system,csi-resizer-7d9bff5787-242pl,csi-resizer,2.5,2.3,0.0,0.0,0.0,1094.0,996.0,0.0,0.0,0.0,0.0,0.0,242.0,0.0007227567,normal
2026-06-01T02:40:33Z,worker-1,kube-system,tetragon-kl9tz,export-stdout,17.7,16.5,0.0,0.0,0.0,0.0,0.0,0.0,0.0,0.0,0.0,0.0,10.0,0.00024475,normal
2026-06-01T02:40:43Z,worker-1,gpu-operator,gpu-operator-1764036362-node-feature-discovery-worker-9v5dt,worker,0.5,0.2,0.0,0.0,0.0,222.0,188.0,0.0,0.0,0.0,0.0,0.0,33.0,0.000196557,normal
2026-06-01T02:40:43Z,worker-1,longhorn-system,longhorn-csi-plugin-t8lpt,longhorn-csi-plugin,2.7,1.1,0.0,0.0,0.0,0.0,0.0,0.0,0.0,0.0,0.0,0.0,82.0,0.0004115531,normal
2026-06-01T02:40:43Z,worker-1,longhorn-system,longhorn-manager-fgsfc,longhorn-manager,113.6,42.0,0.2,0.1,0.0,470260.0,11569.0,0.0,0.0,0.0,0.0,0.0,4576.0,0.0150102633,normal
2026-06-01T02:40:43Z,worker-1,longhorn-system,longhorn-csi-plugin-t8lpt,node-driver-registrar,0.1,0.1,0.0,0.0,0.0,0.0,0.0,0.0,0.0,0.0,0.0,0.0,9.0,3.14284e-05,normal
2026-06-01T02:40:43Z,worker-1,longhorn-system,csi-attacher-896ffc747-rxjjt,csi-attacher,2.9,2.6,0.1,0.0,0.0,1138.0,1014.0,0.0,0.0,0.0,0.0,0.0,268.0,0.0008094726,normal
2026-06-01T02:40:43Z,worker-1,longhorn-system,csi-snapshotter-65884686fc-gjw5g,csi-snapshotter,8.4,8.2,0.0,0.0,0.0,1136.0,1034.0,0.0,0.0,0.0,0.0,0.0,827.0,0.0023805988,normal
2026-06-01T02:40:43Z,worker-1,kube-system,nodelocaldns-zjml5,node-cache,29.3,6.0,37.5,1.1,0.0,5145.0,3785.0,0.0,0.0,0.0,12.0,12.0,899.0,0.0092013194,normal
2026-06-01T02:40:43Z,worker-1,kube-system,kube-ovn-pinger-vfzmn,pinger,51.4,21.6,13.2,0.2,0.0,115785.0,1580.0,0.0,8192.0,0.0631425,17.0,26.0,4310.0,0.0189732844,normal
2026-06-01T02:40:43Z,worker-1,kube-system,tetragon-kl9tz,tetragon,5.6,3.9,0.0,0.0,0.0,17587.0,239.0,0.0,0.0,0.0,0.0,0.0,12539.0,0.0407425543,normal
2026-06-01T02:40:43Z,worker-1,longhorn-system,engine-image-ei-3154f3aa-kvvkq,engine-image-ei-3154f3aa,16.3,1.3,18.3,0.0,0.0,0.0,0.0,0.0,0.0,0.0,13.0,49.0,1336.0,0.0156209887,normal
2026-06-01T02:40:43Z,worker-1,kube-system,kube-proxy-pdwww,kube-proxy,2.0,0.4,0.0,0.0,0.0,17279.0,96.0,0.0,0.0,0.0,0.0,0.0,112.0,0.000298892,normal
2026-06-01T02:40:43Z,worker-1,longhorn-system,engine-image-ei-843accdd-tx99h,engine-image-ei-843accdd,12.5,1.0,14.1,0.0,0.0,0.0,0.0,0.0,0.0,0.0,10.0,29.0,761.0,0.009307861,normal
2026-06-01T02:40:43Z,worker-1,kube-system,kube-ovn-cni-cf7cj,cni-server,314.6,22.1,359.9,0.2,0.0,204477.0,1200.0,0.0,0.0,0.0,130.0,168.0,4118.0,0.0633575061,normal
2026-06-01T02:40:43Z,worker-1,kube-system,ovs-ovn-w75jd,openvswitch,104.6,65.4,38.0,0.0,0.0,38.0,41.0,0.0,0.0,0.0,52.0,88.0,2080.0,0.0312228213,normal
2026-06-01T02:40:43Z,worker-1,longhorn-system,csi-provisioner-688964c44b-7hv5d,csi-provisioner,33.7,6.7,0.1,0.0,0.0,205728.0,2188.0,0.0,0.0,0.0,0.0,0.0,1363.0,0.0043959821,normal
2026-06-01T02:40:43Z,worker-1,longhorn-system,instance-manager-bacbca1a1c80c6ca28fd5f2d5fd0c24c,instance-manager,202.6,7.6,12.5,0.4,0.0,3023.0,3179.0,0.0,0.0,0.0,7.0,7.0,785.0,0.0074617126,normal
2026-06-01T02:40:43Z,worker-1,ebpf-final,ebpf-collector-5588x,collector,154.2,0.8,143.4,0.1,0.0,210076.0,18622.0,0.0,0.0,0.0,0.0,0.0,155.0,0.0213355025,normal
2026-06-01T02:40:43Z,worker-1,longhorn-system,longhorn-csi-plugin-t8lpt,longhorn-liveness-probe,3.0,1.9,0.0,0.0,0.0,224.0,274.0,0.0,0.0,0.0,0.0,0.0,181.0,0.0008129135,normal
2026-06-01T02:40:43Z,worker-1,monitoring,my-monitoring-prometheus-node-exporter-829wk,node-exporter,0.2,0.2,0.0,0.0,0.0,208.0,3254.0,0.0,0.0,0.0,0.0,0.0,16.0,0.0001257135,normal
2026-06-01T02:40:43Z,worker-1,longhorn-system,csi-resizer-7d9bff5787-242pl,csi-resizer,2.5,1.8,0.1,0.0,0.0,1254.0,996.0,0.0,0.0,0.0,0.0,0.0,273.0,0.0007677566,normal
2026-06-01T02:40:43Z,worker-1,kube-system,tetragon-kl9tz,export-stdout,5.8,4.7,0.0,0.0,0.0,0.0,0.0,0.0,0.0,0.0,0.0,0.0,10.0,0.0001303795,normal
2026-06-01T02:40:53Z,worker-1,gpu-operator,gpu-operator-1764036362-node-feature-discovery-worker-9v5dt,worker,0.9,0.5,0.0,0.0,0.0,261.0,227.0,0.0,0.0,0.0,0.0,0.0,96.0,0.0003382378,normal
2026-06-01T02:40:53Z,worker-1,longhorn-system,longhorn-csi-plugin-t8lpt,longhorn-csi-plugin,2.8,1.1,0.0,0.0,0.0,0.0,0.0,0.0,0.0,0.0,0.0,0.0,86.0,0.0003884275,normal
2026-06-01T02:40:53Z,worker-1,longhorn-system,longhorn-manager-fgsfc,longhorn-manager,112.6,41.8,0.2,0.1,0.0,470194.0,12405.0,0.0,0.0,0.0,0.0,0.0,4544.0,0.0146138839,normal
2026-06-01T02:40:53Z,worker-1,longhorn-system,longhorn-csi-plugin-t8lpt,node-driver-registrar,0.1,0.1,0.0,0.0,0.0,0.0,0.0,0.0,0.0,0.0,0.0,0.0,9.0,3.14018e-05,normal
2026-06-01T02:40:53Z,worker-1,longhorn-system,csi-attacher-896ffc747-rxjjt,csi-attacher,3.2,3.0,0.0,0.0,0.0,1111.0,1014.0,0.0,0.0,0.0,0.0,0.0,265.0,0.000800228,normal
2026-06-01T02:40:53Z,worker-1,longhorn-system,csi-snapshotter-65884686fc-gjw5g,csi-snapshotter,10.5,10.4,0.0,0.0,0.0,1132.0,1034.0,0.0,0.0,0.0,0.0,0.0,774.0,0.00236001,normal
2026-06-01T02:40:53Z,worker-1,kube-system,nodelocaldns-zjml5,node-cache,13.6,4.5,0.4,1.2,0.0,4922.0,3483.0,0.0,0.0,0.0,0.0,0.0,712.0,0.0040230198,normal
2026-06-01T02:40:53Z,worker-1,kube-system,kube-ovn-pinger-vfzmn,pinger,45.2,22.0,13.2,0.2,0.0,115781.0,1436.0,0.0,12288.0,0.0634165,17.0,26.0,3949.0,0.0177340175,normal
2026-06-01T02:40:53Z,worker-1,kube-system,tetragon-kl9tz,tetragon,5.3,3.2,0.0,0.0,0.0,17448.0,239.0,0.0,0.0,0.0,0.0,0.0,12913.0,0.0325087636,normal
2026-06-01T02:40:53Z,worker-1,longhorn-system,engine-image-ei-3154f3aa-kvvkq,engine-image-ei-3154f3aa,12.7,1.0,14.3,0.0,0.0,0.0,0.0,0.0,0.0,0.0,10.0,39.0,1070.0,0.0133362034,normal
2026-06-01T02:40:53Z,worker-1,kube-system,kube-proxy-pdwww,kube-proxy,2.0,0.4,0.0,0.0,0.0,17422.0,96.0,0.0,0.0,0.0,0.0,0.0,105.0,0.0002979737,normal
2026-06-01T02:40:53Z,worker-1,longhorn-system,engine-image-ei-843accdd-tx99h,engine-image-ei-843accdd,12.4,1.0,14.0,0.0,0.0,0.0,0.0,0.0,0.0,0.0,10.0,27.0,721.0,0.0093329409,normal
2026-06-01T02:40:53Z,worker-1,kube-system,kube-ovn-cni-cf7cj,cni-server,327.7,24.2,366.0,0.4,0.0,205171.0,1413.0,0.0,0.0,0.0,136.0,197.0,5493.0,0.0783307685,normal
2026-06-01T02:40:53Z,worker-1,kube-system,ovs-ovn-w75jd,openvswitch,100.2,61.4,37.9,0.0,0.0,38.0,41.0,0.0,0.0,0.0,52.0,88.0,2114.0,0.0323589377,normal
2026-06-01T02:40:53Z,worker-1,longhorn-system,csi-provisioner-688964c44b-7hv5d,csi-provisioner,34.8,7.0,0.0,0.0,0.0,205722.0,2188.0,0.0,0.0,0.0,0.0,0.0,1424.0,0.0045735534,normal
2026-06-01T02:40:53Z,worker-1,longhorn-system,instance-manager-bacbca1a1c80c6ca28fd5f2d5fd0c24c,instance-manager,193.3,7.6,11.3,0.4,0.0,2972.0,3145.0,0.0,0.0,0.0,6.0,6.0,738.0,0.0096160512,normal
2026-06-01T02:40:53Z,worker-1,ebpf-final,ebpf-collector-5588x,collector,0.2,0.7,0.3,0.1,0.0,11213.0,16162.0,0.0,0.0,0.0,0.0,0.0,6.0,0.0013544494,normal
2026-06-01T02:40:53Z,worker-1,longhorn-system,longhorn-csi-plugin-t8lpt,longhorn-liveness-probe,3.0,2.0,0.0,0.0,0.0,224.0,274.0,0.0,0.0,0.0,0.0,0.0,268.0,0.0021020115,normal
2026-06-01T02:40:53Z,worker-1,monitoring,my-monitoring-prometheus-node-exporter-829wk,node-exporter,178.6,0.8,154.8,0.0,0.0,573.0,26035.0,0.0,0.0,0.0,0.0,0.0,376.0,0.0142519191,normal
2026-06-01T02:40:53Z,worker-1,longhorn-system,csi-resizer-7d9bff5787-242pl,csi-resizer,3.0,2.3,0.1,0.0,0.0,1367.0,1119.0,0.0,0.0,0.0,0.0,0.0,294.0,0.0009247615,normal
2026-06-01T02:40:53Z,worker-1,kube-system,tetragon-kl9tz,export-stdout,5.8,4.7,0.0,0.0,0.0,0.0,0.0,0.0,0.0,0.0,0.0,0.0,10.0,0.0001202886,normal
2026-06-01T02:41:04Z,worker-1,gpu-operator,gpu-operator-1764036362-node-feature-discovery-worker-9v5dt,worker,0.6,0.3,0.0,0.0,0.0,222.0,188.0,0.0,0.0,0.0,0.0,0.0,34.0,0.0002190267,normal
2026-06-01T02:41:04Z,worker-1,longhorn-system,longhorn-csi-plugin-t8lpt,longhorn-csi-plugin,2.8,1.2,0.0,0.0,0.0,0.0,0.0,0.0,0.0,0.0,0.0,0.0,75.0,0.0003758058,normal
2026-06-01T02:41:04Z,worker-1,longhorn-system,longhorn-manager-fgsfc,longhorn-manager,159.9,46.8,15.0,0.3,0.1,482391.0,24589.0,0.0,0.0,0.0,2.0,13.0,5210.0,0.0224811978,normal
2026-06-01T02:41:04Z,worker-1,longhorn-system,longhorn-csi-plugin-t8lpt,node-driver-registrar,0.1,0.1,0.0,0.0,0.0,0.0,0.0,0.0,0.0,0.0,0.0,0.0,9.0,3.12919e-05,normal
2026-06-01T02:41:04Z,worker-1,longhorn-system,csi-attacher-896ffc747-rxjjt,csi-attacher,3.4,3.1,0.0,0.0,0.0,1147.0,1049.0,0.0,0.0,0.0,0.0,0.0,276.0,0.0007635949,normal
2026-06-01T02:41:04Z,worker-1,longhorn-system,csi-snapshotter-65884686fc-gjw5g,csi-snapshotter,12.8,12.3,0.1,0.0,0.0,1308.0,1073.0,0.0,0.0,0.0,0.0,0.0,844.0,0.0026484214,normal
2026-06-01T02:41:04Z,worker-1,kube-system,nodelocaldns-zjml5,node-cache,9.4,3.2,0.3,1.0,0.0,3059.0,2774.0,0.0,0.0,0.0,0.0,0.0,459.0,0.0027572991,normal
2026-06-01T02:41:04Z,worker-1,kube-system,kube-ovn-pinger-vfzmn,pinger,46.5,17.2,13.2,0.2,0.0,115881.0,1580.0,0.0,12288.0,0.0758245,17.0,26.0,2688.0,0.0159612369,normal
2026-06-01T02:41:04Z,worker-1,kube-system,tetragon-kl9tz,tetragon,7.3,5.5,0.4,0.0,0.0,17974.0,21417.0,0.0,0.0,0.0,0.0,0.0,13968.0,0.0471008088,normal
2026-06-01T02:41:04Z,worker-1,longhorn-system,engine-image-ei-3154f3aa-kvvkq,engine-image-ei-3154f3aa,12.9,1.0,14.5,0.0,0.0,0.0,0.0,0.0,0.0,0.0,10.0,40.0,1075.0,0.0125672097,normal
2026-06-01T02:41:04Z,worker-1,kube-system,kube-proxy-pdwww,kube-proxy,2.0,0.4,0.0,0.0,0.0,17157.0,96.0,0.0,0.0,0.0,0.0,0.0,90.0,0.0002596625,normal
2026-06-01T02:41:04Z,worker-1,longhorn-system,engine-image-ei-843accdd-tx99h,engine-image-ei-843accdd,12.6,1.0,14.2,0.0,0.0,0.0,0.0,0.0,0.0,0.0,10.0,34.0,919.0,0.0115550721,normal
2026-06-01T02:41:04Z,worker-1,kube-system,kube-ovn-cni-cf7cj,cni-server,369.9,26.9,440.0,0.2,0.0,204477.0,1200.0,0.0,0.0,0.0,169.0,202.0,4678.0,0.0787197644,normal
2026-06-01T02:41:04Z,worker-1,kube-system,ovs-ovn-w75jd,openvswitch,97.7,59.8,38.1,0.0,0.0,38.0,41.0,0.0,0.0,0.0,52.0,88.0,1906.0,0.0309839387,normal
2026-06-01T02:41:04Z,worker-1,longhorn-system,csi-provisioner-688964c44b-7hv5d,csi-provisioner,33.4,6.7,0.0,0.0,0.0,205685.0,2188.0,0.0,0.0,0.0,0.0,0.0,1180.0,0.0039651633,normal
2026-06-01T02:41:04Z,worker-1,longhorn-system,instance-manager-bacbca1a1c80c6ca28fd5f2d5fd0c24c,instance-manager,207.6,11.5,12.4,0.5,0.0,4947.0,5520.0,0.0,0.0,0.0,7.0,7.0,913.0,0.0084011521,normal
2026-06-01T02:41:04Z,worker-1,ebpf-final,ebpf-collector-5588x,collector,0.2,0.8,0.3,0.1,0.0,12250.0,17690.0,0.0,0.0,0.0,0.0,0.0,12.0,0.0018190411,normal
2026-06-01T02:41:04Z,worker-1,longhorn-system,longhorn-csi-plugin-t8lpt,longhorn-liveness-probe,2.8,1.8,0.0,0.0,0.0,224.0,274.0,0.0,0.0,0.0,0.0,0.0,199.0,0.0008557183,normal
2026-06-01T02:41:04Z,worker-1,monitoring,my-monitoring-prometheus-node-exporter-829wk,node-exporter,0.3,0.2,0.0,0.0,0.0,208.0,3254.0,0.0,0.0,0.0,0.0,0.0,17.0,0.0001522311,normal
2026-06-01T02:41:04Z,worker-1,longhorn-system,csi-resizer-7d9bff5787-242pl,csi-resizer,2.1,2.2,0.0,0.0,0.0,1092.0,1029.0,0.0,0.0,0.0,0.0,0.0,230.0,0.0007287209,normal
2026-06-01T02:41:04Z,worker-1,kube-system,tetragon-kl9tz,export-stdout,22.2,20.7,0.0,0.0,0.0,0.0,0.0,0.0,0.0,0.0,0.0,0.0,11.0,0.0003369361,normal
2026-06-01T02:41:14Z,worker-1,gpu-operator,gpu-operator-1764036362-node-feature-discovery-worker-9v5dt,worker,0.5,0.2,0.0,0.0,0.0,222.0,188.0,0.0,0.0,0.0,0.0,0.0,34.0,0.0002011751,normal
2026-06-01T02:41:14Z,worker-1,longhorn-system,longhorn-csi-plugin-t8lpt,longhorn-csi-plugin,2.9,1.3,0.0,0.0,0.0,0.0,0.0,0.0,0.0,0.0,0.0,0.0,85.0,0.0003679287,normal
2026-06-01T02:41:14Z,worker-1,longhorn-system,longhorn-manager-fgsfc,longhorn-manager,117.6,48.0,0.1,0.1,0.0,469020.0,11073.0,0.0,0.0,0.0,0.0,0.0,4593.0,0.0144559245,normal
2026-06-01T02:41:14Z,worker-1,longhorn-system,longhorn-csi-plugin-t8lpt,node-driver-registrar,0.1,0.1,0.0,0.0,0.0,0.0,0.0,0.0,0.0,0.0,0.0,0.0,9.0,3.02204e-05,normal
2026-06-01T02:41:14Z,worker-1,longhorn-system,csi-attacher-896ffc747-rxjjt,csi-attacher,3.6,3.1,0.0,0.0,0.0,1230.0,1014.0,0.0,0.0,0.0,0.0,0.0,321.0,0.0008851423,normal
2026-06-01T02:41:14Z,worker-1,longhorn-system,csi-snapshotter-65884686fc-gjw5g,csi-snapshotter,11.8,11.8,0.0,0.0,0.0,1145.0,1034.0,0.0,0.0,0.0,0.0,0.0,837.0,0.0024411256,normal
2026-06-01T02:41:14Z,worker-1,kube-system,nodelocaldns-zjml5,node-cache,13.6,4.6,0.4,1.2,0.0,4922.0,3562.0,0.0,0.0,0.0,0.0,0.0,719.0,0.0038215171,normal
2026-06-01T02:41:14Z,worker-1,kube-system,kube-ovn-pinger-vfzmn,pinger,49.9,19.4,13.3,0.2,0.0,115833.0,1580.0,0.0,12288.0,0.071344,17.0,26.0,3796.0,0.0186035434,normal
2026-06-01T02:41:14Z,worker-1,kube-system,tetragon-kl9tz,tetragon,5.9,3.6,0.0,0.0,0.0,17448.0,239.0,0.0,0.0,0.0,0.0,0.0,12710.0,0.0397375644,normal
2026-06-01T02:41:14Z,worker-1,longhorn-system,engine-image-ei-3154f3aa-kvvkq,engine-image-ei-3154f3aa,15.7,1.2,17.7,0.0,0.0,0.0,0.0,0.0,0.0,0.0,12.0,52.0,1325.0,0.0154940324,normal
2026-06-01T02:41:14Z,worker-1,kube-system,kube-proxy-pdwww,kube-proxy,2.3,0.4,0.0,0.0,0.0,17282.0,96.0,0.0,0.0,0.0,0.0,0.0,120.0,0.0003376619,normal
2026-06-01T02:41:14Z,worker-1,longhorn-system,engine-image-ei-843accdd-tx99h,engine-image-ei-843accdd,12.7,1.0,14.3,0.0,0.0,0.0,0.0,0.0,0.0,0.0,10.0,36.0,1019.0,0.0108211007,normal
2026-06-01T02:41:14Z,worker-1,kube-system,kube-ovn-cni-cf7cj,cni-server,319.7,22.6,361.7,0.4,0.0,204626.0,1200.0,0.0,0.0,0.0,132.0,198.0,5134.0,0.0735692679,normal
2026-06-01T02:41:14Z,worker-1,kube-system,ovs-ovn-w75jd,openvswitch,114.2,64.5,46.8,0.0,0.0,38.0,41.0,0.0,0.0,0.0,65.0,110.0,2117.0,0.0349235993,normal
2026-06-01T02:41:14Z,worker-1,longhorn-system,csi-provisioner-688964c44b-7hv5d,csi-provisioner,35.1,8.4,0.0,0.0,0.0,206051.0,2188.0,0.0,0.0,0.0,0.0,0.0,1464.0,0.0068855999,normal
2026-06-01T02:41:14Z,worker-1,longhorn-system,instance-manager-bacbca1a1c80c6ca28fd5f2d5fd0c24c,instance-manager,25.5,6.1,1.2,0.0,0.0,2972.0,3068.0,0.0,0.0,0.0,1.0,1.0,593.0,0.0033105935,normal
2026-06-01T02:41:14Z,worker-1,ebpf-final,ebpf-collector-5588x,collector,154.4,0.8,143.3,0.1,0.0,209722.0,18108.0,0.0,0.0,0.0,0.0,0.0,162.0,0.0098232066,normal
2026-06-01T02:41:14Z,worker-1,longhorn-system,longhorn-csi-plugin-t8lpt,longhorn-liveness-probe,2.8,1.8,0.0,0.0,0.0,224.0,274.0,0.0,0.0,0.0,0.0,0.0,174.0,0.0007927195,normal
2026-06-01T02:41:14Z,worker-1,monitoring,my-monitoring-prometheus-node-exporter-829wk,node-exporter,0.3,0.2,0.0,0.0,0.0,208.0,3254.0,0.0,0.0,0.0,0.0,0.0,18.0,0.0001342955,normal
2026-06-01T02:41:14Z,worker-1,longhorn-system,csi-resizer-7d9bff5787-242pl,csi-resizer,1.8,1.8,0.0,0.0,0.0,1092.0,994.0,0.0,0.0,0.0,0.0,0.0,229.0,0.0007202344,normal
2026-06-01T02:41:14Z,worker-1,kube-system,tetragon-kl9tz,export-stdout,6.0,4.8,0.0,0.0,0.0,0.0,0.0,0.0,0.0,0.0,0.0,0.0,10.0,0.0001296602,normal
2026-06-01T02:41:24Z,worker-1,gpu-operator,gpu-operator-1764036362-node-feature-discovery-worker-9v5dt,worker,293.8,4.2,159.6,0.0,0.0,138017.0,1850.0,0.0,0.0,0.0,0.0,0.0,1945.0,0.0332954189,normal
2026-06-01T02:41:24Z,worker-1,longhorn-system,longhorn-csi-plugin-t8lpt,longhorn-csi-plugin,2.8,1.3,0.0,0.0,0.0,0.0,0.0,0.0,0.0,0.0,0.0,0.0,81.0,0.0003838571,normal
2026-06-01T02:41:24Z,worker-1,longhorn-system,longhorn-manager-fgsfc,longhorn-manager,115.7,42.4,0.2,0.1,0.0,469373.0,11509.0,0.0,0.0,0.0,0.0,0.0,4505.0,0.0137788296,normal
2026-06-01T02:41:24Z,worker-1,longhorn-system,longhorn-csi-plugin-t8lpt,node-driver-registrar,0.1,0.1,0.0,0.0,0.0,0.0,0.0,0.0,0.0,0.0,0.0,0.0,9.0,3.30309e-05,normal
2026-06-01T02:41:24Z,worker-1,longhorn-system,csi-attacher-896ffc747-rxjjt,csi-attacher,2.6,2.6,0.0,0.0,0.0,1112.0,1013.0,0.0,0.0,0.0,0.0,0.0,259.0,0.0007590999,normal
2026-06-01T02:41:24Z,worker-1,longhorn-system,csi-snapshotter-65884686fc-gjw5g,csi-snapshotter,11.9,11.6,0.1,0.0,0.0,1322.0,1108.0,0.0,0.0,0.0,0.0,0.0,831.0,0.0025455894,normal
2026-06-01T02:41:24Z,worker-1,kube-system,nodelocaldns-zjml5,node-cache,14.0,4.5,0.3,1.1,0.0,5145.0,3785.0,0.0,0.0,0.0,0.0,0.0,740.0,0.004235326,normal
2026-06-01T02:41:24Z,worker-1,kube-system,kube-ovn-pinger-vfzmn,pinger,50.3,20.2,13.2,0.2,0.0,115763.0,1580.0,0.0,12288.0,0.061929,17.0,26.0,2591.0,0.0167724432,normal
2026-06-01T02:41:24Z,worker-1,kube-system,tetragon-kl9tz,tetragon,5.4,3.4,0.0,0.0,0.0,17619.0,239.0,0.0,0.0,0.0,0.0,0.0,12844.0,0.0325803906,normal
2026-06-01T02:41:24Z,worker-1,longhorn-system,engine-image-ei-3154f3aa-kvvkq,engine-image-ei-3154f3aa,12.8,1.0,14.4,0.0,0.0,0.0,0.0,0.0,0.0,0.0,10.0,42.0,1036.0,0.0127175967,normal
2026-06-01T02:41:24Z,worker-1,kube-system,kube-proxy-pdwww,kube-proxy,2.0,0.4,0.0,0.0,0.0,17157.0,96.0,0.0,0.0,0.0,0.0,0.0,95.0,0.0002522092,normal
2026-06-01T02:41:24Z,worker-1,longhorn-system,engine-image-ei-843accdd-tx99h,engine-image-ei-843accdd,12.4,1.0,14.0,0.0,0.0,0.0,0.0,0.0,0.0,0.0,10.0,31.0,816.0,0.010774822,normal
2026-06-01T02:41:24Z,worker-1,kube-system,kube-ovn-cni-cf7cj,cni-server,322.2,22.6,362.8,0.2,0.0,204782.0,1200.0,0.0,0.0,0.0,133.0,165.0,3811.0,0.0666647198,normal
2026-06-01T02:41:24Z,worker-1,kube-system,ovs-ovn-w75jd,openvswitch,98.5,60.9,37.9,0.0,0.0,38.0,41.0,0.0,0.0,0.0,52.0,88.0,1879.0,0.0305735915,normal
2026-06-01T02:41:24Z,worker-1,longhorn-system,csi-provisioner-688964c44b-7hv5d,csi-provisioner,35.1,7.8,0.0,0.0,0.0,205564.0,2188.0,0.0,0.0,0.0,0.0,0.0,1311.0,0.0038942991,normal
2026-06-01T02:41:24Z,worker-1,longhorn-system,instance-manager-bacbca1a1c80c6ca28fd5f2d5fd0c24c,instance-manager,193.0,7.7,11.3,0.4,0.0,2972.0,3128.0,0.0,0.0,0.0,6.0,6.0,656.0,0.006143068,normal
2026-06-01T02:41:24Z,worker-1,ebpf-final,ebpf-collector-5588x,collector,0.2,0.7,0.3,0.1,0.0,10860.0,15664.0,0.0,0.0,0.0,0.0,0.0,10.0,0.0010867174,normal
2026-06-01T02:41:24Z,worker-1,longhorn-system,longhorn-csi-plugin-t8lpt,longhorn-liveness-probe,2.8,1.8,0.0,0.0,0.0,224.0,274.0,0.0,0.0,0.0,0.0,0.0,165.0,0.0008289769,normal
2026-06-01T02:41:24Z,worker-1,monitoring,my-monitoring-prometheus-node-exporter-829wk,node-exporter,178.5,0.8,154.8,0.0,0.0,573.0,26040.0,0.0,0.0,0.0,0.0,0.0,277.0,0.0133209046,normal
2026-06-01T02:41:24Z,worker-1,longhorn-system,csi-resizer-7d9bff5787-242pl,csi-resizer,2.0,1.9,0.0,0.0,0.0,1092.0,994.0,0.0,0.0,0.0,0.0,0.0,253.0,0.0007958083,normal
2026-06-01T02:41:24Z,worker-1,kube-system,tetragon-kl9tz,export-stdout,6.0,4.8,0.0,0.0,0.0,0.0,0.0,0.0,0.0,0.0,0.0,0.0,10.0,0.000123523,normal
2026-06-01T02:41:34Z,worker-1,gpu-operator,gpu-operator-1764036362-node-feature-discovery-worker-9v5dt,worker,0.4,0.2,0.0,0.0,0.0,222.0,188.0,0.0,0.0,0.0,0.0,0.0,33.0,0.0002197643,normal
2026-06-01T02:41:34Z,worker-1,longhorn-system,longhorn-csi-plugin-t8lpt,longhorn-csi-plugin,2.7,1.1,0.0,0.0,0.0,0.0,0.0,0.0,0.0,0.0,0.0,0.0,80.0,0.0003688308,normal
2026-06-01T02:41:34Z,worker-1,longhorn-system,longhorn-manager-fgsfc,longhorn-manager,145.0,44.2,14.8,0.3,0.0,420195.0,21280.0,0.0,0.0,0.0,2.0,8.0,4897.0,0.0307139823,normal
2026-06-01T02:41:34Z,worker-1,longhorn-system,longhorn-csi-plugin-t8lpt,node-driver-registrar,0.1,0.1,0.0,0.0,0.0,0.0,0.0,0.0,0.0,0.0,0.0,0.0,9.0,3.12148e-05,normal
2026-06-01T02:41:34Z,worker-1,longhorn-system,csi-attacher-896ffc747-rxjjt,csi-attacher,3.5,2.7,0.1,0.0,0.0,1371.0,1012.0,0.0,0.0,0.0,0.0,0.0,298.0,0.0008995911,normal
2026-06-01T02:41:34Z,worker-1,longhorn-system,csi-snapshotter-65884686fc-gjw5g,csi-snapshotter,12.3,12.1,0.0,0.0,0.0,1132.0,1034.0,0.0,0.0,0.0,0.0,0.0,830.0,0.0023911461,normal
2026-06-01T02:41:34Z,worker-1,kube-system,nodelocaldns-zjml5,node-cache,13.1,4.1,0.4,1.0,0.0,4922.0,3562.0,0.0,0.0,0.0,0.0,0.0,737.0,0.0040325496,normal
2026-06-01T02:41:34Z,worker-1,kube-system,kube-ovn-pinger-vfzmn,pinger,45.3,18.9,13.2,0.2,0.0,83790.0,1205.0,0.0,12288.0,0.093313,17.0,26.0,3077.0,0.0144826626,normal
2026-06-01T02:41:34Z,worker-1,kube-system,tetragon-kl9tz,tetragon,5.4,5.1,0.0,0.0,0.0,17595.0,239.0,0.0,0.0,0.0,0.0,0.0,13287.0,0.0416896687,normal
2026-06-01T02:41:34Z,worker-1,longhorn-system,engine-image-ei-3154f3aa-kvvkq,engine-image-ei-3154f3aa,12.6,1.0,14.2,0.0,0.0,0.0,0.0,0.0,0.0,0.0,10.0,37.0,1066.0,0.0136148191,normal
2026-06-01T02:41:34Z,worker-1,kube-system,kube-proxy-pdwww,kube-proxy,1.7,0.3,0.0,0.0,0.0,17157.0,96.0,0.0,0.0,0.0,0.0,0.0,110.0,0.0016947697,normal
2026-06-01T02:41:34Z,worker-1,longhorn-system,engine-image-ei-843accdd-tx99h,engine-image-ei-843accdd,12.5,1.0,14.1,0.0,0.0,0.0,0.0,0.0,0.0,0.0,10.0,26.0,769.0,0.0091714366,normal
2026-06-01T02:41:34Z,worker-1,kube-system,kube-ovn-cni-cf7cj,cni-server,426.7,23.7,470.0,0.4,0.0,175306.0,1008.0,0.0,0.0,0.0,134.0,197.0,5265.0,0.0874852093,normal
2026-06-01T02:41:34Z,worker-1,kube-system,ovs-ovn-w75jd,openvswitch,97.3,58.7,38.1,0.0,0.0,38.0,41.0,0.0,0.0,0.0,52.0,88.0,1805.0,0.0299393632,normal
2026-06-01T02:41:34Z,worker-1,longhorn-system,csi-provisioner-688964c44b-7hv5d,csi-provisioner,30.9,6.5,0.2,0.0,0.0,177064.0,2134.0,0.0,0.0,0.0,0.0,0.0,1226.0,0.0037434013,normal
2026-06-01T02:41:34Z,worker-1,longhorn-system,instance-manager-bacbca1a1c80c6ca28fd5f2d5fd0c24c,instance-manager,204.3,10.0,12.4,0.4,0.0,3862.0,3817.0,0.0,0.0,0.0,7.0,7.0,951.0,0.0100645901,normal
2026-06-01T02:41:34Z,worker-1,ebpf-final,ebpf-collector-5588x,collector,0.2,0.7,0.3,0.1,0.0,11918.0,17192.0,0.0,0.0,0.0,0.0,0.0,7.0,0.0019084314,normal
2026-06-01T02:41:34Z,worker-1,longhorn-system,longhorn-csi-plugin-t8lpt,longhorn-liveness-probe,2.9,1.8,0.0,0.0,0.0,224.0,274.0,0.0,0.0,0.0,0.0,0.0,196.0,0.0008772572,normal
2026-06-01T02:41:34Z,worker-1,monitoring,my-monitoring-prometheus-node-exporter-829wk,node-exporter,0.2,0.2,0.0,0.0,0.0,208.0,3254.0,0.0,0.0,0.0,0.0,0.0,17.0,0.000139009,normal
2026-06-01T02:41:34Z,worker-1,longhorn-system,csi-resizer-7d9bff5787-242pl,csi-resizer,2.1,1.6,0.1,0.0,0.0,1133.0,996.0,0.0,0.0,0.0,0.0,0.0,186.0,0.0006854239,normal
2026-06-01T02:41:34Z,worker-1,kube-system,tetragon-kl9tz,export-stdout,17.9,16.6,0.0,0.0,0.0,0.0,0.0,0.0,0.0,0.0,0.0,0.0,10.0,0.0002676823,normal
2026-06-01T02:41:44Z,worker-1,gpu-operator,gpu-operator-1764036362-node-feature-discovery-worker-9v5dt,worker,0.8,0.3,0.0,0.0,0.0,333.0,282.0,0.0,0.0,0.0,0.0,0.0,48.0,0.0003057093,normal
2026-06-01T02:41:44Z,worker-1,longhorn-system,longhorn-csi-plugin-t8lpt,longhorn-csi-plugin,2.9,1.3,0.0,0.0,0.0,0.0,0.0,0.0,0.0,0.0,0.0,0.0,79.0,0.0004023321,normal
2026-06-01T02:41:44Z,worker-1,longhorn-system,longhorn-manager-fgsfc,longhorn-manager,116.3,45.3,0.3,0.1,0.0,472019.0,14973.0,0.0,0.0,0.0,0.0,0.0,4683.0,0.0153752698,normal
2026-06-01T02:41:44Z,worker-1,longhorn-system,longhorn-csi-plugin-t8lpt,node-driver-registrar,0.1,0.1,0.0,0.0,0.0,0.0,0.0,0.0,0.0,0.0,0.0,0.0,9.0,3.13816e-05,normal
2026-06-01T02:41:44Z,worker-1,longhorn-system,csi-attacher-896ffc747-rxjjt,csi-attacher,3.3,3.2,0.0,0.0,0.0,1110.0,1047.0,0.0,0.0,0.0,0.0,0.0,279.0,0.0008905314,normal
2026-06-01T02:41:44Z,worker-1,longhorn-system,csi-snapshotter-65884686fc-gjw5g,csi-snapshotter,12.8,12.6,0.0,0.0,0.0,1132.0,1034.0,0.0,0.0,0.0,0.0,0.0,850.0,0.0024129193,normal
2026-06-01T02:41:44Z,worker-1,kube-system,nodelocaldns-zjml5,node-cache,28.0,5.6,37.5,1.0,0.0,4922.0,3562.0,0.0,0.0,0.0,12.0,12.0,909.0,0.0083294057,normal
2026-06-01T02:41:44Z,worker-1,kube-system,kube-ovn-pinger-vfzmn,pinger,42.3,20.0,13.2,0.2,0.0,115786.0,1436.0,0.0,12288.0,0.075561,17.0,26.0,3083.0,0.016832486,normal
2026-06-01T02:41:44Z,worker-1,kube-system,tetragon-kl9tz,tetragon,5.9,3.3,0.0,0.0,0.0,17587.0,239.0,0.0,0.0,0.0,0.0,0.0,13651.0,0.0348436049,normal
2026-06-01T02:41:44Z,worker-1,longhorn-system,engine-image-ei-3154f3aa-kvvkq,engine-image-ei-3154f3aa,12.7,1.0,14.3,0.0,0.0,0.0,0.0,0.0,0.0,0.0,10.0,39.0,1065.0,0.0126863369,normal
2026-06-01T02:41:44Z,worker-1,kube-system,kube-proxy-pdwww,kube-proxy,2.6,0.4,0.0,0.0,0.0,17418.0,96.0,0.0,0.0,0.0,0.0,0.0,136.0,0.0004165681,normal
2026-06-01T02:41:44Z,worker-1,longhorn-system,engine-image-ei-843accdd-tx99h,engine-image-ei-843accdd,12.5,1.0,14.1,0.0,0.0,0.0,0.0,0.0,0.0,0.0,10.0,29.0,854.0,0.0107850223,normal
2026-06-01T02:41:44Z,worker-1,kube-system,kube-ovn-cni-cf7cj,cni-server,377.7,28.0,444.2,0.2,0.0,204477.0,1200.0,0.0,0.0,0.0,173.0,205.0,4571.0,0.0747033067,normal
2026-06-01T02:41:44Z,worker-1,kube-system,ovs-ovn-w75jd,openvswitch,102.5,62.0,38.0,0.0,0.0,38.0,41.0,0.0,0.0,0.0,52.0,88.0,2260.0,0.0321454048,normal
2026-06-01T02:41:44Z,worker-1,longhorn-system,csi-provisioner-688964c44b-7hv5d,csi-provisioner,36.1,8.0,0.0,0.0,0.0,205720.0,2320.0,0.0,0.0,0.0,0.0,0.0,1426.0,0.0044428614,normal
2026-06-01T02:41:44Z,worker-1,longhorn-system,instance-manager-bacbca1a1c80c6ca28fd5f2d5fd0c24c,instance-manager,193.4,7.7,11.3,0.4,0.0,2998.0,3154.0,0.0,0.0,0.0,6.0,6.0,650.0,0.0062177562,normal
2026-06-01T02:41:44Z,worker-1,ebpf-final,ebpf-collector-5588x,collector,154.4,0.9,143.4,0.1,0.0,210767.0,19623.0,0.0,0.0,0.0,0.0,0.0,166.0,0.0223835701,normal
2026-06-01T02:41:44Z,worker-1,longhorn-system,longhorn-csi-plugin-t8lpt,longhorn-liveness-probe,2.8,1.8,0.0,0.0,0.0,224.0,274.0,0.0,0.0,0.0,0.0,0.0,197.0,0.0008457369,normal
2026-06-01T02:41:44Z,worker-1,monitoring,my-monitoring-prometheus-node-exporter-829wk,node-exporter,42.0,0.2,45.7,0.0,0.0,573.0,3254.0,0.0,0.0,0.0,0.0,0.0,202.0,0.003335308,normal
2026-06-01T02:41:44Z,worker-1,longhorn-system,csi-resizer-7d9bff5787-242pl,csi-resizer,2.2,1.9,0.0,0.0,0.0,1218.0,996.0,0.0,0.0,0.0,0.0,0.0,248.0,0.0007246218,normal
2026-06-01T02:41:44Z,worker-1,kube-system,tetragon-kl9tz,export-stdout,6.0,4.8,0.0,0.0,0.0,0.0,0.0,0.0,0.0,0.0,0.0,0.0,10.0,0.0001395123,normal
2026-06-01T02:41:55Z,worker-1,gpu-operator,gpu-operator-1764036362-node-feature-discovery-worker-9v5dt,worker,0.8,0.4,0.0,0.0,0.0,261.0,227.0,0.0,0.0,0.0,0.0,0.0,96.0,0.0002925145,normal
2026-06-01T02:41:55Z,worker-1,longhorn-system,longhorn-csi-plugin-t8lpt,longhorn-csi-plugin,2.9,1.1,0.0,0.0,0.0,0.0,0.0,0.0,0.0,0.0,0.0,0.0,75.0,0.0004083535,normal
2026-06-01T02:41:55Z,worker-1,longhorn-system,longhorn-manager-fgsfc,longhorn-manager,116.6,44.9,0.1,0.1,0.0,469676.0,11076.0,0.0,0.0,0.0,0.0,0.0,4514.0,0.0138715705,normal
2026-06-01T02:41:55Z,worker-1,longhorn-system,longhorn-csi-plugin-t8lpt,node-driver-registrar,0.1,0.1,0.0,0.0,0.0,0.0,0.0,0.0,0.0,0.0,0.0,0.0,9.0,3.12781e-05,normal
2026-06-01T02:41:55Z,worker-1,longhorn-system,csi-attacher-896ffc747-rxjjt,csi-attacher,3.5,2.9,0.0,0.0,0.0,1422.0,1012.0,0.0,0.0,0.0,0.0,0.0,307.0,0.0021430295,normal
2026-06-01T02:41:55Z,worker-1,longhorn-system,csi-snapshotter-65884686fc-gjw5g,csi-snapshotter,13.1,12.4,0.1,0.0,0.0,1424.0,1112.0,0.0,0.0,0.0,0.0,0.0,858.0,0.0026101391,normal
2026-06-01T02:41:55Z,worker-1,kube-system,nodelocaldns-zjml5,node-cache,13.6,4.6,0.3,1.0,0.0,4922.0,3562.0,0.0,0.0,0.0,0.0,0.0,813.0,0.0042605997,normal
2026-06-01T02:41:55Z,worker-1,kube-system,kube-ovn-pinger-vfzmn,pinger,16.7,13.8,0.0,0.0,0.0,32038.0,375.0,0.0,12288.0,0.0709445,0.0,0.0,3396.0,0.0109090169,normal
2026-06-01T02:41:55Z,worker-1,kube-system,tetragon-kl9tz,tetragon,5.2,3.1,0.0,0.0,0.0,17448.0,239.0,0.0,0.0,0.0,0.0,0.0,11229.0,0.0365585682,normal
2026-06-01T02:41:55Z,worker-1,longhorn-system,engine-image-ei-3154f3aa-kvvkq,engine-image-ei-3154f3aa,12.8,1.0,14.4,0.0,0.0,0.0,0.0,0.0,0.0,0.0,10.0,41.0,1119.0,0.012199226,normal
2026-06-01T02:41:55Z,worker-1,kube-system,kube-proxy-pdwww,kube-proxy,2.6,0.4,0.0,0.0,0.0,17283.0,96.0,0.0,0.0,0.0,0.0,0.0,111.0,0.0002823,normal
2026-06-01T02:41:55Z,worker-1,longhorn-system,engine-image-ei-843accdd-tx99h,engine-image-ei-843accdd,12.6,1.0,14.2,0.0,0.0,0.0,0.0,0.0,0.0,0.0,10.0,35.0,873.0,0.0118564287,normal
2026-06-01T02:41:55Z,worker-1,kube-system,kube-ovn-cni-cf7cj,cni-server,319.0,22.3,360.8,0.3,0.0,204912.0,1200.0,0.0,0.0,0.0,131.0,185.0,4921.0,0.069760622,normal
2026-06-01T02:41:55Z,worker-1,kube-system,ovs-ovn-w75jd,openvswitch,98.7,60.3,37.5,0.0,0.0,38.0,41.0,0.0,0.0,0.0,52.0,88.0,1938.0,0.0287948768,normal
2026-06-01T02:41:55Z,worker-1,longhorn-system,csi-provisioner-688964c44b-7hv5d,csi-provisioner,36.2,9.4,0.0,0.0,0.0,205689.0,2190.0,0.0,0.0,0.0,0.0,0.0,1392.0,0.006367463,normal
2026-06-01T02:41:55Z,worker-1,longhorn-system,instance-manager-bacbca1a1c80c6ca28fd5f2d5fd0c24c,instance-manager,193.0,7.8,11.3,0.4,0.0,2972.0,3145.0,0.0,0.0,0.0,6.0,6.0,660.0,0.0069311887,normal
2026-06-01T02:41:55Z,worker-1,ebpf-final,ebpf-collector-5588x,collector,0.2,0.7,0.3,0.1,0.0,11904.0,17180.0,0.0,0.0,0.0,0.0,0.0,8.0,0.0013283045,normal
2026-06-01T02:41:55Z,worker-1,longhorn-system,longhorn-csi-plugin-t8lpt,longhorn-liveness-probe,3.0,2.0,0.0,0.0,0.0,224.0,274.0,0.0,0.0,0.0,0.0,0.0,241.0,0.0017354136,normal
2026-06-01T02:41:55Z,worker-1,monitoring,my-monitoring-prometheus-node-exporter-829wk,node-exporter,133.4,0.8,108.2,0.0,0.0,208.0,26076.0,0.0,0.0,0.0,0.0,0.0,73.0,0.0072916858,normal
2026-06-01T02:41:55Z,worker-1,longhorn-system,csi-resizer-7d9bff5787-242pl,csi-resizer,2.5,2.3,0.0,0.0,0.0,1219.0,1031.0,0.0,0.0,0.0,0.0,0.0,233.0,0.0007240645,normal
2026-06-01T02:41:55Z,worker-1,kube-system,tetragon-kl9tz,export-stdout,6.2,4.8,0.0,0.0,0.0,0.0,0.0,0.0,0.0,0.0,0.0,0.0,11.0,0.0001319678,normal
2026-06-01T02:42:05Z,worker-1,gpu-operator,gpu-operator-1764036362-node-feature-discovery-worker-9v5dt,worker,0.4,0.2,0.0,0.0,0.0,222.0,188.0,0.0,0.0,0.0,0.0,0.0,33.0,0.0002267781,normal
2026-06-01T02:42:05Z,worker-1,longhorn-system,longhorn-csi-plugin-t8lpt,longhorn-csi-plugin,2.9,1.4,0.0,0.0,0.0,0.0,0.0,0.0,0.0,0.0,0.0,0.0,81.0,0.0003787388,normal
2026-06-01T02:42:05Z,worker-1,longhorn-system,longhorn-manager-fgsfc,longhorn-manager,160.6,49.2,14.8,0.3,0.1,481494.0,24259.0,0.0,0.0,0.0,2.0,8.0,4998.0,0.0219174983,normal
2026-06-01T02:42:05Z,worker-1,longhorn-system,longhorn-csi-plugin-t8lpt,node-driver-registrar,0.1,0.1,0.0,0.0,0.0,0.0,0.0,0.0,0.0,0.0,0.0,0.0,9.0,3.42908e-05,normal
2026-06-01T02:42:05Z,worker-1,longhorn-system,csi-attacher-896ffc747-rxjjt,csi-attacher,4.3,3.1,0.1,0.0,0.0,1487.0,1273.0,0.0,0.0,0.0,0.0,0.0,383.0,0.0010797726,normal
2026-06-01T02:42:05Z,worker-1,longhorn-system,csi-snapshotter-65884686fc-gjw5g,csi-snapshotter,11.8,11.6,0.0,0.0,0.0,1134.0,1032.0,0.0,0.0,0.0,0.0,0.0,821.0,0.0023148162,normal
2026-06-01T02:42:05Z,worker-1,kube-system,nodelocaldns-zjml5,node-cache,13.3,4.3,0.4,1.0,0.0,4922.0,3562.0,0.0,0.0,0.0,0.0,0.0,722.0,0.0055246567,normal
2026-06-01T02:42:05Z,worker-1,kube-system,kube-ovn-pinger-vfzmn,pinger,49.9,22.0,13.2,0.2,0.0,115936.0,1532.0,0.0,12288.0,0.0660735,17.0,26.0,3339.0,0.0185863086,normal
2026-06-01T02:42:05Z,worker-1,kube-system,tetragon-kl9tz,tetragon,7.9,6.0,0.4,0.0,0.0,17974.0,21421.0,0.0,0.0,0.0,0.0,0.0,12822.0,0.0359747011,normal
2026-06-01T02:42:05Z,worker-1,longhorn-system,engine-image-ei-3154f3aa-kvvkq,engine-image-ei-3154f3aa,12.8,1.0,14.4,0.0,0.0,0.0,0.0,0.0,0.0,0.0,10.0,42.0,1080.0,0.0129101342,normal
2026-06-01T02:42:05Z,worker-1,kube-system,kube-proxy-pdwww,kube-proxy,2.2,0.4,0.0,0.0,0.0,17157.0,96.0,0.0,0.0,0.0,0.0,0.0,90.0,0.0002707676,normal
2026-06-01T02:42:05Z,worker-1,longhorn-system,engine-image-ei-843accdd-tx99h,engine-image-ei-843accdd,16.1,1.3,18.1,0.0,0.0,0.0,0.0,0.0,0.0,0.0,13.0,46.0,1320.0,0.0134814563,normal
2026-06-01T02:42:05Z,worker-1,kube-system,kube-ovn-cni-cf7cj,cni-server,318.5,22.6,360.8,0.3,0.0,204913.0,1334.0,0.0,0.0,0.0,131.0,179.0,4782.0,0.0705280603,normal
2026-06-01T02:42:05Z,worker-1,kube-system,ovs-ovn-w75jd,openvswitch,101.5,62.9,38.2,0.0,0.0,38.0,41.0,0.0,0.0,0.0,52.0,88.0,2117.0,0.031532357,normal
2026-06-01T02:42:05Z,worker-1,longhorn-system,csi-provisioner-688964c44b-7hv5d,csi-provisioner,38.1,10.6,0.0,0.0,0.0,205686.0,2190.0,0.0,0.0,0.0,0.0,0.0,1347.0,0.0044647631,normal
2026-06-01T02:42:05Z,worker-1,longhorn-system,instance-manager-bacbca1a1c80c6ca28fd5f2d5fd0c24c,instance-manager,206.8,11.3,12.4,0.5,0.0,4947.0,5554.0,0.0,0.0,0.0,7.0,7.0,1074.0,0.0134667933,normal
2026-06-01T02:42:05Z,worker-1,ebpf-final,ebpf-collector-5588x,collector,0.2,0.7,0.3,0.1,0.0,11553.0,16655.0,0.0,0.0,0.0,0.0,0.0,10.0,0.0022502831,normal
2026-06-01T02:42:05Z,worker-1,longhorn-system,longhorn-csi-plugin-t8lpt,longhorn-liveness-probe,3.0,1.9,0.0,0.0,0.0,224.0,274.0,0.0,0.0,0.0,0.0,0.0,204.0,0.0008220479,normal
2026-06-01T02:42:05Z,worker-1,monitoring,my-monitoring-prometheus-node-exporter-829wk,node-exporter,0.4,0.2,0.0,0.0,0.0,208.0,3254.0,0.0,0.0,0.0,0.0,0.0,20.0,0.0001386546,normal
2026-06-01T02:42:05Z,worker-1,longhorn-system,csi-resizer-7d9bff5787-242pl,csi-resizer,2.3,2.2,0.0,0.0,0.0,1094.0,996.0,0.0,0.0,0.0,0.0,0.0,233.0,0.0006794715,normal
2026-06-01T02:42:05Z,worker-1,kube-system,tetragon-kl9tz,export-stdout,18.5,17.2,0.0,0.0,0.0,0.0,0.0,0.0,0.0,0.0,0.0,0.0,10.0,0.0003009412,normal
2026-06-01T02:42:15Z,worker-1,gpu-operator,gpu-operator-1764036362-node-feature-discovery-worker-9v5dt,worker,0.6,0.2,0.0,0.0,0.0,222.0,188.0,0.0,0.0,0.0,0.0,0.0,32.0,0.0002007928,normal
2026-06-01T02:42:15Z,worker-1,longhorn-system,longhorn-csi-plugin-t8lpt,longhorn-csi-plugin,2.8,1.2,0.0,0.0,0.0,0.0,0.0,0.0,0.0,0.0,0.0,0.0,84.0,0.0003860565,normal
2026-06-01T02:42:15Z,worker-1,longhorn-system,longhorn-manager-fgsfc,longhorn-manager,114.4,46.7,0.1,0.1,0.0,469384.0,11237.0,0.0,0.0,0.0,0.0,0.0,4623.0,0.0147831294,normal
2026-06-01T02:42:15Z,worker-1,longhorn-system,longhorn-csi-plugin-t8lpt,node-driver-registrar,0.1,0.1,0.0,0.0,0.0,0.0,0.0,0.0,0.0,0.0,0.0,0.0,9.0,3.1489e-05,normal
2026-06-01T02:42:15Z,worker-1,longhorn-system,csi-attacher-896ffc747-rxjjt,csi-attacher,4.0,3.6,0.0,0.0,0.0,1230.0,1013.0,0.0,0.0,0.0,0.0,0.0,313.0,0.0008686272,normal
2026-06-01T02:42:15Z,worker-1,longhorn-system,csi-snapshotter-65884686fc-gjw5g,csi-snapshotter,12.4,12.5,0.0,0.0,0.0,1232.0,1067.0,0.0,0.0,0.0,0.0,0.0,851.0,0.0024272245,normal
2026-06-01T02:42:15Z,worker-1,kube-system,nodelocaldns-zjml5,node-cache,14.0,4.8,0.3,1.1,0.0,5145.0,3785.0,0.0,0.0,0.0,0.0,0.0,738.0,0.0044131886,normal
2026-06-01T02:42:15Z,worker-1,kube-system,kube-ovn-pinger-vfzmn,pinger,50.2,21.8,13.3,0.2,0.0,115803.0,1580.0,0.0,20480.0,0.07289866666666667,17.0,26.0,3779.0,0.0167000789,normal
2026-06-01T02:42:15Z,worker-1,kube-system,tetragon-kl9tz,tetragon,5.3,3.2,0.0,0.0,0.0,17448.0,239.0,0.0,0.0,0.0,0.0,0.0,13049.0,0.0395049706,normal
2026-06-01T02:42:15Z,worker-1,longhorn-system,engine-image-ei-3154f3aa-kvvkq,engine-image-ei-3154f3aa,12.8,1.0,14.4,0.0,0.0,0.0,0.0,0.0,0.0,0.0,10.0,42.0,1071.0,0.0132094379,normal
2026-06-01T02:42:15Z,worker-1,kube-system,kube-proxy-pdwww,kube-proxy,2.7,0.5,0.0,0.0,0.0,17282.0,96.0,0.0,0.0,0.0,0.0,0.0,130.0,0.0003616249,normal
2026-06-01T02:42:15Z,worker-1,longhorn-system,engine-image-ei-843accdd-tx99h,engine-image-ei-843accdd,12.4,1.0,14.0,0.0,0.0,0.0,0.0,0.0,0.0,0.0,10.0,29.0,804.0,0.0098468142,normal
2026-06-01T02:42:15Z,worker-1,kube-system,kube-ovn-cni-cf7cj,cni-server,322.7,23.4,363.7,0.3,0.0,204892.0,1325.0,0.0,0.0,0.0,134.0,180.0,4834.0,0.073308817,normal
2026-06-01T02:42:15Z,worker-1,kube-system,ovs-ovn-w75jd,openvswitch,101.4,62.1,38.0,0.0,0.0,38.0,41.0,0.0,0.0,0.0,52.0,88.0,2039.0,0.0327783035,normal
2026-06-01T02:42:15Z,worker-1,longhorn-system,csi-provisioner-688964c44b-7hv5d,csi-provisioner,33.8,7.2,0.0,0.0,0.0,205951.0,2190.0,0.0,0.0,0.0,0.0,0.0,1325.0,0.0043867402,normal
2026-06-01T02:42:15Z,worker-1,longhorn-system,instance-manager-bacbca1a1c80c6ca28fd5f2d5fd0c24c,instance-manager,193.0,7.3,11.3,0.4,0.0,2972.0,3145.0,0.0,0.0,0.0,6.0,6.0,687.0,0.0066789285,normal
2026-06-01T02:42:15Z,worker-1,ebpf-final,ebpf-collector-5588x,collector,154.2,0.9,143.3,0.1,0.0,211811.0,21142.0,0.0,0.0,0.0,0.0,0.0,163.0,0.0216226146,normal
2026-06-01T02:42:15Z,worker-1,longhorn-system,longhorn-csi-plugin-t8lpt,longhorn-liveness-probe,3.2,2.0,0.0,0.0,0.0,224.0,274.0,0.0,0.0,0.0,0.0,0.0,206.0,0.0008637287,normal
2026-06-01T02:42:15Z,worker-1,monitoring,my-monitoring-prometheus-node-exporter-829wk,node-exporter,178.5,0.8,154.8,0.0,0.0,573.0,26023.0,0.0,0.0,0.0,0.0,0.0,359.0,0.013536547,normal
2026-06-01T02:42:15Z,worker-1,longhorn-system,csi-resizer-7d9bff5787-242pl,csi-resizer,2.3,2.3,0.0,0.0,0.0,1209.0,996.0,0.0,0.0,0.0,0.0,0.0,239.0,0.0007055718,normal
2026-06-01T02:42:15Z,worker-1,kube-system,tetragon-kl9tz,export-stdout,6.0,4.8,0.0,0.0,0.0,0.0,0.0,0.0,0.0,0.0,0.0,0.0,10.0,0.0001262575,normal
2026-06-01T02:42:25Z,worker-1,gpu-operator,gpu-operator-1764036362-node-feature-discovery-worker-9v5dt,worker,294.3,4.3,159.6,0.0,0.0,138017.0,1850.0,0.0,0.0,0.0,0.0,0.0,1715.0,0.0318578908,normal
2026-06-01T02:42:25Z,worker-1,longhorn-system,longhorn-csi-plugin-t8lpt,longhorn-csi-plugin,2.8,1.1,0.0,0.0,0.0,0.0,0.0,0.0,0.0,0.0,0.0,0.0,80.0,0.0003761659,normal
2026-06-01T02:42:25Z,worker-1,longhorn-system,longhorn-manager-fgsfc,longhorn-manager,113.1,43.2,0.1,0.1,0.0,469397.0,11143.0,0.0,0.0,0.0,0.0,0.0,4458.0,0.0140759889,normal
2026-06-01T02:42:25Z,worker-1,longhorn-system,longhorn-csi-plugin-t8lpt,node-driver-registrar,0.1,0.1,0.0,0.0,0.0,0.0,0.0,0.0,0.0,0.0,0.0,0.0,9.0,3.01045e-05,normal
2026-06-01T02:42:25Z,worker-1,longhorn-system,csi-attacher-896ffc747-rxjjt,csi-attacher,3.5,3.2,0.1,0.0,0.0,1112.0,1014.0,0.0,0.0,0.0,0.0,0.0,269.0,0.0007937986,normal
2026-06-01T02:42:25Z,worker-1,longhorn-system,csi-snapshotter-65884686fc-gjw5g,csi-snapshotter,11.4,11.4,0.0,0.0,0.0,1130.0,1032.0,0.0,0.0,0.0,0.0,0.0,824.0,0.0023228503,normal
2026-06-01T02:42:25Z,worker-1,kube-system,nodelocaldns-zjml5,node-cache,13.8,4.7,0.4,1.0,0.0,4922.0,3562.0,0.0,0.0,0.0,0.0,0.0,776.0,0.0040846902,normal
2026-06-01T02:42:25Z,worker-1,kube-system,kube-ovn-pinger-vfzmn,pinger,47.6,20.2,13.2,0.2,0.0,115792.0,1532.0,0.0,12288.0,0.0765395,17.0,26.0,4265.0,0.020963688,normal
2026-06-01T02:42:25Z,worker-1,kube-system,tetragon-kl9tz,tetragon,5.3,3.1,0.0,0.0,0.0,17619.0,239.0,0.0,0.0,0.0,0.0,0.0,13483.0,0.0352695627,normal
2026-06-01T02:42:25Z,worker-1,longhorn-system,engine-image-ei-3154f3aa-kvvkq,engine-image-ei-3154f3aa,12.8,1.0,14.4,0.0,0.0,0.0,0.0,0.0,0.0,0.0,10.0,40.0,1057.0,0.0130727143,normal
2026-06-01T02:42:25Z,worker-1,kube-system,kube-proxy-pdwww,kube-proxy,2.0,0.4,0.0,0.0,0.0,17157.0,96.0,0.0,0.0,0.0,0.0,0.0,72.0,0.0002388332,normal
2026-06-01T02:42:25Z,worker-1,longhorn-system,engine-image-ei-843accdd-tx99h,engine-image-ei-843accdd,12.6,1.0,14.2,0.0,0.0,0.0,0.0,0.0,0.0,0.0,10.0,33.0,915.0,0.0101422654,normal
2026-06-01T02:42:25Z,worker-1,kube-system,kube-ovn-cni-cf7cj,cni-server,371.7,27.5,441.0,0.3,0.0,204477.0,1200.0,0.0,0.0,0.0,170.0,224.0,5178.0,0.0846712767,normal
2026-06-01T02:42:25Z,worker-1,kube-system,ovs-ovn-w75jd,openvswitch,101.6,62.5,38.1,0.0,0.0,38.0,41.0,0.0,0.0,0.0,52.0,88.0,2015.0,0.0313575779,normal
2026-06-01T02:42:25Z,worker-1,longhorn-system,csi-provisioner-688964c44b-7hv5d,csi-provisioner,35.3,8.1,0.1,0.0,0.0,205565.0,2190.0,0.0,0.0,0.0,0.0,0.0,1326.0,0.0041808224,normal
2026-06-01T02:42:25Z,worker-1,longhorn-system,instance-manager-bacbca1a1c80c6ca28fd5f2d5fd0c24c,instance-manager,192.9,7.5,11.3,0.4,0.0,2972.0,3145.0,0.0,0.0,0.0,6.0,6.0,677.0,0.007146898,normal
2026-06-01T02:42:25Z,worker-1,ebpf-final,ebpf-collector-5588x,collector,0.2,0.7,0.3,0.1,0.0,10868.0,15678.0,0.0,0.0,0.0,0.0,0.0,9.0,0.0015295869,normal
2026-06-01T02:42:25Z,worker-1,longhorn-system,longhorn-csi-plugin-t8lpt,longhorn-liveness-probe,2.9,1.8,0.0,0.0,0.0,224.0,274.0,0.0,0.0,0.0,0.0,0.0,197.0,0.0008647264,normal
2026-06-01T02:42:25Z,worker-1,monitoring,my-monitoring-prometheus-node-exporter-829wk,node-exporter,0.3,0.2,0.0,0.0,0.0,208.0,3254.0,0.0,0.0,0.0,0.0,0.0,19.0,0.0001577328,normal
2026-06-01T02:42:25Z,worker-1,longhorn-system,csi-resizer-7d9bff5787-242pl,csi-resizer,2.3,1.7,0.1,0.0,0.0,1129.0,996.0,0.0,0.0,0.0,0.0,0.0,244.0,0.0015273998,normal
2026-06-01T02:42:25Z,worker-1,kube-system,tetragon-kl9tz,export-stdout,6.1,4.8,0.0,0.0,0.0,0.0,0.0,0.0,0.0,0.0,0.0,0.0,10.0,0.0001266839,normal
2026-06-01T02:42:35Z,worker-1,gpu-operator,gpu-operator-1764036362-node-feature-discovery-worker-9v5dt,worker,0.6,0.3,0.0,0.0,0.0,222.0,188.0,0.0,0.0,0.0,0.0,0.0,33.0,0.0001887828,normal
2026-06-01T02:42:35Z,worker-1,longhorn-system,longhorn-csi-plugin-t8lpt,longhorn-csi-plugin,2.9,1.2,0.0,0.0,0.0,0.0,0.0,0.0,0.0,0.0,0.0,0.0,144.0,0.0017809006,normal
2026-06-01T02:42:35Z,worker-1,longhorn-system,longhorn-manager-fgsfc,longhorn-manager,167.2,51.5,14.8,0.3,0.0,479546.0,21930.0,0.0,0.0,0.0,2.0,8.0,5473.0,0.0223340011,normal
2026-06-01T02:42:35Z,worker-1,longhorn-system,longhorn-csi-plugin-t8lpt,node-driver-registrar,0.1,0.1,0.0,0.0,0.0,0.0,0.0,0.0,0.0,0.0,0.0,0.0,9.0,3.45896e-05,normal
2026-06-01T02:42:35Z,worker-1,longhorn-system,csi-attacher-896ffc747-rxjjt,csi-attacher,3.2,3.2,0.0,0.0,0.0,1228.0,1049.0,0.0,0.0,0.0,0.0,0.0,275.0,0.0008125618,normal
2026-06-01T02:42:35Z,worker-1,longhorn-system,csi-snapshotter-65884686fc-gjw5g,csi-snapshotter,10.5,10.0,0.1,0.0,0.0,1252.0,1073.0,0.0,0.0,0.0,0.0,0.0,861.0,0.0036597595,normal
2026-06-01T02:42:35Z,worker-1,kube-system,nodelocaldns-zjml5,node-cache,13.2,4.3,0.3,1.0,0.0,4922.0,3562.0,0.0,0.0,0.0,0.0,0.0,770.0,0.0038982255,normal
2026-06-01T02:42:35Z,worker-1,kube-system,kube-ovn-pinger-vfzmn,pinger,52.5,22.4,13.2,0.2,0.0,115846.0,1580.0,0.0,12288.0,0.0725755,17.0,26.0,3398.0,0.0187234511,normal
2026-06-01T02:42:35Z,worker-1,kube-system,tetragon-kl9tz,tetragon,6.0,5.3,0.0,0.0,0.0,17595.0,239.0,0.0,0.0,0.0,0.0,0.0,12469.0,0.0416385716,normal
2026-06-01T02:42:35Z,worker-1,longhorn-system,engine-image-ei-3154f3aa-kvvkq,engine-image-ei-3154f3aa,12.8,1.0,14.4,0.0,0.0,0.0,0.0,0.0,0.0,0.0,10.0,41.0,1135.0,0.0132550014,normal
2026-06-01T02:42:35Z,worker-1,kube-system,kube-proxy-pdwww,kube-proxy,1.8,0.4,0.0,0.0,0.0,17157.0,96.0,0.0,0.0,0.0,0.0,0.0,86.0,0.0002383523,normal
2026-06-01T02:42:35Z,worker-1,longhorn-system,engine-image-ei-843accdd-tx99h,engine-image-ei-843accdd,12.6,1.0,14.2,0.0,0.0,0.0,0.0,0.0,0.0,0.0,10.0,35.0,1024.0,0.0108114127,normal
2026-06-01T02:42:35Z,worker-1,kube-system,kube-ovn-cni-cf7cj,cni-server,320.2,22.6,362.8,0.2,0.0,204477.0,1200.0,0.0,0.0,0.0,133.0,165.0,4141.0,0.0671832869,normal
2026-06-01T02:42:35Z,worker-1,kube-system,ovs-ovn-w75jd,openvswitch,100.6,60.7,37.9,0.0,0.0,38.0,41.0,0.0,0.0,0.0,52.0,88.0,2136.0,0.0331092678,normal
2026-06-01T02:42:35Z,worker-1,longhorn-system,csi-provisioner-688964c44b-7hv5d,csi-provisioner,33.7,6.8,0.0,0.0,0.0,205981.0,2190.0,0.0,0.0,0.0,0.0,0.0,1393.0,0.0059349226,normal
2026-06-01T02:42:35Z,worker-1,longhorn-system,instance-manager-bacbca1a1c80c6ca28fd5f2d5fd0c24c,instance-manager,203.3,9.7,12.4,0.4,0.0,3862.0,3817.0,0.0,0.0,0.0,7.0,7.0,880.0,0.0097818043,normal
2026-06-01T02:42:35Z,worker-1,ebpf-final,ebpf-collector-5588x,collector,0.2,0.7,0.3,0.1,0.0,11916.0,17188.0,0.0,0.0,0.0,0.0,0.0,11.0,0.0018561787,normal
2026-06-01T02:42:35Z,worker-1,longhorn-system,longhorn-csi-plugin-t8lpt,longhorn-liveness-probe,2.7,1.8,0.0,0.0,0.0,224.0,274.0,0.0,0.0,0.0,0.0,0.0,246.0,0.0018981112,normal
2026-06-01T02:42:35Z,worker-1,monitoring,my-monitoring-prometheus-node-exporter-829wk,node-exporter,0.4,0.2,0.0,0.0,0.0,208.0,3254.0,0.0,0.0,0.0,0.0,0.0,23.0,0.0001594051,normal
2026-06-01T02:42:35Z,worker-1,longhorn-system,csi-resizer-7d9bff5787-242pl,csi-resizer,1.9,1.8,0.0,0.0,0.0,1094.0,996.0,0.0,0.0,0.0,0.0,0.0,232.0,0.0006886222,normal
2026-06-01T02:42:35Z,worker-1,kube-system,tetragon-kl9tz,export-stdout,18.0,16.6,0.0,0.0,0.0,0.0,0.0,0.0,0.0,0.0,0.0,0.0,10.0,0.0001924037,normal
2026-06-01T02:42:46Z,worker-1,gpu-operator,gpu-operator-1764036362-node-feature-discovery-worker-9v5dt,worker,0.5,0.2,0.0,0.0,0.0,222.0,188.0,0.0,0.0,0.0,0.0,0.0,36.0,0.0002191462,normal
2026-06-01T02:42:46Z,worker-1,longhorn-system,longhorn-csi-plugin-t8lpt,longhorn-csi-plugin,2.8,1.2,0.0,0.0,0.0,0.0,0.0,0.0,0.0,0.0,0.0,0.0,83.0,0.0003813601,normal
2026-06-01T02:42:46Z,worker-1,longhorn-system,longhorn-manager-fgsfc,longhorn-manager,118.2,46.9,0.2,0.1,0.0,469454.0,12276.0,0.0,0.0,0.0,0.0,0.0,4549.0,0.0143971091,normal
2026-06-01T02:42:46Z,worker-1,longhorn-system,longhorn-csi-plugin-t8lpt,node-driver-registrar,0.1,0.1,0.0,0.0,0.0,0.0,0.0,0.0,0.0,0.0,0.0,0.0,9.0,3.09716e-05,normal
2026-06-01T02:42:46Z,worker-1,longhorn-system,csi-attacher-896ffc747-rxjjt,csi-attacher,3.2,2.8,0.0,0.0,0.0,1172.0,1014.0,0.0,0.0,0.0,0.0,0.0,275.0,0.0008081477,normal
2026-06-01T02:42:46Z,worker-1,longhorn-system,csi-snapshotter-65884686fc-gjw5g,csi-snapshotter,8.8,8.1,0.1,0.0,0.0,1308.0,1073.0,0.0,0.0,0.0,0.0,0.0,827.0,0.0024508868,normal
2026-06-01T02:42:46Z,worker-1,kube-system,nodelocaldns-zjml5,node-cache,28.7,5.7,37.6,1.0,0.0,5033.0,3699.0,0.0,0.0,0.0,12.0,12.0,851.0,0.0078462728,normal
2026-06-01T02:42:46Z,worker-1,kube-system,kube-ovn-pinger-vfzmn,pinger,50.1,21.0,13.2,0.2,0.0,115855.0,1580.0,0.0,12288.0,0.063776,17.0,26.0,4027.0,0.0194617581,normal
2026-06-01T02:42:46Z,worker-1,kube-system,tetragon-kl9tz,tetragon,5.5,3.4,0.0,0.0,0.0,17587.0,239.0,0.0,0.0,0.0,0.0,0.0,13793.0,0.0414577028,normal
2026-06-01T02:42:46Z,worker-1,longhorn-system,engine-image-ei-3154f3aa-kvvkq,engine-image-ei-3154f3aa,12.7,1.0,14.3,0.0,0.0,0.0,0.0,0.0,0.0,0.0,10.0,39.0,1093.0,0.0132212434,normal
2026-06-01T02:42:46Z,worker-1,kube-system,kube-proxy-pdwww,kube-proxy,1.8,0.3,0.0,0.0,0.0,17418.0,96.0,0.0,0.0,0.0,0.0,0.0,88.0,0.0003119819,normal
2026-06-01T02:42:46Z,worker-1,longhorn-system,engine-image-ei-843accdd-tx99h,engine-image-ei-843accdd,12.4,1.0,14.0,0.0,0.0,0.0,0.0,0.0,0.0,0.0,10.0,25.0,688.0,0.0088167418,normal
2026-06-01T02:42:46Z,worker-1,kube-system,kube-ovn-cni-cf7cj,cni-server,322.0,23.4,362.9,0.4,0.0,204477.0,1200.0,0.0,0.0,0.0,133.0,194.0,5274.0,0.080321029,normal
2026-06-01T02:42:46Z,worker-1,kube-system,ovs-ovn-w75jd,openvswitch,104.2,66.3,38.3,0.0,0.0,38.0,41.0,0.0,0.0,0.0,52.0,88.0,1978.0,0.0324981292,normal
2026-06-01T02:42:46Z,worker-1,longhorn-system,csi-provisioner-688964c44b-7hv5d,csi-provisioner,32.8,7.2,0.0,0.0,0.0,205591.0,2190.0,0.0,0.0,0.0,0.0,0.0,1312.0,0.0042174664,normal
2026-06-01T02:42:46Z,worker-1,longhorn-system,instance-manager-bacbca1a1c80c6ca28fd5f2d5fd0c24c,instance-manager,193.1,7.3,11.3,0.4,0.0,2972.0,3145.0,0.0,0.0,0.0,6.0,6.0,648.0,0.0065017734,normal
2026-06-01T02:42:46Z,worker-1,ebpf-final,ebpf-collector-5588x,collector,154.4,0.9,143.4,0.1,0.0,210767.0,19629.0,0.0,0.0,0.0,0.0,0.0,164.0,0.020456825,normal
2026-06-01T02:42:46Z,worker-1,longhorn-system,longhorn-csi-plugin-t8lpt,longhorn-liveness-probe,3.0,1.9,0.0,0.0,0.0,224.0,274.0,0.0,0.0,0.0,0.0,0.0,202.0,0.0008643518,normal
2026-06-01T02:42:46Z,worker-1,monitoring,my-monitoring-prometheus-node-exporter-829wk,node-exporter,178.4,0.8,154.8,0.0,0.0,573.0,26039.0,0.0,0.0,0.0,0.0,0.0,184.0,0.0109891338,normal
2026-06-01T02:42:46Z,worker-1,longhorn-system,csi-resizer-7d9bff5787-242pl,csi-resizer,2.1,1.8,0.0,0.0,0.0,1217.0,1031.0,0.0,0.0,0.0,0.0,0.0,268.0,0.0007516122,normal
2026-06-01T02:42:46Z,worker-1,kube-system,tetragon-kl9tz,export-stdout,6.1,4.8,0.0,0.0,0.0,0.0,0.0,0.0,0.0,0.0,0.0,0.0,11.0,0.0001399369,normal
2026-06-01T02:42:56Z,worker-1,gpu-operator,gpu-operator-1764036362-node-feature-discovery-worker-9v5dt,worker,0.9,0.4,0.0,0.0,0.0,261.0,227.0,0.0,0.0,0.0,0.0,0.0,96.0,0.0003018797,normal
2026-06-01T02:42:56Z,worker-1,longhorn-system,longhorn-csi-plugin-t8lpt,longhorn-csi-plugin,2.8,1.2,0.0,0.0,0.0,0.0,0.0,0.0,0.0,0.0,0.0,0.0,82.0,0.0003668447,normal
2026-06-01T02:42:56Z,worker-1,longhorn-system,longhorn-manager-fgsfc,longhorn-manager,119.0,47.6,0.3,0.1,0.0,468984.0,11290.0,0.0,0.0,0.0,0.0,0.0,4668.0,0.0149033844,normal
2026-06-01T02:42:56Z,worker-1,longhorn-system,longhorn-csi-plugin-t8lpt,node-driver-registrar,0.1,0.1,0.0,0.0,0.0,0.0,0.0,0.0,0.0,0.0,0.0,0.0,9.0,2.92943e-05,normal
2026-06-01T02:42:56Z,worker-1,longhorn-system,csi-attacher-896ffc747-rxjjt,csi-attacher,3.8,3.4,0.0,0.0,0.0,1248.0,1014.0,0.0,0.0,0.0,0.0,0.0,285.0,0.0008675308,normal
2026-06-01T02:42:56Z,worker-1,longhorn-system,csi-snapshotter-65884686fc-gjw5g,csi-snapshotter,11.2,11.1,0.0,0.0,0.0,1133.0,1034.0,0.0,0.0,0.0,0.0,0.0,763.0,0.0022010233,normal
2026-06-01T02:42:56Z,worker-1,kube-system,nodelocaldns-zjml5,node-cache,9.5,3.2,0.3,1.0,0.0,3059.0,2774.0,0.0,0.0,0.0,0.0,0.0,494.0,0.0027828919,normal
2026-06-01T02:42:56Z,worker-1,kube-system,kube-ovn-pinger-vfzmn,pinger,45.9,16.8,13.2,0.2,0.0,115853.0,1580.0,0.0,8192.0,0.077451,17.0,26.0,3090.0,0.0145033221,normal
2026-06-01T02:42:56Z,worker-1,kube-system,tetragon-kl9tz,tetragon,7.6,3.9,0.4,0.0,0.0,17813.0,21426.0,0.0,0.0,0.0,0.0,0.0,12677.0,0.0350663342,normal
2026-06-01T02:42:56Z,worker-1,longhorn-system,engine-image-ei-3154f3aa-kvvkq,engine-image-ei-3154f3aa,12.8,1.0,14.4,0.0,0.0,0.0,0.0,0.0,0.0,0.0,10.0,41.0,1095.0,0.013157517,normal
2026-06-01T02:42:56Z,worker-1,kube-system,kube-proxy-pdwww,kube-proxy,2.6,0.4,0.0,0.0,0.0,17283.0,96.0,0.0,0.0,0.0,0.0,0.0,103.0,0.0002603507,normal
2026-06-01T02:42:56Z,worker-1,longhorn-system,engine-image-ei-843accdd-tx99h,engine-image-ei-843accdd,12.7,1.0,14.3,0.0,0.0,0.0,0.0,0.0,0.0,0.0,10.0,35.0,968.0,0.0109027325,normal
2026-06-01T02:42:56Z,worker-1,kube-system,kube-ovn-cni-cf7cj,cni-server,343.6,24.4,397.7,0.2,0.0,204912.0,1200.0,0.0,0.0,0.0,153.0,184.0,4618.0,0.0729539058,normal
2026-06-01T02:42:56Z,worker-1,kube-system,ovs-ovn-w75jd,openvswitch,100.3,61.3,37.9,0.0,0.0,38.0,41.0,0.0,0.0,0.0,52.0,88.0,1979.0,0.030389937,normal
2026-06-01T02:42:56Z,worker-1,longhorn-system,csi-provisioner-688964c44b-7hv5d,csi-provisioner,34.7,8.2,0.0,0.0,0.0,205689.0,2190.0,0.0,0.0,0.0,0.0,0.0,1300.0,0.0042736462,normal
2026-06-01T02:42:56Z,worker-1,longhorn-system,instance-manager-bacbca1a1c80c6ca28fd5f2d5fd0c24c,instance-manager,193.0,7.8,11.3,0.4,0.0,2972.0,3145.0,0.0,0.0,0.0,6.0,6.0,717.0,0.0067327722,normal
2026-06-01T02:42:56Z,worker-1,ebpf-final,ebpf-collector-5588x,collector,0.2,0.7,0.3,0.1,0.0,11561.0,16681.0,0.0,0.0,0.0,0.0,0.0,11.0,0.0005796246,normal
2026-06-01T02:42:56Z,worker-1,longhorn-system,longhorn-csi-plugin-t8lpt,longhorn-liveness-probe,3.2,2.1,0.0,0.0,0.0,224.0,274.0,0.0,0.0,0.0,0.0,0.0,210.0,0.0008618094,normal
2026-06-01T02:42:56Z,worker-1,monitoring,my-monitoring-prometheus-node-exporter-829wk,node-exporter,0.3,0.2,0.0,0.0,0.0,208.0,3254.0,0.0,0.0,0.0,0.0,0.0,20.0,0.0001487254,normal
2026-06-01T02:42:56Z,worker-1,longhorn-system,csi-resizer-7d9bff5787-242pl,csi-resizer,2.1,1.7,0.0,0.0,0.0,1219.0,996.0,0.0,0.0,0.0,0.0,0.0,257.0,0.0007131216,normal
2026-06-01T02:42:56Z,worker-1,kube-system,tetragon-kl9tz,export-stdout,6.0,4.8,0.0,0.0,0.0,0.0,0.0,0.0,0.0,0.0,0.0,0.0,10.0,0.0001282454,normal
2026-06-01T02:43:06Z,worker-1,gpu-operator,gpu-operator-1764036362-node-feature-discovery-worker-9v5dt,worker,0.6,0.2,0.0,0.0,0.0,222.0,188.0,0.0,0.0,0.0,0.0,0.0,35.0,0.0002094291,normal
2026-06-01T02:43:06Z,worker-1,longhorn-system,longhorn-csi-plugin-t8lpt,longhorn-csi-plugin,2.9,1.2,0.0,0.0,0.0,0.0,0.0,0.0,0.0,0.0,0.0,0.0,82.0,0.0003681809,normal
2026-06-01T02:43:06Z,worker-1,longhorn-system,longhorn-manager-fgsfc,longhorn-manager,163.8,49.2,14.7,0.3,0.0,482502.0,24298.0,0.0,0.0,0.0,2.0,11.0,5262.0,0.0216699131,normal
2026-06-01T02:43:06Z,worker-1,longhorn-system,longhorn-csi-plugin-t8lpt,node-driver-registrar,0.1,0.1,0.0,0.0,0.0,0.0,0.0,0.0,0.0,0.0,0.0,0.0,9.0,3.14327e-05,normal
2026-06-01T02:43:06Z,worker-1,longhorn-system,csi-attacher-896ffc747-rxjjt,csi-attacher,3.4,2.9,0.0,0.0,0.0,1237.0,1014.0,0.0,0.0,0.0,0.0,0.0,295.0,0.0008384086,normal
2026-06-01T02:43:06Z,worker-1,longhorn-system,csi-snapshotter-65884686fc-gjw5g,csi-snapshotter,8.0,7.9,0.0,0.0,0.0,1144.0,1069.0,0.0,0.0,0.0,0.0,0.0,739.0,0.0022004783,normal
2026-06-01T02:43:06Z,worker-1,kube-system,nodelocaldns-zjml5,node-cache,14.1,4.6,0.3,1.3,0.0,5145.0,3785.0,0.0,0.0,0.0,0.0,0.0,755.0,0.0040706229,normal
2026-06-01T02:43:06Z,worker-1,kube-system,kube-ovn-pinger-vfzmn,pinger,48.9,19.0,13.3,0.2,0.0,115953.0,1580.0,0.0,12288.0,0.061537,17.0,26.0,3504.0,0.0177612852,normal
2026-06-01T02:43:06Z,worker-1,kube-system,tetragon-kl9tz,tetragon,5.4,5.1,0.0,0.0,0.0,17609.0,239.0,0.0,0.0,0.0,0.0,0.0,13212.0,0.0414031029,normal
2026-06-01T02:43:06Z,worker-1,longhorn-system,engine-image-ei-3154f3aa-kvvkq,engine-image-ei-3154f3aa,12.7,1.0,14.3,0.0,0.0,0.0,0.0,0.0,0.0,0.0,10.0,38.0,1103.0,0.0121967122,normal
2026-06-01T02:43:06Z,worker-1,kube-system,kube-proxy-pdwww,kube-proxy,1.8,0.4,0.0,0.0,0.0,17157.0,96.0,0.0,0.0,0.0,0.0,0.0,89.0,0.0002650335,normal
2026-06-01T02:43:06Z,worker-1,longhorn-system,engine-image-ei-843accdd-tx99h,engine-image-ei-843accdd,12.7,1.0,14.3,0.0,0.0,0.0,0.0,0.0,0.0,0.0,10.0,32.0,860.0,0.0104274802,normal
2026-06-01T02:43:06Z,worker-1,kube-system,kube-ovn-cni-cf7cj,cni-server,352.4,25.9,406.9,0.4,0.0,204902.0,1349.0,0.0,0.0,0.0,151.0,213.0,5416.0,0.0839849803,normal
2026-06-01T02:43:06Z,worker-1,kube-system,ovs-ovn-w75jd,openvswitch,99.6,61.7,38.2,0.0,0.0,38.0,41.0,0.0,0.0,0.0,52.0,88.0,2017.0,0.03111944,normal
2026-06-01T02:43:06Z,worker-1,longhorn-system,csi-provisioner-688964c44b-7hv5d,csi-provisioner,34.8,6.9,0.0,0.0,0.0,205809.0,2190.0,0.0,0.0,0.0,0.0,0.0,1390.0,0.006561856,normal
2026-06-01T02:43:06Z,worker-1,longhorn-system,instance-manager-bacbca1a1c80c6ca28fd5f2d5fd0c24c,instance-manager,207.6,11.4,12.4,0.5,0.0,4947.0,5537.0,0.0,0.0,0.0,7.0,7.0,952.0,0.0099703991,normal
2026-06-01T02:43:06Z,worker-1,ebpf-final,ebpf-collector-5588x,collector,0.2,0.8,0.3,0.1,0.0,12252.0,17678.0,0.0,0.0,0.0,0.0,0.0,11.0,0.0010786056,normal
2026-06-01T02:43:06Z,worker-1,longhorn-system,longhorn-csi-plugin-t8lpt,longhorn-liveness-probe,2.9,1.8,0.0,0.0,0.0,224.0,274.0,0.0,0.0,0.0,0.0,0.0,169.0,0.0007435417,normal
2026-06-01T02:43:06Z,worker-1,monitoring,my-monitoring-prometheus-node-exporter-829wk,node-exporter,0.3,0.2,0.0,0.0,0.0,208.0,3254.0,0.0,0.0,0.0,0.0,0.0,18.0,0.0001324962,normal
2026-06-01T02:43:06Z,worker-1,longhorn-system,csi-resizer-7d9bff5787-242pl,csi-resizer,2.5,2.4,0.0,0.0,0.0,1094.0,996.0,0.0,0.0,0.0,0.0,0.0,239.0,0.0007055636,normal
2026-06-01T02:43:06Z,worker-1,kube-system,tetragon-kl9tz,export-stdout,18.6,17.2,0.0,0.0,0.0,0.0,0.0,0.0,0.0,0.0,0.0,0.0,10.0,0.0002911305,normal
2026-06-01T02:43:16Z,worker-1,gpu-operator,gpu-operator-1764036362-node-feature-discovery-worker-9v5dt,worker,0.4,0.2,0.0,0.0,0.0,222.0,188.0,0.0,0.0,0.0,0.0,0.0,36.0,0.0002199624,normal
2026-06-01T02:43:16Z,worker-1,longhorn-system,longhorn-csi-plugin-t8lpt,longhorn-csi-plugin,2.6,1.1,0.0,0.0,0.0,0.0,0.0,0.0,0.0,0.0,0.0,0.0,120.0,0.0004338529,normal
2026-06-01T02:43:16Z,worker-1,longhorn-system,longhorn-manager-fgsfc,longhorn-manager,117.9,48.2,0.1,0.1,0.0,469652.0,11232.0,0.0,0.0,0.0,0.0,0.0,4600.0,0.0147075887,normal
2026-06-01T02:43:16Z,worker-1,longhorn-system,longhorn-csi-plugin-t8lpt,node-driver-registrar,0.1,0.1,0.0,0.0,0.0,0.0,0.0,0.0,0.0,0.0,0.0,0.0,9.0,3.00593e-05,normal
2026-06-01T02:43:16Z,worker-1,longhorn-system,csi-attacher-896ffc747-rxjjt,csi-attacher,3.9,3.4,0.1,0.0,0.0,1228.0,1049.0,0.0,0.0,0.0,0.0,0.0,293.0,0.0009079306,normal
2026-06-01T02:43:16Z,worker-1,longhorn-system,csi-snapshotter-65884686fc-gjw5g,csi-snapshotter,9.8,9.7,0.0,0.0,0.0,1132.0,1034.0,0.0,0.0,0.0,0.0,0.0,840.0,0.0023210278,normal
2026-06-01T02:43:16Z,worker-1,kube-system,nodelocaldns-zjml5,node-cache,13.2,4.1,0.4,1.0,0.0,4922.0,3562.0,0.0,0.0,0.0,0.0,0.0,791.0,0.0040514579,normal
2026-06-01T02:43:16Z,worker-1,kube-system,kube-ovn-pinger-vfzmn,pinger,48.7,19.7,13.2,0.2,0.0,115817.0,1580.0,0.0,12288.0,0.067826,17.0,26.0,3349.0,0.0176585307,normal
2026-06-01T02:43:16Z,worker-1,kube-system,tetragon-kl9tz,tetragon,5.5,3.4,0.0,0.0,0.0,17448.0,239.0,0.0,0.0,0.0,0.0,0.0,12336.0,0.0323011093,normal
2026-06-01T02:43:16Z,worker-1,longhorn-system,engine-image-ei-3154f3aa-kvvkq,engine-image-ei-3154f3aa,12.8,1.0,14.4,0.0,0.0,0.0,0.0,0.0,0.0,0.0,10.0,39.0,1081.0,0.0135429182,normal
2026-06-01T02:43:16Z,worker-1,kube-system,kube-proxy-pdwww,kube-proxy,2.2,0.3,0.0,0.0,0.0,17282.0,96.0,0.0,0.0,0.0,0.0,0.0,120.0,0.0003415656,normal
2026-06-01T02:43:16Z,worker-1,longhorn-system,engine-image-ei-843accdd-tx99h,engine-image-ei-843accdd,12.4,1.0,14.0,0.0,0.0,0.0,0.0,0.0,0.0,0.0,10.0,26.0,670.0,0.008897329,normal
2026-06-01T02:43:16Z,worker-1,kube-system,kube-ovn-cni-cf7cj,cni-server,317.8,22.2,361.1,0.2,0.0,204773.0,1200.0,0.0,0.0,0.0,131.0,163.0,4136.0,0.0635587267,normal
2026-06-01T02:43:16Z,worker-1,kube-system,ovs-ovn-w75jd,openvswitch,96.1,56.5,37.9,0.0,0.0,38.0,41.0,0.0,0.0,0.0,52.0,88.0,1777.0,0.0306013489,normal
2026-06-01T02:43:16Z,worker-1,longhorn-system,csi-provisioner-688964c44b-7hv5d,csi-provisioner,36.0,7.1,0.2,0.0,0.0,206296.0,2456.0,0.0,0.0,0.0,0.0,0.0,1474.0,0.0045720628,normal
2026-06-01T02:43:16Z,worker-1,longhorn-system,instance-manager-bacbca1a1c80c6ca28fd5f2d5fd0c24c,instance-manager,192.6,7.2,11.3,0.4,0.0,2972.0,3145.0,0.0,0.0,0.0,6.0,6.0,626.0,0.0068685337,normal
2026-06-01T02:43:16Z,worker-1,ebpf-final,ebpf-collector-5588x,collector,153.7,0.9,143.3,0.1,0.0,210427.0,19122.0,0.0,0.0,0.0,0.0,0.0,161.0,0.0213733955,normal
2026-06-01T02:43:16Z,worker-1,longhorn-system,longhorn-csi-plugin-t8lpt,longhorn-liveness-probe,2.6,1.7,0.0,0.0,0.0,224.0,274.0,0.0,0.0,0.0,0.0,0.0,222.0,0.0018179033,normal
2026-06-01T02:43:16Z,worker-1,monitoring,my-monitoring-prometheus-node-exporter-829wk,node-exporter,178.6,0.8,154.8,0.0,0.0,573.0,26103.0,0.0,0.0,0.0,0.0,0.0,337.0,0.0119471128,normal
2026-06-01T02:43:16Z,worker-1,longhorn-system,csi-resizer-7d9bff5787-242pl,csi-resizer,3.0,2.4,0.1,0.0,0.0,1157.0,994.0,0.0,0.0,0.0,0.0,0.0,236.0,0.000736317,normal
2026-06-01T02:43:16Z,worker-1,kube-system,tetragon-kl9tz,export-stdout,6.1,4.8,0.0,0.0,0.0,0.0,0.0,0.0,0.0,0.0,0.0,0.0,10.0,0.0001366176,normal
2026-06-01T02:43:26Z,worker-1,gpu-operator,gpu-operator-1764036362-node-feature-discovery-worker-9v5dt,worker,296.5,4.5,159.6,0.0,0.0,138029.0,1850.0,0.0,0.0,0.0,0.0,0.0,2052.0,0.0281293741,normal
2026-06-01T02:43:26Z,worker-1,longhorn-system,longhorn-csi-plugin-t8lpt,longhorn-csi-plugin,2.9,1.3,0.0,0.0,0.0,0.0,0.0,0.0,0.0,0.0,0.0,0.0,89.0,0.0004023229,normal
2026-06-01T02:43:26Z,worker-1,longhorn-system,longhorn-manager-fgsfc,longhorn-manager,154.5,44.5,12.6,0.1,0.0,473349.0,15725.0,0.0,0.0,0.0,0.0,0.0,4416.0,0.0156064825,normal
2026-06-01T02:43:26Z,worker-1,longhorn-system,longhorn-csi-plugin-t8lpt,node-driver-registrar,0.1,0.1,0.0,0.0,0.0,0.0,0.0,0.0,0.0,0.0,0.0,0.0,9.0,3.04524e-05,normal
2026-06-01T02:43:26Z,worker-1,longhorn-system,csi-attacher-896ffc747-rxjjt,csi-attacher,3.0,2.7,0.0,0.0,0.0,1113.0,1014.0,0.0,0.0,0.0,0.0,0.0,268.0,0.0008847669,normal
2026-06-01T02:43:26Z,worker-1,longhorn-system,csi-snapshotter-65884686fc-gjw5g,csi-snapshotter,8.5,8.0,0.1,0.0,0.0,1345.0,1073.0,0.0,0.0,0.0,0.0,0.0,791.0,0.0022639582,normal
2026-06-01T02:43:26Z,worker-1,kube-system,nodelocaldns-zjml5,node-cache,13.1,4.2,0.3,1.0,0.0,4922.0,3483.0,0.0,0.0,0.0,0.0,0.0,728.0,0.0037837217,normal
2026-06-01T02:43:26Z,worker-1,kube-system,kube-ovn-pinger-vfzmn,pinger,43.9,17.8,13.2,0.2,0.0,83904.0,1205.0,0.0,12288.0,0.078416,17.0,26.0,2980.0,0.0136525098,normal
2026-06-01T02:43:26Z,worker-1,kube-system,tetragon-kl9tz,tetragon,5.4,3.2,0.0,0.0,0.0,17619.0,239.0,0.0,0.0,0.0,0.0,0.0,12813.0,0.0393973905,normal
2026-06-01T02:43:26Z,worker-1,longhorn-system,engine-image-ei-3154f3aa-kvvkq,engine-image-ei-3154f3aa,12.8,1.0,14.4,0.0,0.0,0.0,0.0,0.0,0.0,0.0,10.0,41.0,1013.0,0.0122871799,normal
2026-06-01T02:43:26Z,worker-1,kube-system,kube-proxy-pdwww,kube-proxy,2.3,0.4,0.0,0.0,0.0,17157.0,96.0,0.0,0.0,0.0,0.0,0.0,87.0,0.0002273419,normal
2026-06-01T02:43:26Z,worker-1,longhorn-system,engine-image-ei-843accdd-tx99h,engine-image-ei-843accdd,12.8,1.0,14.4,0.0,0.0,0.0,0.0,0.0,0.0,0.0,10.0,36.0,964.0,0.0104148739,normal
2026-06-01T02:43:26Z,worker-1,kube-system,kube-ovn-cni-cf7cj,cni-server,322.7,23.6,363.2,0.4,0.0,204477.0,1200.0,0.0,0.0,0.0,135.0,196.0,5119.0,0.0802375868,normal
2026-06-01T02:43:26Z,worker-1,kube-system,ovs-ovn-w75jd,openvswitch,100.5,60.7,38.2,0.0,0.0,38.0,41.0,0.0,0.0,0.0,52.0,88.0,1884.0,0.0302936671,normal
2026-06-01T02:43:26Z,worker-1,longhorn-system,csi-provisioner-688964c44b-7hv5d,csi-provisioner,35.8,7.1,0.0,0.0,0.0,205598.0,2188.0,0.0,0.0,0.0,0.0,0.0,1265.0,0.0038550625,normal
2026-06-01T02:43:26Z,worker-1,longhorn-system,instance-manager-bacbca1a1c80c6ca28fd5f2d5fd0c24c,instance-manager,192.6,7.4,11.3,0.4,0.0,2998.0,3171.0,0.0,0.0,0.0,6.0,6.0,779.0,0.0084985453,normal
2026-06-01T02:43:26Z,worker-1,ebpf-final,ebpf-collector-5588x,collector,0.2,0.7,0.3,0.1,0.0,11901.0,17177.0,0.0,0.0,0.0,0.0,0.0,11.0,0.0013687233,normal
2026-06-01T02:43:26Z,worker-1,longhorn-system,longhorn-csi-plugin-t8lpt,longhorn-liveness-probe,3.1,2.0,0.0,0.0,0.0,224.0,274.0,0.0,0.0,0.0,0.0,0.0,175.0,0.0008510293,normal
2026-06-01T02:43:26Z,worker-1,monitoring,my-monitoring-prometheus-node-exporter-829wk,node-exporter,0.2,0.2,0.0,0.0,0.0,208.0,3254.0,0.0,0.0,0.0,0.0,0.0,18.0,0.000146603,normal
2026-06-01T02:43:26Z,worker-1,longhorn-system,csi-resizer-7d9bff5787-242pl,csi-resizer,2.5,2.3,0.0,0.0,0.0,1092.0,994.0,0.0,0.0,0.0,0.0,0.0,255.0,0.000795008,normal
2026-06-01T02:43:26Z,worker-1,kube-system,tetragon-kl9tz,export-stdout,6.1,4.8,0.0,0.0,0.0,0.0,0.0,0.0,0.0,0.0,0.0,0.0,10.0,0.0001252879,normal
2026-06-01T02:43:36Z,worker-1,gpu-operator,gpu-operator-1764036362-node-feature-discovery-worker-9v5dt,worker,0.5,0.2,0.0,0.0,0.0,222.0,188.0,0.0,0.0,0.0,0.0,0.0,35.0,0.0002051805,normal
2026-06-01T02:43:36Z,worker-1,longhorn-system,longhorn-csi-plugin-t8lpt,longhorn-csi-plugin,2.8,1.2,0.0,0.0,0.0,0.0,0.0,0.0,0.0,0.0,0.0,0.0,81.0,0.0003536457,normal
2026-06-01T02:43:36Z,worker-1,longhorn-system,longhorn-manager-fgsfc,longhorn-manager,119.2,43.0,2.3,0.3,0.0,474692.0,16650.0,0.0,0.0,0.0,2.0,8.0,4938.0,0.0305977132,normal
2026-06-01T02:43:36Z,worker-1,longhorn-system,longhorn-csi-plugin-t8lpt,node-driver-registrar,0.1,0.1,0.0,0.0,0.0,0.0,0.0,0.0,0.0,0.0,0.0,0.0,9.0,3.1193e-05,normal
2026-06-01T02:43:36Z,worker-1,longhorn-system,csi-attacher-896ffc747-rxjjt,csi-attacher,3.2,2.7,0.0,0.0,0.0,1147.0,1014.0,0.0,0.0,0.0,0.0,0.0,261.0,0.0008249184,normal
2026-06-01T02:43:36Z,worker-1,longhorn-system,csi-snapshotter-65884686fc-gjw5g,csi-snapshotter,9.4,8.8,0.1,0.0,0.0,1308.0,1073.0,0.0,0.0,0.0,0.0,0.0,810.0,0.0023791018,normal
2026-06-01T02:43:36Z,worker-1,kube-system,nodelocaldns-zjml5,node-cache,13.4,4.5,0.4,1.0,0.0,4922.0,3562.0,0.0,0.0,0.0,0.0,0.0,835.0,0.0060368377,normal
2026-06-01T02:43:36Z,worker-1,kube-system,kube-ovn-pinger-vfzmn,pinger,46.6,19.9,13.2,0.2,0.0,115788.0,1580.0,0.0,12288.0,0.0727715,17.0,26.0,3683.0,0.0186290339,normal
2026-06-01T02:43:36Z,worker-1,kube-system,tetragon-kl9tz,tetragon,5.5,5.1,0.0,0.0,0.0,17595.0,239.0,0.0,0.0,0.0,0.0,0.0,13283.0,0.0360506088,normal
2026-06-01T02:43:36Z,worker-1,longhorn-system,engine-image-ei-3154f3aa-kvvkq,engine-image-ei-3154f3aa,12.9,1.0,14.5,0.0,0.0,0.0,0.0,0.0,0.0,0.0,10.0,41.0,1070.0,0.0129989559,normal
2026-06-01T02:43:36Z,worker-1,kube-system,kube-proxy-pdwww,kube-proxy,2.5,0.4,0.0,0.0,0.0,17157.0,96.0,0.0,0.0,0.0,0.0,0.0,97.0,0.0002188943,normal
2026-06-01T02:43:36Z,worker-1,longhorn-system,engine-image-ei-843accdd-tx99h,engine-image-ei-843accdd,12.5,1.0,14.1,0.0,0.0,0.0,0.0,0.0,0.0,0.0,10.0,34.0,860.0,0.011937535,normal
2026-06-01T02:43:36Z,worker-1,kube-system,kube-ovn-cni-cf7cj,cni-server,371.7,26.5,441.2,0.2,0.0,204477.0,1200.0,0.0,0.0,0.0,169.0,200.0,4479.0,0.0767368315,normal
2026-06-01T02:43:36Z,worker-1,kube-system,ovs-ovn-w75jd,openvswitch,97.6,58.4,37.9,0.0,0.0,38.0,41.0,0.0,0.0,0.0,52.0,88.0,1873.0,0.0319087209,normal
2026-06-01T02:43:36Z,worker-1,longhorn-system,csi-provisioner-688964c44b-7hv5d,csi-provisioner,37.0,9.4,0.0,0.0,0.0,206356.0,2322.0,0.0,0.0,0.0,0.0,0.0,1401.0,0.0045053779,normal
2026-06-01T02:43:36Z,worker-1,longhorn-system,instance-manager-bacbca1a1c80c6ca28fd5f2d5fd0c24c,instance-manager,37.5,9.4,2.3,0.0,0.0,3862.0,3757.0,0.0,0.0,0.0,2.0,2.0,770.0,0.0061393583,normal
2026-06-01T02:43:36Z,worker-1,ebpf-final,ebpf-collector-5588x,collector,0.2,0.7,0.3,0.1,0.0,11899.0,17172.0,0.0,0.0,0.0,0.0,0.0,11.0,0.0011306545,normal
2026-06-01T02:43:36Z,worker-1,longhorn-system,longhorn-csi-plugin-t8lpt,longhorn-liveness-probe,2.9,1.9,0.0,0.0,0.0,224.0,274.0,0.0,0.0,0.0,0.0,0.0,200.0,0.0008115255,normal
2026-06-01T02:43:36Z,worker-1,monitoring,my-monitoring-prometheus-node-exporter-829wk,node-exporter,0.4,0.2,0.0,0.0,0.0,208.0,3254.0,0.0,0.0,0.0,0.0,0.0,20.0,0.0001403338,normal
2026-06-01T02:43:36Z,worker-1,longhorn-system,csi-resizer-7d9bff5787-242pl,csi-resizer,2.1,2.2,0.0,0.0,0.0,1092.0,1029.0,0.0,0.0,0.0,0.0,0.0,235.0,0.0006961826,normal
2026-06-01T02:43:36Z,worker-1,kube-system,tetragon-kl9tz,export-stdout,18.0,16.6,0.0,0.0,0.0,0.0,0.0,0.0,0.0,0.0,0.0,0.0,10.0,0.0002452525,normal
2026-06-01T02:43:47Z,worker-1,gpu-operator,gpu-operator-1764036362-node-feature-discovery-worker-9v5dt,worker,0.4,0.2,0.0,0.0,0.0,222.0,188.0,0.0,0.0,0.0,0.0,0.0,32.0,0.0002047213,normal
2026-06-01T02:43:47Z,worker-1,longhorn-system,longhorn-csi-plugin-t8lpt,longhorn-csi-plugin,2.8,1.2,0.0,0.0,0.0,0.0,0.0,0.0,0.0,0.0,0.0,0.0,105.0,0.0003902449,normal
2026-06-01T02:43:47Z,worker-1,longhorn-system,longhorn-manager-fgsfc,longhorn-manager,117.7,46.4,0.3,0.1,0.0,470059.0,11133.0,0.0,0.0,0.0,0.0,0.0,4514.0,0.0142476077,normal
2026-06-01T02:43:47Z,worker-1,longhorn-system,longhorn-csi-plugin-t8lpt,node-driver-registrar,0.1,0.1,0.0,0.0,0.0,0.0,0.0,0.0,0.0,0.0,0.0,0.0,9.0,3.35608e-05,normal
2026-06-01T02:43:47Z,worker-1,longhorn-system,csi-attacher-896ffc747-rxjjt,csi-attacher,3.3,3.1,0.0,0.0,0.0,1112.0,1014.0,0.0,0.0,0.0,0.0,0.0,305.0,0.0021306809,normal
2026-06-01T02:43:47Z,worker-1,longhorn-system,csi-snapshotter-65884686fc-gjw5g,csi-snapshotter,12.0,11.7,0.0,0.0,0.0,1132.0,1034.0,0.0,0.0,0.0,0.0,0.0,838.0,0.0023967098,normal
2026-06-01T02:43:47Z,worker-1,kube-system,nodelocaldns-zjml5,node-cache,29.5,6.3,37.5,1.1,0.0,5256.0,3922.0,0.0,0.0,0.0,12.0,12.0,968.0,0.0082071294,normal
2026-06-01T02:43:47Z,worker-1,kube-system,kube-ovn-pinger-vfzmn,pinger,38.6,18.7,13.2,0.2,0.0,41274.0,973.0,0.0,12288.0,0.068165,17.0,26.0,3647.0,0.0179112942,normal
2026-06-01T02:43:47Z,worker-1,kube-system,tetragon-kl9tz,tetragon,5.6,3.2,0.0,0.0,0.0,17587.0,239.0,0.0,0.0,0.0,0.0,0.0,13036.0,0.0447458297,normal
2026-06-01T02:43:47Z,worker-1,longhorn-system,engine-image-ei-3154f3aa-kvvkq,engine-image-ei-3154f3aa,12.8,1.0,14.4,0.0,0.0,0.0,0.0,0.0,0.0,0.0,10.0,43.0,1075.0,0.0145802066,normal
2026-06-01T02:43:47Z,worker-1,kube-system,kube-proxy-pdwww,kube-proxy,2.5,0.3,0.0,0.0,0.0,17544.0,96.0,0.0,0.0,0.0,0.0,0.0,106.0,0.0020519566,normal
2026-06-01T02:43:47Z,worker-1,longhorn-system,engine-image-ei-843accdd-tx99h,engine-image-ei-843accdd,12.6,1.0,14.2,0.0,0.0,0.0,0.0,0.0,0.0,0.0,10.0,32.0,829.0,0.0106446445,normal
2026-06-01T02:43:47Z,worker-1,kube-system,kube-ovn-cni-cf7cj,cni-server,321.3,23.4,362.9,0.4,0.0,204477.0,1200.0,0.0,0.0,0.0,133.0,196.0,5262.0,0.0824160225,normal
2026-06-01T02:43:47Z,worker-1,kube-system,ovs-ovn-w75jd,openvswitch,101.6,63.2,38.0,0.0,0.0,38.0,41.0,0.0,0.0,0.0,52.0,88.0,1993.0,0.0308207734,normal
2026-06-01T02:43:47Z,worker-1,longhorn-system,csi-provisioner-688964c44b-7hv5d,csi-provisioner,34.9,8.0,0.0,0.0,0.0,205563.0,2188.0,0.0,0.0,0.0,0.0,0.0,1329.0,0.0064948335,normal
2026-06-01T02:43:47Z,worker-1,longhorn-system,instance-manager-bacbca1a1c80c6ca28fd5f2d5fd0c24c,instance-manager,192.9,7.6,11.3,0.4,0.0,2972.0,3128.0,0.0,0.0,0.0,6.0,6.0,638.0,0.0067027704,normal
2026-06-01T02:43:47Z,worker-1,ebpf-final,ebpf-collector-5588x,collector,153.5,0.8,143.4,0.1,0.0,209378.0,17610.0,0.0,0.0,0.0,0.0,0.0,164.0,0.0217495445,normal
2026-06-01T02:43:47Z,worker-1,longhorn-system,longhorn-csi-plugin-t8lpt,longhorn-liveness-probe,2.9,1.7,0.0,0.0,0.0,224.0,274.0,0.0,0.0,0.0,0.0,0.0,166.0,0.0008080383,normal
2026-06-01T02:43:47Z,worker-1,monitoring,my-monitoring-prometheus-node-exporter-829wk,node-exporter,178.5,0.8,154.8,0.0,0.0,573.0,26069.0,0.0,0.0,0.0,0.0,0.0,622.0,0.0139089328,normal
2026-06-01T02:43:47Z,worker-1,longhorn-system,csi-resizer-7d9bff5787-242pl,csi-resizer,3.1,2.5,0.0,0.0,0.0,1762.0,1491.0,0.0,0.0,0.0,0.0,0.0,294.0,0.0009225107,normal
2026-06-01T02:43:47Z,worker-1,kube-system,tetragon-kl9tz,export-stdout,6.2,4.8,0.0,0.0,0.0,0.0,0.0,0.0,0.0,0.0,0.0,0.0,11.0,0.0001375407,normal
2026-06-01T02:43:57Z,worker-1,gpu-operator,gpu-operator-1764036362-node-feature-discovery-worker-9v5dt,worker,0.6,0.3,0.0,0.0,0.0,261.0,227.0,0.0,0.0,0.0,0.0,0.0,96.0,0.0003340098,normal
2026-06-01T02:43:57Z,worker-1,longhorn-system,longhorn-csi-plugin-t8lpt,longhorn-csi-plugin,3.0,1.4,0.0,0.0,0.0,0.0,0.0,0.0,0.0,0.0,0.0,0.0,90.0,0.0004129358,normal
2026-06-01T02:43:57Z,worker-1,longhorn-system,longhorn-manager-fgsfc,longhorn-manager,153.5,44.7,12.7,0.1,0.0,474856.0,17256.0,0.0,0.0,0.0,0.0,0.0,4716.0,0.0171365444,normal
2026-06-01T02:43:57Z,worker-1,longhorn-system,longhorn-csi-plugin-t8lpt,node-driver-registrar,0.1,0.1,0.0,0.0,0.0,0.0,0.0,0.0,0.0,0.0,0.0,0.0,9.0,3.12089e-05,normal
2026-06-01T02:43:57Z,worker-1,longhorn-system,csi-attacher-896ffc747-rxjjt,csi-attacher,3.0,2.8,0.0,0.0,0.0,1248.0,1014.0,0.0,0.0,0.0,0.0,0.0,302.0,0.0008694982,normal
2026-06-01T02:43:57Z,worker-1,longhorn-system,csi-snapshotter-65884686fc-gjw5g,csi-snapshotter,7.9,7.9,0.0,0.0,0.0,1132.0,1069.0,0.0,0.0,0.0,0.0,0.0,786.0,0.0022476941,normal
2026-06-01T02:43:57Z,worker-1,kube-system,nodelocaldns-zjml5,node-cache,13.2,4.3,0.3,1.0,0.0,4922.0,3562.0,0.0,0.0,0.0,0.0,0.0,689.0,0.0038527539,normal
2026-06-01T02:43:57Z,worker-1,kube-system,kube-ovn-pinger-vfzmn,pinger,29.4,17.4,0.0,0.0,0.0,106480.0,982.0,0.0,12288.0,0.0687175,0.0,0.0,3266.0,0.0096081305,normal
2026-06-01T02:43:57Z,worker-1,kube-system,tetragon-kl9tz,tetragon,7.8,4.3,0.4,0.0,0.0,17813.0,21421.0,0.0,0.0,0.0,0.0,0.0,12192.0,0.0356168983,normal
2026-06-01T02:43:57Z,worker-1,longhorn-system,engine-image-ei-3154f3aa-kvvkq,engine-image-ei-3154f3aa,12.8,1.0,14.4,0.0,0.0,0.0,0.0,0.0,0.0,0.0,10.0,40.0,1009.0,0.0124182056,normal
2026-06-01T02:43:57Z,worker-1,kube-system,kube-proxy-pdwww,kube-proxy,2.2,0.5,0.0,0.0,0.0,17283.0,96.0,0.0,0.0,0.0,0.0,0.0,112.0,0.0003092003,normal
2026-06-01T02:43:57Z,worker-1,longhorn-system,engine-image-ei-843accdd-tx99h,engine-image-ei-843accdd,12.4,1.0,14.0,0.0,0.0,0.0,0.0,0.0,0.0,0.0,10.0,34.0,934.0,0.0111330451,normal
2026-06-01T02:43:57Z,worker-1,kube-system,kube-ovn-cni-cf7cj,cni-server,319.5,21.6,362.8,0.2,0.0,204765.0,1200.0,0.0,0.0,0.0,133.0,166.0,4231.0,0.0676095508,normal
2026-06-01T02:43:57Z,worker-1,kube-system,ovs-ovn-w75jd,openvswitch,100.9,61.4,37.5,0.0,0.1,38.0,41.0,0.0,0.0,0.0,52.0,88.0,2054.0,0.0307016978,normal
2026-06-01T02:43:57Z,worker-1,longhorn-system,csi-provisioner-688964c44b-7hv5d,csi-provisioner,35.8,8.5,0.1,0.0,0.0,206069.0,2477.0,0.0,0.0,0.0,0.0,0.0,1444.0,0.0044350762,normal
2026-06-01T02:43:57Z,worker-1,longhorn-system,instance-manager-bacbca1a1c80c6ca28fd5f2d5fd0c24c,instance-manager,192.2,7.4,11.3,0.4,0.0,2972.0,3128.0,0.0,0.0,0.0,6.0,6.0,644.0,0.0062680373,normal
2026-06-01T02:43:57Z,worker-1,ebpf-final,ebpf-collector-5588x,collector,0.2,0.7,0.3,0.1,0.0,11566.0,16686.0,0.0,0.0,0.0,0.0,0.0,10.0,0.0012045835,normal
2026-06-01T02:43:57Z,worker-1,longhorn-system,longhorn-csi-plugin-t8lpt,longhorn-liveness-probe,3.0,1.8,0.0,0.0,0.0,224.0,274.0,0.0,0.0,0.0,0.0,0.0,197.0,0.0008254207,normal
2026-06-01T02:43:57Z,worker-1,monitoring,my-monitoring-prometheus-node-exporter-829wk,node-exporter,0.3,0.2,0.0,0.0,0.0,208.0,3254.0,0.0,0.0,0.0,0.0,0.0,17.0,0.000136147,normal
2026-06-01T02:43:57Z,worker-1,longhorn-system,csi-resizer-7d9bff5787-242pl,csi-resizer,2.4,2.1,0.0,0.0,0.0,1224.0,996.0,0.0,0.0,0.0,0.0,0.0,253.0,0.0007390901,normal
2026-06-01T02:43:57Z,worker-1,kube-system,tetragon-kl9tz,export-stdout,6.1,4.8,0.0,0.0,0.0,0.0,0.0,0.0,0.0,0.0,0.0,0.0,10.0,9.98924e-05,normal
2026-06-01T02:44:07Z,worker-1,gpu-operator,gpu-operator-1764036362-node-feature-discovery-worker-9v5dt,worker,0.6,0.2,0.0,0.0,0.0,222.0,188.0,0.0,0.0,0.0,0.0,0.0,36.0,0.0002045772,normal
2026-06-01T02:44:07Z,worker-1,longhorn-system,longhorn-csi-plugin-t8lpt,longhorn-csi-plugin,2.7,1.2,0.0,0.0,0.0,0.0,0.0,0.0,0.0,0.0,0.0,0.0,81.0,0.0003839433,normal
2026-06-01T02:44:07Z,worker-1,longhorn-system,longhorn-manager-fgsfc,longhorn-manager,120.1,47.7,2.2,0.3,0.0,475610.0,19302.0,0.0,0.0,0.0,2.0,8.0,4852.0,0.0177286064,normal
2026-06-01T02:44:07Z,worker-1,longhorn-system,longhorn-csi-plugin-t8lpt,node-driver-registrar,0.1,0.1,0.0,0.0,0.0,0.0,0.0,0.0,0.0,0.0,0.0,0.0,9.0,3.13643e-05,normal
2026-06-01T02:44:07Z,worker-1,longhorn-system,csi-attacher-896ffc747-rxjjt,csi-attacher,3.2,2.8,0.1,0.0,0.0,1239.0,1047.0,0.0,0.0,0.0,0.0,0.0,273.0,0.0008955055,normal
2026-06-01T02:44:07Z,worker-1,longhorn-system,csi-snapshotter-65884686fc-gjw5g,csi-snapshotter,8.1,8.0,0.0,0.0,0.0,1376.0,1073.0,0.0,0.0,0.0,0.0,0.0,796.0,0.0023551824,normal
2026-06-01T02:44:07Z,worker-1,kube-system,nodelocaldns-zjml5,node-cache,14.0,4.6,0.7,1.0,0.0,4922.0,3562.0,0.0,0.0,0.0,0.0,0.0,773.0,0.0040770043,normal
2026-06-01T02:44:07Z,worker-1,kube-system,kube-ovn-pinger-vfzmn,pinger,51.9,21.9,13.3,0.2,0.0,115801.0,1580.0,0.0,12288.0,0.068583,17.0,26.0,4256.0,0.0200787563,normal
2026-06-01T02:44:07Z,worker-1,kube-system,tetragon-kl9tz,tetragon,5.5,5.2,0.0,0.0,0.0,17609.0,239.0,0.0,0.0,0.0,0.0,0.0,12375.0,0.0403651878,normal
2026-06-01T02:44:07Z,worker-1,longhorn-system,engine-image-ei-3154f3aa-kvvkq,engine-image-ei-3154f3aa,12.7,1.0,14.3,0.0,0.0,0.0,0.0,0.0,0.0,0.0,10.0,39.0,1123.0,0.0138697096,normal
2026-06-01T02:44:07Z,worker-1,kube-system,kube-proxy-pdwww,kube-proxy,3.2,0.5,0.1,0.0,0.0,17276.0,301.0,0.0,0.0,0.0,0.0,0.0,125.0,0.0003442385,normal
2026-06-01T02:44:07Z,worker-1,longhorn-system,engine-image-ei-843accdd-tx99h,engine-image-ei-843accdd,12.5,1.0,14.1,0.0,0.0,0.0,0.0,0.0,0.0,0.0,10.0,31.0,777.0,0.0094877693,normal
2026-06-01T02:44:07Z,worker-1,kube-system,kube-ovn-cni-cf7cj,cni-server,317.7,22.3,360.7,0.3,0.0,204782.0,1200.0,0.0,0.0,0.0,131.0,179.0,4698.0,0.0697058339,normal
2026-06-01T02:44:07Z,worker-1,kube-system,ovs-ovn-w75jd,openvswitch,100.4,62.4,38.1,0.0,0.0,38.0,41.0,0.0,0.0,0.0,52.0,88.0,1992.0,0.0322096815,normal
2026-06-01T02:44:07Z,worker-1,longhorn-system,csi-provisioner-688964c44b-7hv5d,csi-provisioner,37.2,9.4,0.1,0.0,0.0,205565.0,2190.0,0.0,0.0,0.0,0.0,0.0,1306.0,0.0040795594,normal
2026-06-01T02:44:07Z,worker-1,longhorn-system,instance-manager-bacbca1a1c80c6ca28fd5f2d5fd0c24c,instance-manager,213.7,14.6,12.4,0.5,0.0,6133.0,6834.0,0.0,0.0,0.0,7.0,7.0,1142.0,0.0107283813,normal
2026-06-01T02:44:07Z,worker-1,ebpf-final,ebpf-collector-5588x,collector,0.2,0.8,0.3,0.1,0.0,13295.0,19186.0,0.0,0.0,0.0,0.0,0.0,13.0,0.0018786006,normal
2026-06-01T02:44:07Z,worker-1,longhorn-system,longhorn-csi-plugin-t8lpt,longhorn-liveness-probe,2.6,1.7,0.0,0.0,0.0,224.0,274.0,0.0,0.0,0.0,0.0,0.0,221.0,0.0017051446,normal
2026-06-01T02:44:07Z,worker-1,monitoring,my-monitoring-prometheus-node-exporter-829wk,node-exporter,0.4,0.2,0.0,0.0,0.0,208.0,3254.0,0.0,0.0,0.0,0.0,0.0,20.0,0.0001413083,normal
2026-06-01T02:44:07Z,worker-1,longhorn-system,csi-resizer-7d9bff5787-242pl,csi-resizer,2.6,2.1,0.1,0.0,0.0,1129.0,996.0,0.0,0.0,0.0,0.0,0.0,184.0,0.0006516679,normal
2026-06-01T02:44:07Z,worker-1,kube-system,tetragon-kl9tz,export-stdout,18.5,17.2,0.0,0.0,0.0,0.0,0.0,0.0,0.0,0.0,0.0,0.0,10.0,0.0002328837,normal
2026-06-01T02:44:18Z,worker-1,gpu-operator,gpu-operator-1764036362-node-feature-discovery-worker-9v5dt,worker,0.4,0.2,0.0,0.0,0.0,222.0,188.0,0.0,0.0,0.0,0.0,0.0,31.0,0.0001990936,normal
2026-06-01T02:44:18Z,worker-1,longhorn-system,longhorn-csi-plugin-t8lpt,longhorn-csi-plugin,4.6,2.4,0.0,0.0,0.0,0.0,0.0,0.0,0.0,0.0,0.0,0.0,115.0,0.0005584065,normal
2026-06-01T02:44:18Z,worker-1,longhorn-system,longhorn-manager-fgsfc,longhorn-manager,117.8,47.9,0.1,0.1,0.0,470319.0,11235.0,0.0,0.0,0.0,0.0,0.0,4663.0,0.014225404,normal
2026-06-01T02:44:18Z,worker-1,longhorn-system,longhorn-csi-plugin-t8lpt,node-driver-registrar,0.1,0.1,0.0,0.0,0.0,0.0,0.0,0.0,0.0,0.0,0.0,0.0,9.0,3.09438e-05,normal
2026-06-01T02:44:18Z,worker-1,longhorn-system,csi-attacher-896ffc747-rxjjt,csi-attacher,4.1,3.6,0.0,0.0,0.0,1228.0,1012.0,0.0,0.0,0.0,0.0,0.0,303.0,0.0009324144,normal
2026-06-01T02:44:18Z,worker-1,longhorn-system,csi-snapshotter-65884686fc-gjw5g,csi-snapshotter,10.3,10.2,0.0,0.0,0.0,1134.0,1032.0,0.0,0.0,0.0,0.0,0.0,785.0,0.0023602784,normal
2026-06-01T02:44:18Z,worker-1,kube-system,nodelocaldns-zjml5,node-cache,13.1,4.4,0.3,1.0,0.0,4922.0,3562.0,0.0,0.0,0.0,0.0,0.0,704.0,0.0039994186,normal
2026-06-01T02:44:18Z,worker-1,kube-system,kube-ovn-pinger-vfzmn,pinger,49.1,21.5,13.2,0.2,0.0,115778.0,1532.0,0.0,12288.0,0.069477,17.0,26.0,3915.0,0.0186539447,normal
2026-06-01T02:44:18Z,worker-1,kube-system,tetragon-kl9tz,tetragon,4.9,3.2,0.0,0.0,0.0,17448.0,239.0,0.0,0.0,0.0,0.0,0.0,14133.0,0.0459282886,normal
2026-06-01T02:44:18Z,worker-1,longhorn-system,engine-image-ei-3154f3aa-kvvkq,engine-image-ei-3154f3aa,12.8,1.0,14.4,0.0,0.0,0.0,0.0,0.0,0.0,0.0,10.0,41.0,1042.0,0.0121704377,normal
2026-06-01T02:44:18Z,worker-1,kube-system,kube-proxy-pdwww,kube-proxy,2.3,0.4,0.0,0.0,0.0,17282.0,96.0,0.0,0.0,0.0,0.0,0.0,103.0,0.0002835804,normal
2026-06-01T02:44:18Z,worker-1,longhorn-system,engine-image-ei-843accdd-tx99h,engine-image-ei-843accdd,15.4,1.2,17.4,0.0,0.0,0.0,0.0,0.0,0.0,0.0,12.0,38.0,1073.0,0.0131585184,normal
2026-06-01T02:44:18Z,worker-1,kube-system,kube-ovn-cni-cf7cj,cni-server,370.1,26.3,441.0,0.3,0.0,204773.0,1200.0,0.0,0.0,0.0,170.0,224.0,5277.0,0.086654376,normal
2026-06-01T02:44:18Z,worker-1,kube-system,ovs-ovn-w75jd,openvswitch,119.8,68.6,46.8,0.0,0.0,38.0,41.0,0.0,0.0,0.0,65.0,110.0,2402.0,0.037162537,normal
2026-06-01T02:44:18Z,worker-1,longhorn-system,csi-provisioner-688964c44b-7hv5d,csi-provisioner,35.0,7.3,0.0,0.0,0.0,205986.0,2190.0,0.0,0.0,0.0,0.0,0.0,1353.0,0.0041114139,normal
2026-06-01T02:44:18Z,worker-1,longhorn-system,instance-manager-bacbca1a1c80c6ca28fd5f2d5fd0c24c,instance-manager,192.5,7.4,11.3,0.4,0.0,2972.0,3128.0,0.0,0.0,0.0,6.0,6.0,642.0,0.0069583759,normal
2026-06-01T02:44:18Z,worker-1,ebpf-final,ebpf-collector-5588x,collector,154.3,0.9,143.3,0.1,0.0,210427.0,19129.0,0.0,0.0,0.0,0.0,0.0,162.0,0.0180367728,normal
2026-06-01T02:44:18Z,worker-1,longhorn-system,longhorn-csi-plugin-t8lpt,longhorn-liveness-probe,4.3,2.6,0.0,0.0,0.0,336.0,411.0,0.0,0.0,0.0,0.0,0.0,276.0,0.0012285234,normal
2026-06-01T02:44:18Z,worker-1,monitoring,my-monitoring-prometheus-node-exporter-829wk,node-exporter,178.4,0.8,154.8,0.0,0.0,573.0,26037.0,0.0,0.0,0.0,0.0,0.0,295.0,0.011648674,normal
2026-06-01T02:44:18Z,worker-1,longhorn-system,csi-resizer-7d9bff5787-242pl,csi-resizer,1.8,1.7,0.0,0.0,0.0,1210.0,1031.0,0.0,0.0,0.0,0.0,0.0,290.0,0.0015560335,normal
2026-06-01T02:44:18Z,worker-1,kube-system,tetragon-kl9tz,export-stdout,6.1,4.8,0.0,0.0,0.0,0.0,0.0,0.0,0.0,0.0,0.0,0.0,10.0,9.64101e-05,normal
2026-06-01T02:44:28Z,worker-1,gpu-operator,gpu-operator-1764036362-node-feature-discovery-worker-9v5dt,worker,294.9,4.2,159.6,0.0,0.0,138080.0,1811.0,0.0,0.0,0.0,0.0,0.0,1940.0,0.0314691632,normal
2026-06-01T02:44:28Z,worker-1,longhorn-system,longhorn-csi-plugin-t8lpt,longhorn-csi-plugin,3.0,1.4,0.0,0.0,0.0,0.0,0.0,0.0,0.0,0.0,0.0,0.0,81.0,0.0003801882,normal
2026-06-01T02:44:28Z,worker-1,longhorn-system,longhorn-manager-fgsfc,longhorn-manager,154.7,47.4,12.6,0.1,0.1,472430.0,15744.0,0.0,0.0,0.0,0.0,0.0,4422.0,0.0166862735,normal
2026-06-01T02:44:28Z,worker-1,longhorn-system,longhorn-csi-plugin-t8lpt,node-driver-registrar,0.1,0.1,0.0,0.0,0.0,0.0,0.0,0.0,0.0,0.0,0.0,0.0,13.0,4.50871e-05,normal
2026-06-01T02:44:28Z,worker-1,longhorn-system,csi-attacher-896ffc747-rxjjt,csi-attacher,4.7,3.4,0.1,0.0,0.0,1533.0,1142.0,0.0,0.0,0.0,0.0,0.0,351.0,0.0010125149,normal
2026-06-01T02:44:28Z,worker-1,longhorn-system,csi-snapshotter-65884686fc-gjw5g,csi-snapshotter,7.8,6.8,0.2,0.0,0.0,1283.0,1071.0,0.0,0.0,0.0,0.0,0.0,801.0,0.002369038,normal
2026-06-01T02:44:28Z,worker-1,kube-system,nodelocaldns-zjml5,node-cache,13.6,4.7,0.4,1.0,0.0,4922.0,3562.0,0.0,0.0,0.0,0.0,0.0,673.0,0.0041583075,normal
2026-06-01T02:44:28Z,worker-1,kube-system,kube-ovn-pinger-vfzmn,pinger,40.3,20.8,13.2,0.2,0.0,115832.0,1436.0,0.0,12288.0,0.068148,17.0,26.0,3823.0,0.0182228848,normal
2026-06-01T02:44:28Z,worker-1,kube-system,tetragon-kl9tz,tetragon,5.6,3.4,0.0,0.0,0.0,17619.0,239.0,0.0,0.0,0.0,0.0,0.0,12611.0,0.0339160877,normal
2026-06-01T02:44:28Z,worker-1,longhorn-system,engine-image-ei-3154f3aa-kvvkq,engine-image-ei-3154f3aa,12.8,1.0,14.4,0.0,0.0,0.0,0.0,0.0,0.0,0.0,10.0,40.0,1119.0,0.0130947021,normal
2026-06-01T02:44:28Z,worker-1,kube-system,kube-proxy-pdwww,kube-proxy,2.2,0.5,0.0,0.0,0.0,17157.0,96.0,0.0,0.0,0.0,0.0,0.0,151.0,0.0003262255,normal
2026-06-01T02:44:28Z,worker-1,longhorn-system,engine-image-ei-843accdd-tx99h,engine-image-ei-843accdd,12.5,1.0,14.1,0.0,0.0,0.0,0.0,0.0,0.0,0.0,10.0,26.0,769.0,0.0089885349,normal
2026-06-01T02:44:28Z,worker-1,kube-system,kube-ovn-cni-cf7cj,cni-server,322.0,22.4,362.9,0.2,0.0,204746.0,1382.0,0.0,0.0,0.0,133.0,167.0,4064.0,0.0704110697,normal
2026-06-01T02:44:28Z,worker-1,kube-system,ovs-ovn-w75jd,openvswitch,100.5,59.6,38.2,0.0,0.0,38.0,41.0,0.0,0.0,0.0,52.0,88.0,2081.0,0.0331467535,normal
2026-06-01T02:44:28Z,worker-1,longhorn-system,csi-provisioner-688964c44b-7hv5d,csi-provisioner,34.8,8.1,0.0,0.0,0.0,205565.0,2190.0,0.0,0.0,0.0,0.0,0.0,1230.0,0.0067731805,normal
2026-06-01T02:44:28Z,worker-1,longhorn-system,instance-manager-bacbca1a1c80c6ca28fd5f2d5fd0c24c,instance-manager,192.5,7.1,11.3,0.4,0.0,2972.0,3145.0,0.0,0.0,0.0,6.0,6.0,667.0,0.0065868136,normal
2026-06-01T02:44:28Z,worker-1,ebpf-final,ebpf-collector-5588x,collector,0.2,0.7,0.3,0.1,0.0,11567.0,16674.0,0.0,0.0,0.0,0.0,0.0,11.0,0.0012420649,normal
2026-06-01T02:44:28Z,worker-1,longhorn-system,longhorn-csi-plugin-t8lpt,longhorn-liveness-probe,2.8,1.8,0.0,0.0,0.0,224.0,274.0,0.0,0.0,0.0,0.0,0.0,169.0,0.0008266766,normal
2026-06-01T02:44:28Z,worker-1,monitoring,my-monitoring-prometheus-node-exporter-829wk,node-exporter,0.3,0.2,0.0,0.0,0.0,208.0,3254.0,0.0,0.0,0.0,0.0,0.0,17.0,0.0001102992,normal
2026-06-01T02:44:28Z,worker-1,longhorn-system,csi-resizer-7d9bff5787-242pl,csi-resizer,2.4,2.2,0.0,0.0,0.0,1094.0,996.0,0.0,0.0,0.0,0.0,0.0,246.0,0.0007187889,normal
2026-06-01T02:44:28Z,worker-1,kube-system,tetragon-kl9tz,export-stdout,6.2,4.8,0.0,0.0,0.0,0.0,0.0,0.0,0.0,0.0,0.0,0.0,11.0,0.0001312625,normal
2026-06-01T02:44:38Z,worker-1,gpu-operator,gpu-operator-1764036362-node-feature-discovery-worker-9v5dt,worker,0.5,0.2,0.0,0.0,0.0,222.0,188.0,0.0,0.0,0.0,0.0,0.0,34.0,0.0001953364,normal
2026-06-01T02:44:38Z,worker-1,longhorn-system,longhorn-csi-plugin-t8lpt,longhorn-csi-plugin,2.6,1.2,0.0,0.0,0.0,0.0,0.0,0.0,0.0,0.0,0.0,0.0,141.0,0.0014353446,normal
2026-06-01T02:44:38Z,worker-1,longhorn-system,longhorn-manager-fgsfc,longhorn-manager,122.3,50.0,2.4,0.3,0.0,451194.0,16555.0,0.0,0.0,0.0,2.0,8.0,4826.0,0.0183659892,normal
2026-06-01T02:44:38Z,worker-1,longhorn-system,longhorn-csi-plugin-t8lpt,node-driver-registrar,0.1,0.1,0.0,0.0,0.0,0.0,0.0,0.0,0.0,0.0,0.0,0.0,9.0,3.14924e-05,normal
2026-06-01T02:44:38Z,worker-1,longhorn-system,csi-attacher-896ffc747-rxjjt,csi-attacher,3.2,3.0,0.0,0.0,0.0,1110.0,1012.0,0.0,0.0,0.0,0.0,0.0,270.0,0.0007768678,normal
2026-06-01T02:44:38Z,worker-1,longhorn-system,csi-snapshotter-65884686fc-gjw5g,csi-snapshotter,7.2,6.8,0.0,0.0,0.0,1835.0,1587.0,0.0,0.0,0.0,0.0,0.0,816.0,0.0032429772,normal
2026-06-01T02:44:38Z,worker-1,kube-system,nodelocaldns-zjml5,node-cache,24.3,4.2,37.5,1.0,0.0,3059.0,2774.0,0.0,0.0,0.0,12.0,12.0,631.0,0.0065846586,normal
2026-06-01T02:44:38Z,worker-1,kube-system,kube-ovn-pinger-vfzmn,pinger,42.6,17.4,13.2,0.2,0.0,115779.0,1436.0,0.0,12288.0,0.073289,17.0,26.0,3469.0,0.0170760214,normal
2026-06-01T02:44:38Z,worker-1,kube-system,tetragon-kl9tz,tetragon,6.4,5.1,0.1,0.0,0.0,17993.0,405.0,0.0,0.0,0.0,0.0,0.0,12801.0,0.0381481523,normal
2026-06-01T02:44:38Z,worker-1,longhorn-system,engine-image-ei-3154f3aa-kvvkq,engine-image-ei-3154f3aa,12.8,1.0,14.4,0.0,0.0,0.0,0.0,0.0,0.0,0.0,10.0,41.0,1075.0,0.0125972712,normal
2026-06-01T02:44:38Z,worker-1,kube-system,kube-proxy-pdwww,kube-proxy,2.2,0.4,0.0,0.0,0.0,17157.0,96.0,0.0,0.0,0.0,0.0,0.0,92.0,0.0002414557,normal
2026-06-01T02:44:38Z,worker-1,longhorn-system,engine-image-ei-843accdd-tx99h,engine-image-ei-843accdd,12.5,1.0,14.1,0.0,0.0,0.0,0.0,0.0,0.0,0.0,10.0,26.0,744.0,0.010149109,normal
2026-06-01T02:44:38Z,worker-1,kube-system,kube-ovn-cni-cf7cj,cni-server,320.1,23.8,361.6,0.4,0.0,192914.0,1104.0,0.0,0.0,0.0,132.0,193.0,5039.0,0.0754544737,normal
2026-06-01T02:44:38Z,worker-1,kube-system,ovs-ovn-w75jd,openvswitch,99.5,59.6,37.9,0.0,0.0,38.0,41.0,0.0,0.0,0.0,52.0,88.0,1969.0,0.0303856715,normal
2026-06-01T02:44:38Z,worker-1,longhorn-system,csi-provisioner-688964c44b-7hv5d,csi-provisioner,34.9,7.2,0.1,0.0,0.0,194622.0,2218.0,0.0,0.0,0.0,0.0,0.0,1315.0,0.0040106433,normal
2026-06-01T02:44:38Z,worker-1,longhorn-system,instance-manager-bacbca1a1c80c6ca28fd5f2d5fd0c24c,instance-manager,204.4,9.7,12.4,0.4,0.0,3862.0,3800.0,0.0,0.0,0.0,7.0,7.0,862.0,0.009686277,normal
2026-06-01T02:44:38Z,worker-1,ebpf-final,ebpf-collector-5588x,collector,0.2,0.7,0.3,0.1,0.0,11898.0,17175.0,0.0,0.0,0.0,0.0,0.0,12.0,0.0018526866,normal
2026-06-01T02:44:38Z,worker-1,longhorn-system,longhorn-csi-plugin-t8lpt,longhorn-liveness-probe,3.0,1.8,0.0,0.0,0.0,224.0,274.0,0.0,0.0,0.0,0.0,0.0,199.0,0.0008574013,normal
2026-06-01T02:44:38Z,worker-1,monitoring,my-monitoring-prometheus-node-exporter-829wk,node-exporter,0.3,0.2,0.0,0.0,0.0,208.0,3254.0,0.0,0.0,0.0,0.0,0.0,18.0,0.0001217409,normal
2026-06-01T02:44:38Z,worker-1,longhorn-system,csi-resizer-7d9bff5787-242pl,csi-resizer,2.1,2.0,0.0,0.0,0.0,1094.0,996.0,0.0,0.0,0.0,0.0,0.0,231.0,0.0006785445,normal
2026-06-01T02:44:38Z,worker-1,kube-system,tetragon-kl9tz,export-stdout,17.8,16.5,0.0,0.0,0.0,0.0,0.0,0.0,0.0,0.0,0.0,0.0,10.0,0.0002076909,normal
2026-06-01T02:44:48Z,worker-1,gpu-operator,gpu-operator-1764036362-node-feature-discovery-worker-9v5dt,worker,0.5,0.2,0.0,0.0,0.0,222.0,188.0,0.0,0.0,0.0,0.0,0.0,32.0,0.0002007441,normal
2026-06-01T02:44:48Z,worker-1,longhorn-system,longhorn-csi-plugin-t8lpt,longhorn-csi-plugin,2.8,1.1,0.0,0.0,0.0,0.0,0.0,0.0,0.0,0.0,0.0,0.0,83.0,0.0004469925,normal
2026-06-01T02:44:48Z,worker-1,longhorn-system,longhorn-manager-fgsfc,longhorn-manager,124.9,48.9,0.3,0.1,0.1,493751.0,11342.0,0.0,0.0,0.0,0.0,0.0,4753.0,0.0136944721,normal
2026-06-01T02:44:48Z,worker-1,longhorn-system,longhorn-csi-plugin-t8lpt,node-driver-registrar,0.1,0.1,0.0,0.0,0.0,0.0,0.0,0.0,0.0,0.0,0.0,0.0,9.0,3.1123e-05,normal
2026-06-01T02:44:48Z,worker-1,longhorn-system,csi-attacher-896ffc747-rxjjt,csi-attacher,3.8,3.8,0.0,0.0,0.0,1230.0,1048.0,0.0,0.0,0.0,0.0,0.0,265.0,0.0008778588,normal
2026-06-01T02:44:48Z,worker-1,longhorn-system,csi-snapshotter-65884686fc-gjw5g,csi-snapshotter,10.5,10.5,0.0,0.0,0.0,1143.0,1067.0,0.0,0.0,0.0,0.0,0.0,855.0,0.0024216718,normal
2026-06-01T02:44:48Z,worker-1,kube-system,nodelocaldns-zjml5,node-cache,14.5,4.9,0.4,1.3,0.0,5145.0,3785.0,0.0,0.0,0.0,0.0,0.0,713.0,0.0042373663,normal
2026-06-01T02:44:48Z,worker-1,kube-system,kube-ovn-pinger-vfzmn,pinger,43.7,18.6,13.2,0.2,0.0,115792.0,1484.0,0.0,12288.0,0.066183,17.0,26.0,3496.0,0.0166790093,normal
2026-06-01T02:44:48Z,worker-1,kube-system,tetragon-kl9tz,tetragon,5.5,3.6,0.0,0.0,0.0,17448.0,287.0,0.0,0.0,0.0,0.0,0.0,13058.0,0.0325267699,normal
2026-06-01T02:44:48Z,worker-1,longhorn-system,engine-image-ei-3154f3aa-kvvkq,engine-image-ei-3154f3aa,16.3,1.3,18.3,0.0,0.0,0.0,0.0,0.0,0.0,0.0,13.0,52.0,1313.0,0.0157940011,normal
2026-06-01T02:44:48Z,worker-1,kube-system,kube-proxy-pdwww,kube-proxy,3.0,0.4,0.0,0.0,0.0,17788.0,305.0,0.0,0.0,0.0,0.0,0.0,130.0,0.0004787628,normal
2026-06-01T02:44:48Z,worker-1,longhorn-system,engine-image-ei-843accdd-tx99h,engine-image-ei-843accdd,12.6,1.0,14.2,0.0,0.0,0.0,0.0,0.0,0.0,0.0,10.0,32.0,829.0,0.0107432618,normal
2026-06-01T02:44:48Z,worker-1,kube-system,kube-ovn-cni-cf7cj,cni-server,325.9,23.6,364.2,0.2,0.0,216040.0,1296.0,0.0,0.0,0.0,134.0,169.0,4111.0,0.0640181558,normal
2026-06-01T02:44:48Z,worker-1,kube-system,ovs-ovn-w75jd,openvswitch,103.2,64.0,38.0,0.0,0.0,38.0,41.0,0.0,0.0,0.0,52.0,88.0,2084.0,0.0305286654,normal
2026-06-01T02:44:48Z,worker-1,longhorn-system,csi-provisioner-688964c44b-7hv5d,csi-provisioner,37.4,7.6,0.0,0.0,0.0,217154.0,2286.0,0.0,0.0,0.0,0.0,0.0,1326.0,0.0041691322,normal
2026-06-01T02:44:48Z,worker-1,longhorn-system,instance-manager-bacbca1a1c80c6ca28fd5f2d5fd0c24c,instance-manager,191.5,6.9,11.3,0.4,0.0,2972.0,3111.0,0.0,0.0,0.0,6.0,6.0,721.0,0.0078241004,normal
2026-06-01T02:44:48Z,worker-1,ebpf-final,ebpf-collector-5588x,collector,154.4,0.8,143.4,0.1,0.0,209385.0,17614.0,0.0,0.0,0.0,0.0,0.0,163.0,0.0187134465,normal
2026-06-01T02:44:48Z,worker-1,longhorn-system,longhorn-csi-plugin-t8lpt,longhorn-liveness-probe,3.0,2.1,0.0,0.0,0.0,224.0,274.0,0.0,0.0,0.0,0.0,0.0,216.0,0.0018900612,normal
2026-06-01T02:44:48Z,worker-1,monitoring,my-monitoring-prometheus-node-exporter-829wk,node-exporter,178.5,0.8,154.8,0.0,0.0,573.0,26041.0,0.0,0.0,0.0,0.0,0.0,316.0,0.0118574711,normal
2026-06-01T02:44:48Z,worker-1,longhorn-system,csi-resizer-7d9bff5787-242pl,csi-resizer,2.8,2.3,0.0,0.0,0.0,1343.0,996.0,0.0,0.0,0.0,0.0,0.0,271.0,0.0007553041,normal
2026-06-01T02:44:48Z,worker-1,kube-system,tetragon-kl9tz,export-stdout,6.1,4.8,0.0,0.0,0.0,0.0,0.0,0.0,0.0,0.0,0.0,0.0,10.0,0.0001402541,normal
2026-06-01T02:44:58Z,worker-1,gpu-operator,gpu-operator-1764036362-node-feature-discovery-worker-9v5dt,worker,0.8,0.4,0.0,0.0,0.0,261.0,227.0,0.0,0.0,0.0,0.0,0.0,100.0,0.0002921718,normal
2026-06-01T02:44:58Z,worker-1,longhorn-system,longhorn-csi-plugin-t8lpt,longhorn-csi-plugin,2.8,1.3,0.0,0.0,0.0,0.0,0.0,0.0,0.0,0.0,0.0,0.0,81.0,0.0003855298,normal
2026-06-01T02:44:58Z,worker-1,longhorn-system,longhorn-manager-fgsfc,longhorn-manager,168.0,52.9,14.8,0.3,0.0,479296.0,21745.0,0.0,0.0,0.0,2.0,11.0,5066.0,0.0211800493,normal
2026-06-01T02:44:58Z,worker-1,longhorn-system,longhorn-csi-plugin-t8lpt,node-driver-registrar,0.1,0.1,0.0,0.0,0.0,0.0,0.0,0.0,0.0,0.0,0.0,0.0,9.0,3.44512e-05,normal
2026-06-01T02:44:58Z,worker-1,longhorn-system,csi-attacher-896ffc747-rxjjt,csi-attacher,3.9,3.3,0.1,0.0,0.0,1274.0,1014.0,0.0,0.0,0.0,0.0,0.0,298.0,0.0009645717,normal
2026-06-01T02:44:58Z,worker-1,longhorn-system,csi-snapshotter-65884686fc-gjw5g,csi-snapshotter,10.3,10.2,0.0,0.0,0.0,1136.0,1034.0,0.0,0.0,0.0,0.0,0.0,809.0,0.0022259143,normal
2026-06-01T02:44:58Z,worker-1,kube-system,nodelocaldns-zjml5,node-cache,13.1,4.4,0.3,1.0,0.0,4922.0,3562.0,0.0,0.0,0.0,0.0,0.0,801.0,0.0056197195,normal
2026-06-01T02:44:58Z,worker-1,kube-system,kube-ovn-pinger-vfzmn,pinger,50.0,20.7,13.3,0.2,0.0,115930.0,1580.0,0.0,12288.0,0.080505,17.0,26.0,3325.0,0.0172892197,normal
2026-06-01T02:44:58Z,worker-1,kube-system,tetragon-kl9tz,tetragon,7.7,6.2,0.4,0.0,0.0,17813.0,21433.0,0.0,0.0,0.0,0.0,0.0,14036.0,0.050295946,normal
2026-06-01T02:44:58Z,worker-1,longhorn-system,engine-image-ei-3154f3aa-kvvkq,engine-image-ei-3154f3aa,12.7,1.0,14.3,0.0,0.0,0.0,0.0,0.0,0.0,0.0,10.0,38.0,1071.0,0.0129156064,normal
2026-06-01T02:44:58Z,worker-1,kube-system,kube-proxy-pdwww,kube-proxy,2.6,0.4,0.0,0.0,0.0,17283.0,96.0,0.0,0.0,0.0,0.0,0.0,113.0,0.000236696,normal
2026-06-01T02:44:58Z,worker-1,longhorn-system,engine-image-ei-843accdd-tx99h,engine-image-ei-843accdd,12.4,1.0,14.0,0.0,0.0,0.0,0.0,0.0,0.0,0.0,10.0,32.0,947.0,0.0098730446,normal
2026-06-01T02:44:58Z,worker-1,kube-system,kube-ovn-cni-cf7cj,cni-server,374.2,27.9,441.8,0.4,0.0,204765.0,1200.0,0.0,0.0,0.0,171.0,237.0,5751.0,0.0924144014,normal
2026-06-01T02:44:58Z,worker-1,kube-system,ovs-ovn-w75jd,openvswitch,98.0,58.6,37.9,0.0,0.0,38.0,41.0,0.0,0.0,0.0,52.0,88.0,1810.0,0.0305214677,normal
2026-06-01T02:44:58Z,worker-1,longhorn-system,csi-provisioner-688964c44b-7hv5d,csi-provisioner,34.9,7.1,0.1,0.0,0.0,205817.0,2190.0,0.0,0.0,0.0,0.0,0.0,1249.0,0.0039324581,normal
2026-06-01T02:44:58Z,worker-1,longhorn-system,instance-manager-bacbca1a1c80c6ca28fd5f2d5fd0c24c,instance-manager,203.8,9.8,12.4,0.4,0.0,3811.0,3766.0,0.0,0.0,0.0,7.0,7.0,846.0,0.0101440652,normal
2026-06-01T02:44:58Z,worker-1,ebpf-final,ebpf-collector-5588x,collector,0.2,0.7,0.3,0.1,0.0,10862.0,15669.0,0.0,0.0,0.0,0.0,0.0,9.0,0.0011914264,normal
2026-06-01T02:44:58Z,worker-1,longhorn-system,longhorn-csi-plugin-t8lpt,longhorn-liveness-probe,2.9,1.8,0.0,0.0,0.0,224.0,274.0,0.0,0.0,0.0,0.0,0.0,197.0,0.0008096692,normal
2026-06-01T02:44:58Z,worker-1,monitoring,my-monitoring-prometheus-node-exporter-829wk,node-exporter,0.3,0.2,0.0,0.0,0.0,208.0,3254.0,0.0,0.0,0.0,0.0,0.0,18.0,0.0001379968,normal
2026-06-01T02:44:58Z,worker-1,longhorn-system,csi-resizer-7d9bff5787-242pl,csi-resizer,3.1,2.6,0.1,0.0,0.0,1129.0,996.0,0.0,0.0,0.0,0.0,0.0,262.0,0.0007166721,normal
2026-06-01T02:44:58Z,worker-1,kube-system,tetragon-kl9tz,export-stdout,6.1,4.8,0.0,0.0,0.0,0.0,0.0,0.0,0.0,0.0,0.0,0.0,10.0,0.0001262019,normal
2026-06-01T02:45:08Z,worker-1,gpu-operator,gpu-operator-1764036362-node-feature-discovery-worker-9v5dt,worker,0.6,0.2,0.0,0.0,0.0,222.0,188.0,0.0,0.0,0.0,0.0,0.0,34.0,0.0002001725,normal
2026-06-01T02:45:08Z,worker-1,longhorn-system,longhorn-csi-plugin-t8lpt,longhorn-csi-plugin,2.7,1.1,0.0,0.0,0.0,0.0,0.0,0.0,0.0,0.0,0.0,0.0,80.0,0.000366935,normal
2026-06-01T02:45:08Z,worker-1,longhorn-system,longhorn-manager-fgsfc,longhorn-manager,117.7,48.8,0.1,0.1,0.0,449822.0,14948.0,0.0,0.0,0.0,0.0,0.0,4603.0,0.015656559,normal
2026-06-01T02:45:08Z,worker-1,longhorn-system,longhorn-csi-plugin-t8lpt,node-driver-registrar,0.1,0.1,0.0,0.0,0.0,0.0,0.0,0.0,0.0,0.0,0.0,0.0,9.0,3.0164e-05,normal
2026-06-01T02:45:08Z,worker-1,longhorn-system,csi-attacher-896ffc747-rxjjt,csi-attacher,3.5,3.2,0.0,0.0,0.0,1237.0,1014.0,0.0,0.0,0.0,0.0,0.0,271.0,0.0008154404,normal
2026-06-01T02:45:08Z,worker-1,longhorn-system,csi-snapshotter-65884686fc-gjw5g,csi-snapshotter,10.0,9.7,0.1,0.0,0.0,1158.0,1034.0,0.0,0.0,0.0,0.0,0.0,738.0,0.0022961203,normal
2026-06-01T02:45:08Z,worker-1,kube-system,nodelocaldns-zjml5,node-cache,13.4,4.5,0.3,1.0,0.0,4922.0,3562.0,0.0,0.0,0.0,0.0,0.0,788.0,0.0041015677,normal
2026-06-01T02:45:08Z,worker-1,kube-system,kube-ovn-pinger-vfzmn,pinger,44.1,18.1,13.2,0.2,0.0,83767.0,1205.0,0.0,12288.0,0.067474,17.0,26.0,3428.0,0.0154626403,normal
2026-06-01T02:45:08Z,worker-1,kube-system,tetragon-kl9tz,tetragon,6.2,3.5,0.3,0.0,0.0,18023.0,373.0,0.0,0.0,0.0,0.0,0.0,13049.0,0.034291587,normal
2026-06-01T02:45:08Z,worker-1,longhorn-system,engine-image-ei-3154f3aa-kvvkq,engine-image-ei-3154f3aa,12.9,1.0,14.5,0.0,0.0,0.0,0.0,0.0,0.0,0.0,10.0,41.0,1179.0,0.0131059222,normal
2026-06-01T02:45:08Z,worker-1,kube-system,kube-proxy-pdwww,kube-proxy,1.8,0.4,0.0,0.0,0.0,17157.0,96.0,0.0,0.0,0.0,0.0,0.0,86.0,0.0002647628,normal
2026-06-01T02:45:08Z,worker-1,longhorn-system,engine-image-ei-843accdd-tx99h,engine-image-ei-843accdd,12.4,1.0,14.0,0.0,0.0,0.0,0.0,0.0,0.0,0.0,10.0,30.0,802.0,0.0100886151,normal
2026-06-01T02:45:08Z,worker-1,kube-system,kube-ovn-cni-cf7cj,cni-server,315.4,21.7,359.8,0.2,0.0,193219.0,1104.0,0.0,0.0,0.0,130.0,161.0,4000.0,0.0607111445,normal
2026-06-01T02:45:08Z,worker-1,kube-system,ovs-ovn-w75jd,openvswitch,100.6,61.4,38.1,0.0,0.0,38.0,41.0,0.0,0.0,0.0,52.0,88.0,1883.0,0.0310414114,normal
2026-06-01T02:45:08Z,worker-1,longhorn-system,csi-provisioner-688964c44b-7hv5d,csi-provisioner,32.0,6.1,0.0,0.0,0.0,194139.0,2094.0,0.0,0.0,0.0,0.0,0.0,1258.0,0.0062883441,normal
2026-06-01T02:45:08Z,worker-1,longhorn-system,instance-manager-bacbca1a1c80c6ca28fd5f2d5fd0c24c,instance-manager,196.3,8.9,11.3,0.5,0.0,4108.0,4916.0,0.0,0.0,0.0,6.0,6.0,784.0,0.0070075305,normal
2026-06-01T02:45:08Z,worker-1,ebpf-final,ebpf-collector-5588x,collector,0.2,0.8,0.3,0.1,0.0,12260.0,17681.0,0.0,0.0,0.0,0.0,0.0,11.0,0.002213282,normal
2026-06-01T02:45:08Z,worker-1,longhorn-system,longhorn-csi-plugin-t8lpt,longhorn-liveness-probe,3.0,1.9,0.0,0.0,0.0,224.0,274.0,0.0,0.0,0.0,0.0,0.0,216.0,0.0007936906,normal
2026-06-01T02:45:08Z,worker-1,monitoring,my-monitoring-prometheus-node-exporter-829wk,node-exporter,0.4,0.2,0.0,0.0,0.0,208.0,3254.0,0.0,0.0,0.0,0.0,0.0,25.0,0.0001581779,normal
2026-06-01T02:45:08Z,worker-1,longhorn-system,csi-resizer-7d9bff5787-242pl,csi-resizer,2.4,2.4,0.0,0.0,0.0,1094.0,1031.0,0.0,0.0,0.0,0.0,0.0,219.0,0.0006459188,normal
2026-06-01T02:45:08Z,worker-1,kube-system,tetragon-kl9tz,export-stdout,18.7,17.3,0.1,0.0,0.0,0.0,0.0,0.0,0.0,0.0,0.0,0.0,10.0,0.0001712224,normal
2026-06-01T02:45:19Z,worker-1,gpu-operator,gpu-operator-1764036362-node-feature-discovery-worker-9v5dt,worker,0.5,0.2,0.0,0.0,0.0,222.0,188.0,0.0,0.0,0.0,0.0,0.0,37.0,0.000222385,normal
2026-06-01T02:45:19Z,worker-1,longhorn-system,longhorn-csi-plugin-t8lpt,longhorn-csi-plugin,2.9,1.4,0.0,0.0,0.0,0.0,0.0,0.0,0.0,0.0,0.0,0.0,79.0,0.0003728223,normal
2026-06-01T02:45:19Z,worker-1,longhorn-system,longhorn-manager-fgsfc,longhorn-manager,120.8,50.3,0.1,0.1,0.0,470342.0,11568.0,0.0,0.0,0.0,0.0,0.0,4585.0,0.0146700698,normal
2026-06-01T02:45:19Z,worker-1,longhorn-system,longhorn-csi-plugin-t8lpt,node-driver-registrar,0.1,0.1,0.0,0.0,0.0,0.0,0.0,0.0,0.0,0.0,0.0,0.0,9.0,3.01259e-05,normal
2026-06-01T02:45:19Z,worker-1,longhorn-system,csi-attacher-896ffc747-rxjjt,csi-attacher,3.4,3.0,0.0,0.0,0.0,1147.0,1014.0,0.0,0.0,0.0,0.0,0.0,276.0,0.0008079615,normal
2026-06-01T02:45:19Z,worker-1,longhorn-system,csi-snapshotter-65884686fc-gjw5g,csi-snapshotter,11.8,11.1,0.1,0.0,0.0,1494.0,1112.0,0.0,0.0,0.0,0.0,0.0,825.0,0.0026079896,normal
2026-06-01T02:45:19Z,worker-1,kube-system,nodelocaldns-zjml5,node-cache,13.4,4.4,0.4,1.0,0.0,4922.0,3562.0,0.0,0.0,0.0,0.0,0.0,764.0,0.0042403441,normal
2026-06-01T02:45:19Z,worker-1,kube-system,kube-ovn-pinger-vfzmn,pinger,49.4,19.2,13.2,0.2,0.0,115793.0,1580.0,0.0,12288.0,0.0703115,17.0,26.0,3849.0,0.0179117316,normal
2026-06-01T02:45:19Z,worker-1,kube-system,tetragon-kl9tz,tetragon,5.8,3.3,0.0,0.0,0.0,17619.0,239.0,0.0,0.0,0.0,0.0,0.0,13557.0,0.0449124319,normal
2026-06-01T02:45:19Z,worker-1,longhorn-system,engine-image-ei-3154f3aa-kvvkq,engine-image-ei-3154f3aa,15.6,1.2,17.6,0.0,0.0,0.0,0.0,0.0,0.0,0.0,12.0,50.0,1284.0,0.0152385004,normal
2026-06-01T02:45:19Z,worker-1,kube-system,kube-proxy-pdwww,kube-proxy,1.9,0.4,0.0,0.0,0.0,17157.0,96.0,0.0,0.0,0.0,0.0,0.0,97.0,0.0003411978,normal
2026-06-01T02:45:19Z,worker-1,longhorn-system,engine-image-ei-843accdd-tx99h,engine-image-ei-843accdd,12.4,1.0,14.0,0.0,0.0,0.0,0.0,0.0,0.0,0.0,10.0,25.0,762.0,0.0093196413,normal
2026-06-01T02:45:19Z,worker-1,kube-system,kube-ovn-cni-cf7cj,cni-server,326.7,23.8,364.7,0.4,0.0,204624.0,1200.0,0.0,0.0,0.0,135.0,205.0,4932.0,0.0794839344,normal
2026-06-01T02:45:19Z,worker-1,kube-system,ovs-ovn-w75jd,openvswitch,114.1,63.2,46.7,0.0,0.0,38.0,41.0,0.0,0.0,0.0,65.0,110.0,2148.0,0.0364316821,normal
2026-06-01T02:45:19Z,worker-1,longhorn-system,csi-provisioner-688964c44b-7hv5d,csi-provisioner,35.5,7.0,0.0,0.0,0.0,205825.0,2190.0,0.0,0.0,0.0,0.0,0.0,1462.0,0.0043004567,normal
2026-06-01T02:45:19Z,worker-1,longhorn-system,instance-manager-bacbca1a1c80c6ca28fd5f2d5fd0c24c,instance-manager,193.1,7.1,11.3,0.4,0.0,2998.0,3154.0,0.0,0.0,0.0,6.0,6.0,657.0,0.0064812143,normal
2026-06-01T02:45:19Z,worker-1,ebpf-final,ebpf-collector-5588x,collector,154.3,0.9,143.3,0.1,0.0,210423.0,19119.0,0.0,0.0,0.0,0.0,0.0,161.0,0.0218899972,normal
2026-06-01T02:45:19Z,worker-1,longhorn-system,longhorn-csi-plugin-t8lpt,longhorn-liveness-probe,3.1,2.0,0.0,0.0,0.0,224.0,274.0,0.0,0.0,0.0,0.0,0.0,184.0,0.0007254956,normal
2026-06-01T02:45:19Z,worker-1,monitoring,my-monitoring-prometheus-node-exporter-829wk,node-exporter,178.6,0.8,154.8,0.0,0.0,573.0,26014.0,0.0,0.0,0.0,0.0,0.0,327.0,0.0143534114,normal
2026-06-01T02:45:19Z,worker-1,longhorn-system,csi-resizer-7d9bff5787-242pl,csi-resizer,2.2,2.0,0.0,0.0,0.0,1122.0,996.0,0.0,0.0,0.0,0.0,0.0,246.0,0.0006663469,normal
2026-06-01T02:45:19Z,worker-1,kube-system,tetragon-kl9tz,export-stdout,6.2,4.8,0.0,0.0,0.0,0.0,0.0,0.0,0.0,0.0,0.0,0.0,11.0,0.0001091674,normal
2026-06-01T02:45:29Z,worker-1,gpu-operator,gpu-operator-1764036362-node-feature-discovery-worker-9v5dt,worker,294.4,4.5,159.6,0.0,0.0,138006.0,1811.0,0.0,0.0,0.0,0.0,0.0,1993.0,0.0344334763,normal
2026-06-01T02:45:29Z,worker-1,longhorn-system,longhorn-csi-plugin-t8lpt,longhorn-csi-plugin,2.9,1.2,0.0,0.0,0.0,0.0,0.0,0.0,0.0,0.0,0.0,0.0,80.0,0.0004152662,normal
2026-06-01T02:45:29Z,worker-1,longhorn-system,longhorn-manager-fgsfc,longhorn-manager,155.2,50.5,14.8,0.2,0.0,452716.0,21258.0,0.0,0.0,0.0,2.0,11.0,4993.0,0.0319312156,normal
2026-06-01T02:45:29Z,worker-1,longhorn-system,longhorn-csi-plugin-t8lpt,node-driver-registrar,0.1,0.1,0.0,0.0,0.0,0.0,0.0,0.0,0.0,0.0,0.0,0.0,9.0,3.09107e-05,normal
2026-06-01T02:45:29Z,worker-1,longhorn-system,csi-attacher-896ffc747-rxjjt,csi-attacher,4.1,3.7,0.0,0.0,0.0,1230.0,1014.0,0.0,0.0,0.0,0.0,0.0,304.0,0.0008937289,normal
2026-06-01T02:45:29Z,worker-1,longhorn-system,csi-snapshotter-65884686fc-gjw5g,csi-snapshotter,9.6,9.4,0.0,0.0,0.0,1133.0,1034.0,0.0,0.0,0.0,0.0,0.0,805.0,0.0022427183,normal
2026-06-01T02:45:29Z,worker-1,kube-system,nodelocaldns-zjml5,node-cache,13.1,4.2,0.3,1.0,0.0,4922.0,3562.0,0.0,0.0,0.0,0.0,0.0,754.0,0.0039122453,normal
2026-06-01T02:45:29Z,worker-1,kube-system,kube-ovn-pinger-vfzmn,pinger,44.4,20.8,13.2,0.2,0.0,115862.0,1484.0,0.0,12288.0,0.053025,17.0,26.0,2958.0,0.0164338688,normal
2026-06-01T02:45:29Z,worker-1,kube-system,tetragon-kl9tz,tetragon,5.4,5.0,0.0,0.0,0.0,17448.0,239.0,0.0,0.0,0.0,0.0,0.0,12536.0,0.0342365304,normal
2026-06-01T02:45:29Z,worker-1,longhorn-system,engine-image-ei-3154f3aa-kvvkq,engine-image-ei-3154f3aa,12.8,1.0,14.4,0.0,0.0,0.0,0.0,0.0,0.0,0.0,10.0,41.0,1046.0,0.0131408879,normal
2026-06-01T02:45:29Z,worker-1,kube-system,kube-proxy-pdwww,kube-proxy,1.8,0.4,0.0,0.0,0.0,17157.0,96.0,0.0,0.0,0.0,0.0,0.0,92.0,0.0002400341,normal
2026-06-01T02:45:29Z,worker-1,longhorn-system,engine-image-ei-843accdd-tx99h,engine-image-ei-843accdd,12.4,1.0,14.0,0.0,0.0,0.0,0.0,0.0,0.0,0.0,10.0,24.0,717.0,0.0091365197,normal
2026-06-01T02:45:29Z,worker-1,kube-system,kube-ovn-cni-cf7cj,cni-server,314.2,23.0,359.8,0.2,0.0,177811.0,1056.0,0.0,0.0,0.0,130.0,161.0,4066.0,0.061594619,normal
2026-06-01T02:45:29Z,worker-1,kube-system,ovs-ovn-w75jd,openvswitch,102.5,62.8,38.1,0.0,0.0,38.0,41.0,0.0,0.0,0.0,52.0,88.0,2080.0,0.0306597424,normal
2026-06-01T02:45:29Z,worker-1,longhorn-system,csi-provisioner-688964c44b-7hv5d,csi-provisioner,34.4,9.3,0.0,0.0,0.0,179148.0,2211.0,0.0,0.0,0.0,0.0,0.0,1366.0,0.0043219833,normal
2026-06-01T02:45:29Z,worker-1,longhorn-system,instance-manager-bacbca1a1c80c6ca28fd5f2d5fd0c24c,instance-manager,203.6,9.7,12.4,0.4,0.0,3811.0,3766.0,0.0,0.0,0.0,7.0,7.0,868.0,0.008663757,normal
2026-06-01T02:45:29Z,worker-1,ebpf-final,ebpf-collector-5588x,collector,0.2,0.7,0.3,0.1,0.0,10864.0,15667.0,0.0,0.0,0.0,0.0,0.0,11.0,0.000946804,normal
2026-06-01T02:45:29Z,worker-1,longhorn-system,longhorn-csi-plugin-t8lpt,longhorn-liveness-probe,2.8,1.7,0.0,0.0,0.0,224.0,274.0,0.0,0.0,0.0,0.0,0.0,228.0,0.0018371849,normal
2026-06-01T02:45:29Z,worker-1,monitoring,my-monitoring-prometheus-node-exporter-829wk,node-exporter,0.2,0.2,0.0,0.0,0.0,208.0,3254.0,0.0,0.0,0.0,0.0,0.0,22.0,0.0001551267,normal
2026-06-01T02:45:29Z,worker-1,longhorn-system,csi-resizer-7d9bff5787-242pl,csi-resizer,2.4,1.7,0.1,0.0,0.0,1373.0,1125.0,0.0,0.0,0.0,0.0,0.0,223.0,0.0007853092,normal
2026-06-01T02:45:29Z,worker-1,kube-system,tetragon-kl9tz,export-stdout,18.0,16.6,0.0,0.0,0.0,0.0,0.0,0.0,0.0,0.0,0.0,0.0,10.0,0.0001658081,normal
2026-06-01T02:45:39Z,worker-1,gpu-operator,gpu-operator-1764036362-node-feature-discovery-worker-9v5dt,worker,0.4,0.2,0.0,0.0,0.0,222.0,188.0,0.0,0.0,0.0,0.0,0.0,36.0,0.0002177774,normal
2026-06-01T02:45:39Z,worker-1,longhorn-system,longhorn-csi-plugin-t8lpt,longhorn-csi-plugin,2.8,1.2,0.0,0.0,0.0,0.0,0.0,0.0,0.0,0.0,0.0,0.0,79.0,0.0003866545,normal
2026-06-01T02:45:39Z,worker-1,longhorn-system,longhorn-manager-fgsfc,longhorn-manager,111.4,41.0,0.1,0.1,0.0,428480.0,10597.0,0.0,0.0,0.0,0.0,0.0,4450.0,0.0133776898,normal
2026-06-01T02:45:39Z,worker-1,longhorn-system,longhorn-csi-plugin-t8lpt,node-driver-registrar,0.1,0.1,0.0,0.0,0.0,0.0,0.0,0.0,0.0,0.0,0.0,0.0,9.0,3.12794e-05,normal
2026-06-01T02:45:39Z,worker-1,longhorn-system,csi-attacher-896ffc747-rxjjt,csi-attacher,3.5,3.4,0.0,0.0,0.0,1112.0,1049.0,0.0,0.0,0.0,0.0,0.0,269.0,0.000814994,normal
2026-06-01T02:45:39Z,worker-1,longhorn-system,csi-snapshotter-65884686fc-gjw5g,csi-snapshotter,10.5,10.3,0.0,0.0,0.0,1131.0,1069.0,0.0,0.0,0.0,0.0,0.0,812.0,0.0023790991,normal
2026-06-01T02:45:39Z,worker-1,kube-system,nodelocaldns-zjml5,node-cache,29.5,5.9,37.6,1.1,0.0,5145.0,3712.0,0.0,0.0,0.0,12.0,12.0,990.0,0.0081677531,normal
2026-06-01T02:45:39Z,worker-1,kube-system,kube-ovn-pinger-vfzmn,pinger,17.2,15.1,0.0,0.0,0.0,32036.0,375.0,0.0,12288.0,0.0699345,0.0,0.0,3446.0,0.0123192247,normal
2026-06-01T02:45:39Z,worker-1,kube-system,tetragon-kl9tz,tetragon,5.8,3.5,0.0,0.0,0.0,17587.0,239.0,0.0,0.0,0.0,0.0,0.0,13582.0,0.0448188744,normal
2026-06-01T02:45:39Z,worker-1,longhorn-system,engine-image-ei-3154f3aa-kvvkq,engine-image-ei-3154f3aa,12.8,1.0,14.4,0.0,0.0,0.0,0.0,0.0,0.0,0.0,10.0,39.0,1021.0,0.0129216262,normal
2026-06-01T02:45:39Z,worker-1,kube-system,kube-proxy-pdwww,kube-proxy,1.9,0.3,0.0,0.0,0.0,17157.0,96.0,0.0,0.0,0.0,0.0,0.0,87.0,0.000248216,normal
2026-06-01T02:45:39Z,worker-1,longhorn-system,engine-image-ei-843accdd-tx99h,engine-image-ei-843accdd,12.7,1.0,14.3,0.0,0.0,0.0,0.0,0.0,0.0,0.0,10.0,36.0,879.0,0.0106068259,normal
2026-06-01T02:45:39Z,worker-1,kube-system,kube-ovn-cni-cf7cj,cni-server,378.4,28.2,444.8,0.4,0.0,201849.0,1152.0,0.0,0.0,0.0,174.0,238.0,5813.0,0.0918712979,normal
2026-06-01T02:45:39Z,worker-1,kube-system,ovs-ovn-w75jd,openvswitch,101.1,62.7,37.5,0.0,0.0,38.0,41.0,0.0,0.0,0.0,52.0,88.0,1908.0,0.030548849,normal
2026-06-01T02:45:39Z,worker-1,longhorn-system,csi-provisioner-688964c44b-7hv5d,csi-provisioner,34.5,8.7,0.0,0.0,0.0,203220.0,2190.0,0.0,0.0,0.0,0.0,0.0,1404.0,0.0039165716,normal
2026-06-01T02:45:39Z,worker-1,longhorn-system,instance-manager-bacbca1a1c80c6ca28fd5f2d5fd0c24c,instance-manager,193.3,7.7,11.3,0.4,0.0,3023.0,3196.0,0.0,0.0,0.0,6.0,6.0,685.0,0.0067009121,normal
2026-06-01T02:45:39Z,worker-1,ebpf-final,ebpf-collector-5588x,collector,0.2,0.8,0.3,0.1,0.0,12597.0,18187.0,0.0,0.0,0.0,0.0,0.0,12.0,0.0030693479,normal
2026-06-01T02:45:39Z,worker-1,longhorn-system,longhorn-csi-plugin-t8lpt,longhorn-liveness-probe,2.9,1.8,0.0,0.0,0.0,224.0,274.0,0.0,0.0,0.0,0.0,0.0,177.0,0.0007760349,normal
2026-06-01T02:45:39Z,worker-1,monitoring,my-monitoring-prometheus-node-exporter-829wk,node-exporter,0.3,0.2,0.0,0.0,0.0,208.0,3254.0,0.0,0.0,0.0,0.0,0.0,18.0,0.00011981,normal
2026-06-01T02:45:39Z,worker-1,longhorn-system,csi-resizer-7d9bff5787-242pl,csi-resizer,2.2,1.9,0.0,0.0,0.0,1096.0,994.0,0.0,0.0,0.0,0.0,0.0,256.0,0.0006942623,normal
2026-06-01T02:45:39Z,worker-1,kube-system,tetragon-kl9tz,export-stdout,6.1,4.8,0.0,0.0,0.0,0.0,0.0,0.0,0.0,0.0,0.0,0.0,10.0,9.44838e-05,normal
2026-06-01T02:45:49Z,worker-1,gpu-operator,gpu-operator-1764036362-node-feature-discovery-worker-9v5dt,worker,0.5,0.2,0.0,0.0,0.0,222.0,188.0,0.0,0.0,0.0,0.0,0.0,33.0,0.0001951481,normal
2026-06-01T02:45:49Z,worker-1,longhorn-system,longhorn-csi-plugin-t8lpt,longhorn-csi-plugin,2.8,1.2,0.0,0.0,0.0,0.0,0.0,0.0,0.0,0.0,0.0,0.0,82.0,0.0003777194,normal
2026-06-01T02:45:49Z,worker-1,longhorn-system,longhorn-manager-fgsfc,longhorn-manager,115.1,42.0,0.3,0.1,0.1,472334.0,11384.0,0.0,0.0,0.0,0.0,0.0,4659.0,0.0143677519,normal
2026-06-01T02:45:49Z,worker-1,longhorn-system,longhorn-csi-plugin-t8lpt,node-driver-registrar,0.1,0.1,0.0,0.0,0.0,0.0,0.0,0.0,0.0,0.0,0.0,0.0,9.0,3.46762e-05,normal
2026-06-01T02:45:49Z,worker-1,longhorn-system,csi-attacher-896ffc747-rxjjt,csi-attacher,3.7,3.3,0.1,0.0,0.0,1668.0,1521.0,0.0,0.0,0.0,0.0,0.0,309.0,0.0022720811,normal
2026-06-01T02:45:49Z,worker-1,longhorn-system,csi-snapshotter-65884686fc-gjw5g,csi-snapshotter,10.3,10.3,0.0,0.0,0.0,1375.0,1073.0,0.0,0.0,0.0,0.0,0.0,842.0,0.002639013,normal
2026-06-01T02:45:49Z,worker-1,kube-system,nodelocaldns-zjml5,node-cache,13.5,4.5,0.3,1.0,0.0,4922.0,3489.0,0.0,0.0,0.0,0.0,0.0,806.0,0.0041277216,normal
2026-06-01T02:45:49Z,worker-1,kube-system,kube-ovn-pinger-vfzmn,pinger,51.7,22.0,13.2,0.2,0.0,115783.0,1580.0,0.0,12288.0,0.0717125,17.0,26.0,3827.0,0.0193586486,normal
2026-06-01T02:45:49Z,worker-1,kube-system,tetragon-kl9tz,tetragon,5.6,3.6,0.0,0.0,0.0,17448.0,239.0,0.0,0.0,0.0,0.0,0.0,12452.0,0.0321539591,normal
2026-06-01T02:45:49Z,worker-1,longhorn-system,engine-image-ei-3154f3aa-kvvkq,engine-image-ei-3154f3aa,12.8,1.0,14.4,0.0,0.0,0.0,0.0,0.0,0.0,0.0,10.0,42.0,1057.0,0.0138666808,normal
2026-06-01T02:45:49Z,worker-1,kube-system,kube-proxy-pdwww,kube-proxy,3.8,0.5,0.1,0.0,0.0,17785.0,394.0,0.0,0.0,0.0,0.0,0.0,172.0,0.0022563857,normal
2026-06-01T02:45:49Z,worker-1,longhorn-system,engine-image-ei-843accdd-tx99h,engine-image-ei-843accdd,12.6,1.0,14.2,0.0,0.0,0.0,0.0,0.0,0.0,0.0,10.0,34.0,806.0,0.0097572241,normal
2026-06-01T02:45:49Z,worker-1,kube-system,kube-ovn-cni-cf7cj,cni-server,317.4,22.5,361.0,0.2,0.0,207254.0,1200.0,0.0,0.0,0.0,131.0,162.0,4184.0,0.0672624218,normal
2026-06-01T02:45:49Z,worker-1,kube-system,ovs-ovn-w75jd,openvswitch,102.8,62.2,38.0,0.0,0.0,38.0,41.0,0.0,0.0,0.0,52.0,88.0,2200.0,0.0329978808,normal
2026-06-01T02:45:49Z,worker-1,longhorn-system,csi-provisioner-688964c44b-7hv5d,csi-provisioner,37.9,8.7,0.1,0.0,0.0,206845.0,2190.0,0.0,0.0,0.0,0.0,0.0,1395.0,0.0068518957,normal
2026-06-01T02:45:49Z,worker-1,longhorn-system,instance-manager-bacbca1a1c80c6ca28fd5f2d5fd0c24c,instance-manager,193.2,7.7,11.3,0.4,0.0,2972.0,3128.0,0.0,0.0,0.0,6.0,6.0,710.0,0.00723029,normal
2026-06-01T02:45:49Z,worker-1,ebpf-final,ebpf-collector-5588x,collector,154.4,0.8,143.4,0.1,0.0,209383.0,17607.0,0.0,0.0,0.0,0.0,0.0,159.0,0.0181755241,normal
2026-06-01T02:45:49Z,worker-1,longhorn-system,longhorn-csi-plugin-t8lpt,longhorn-liveness-probe,3.0,1.8,0.0,0.0,0.0,224.0,274.0,0.0,0.0,0.0,0.0,0.0,180.0,0.0008233354,normal
2026-06-01T02:45:49Z,worker-1,monitoring,my-monitoring-prometheus-node-exporter-829wk,node-exporter,178.5,0.8,154.8,0.0,0.0,573.0,26090.0,0.0,0.0,0.0,0.0,0.0,247.0,0.0136884482,normal
2026-06-01T02:45:49Z,worker-1,longhorn-system,csi-resizer-7d9bff5787-242pl,csi-resizer,3.0,2.2,0.1,0.0,0.0,1252.0,994.0,0.0,0.0,0.0,0.0,0.0,277.0,0.0008021497,normal
2026-06-01T02:45:49Z,worker-1,kube-system,tetragon-kl9tz,export-stdout,6.1,4.8,0.0,0.0,0.0,0.0,0.0,0.0,0.0,0.0,0.0,0.0,10.0,0.0001195471,normal
2026-06-01T02:45:59Z,worker-1,gpu-operator,gpu-operator-1764036362-node-feature-discovery-worker-9v5dt,worker,0.6,0.3,0.0,0.0,0.0,261.0,227.0,0.0,0.0,0.0,0.0,0.0,94.0,0.0003194598,normal
2026-06-01T02:45:59Z,worker-1,longhorn-system,longhorn-csi-plugin-t8lpt,longhorn-csi-plugin,2.7,1.1,0.0,0.0,0.0,0.0,0.0,0.0,0.0,0.0,0.0,0.0,79.0,0.0003602322,normal
2026-06-01T02:45:59Z,worker-1,longhorn-system,longhorn-manager-fgsfc,longhorn-manager,151.1,45.6,14.8,0.3,0.0,397254.0,21260.0,0.0,0.0,0.0,2.0,12.0,4936.0,0.0208701575,normal
2026-06-01T02:45:59Z,worker-1,longhorn-system,longhorn-csi-plugin-t8lpt,node-driver-registrar,0.1,0.1,0.0,0.0,0.0,0.0,0.0,0.0,0.0,0.0,0.0,0.0,9.0,3.09658e-05,normal
2026-06-01T02:45:59Z,worker-1,longhorn-system,csi-attacher-896ffc747-rxjjt,csi-attacher,3.1,2.7,0.0,0.0,0.0,1248.0,1014.0,0.0,0.0,0.0,0.0,0.0,267.0,0.0008269476,normal
2026-06-01T02:45:59Z,worker-1,longhorn-system,csi-snapshotter-65884686fc-gjw5g,csi-snapshotter,8.4,8.2,0.1,0.0,0.0,1131.0,1034.0,0.0,0.0,0.0,0.0,0.0,744.0,0.0026653264,normal
2026-06-01T02:45:59Z,worker-1,kube-system,nodelocaldns-zjml5,node-cache,13.7,4.6,0.4,1.0,0.0,4922.0,3562.0,0.0,0.0,0.0,0.0,0.0,678.0,0.0038059487,normal
2026-06-01T02:45:59Z,worker-1,kube-system,kube-ovn-pinger-vfzmn,pinger,51.6,22.3,13.3,0.2,0.0,115806.0,2525.0,0.0,12288.0,0.069141,17.0,26.0,3832.0,0.0190016892,normal
2026-06-01T02:45:59Z,worker-1,kube-system,tetragon-kl9tz,tetragon,7.2,5.8,0.4,0.0,0.0,17813.0,21409.0,0.0,0.0,0.0,0.0,0.0,12604.0,0.0431618889,normal
2026-06-01T02:45:59Z,worker-1,longhorn-system,engine-image-ei-3154f3aa-kvvkq,engine-image-ei-3154f3aa,12.8,1.0,14.4,0.0,0.0,0.0,0.0,0.0,0.0,0.0,10.0,41.0,1049.0,0.0124630096,normal
2026-06-01T02:45:59Z,worker-1,kube-system,kube-proxy-pdwww,kube-proxy,2.2,0.5,0.0,0.0,0.0,17283.0,96.0,0.0,0.0,0.0,0.0,0.0,129.0,0.0003021616,normal
2026-06-01T02:45:59Z,worker-1,longhorn-system,engine-image-ei-843accdd-tx99h,engine-image-ei-843accdd,12.7,1.0,14.3,0.0,0.0,0.0,0.0,0.0,0.0,0.0,10.0,31.0,894.0,0.0102917956,normal
2026-06-01T02:45:59Z,worker-1,kube-system,kube-ovn-cni-cf7cj,cni-server,316.8,23.2,360.9,0.3,0.0,187279.0,1231.0,0.0,0.0,0.0,131.0,179.0,4594.0,0.0704520647,normal
2026-06-01T02:45:59Z,worker-1,kube-system,ovs-ovn-w75jd,openvswitch,103.3,65.0,38.1,0.0,0.0,38.0,41.0,0.0,0.0,0.0,52.0,88.0,1996.0,0.0315005651,normal
2026-06-01T02:45:59Z,worker-1,longhorn-system,csi-provisioner-688964c44b-7hv5d,csi-provisioner,31.7,6.2,0.0,0.0,0.0,188253.0,2093.0,0.0,0.0,0.0,0.0,0.0,1240.0,0.0037859583,normal
2026-06-01T02:45:59Z,worker-1,longhorn-system,instance-manager-bacbca1a1c80c6ca28fd5f2d5fd0c24c,instance-manager,36.2,8.7,2.3,0.0,0.0,3811.0,3706.0,0.0,0.0,0.0,2.0,2.0,757.0,0.0071515254,normal
2026-06-01T02:45:59Z,worker-1,ebpf-final,ebpf-collector-5588x,collector,0.2,0.7,0.3,0.1,0.0,11213.0,16188.0,0.0,0.0,0.0,0.0,0.0,10.0,0.0015145425,normal
2026-06-01T02:45:59Z,worker-1,longhorn-system,longhorn-csi-plugin-t8lpt,longhorn-liveness-probe,2.9,1.8,0.0,0.0,0.0,224.0,274.0,0.0,0.0,0.0,0.0,0.0,164.0,0.0007907144,normal
2026-06-01T02:45:59Z,worker-1,monitoring,my-monitoring-prometheus-node-exporter-829wk,node-exporter,0.4,0.2,0.0,0.0,0.0,208.0,3254.0,0.0,0.0,0.0,0.0,0.0,22.0,0.0001569248,normal
2026-06-01T02:45:59Z,worker-1,longhorn-system,csi-resizer-7d9bff5787-242pl,csi-resizer,1.7,1.7,0.0,0.0,0.0,1092.0,1029.0,0.0,0.0,0.0,0.0,0.0,231.0,0.000666261,normal
2026-06-01T02:45:59Z,worker-1,kube-system,tetragon-kl9tz,export-stdout,18.0,16.6,0.0,0.0,0.0,0.0,0.0,0.0,0.0,0.0,0.0,0.0,10.0,0.0002194458,normal
2026-06-01T02:46:10Z,worker-1,gpu-operator,gpu-operator-1764036362-node-feature-discovery-worker-9v5dt,worker,0.6,0.2,0.0,0.0,0.0,222.0,188.0,0.0,0.0,0.0,0.0,0.0,36.0,0.0002042174,normal
2026-06-01T02:46:10Z,worker-1,longhorn-system,longhorn-csi-plugin-t8lpt,longhorn-csi-plugin,3.0,1.3,0.0,0.0,0.0,0.0,0.0,0.0,0.0,0.0,0.0,0.0,74.0,0.0003782614,normal
2026-06-01T02:46:10Z,worker-1,longhorn-system,longhorn-manager-fgsfc,longhorn-manager,113.2,44.9,0.1,0.1,0.0,472763.0,14024.0,0.0,0.0,0.0,0.0,0.0,4536.0,0.0143300483,normal
2026-06-01T02:46:10Z,worker-1,longhorn-system,longhorn-csi-plugin-t8lpt,node-driver-registrar,0.1,0.1,0.0,0.0,0.0,0.0,0.0,0.0,0.0,0.0,0.0,0.0,9.0,3.14161e-05,normal
2026-06-01T02:46:10Z,worker-1,longhorn-system,csi-attacher-896ffc747-rxjjt,csi-attacher,3.2,2.7,0.0,0.0,0.0,1272.0,1014.0,0.0,0.0,0.0,0.0,0.0,306.0,0.000890354,normal
2026-06-01T02:46:10Z,worker-1,longhorn-system,csi-snapshotter-65884686fc-gjw5g,csi-snapshotter,13.0,12.6,0.0,0.0,0.0,1284.0,1073.0,0.0,0.0,0.0,0.0,0.0,825.0,0.0026491632,normal
2026-06-01T02:46:10Z,worker-1,kube-system,nodelocaldns-zjml5,node-cache,13.5,4.7,0.3,1.0,0.0,4922.0,3489.0,0.0,0.0,0.0,0.0,0.0,793.0,0.0040400712,normal
2026-06-01T02:46:10Z,worker-1,kube-system,kube-ovn-pinger-vfzmn,pinger,51.3,22.2,13.2,0.2,0.0,115821.0,1580.0,0.0,12288.0,0.0624965,17.0,26.0,3777.0,0.0202099253,normal
2026-06-01T02:46:10Z,worker-1,kube-system,tetragon-kl9tz,tetragon,5.5,3.4,0.0,0.0,0.0,17756.0,222.0,0.0,0.0,0.0,0.0,0.0,14070.0,0.0430496651,normal
2026-06-01T02:46:10Z,worker-1,longhorn-system,engine-image-ei-3154f3aa-kvvkq,engine-image-ei-3154f3aa,12.8,1.0,14.4,0.0,0.0,0.0,0.0,0.0,0.0,0.0,10.0,40.0,1043.0,0.012837686,normal
2026-06-01T02:46:10Z,worker-1,kube-system,kube-proxy-pdwww,kube-proxy,2.2,0.5,0.0,0.0,0.0,17157.0,96.0,0.0,0.0,0.0,0.0,0.0,99.0,0.0002686709,normal
2026-06-01T02:46:10Z,worker-1,longhorn-system,engine-image-ei-843accdd-tx99h,engine-image-ei-843accdd,12.4,1.0,14.0,0.0,0.0,0.0,0.0,0.0,0.0,0.0,10.0,27.0,711.0,0.0098191118,normal
2026-06-01T02:46:10Z,worker-1,kube-system,kube-ovn-cni-cf7cj,cni-server,360.9,27.1,421.9,0.3,0.0,181621.0,1104.0,0.0,0.0,0.0,167.0,216.0,4938.0,0.0830370718,normal
2026-06-01T02:46:10Z,worker-1,kube-system,ovs-ovn-w75jd,openvswitch,100.3,60.0,37.9,0.0,0.0,38.0,41.0,0.0,0.0,0.0,52.0,88.0,2101.0,0.0305539908,normal
2026-06-01T02:46:10Z,worker-1,longhorn-system,csi-provisioner-688964c44b-7hv5d,csi-provisioner,32.0,8.7,0.0,0.0,0.0,182402.0,2092.0,0.0,0.0,0.0,0.0,0.0,1247.0,0.0040600661,normal
2026-06-01T02:46:10Z,worker-1,longhorn-system,instance-manager-bacbca1a1c80c6ca28fd5f2d5fd0c24c,instance-manager,196.1,8.9,11.3,0.5,0.0,4108.0,4916.0,0.0,0.0,0.0,6.0,6.0,858.0,0.0087507712,normal
2026-06-01T02:46:10Z,worker-1,ebpf-final,ebpf-collector-5588x,collector,0.2,0.8,0.3,0.1,0.0,12597.0,18178.0,0.0,0.0,0.0,0.0,0.0,13.0,0.0019080972,normal
2026-06-01T02:46:10Z,worker-1,longhorn-system,longhorn-csi-plugin-t8lpt,longhorn-liveness-probe,2.7,1.8,0.0,0.0,0.0,224.0,274.0,0.0,0.0,0.0,0.0,0.0,212.0,0.0017137158,normal
2026-06-01T02:46:10Z,worker-1,monitoring,my-monitoring-prometheus-node-exporter-829wk,node-exporter,0.3,0.2,0.0,0.0,0.0,208.0,3254.0,0.0,0.0,0.0,0.0,0.0,18.0,0.0001337961,normal
2026-06-01T02:46:10Z,worker-1,longhorn-system,csi-resizer-7d9bff5787-242pl,csi-resizer,1.8,1.6,0.0,0.0,0.0,1092.0,994.0,0.0,0.0,0.0,0.0,0.0,235.0,0.0007312867,normal
2026-06-01T02:46:10Z,worker-1,kube-system,tetragon-kl9tz,export-stdout,6.7,5.4,0.0,0.0,0.0,0.0,0.0,0.0,0.0,0.0,0.0,0.0,10.0,0.0001100089,normal
2026-06-01T02:46:20Z,worker-1,gpu-operator,gpu-operator-1764036362-node-feature-discovery-worker-9v5dt,worker,275.8,0.8,159.6,0.0,0.0,222.0,227.0,0.0,0.0,0.0,0.0,0.0,1706.0,0.0148008465,normal
2026-06-01T02:46:20Z,worker-1,longhorn-system,longhorn-csi-plugin-t8lpt,longhorn-csi-plugin,2.9,1.3,0.0,0.0,0.0,0.0,0.0,0.0,0.0,0.0,0.0,0.0,85.0,0.0003635322,normal
2026-06-01T02:46:20Z,worker-1,longhorn-system,longhorn-manager-fgsfc,longhorn-manager,113.2,43.6,0.2,0.1,0.0,469299.0,10925.0,0.0,0.0,0.0,0.0,0.0,4560.0,0.0144039833,normal
2026-06-01T02:46:20Z,worker-1,longhorn-system,longhorn-csi-plugin-t8lpt,node-driver-registrar,0.1,0.1,0.0,0.0,0.0,0.0,0.0,0.0,0.0,0.0,0.0,0.0,9.0,2.93797e-05,normal
2026-06-01T02:46:20Z,worker-1,longhorn-system,csi-attacher-896ffc747-rxjjt,csi-attacher,3.3,3.3,0.0,0.0,0.0,1112.0,1049.0,0.0,0.0,0.0,0.0,0.0,289.0,0.0008599515,normal
2026-06-01T02:46:20Z,worker-1,longhorn-system,csi-snapshotter-65884686fc-gjw5g,csi-snapshotter,12.4,12.3,0.0,0.0,0.0,1132.0,1034.0,0.0,0.0,0.0,0.0,0.0,833.0,0.0024643634,normal
2026-06-01T02:46:20Z,worker-1,kube-system,nodelocaldns-zjml5,node-cache,13.7,4.7,0.3,1.0,0.0,4922.0,3489.0,0.0,0.0,0.0,0.0,0.0,718.0,0.0037561312,normal
2026-06-01T02:46:20Z,worker-1,kube-system,kube-ovn-pinger-vfzmn,pinger,47.9,22.3,13.2,0.2,0.0,115781.0,1580.0,0.0,16384.0,0.067441,17.0,26.0,4012.0,0.0172860066,normal
2026-06-01T02:46:20Z,worker-1,kube-system,tetragon-kl9tz,tetragon,4.7,3.0,0.0,0.0,0.0,17619.0,239.0,0.0,0.0,0.0,0.0,0.0,13205.0,0.0320469428,normal
2026-06-01T02:46:20Z,worker-1,longhorn-system,engine-image-ei-3154f3aa-kvvkq,engine-image-ei-3154f3aa,12.8,1.0,14.4,0.0,0.0,0.0,0.0,0.0,0.0,0.0,10.0,42.0,1137.0,0.0137534597,normal
2026-06-01T02:46:20Z,worker-1,kube-system,kube-proxy-pdwww,kube-proxy,2.0,0.4,0.0,0.0,0.0,17157.0,96.0,0.0,0.0,0.0,0.0,0.0,75.0,0.000235541,normal
2026-06-01T02:46:20Z,worker-1,longhorn-system,engine-image-ei-843accdd-tx99h,engine-image-ei-843accdd,16.0,1.3,18.0,0.0,0.0,0.0,0.0,0.0,0.0,0.0,13.0,43.0,1296.0,0.0135655002,normal
2026-06-01T02:46:20Z,worker-1,kube-system,kube-ovn-cni-cf7cj,cni-server,329.9,23.7,382.5,0.3,0.0,204773.0,1200.0,0.0,0.0,0.0,137.0,183.0,4606.0,0.0736800805,normal
2026-06-01T02:46:20Z,worker-1,kube-system,ovs-ovn-w75jd,openvswitch,105.2,64.5,38.0,0.0,0.0,38.0,41.0,0.0,0.0,0.0,52.0,88.0,2324.0,0.0328380729,normal
2026-06-01T02:46:20Z,worker-1,longhorn-system,csi-provisioner-688964c44b-7hv5d,csi-provisioner,34.3,7.3,0.0,0.0,0.0,206228.0,2682.0,0.0,0.0,0.0,0.0,0.0,1303.0,0.0040876172,normal
2026-06-01T02:46:20Z,worker-1,longhorn-system,instance-manager-bacbca1a1c80c6ca28fd5f2d5fd0c24c,instance-manager,192.9,7.7,11.3,0.4,0.0,2972.0,3145.0,0.0,0.0,0.0,6.0,6.0,648.0,0.0070851786,normal
2026-06-01T02:46:20Z,worker-1,ebpf-final,ebpf-collector-5588x,collector,154.4,0.9,143.3,0.1,0.0,210431.0,19132.0,0.0,0.0,0.0,0.0,0.0,161.0,0.0115202715,normal
2026-06-01T02:46:20Z,worker-1,longhorn-system,longhorn-csi-plugin-t8lpt,longhorn-liveness-probe,3.0,1.9,0.0,0.0,0.0,224.0,274.0,0.0,0.0,0.0,0.0,0.0,165.0,0.0008027246,normal
2026-06-01T02:46:20Z,worker-1,monitoring,my-monitoring-prometheus-node-exporter-829wk,node-exporter,178.7,0.9,154.8,0.0,0.0,677.0,27702.0,0.0,0.0,0.0,0.0,0.0,352.0,0.0116780427,normal
2026-06-01T02:46:20Z,worker-1,longhorn-system,csi-resizer-7d9bff5787-242pl,csi-resizer,1.8,1.7,0.0,0.0,0.0,1092.0,994.0,0.0,0.0,0.0,0.0,0.0,250.0,0.0014921954,normal
2026-06-01T02:46:20Z,worker-1,kube-system,tetragon-kl9tz,export-stdout,6.2,4.8,0.0,0.0,0.0,0.0,0.0,0.0,0.0,0.0,0.0,0.0,11.0,0.0001041302,normal
2026-06-01T02:46:30Z,worker-1,gpu-operator,gpu-operator-1764036362-node-feature-discovery-worker-9v5dt,worker,18.2,3.5,0.0,0.0,0.0,137978.0,1772.0,0.0,0.0,0.0,0.0,0.0,294.0,0.0167739728,normal
2026-06-01T02:46:30Z,worker-1,longhorn-system,longhorn-csi-plugin-t8lpt,longhorn-csi-plugin,2.9,1.3,0.0,0.0,0.0,0.0,0.0,0.0,0.0,0.0,0.0,0.0,83.0,0.0003747631,normal
2026-06-01T02:46:30Z,worker-1,longhorn-system,longhorn-manager-fgsfc,longhorn-manager,155.6,48.3,14.8,0.3,0.0,432004.0,22403.0,0.0,0.0,0.0,2.0,8.0,5088.0,0.0213846224,normal
2026-06-01T02:46:30Z,worker-1,longhorn-system,longhorn-csi-plugin-t8lpt,node-driver-registrar,0.1,0.1,0.0,0.0,0.0,0.0,0.0,0.0,0.0,0.0,0.0,0.0,9.0,3.34432e-05,normal
2026-06-01T02:46:30Z,worker-1,longhorn-system,csi-attacher-896ffc747-rxjjt,csi-attacher,3.4,2.9,0.1,0.0,0.0,1230.0,1012.0,0.0,0.0,0.0,0.0,0.0,283.0,0.0007975099,normal
2026-06-01T02:46:30Z,worker-1,longhorn-system,csi-snapshotter-65884686fc-gjw5g,csi-snapshotter,8.4,8.1,0.1,0.0,0.0,1285.0,1108.0,0.0,0.0,0.0,0.0,0.0,884.0,0.0036944589,normal
2026-06-01T02:46:30Z,worker-1,kube-system,nodelocaldns-zjml5,node-cache,13.7,4.6,0.4,1.3,0.0,5145.0,3785.0,0.0,0.0,0.0,0.0,0.0,828.0,0.0063154249,normal
2026-06-01T02:46:30Z,worker-1,kube-system,kube-ovn-pinger-vfzmn,pinger,50.4,21.7,13.2,0.2,0.0,115979.0,1532.0,0.0,12288.0,0.07692,17.0,26.0,4115.0,0.0186788088,normal
2026-06-01T02:46:30Z,worker-1,kube-system,tetragon-kl9tz,tetragon,5.2,5.3,0.0,0.0,0.0,17448.0,239.0,0.0,0.0,0.0,0.0,0.0,12267.0,0.038373138,normal
2026-06-01T02:46:30Z,worker-1,longhorn-system,engine-image-ei-3154f3aa-kvvkq,engine-image-ei-3154f3aa,12.8,1.0,14.4,0.0,0.0,0.0,0.0,0.0,0.0,0.0,10.0,41.0,1080.0,0.0125207773,normal
2026-06-01T02:46:30Z,worker-1,kube-system,kube-proxy-pdwww,kube-proxy,2.2,0.4,0.0,0.0,0.0,17157.0,96.0,0.0,0.0,0.0,0.0,0.0,102.0,0.0003044637,normal
2026-06-01T02:46:30Z,worker-1,longhorn-system,engine-image-ei-843accdd-tx99h,engine-image-ei-843accdd,12.5,1.0,14.1,0.0,0.0,0.0,0.0,0.0,0.0,0.0,10.0,28.0,782.0,0.0095923355,normal
2026-06-01T02:46:30Z,worker-1,kube-system,kube-ovn-cni-cf7cj,cni-server,314.8,22.2,360.8,0.3,0.0,180998.0,1104.0,0.0,0.0,0.0,131.0,179.0,4582.0,0.0753979965,normal
2026-06-01T02:46:30Z,worker-1,kube-system,ovs-ovn-w75jd,openvswitch,101.3,60.8,38.1,0.0,0.0,38.0,41.0,0.0,0.0,0.0,52.0,88.0,2048.0,0.0304370597,normal
2026-06-01T02:46:30Z,worker-1,longhorn-system,csi-provisioner-688964c44b-7hv5d,csi-provisioner,32.2,7.8,0.1,0.0,0.0,182222.0,2092.0,0.0,0.0,0.0,0.0,0.0,1233.0,0.0038765578,normal
2026-06-01T02:46:30Z,worker-1,longhorn-system,instance-manager-bacbca1a1c80c6ca28fd5f2d5fd0c24c,instance-manager,203.6,9.2,12.4,0.4,0.0,3811.0,3766.0,0.0,0.0,0.0,7.0,7.0,855.0,0.0085586989,normal
2026-06-01T02:46:30Z,worker-1,ebpf-final,ebpf-collector-5588x,collector,0.2,0.7,0.3,0.1,0.0,11572.0,16697.0,0.0,0.0,0.0,0.0,0.0,11.0,0.0011422664,normal
2026-06-01T02:46:30Z,worker-1,longhorn-system,longhorn-csi-plugin-t8lpt,longhorn-liveness-probe,3.2,2.0,0.0,0.0,0.0,224.0,274.0,0.0,0.0,0.0,0.0,0.0,174.0,0.0008153827,normal
2026-06-01T02:46:30Z,worker-1,monitoring,my-monitoring-prometheus-node-exporter-829wk,node-exporter,0.3,0.2,0.0,0.0,0.0,208.0,3254.0,0.0,0.0,0.0,0.0,0.0,17.0,0.0001260243,normal
2026-06-01T02:46:30Z,worker-1,longhorn-system,csi-resizer-7d9bff5787-242pl,csi-resizer,2.0,1.7,0.0,0.0,0.0,1337.0,996.0,0.0,0.0,0.0,0.0,0.0,259.0,0.0007957378,normal
2026-06-01T02:46:30Z,worker-1,kube-system,tetragon-kl9tz,export-stdout,18.0,16.6,0.0,0.0,0.0,0.0,0.0,0.0,0.0,0.0,0.0,0.0,10.0,0.0002126077,normal
2026-06-01T02:46:40Z,worker-1,gpu-operator,gpu-operator-1764036362-node-feature-discovery-worker-9v5dt,worker,0.4,0.2,0.0,0.0,0.0,222.0,188.0,0.0,0.0,0.0,0.0,0.0,33.0,0.0002175165,normal
2026-06-01T02:46:40Z,worker-1,longhorn-system,longhorn-csi-plugin-t8lpt,longhorn-csi-plugin,2.8,1.2,0.0,0.0,0.0,0.0,0.0,0.0,0.0,0.0,0.0,0.0,142.0,0.0013197322,normal
2026-06-01T02:46:40Z,worker-1,longhorn-system,longhorn-manager-fgsfc,longhorn-manager,115.1,44.7,0.1,0.1,0.0,468313.0,10980.0,0.0,0.0,0.0,0.0,0.0,4332.0,0.0132651615,normal
2026-06-01T02:46:40Z,worker-1,longhorn-system,longhorn-csi-plugin-t8lpt,node-driver-registrar,0.1,0.1,0.0,0.0,0.0,0.0,0.0,0.0,0.0,0.0,0.0,0.0,9.0,3.11083e-05,normal
2026-06-01T02:46:40Z,worker-1,longhorn-system,csi-attacher-896ffc747-rxjjt,csi-attacher,3.1,3.0,0.0,0.0,0.0,1110.0,1012.0,0.0,0.0,0.0,0.0,0.0,259.0,0.0008216127,normal
2026-06-01T02:46:40Z,worker-1,longhorn-system,csi-snapshotter-65884686fc-gjw5g,csi-snapshotter,7.4,7.3,0.0,0.0,0.0,1136.0,1034.0,0.0,0.0,0.0,0.0,0.0,691.0,0.0022425849,normal
2026-06-01T02:46:40Z,worker-1,kube-system,nodelocaldns-zjml5,node-cache,24.4,4.1,37.5,1.0,0.0,3059.0,2774.0,0.0,0.0,0.0,12.0,12.0,708.0,0.0068528991,normal
2026-06-01T02:46:40Z,worker-1,kube-system,kube-ovn-pinger-vfzmn,pinger,37.8,16.7,13.2,0.2,0.0,115811.0,1484.0,0.0,12288.0,0.0644245,17.0,26.0,3163.0,0.0168712007,normal
2026-06-01T02:46:40Z,worker-1,kube-system,tetragon-kl9tz,tetragon,5.6,3.5,0.0,0.0,0.0,17587.0,239.0,0.0,0.0,0.0,0.0,0.0,12830.0,0.0333729147,normal
2026-06-01T02:46:40Z,worker-1,longhorn-system,engine-image-ei-3154f3aa-kvvkq,engine-image-ei-3154f3aa,12.9,1.0,14.5,0.0,0.0,0.0,0.0,0.0,0.0,0.0,10.0,41.0,1055.0,0.0120092933,normal
2026-06-01T02:46:40Z,worker-1,kube-system,kube-proxy-pdwww,kube-proxy,1.7,0.3,0.0,0.0,0.0,17157.0,96.0,0.0,0.0,0.0,0.0,0.0,103.0,0.0002749699,normal
2026-06-01T02:46:40Z,worker-1,longhorn-system,engine-image-ei-843accdd-tx99h,engine-image-ei-843accdd,12.5,1.0,14.1,0.0,0.0,0.0,0.0,0.0,0.0,0.0,10.0,30.0,789.0,0.0099757549,normal
2026-06-01T02:46:40Z,worker-1,kube-system,kube-ovn-cni-cf7cj,cni-server,320.6,22.8,362.8,0.2,0.0,204477.0,1200.0,0.0,0.0,0.0,133.0,164.0,4157.0,0.0647117275,normal
2026-06-01T02:46:40Z,worker-1,kube-system,ovs-ovn-w75jd,openvswitch,96.7,57.5,37.9,0.0,0.0,38.0,41.0,0.0,0.0,0.0,52.0,88.0,1924.0,0.0307031815,normal
2026-06-01T02:46:40Z,worker-1,longhorn-system,csi-provisioner-688964c44b-7hv5d,csi-provisioner,37.1,8.5,0.0,0.0,0.0,206100.0,2190.0,0.0,0.0,0.0,0.0,0.0,1356.0,0.0065693227,normal
2026-06-01T02:46:40Z,worker-1,longhorn-system,instance-manager-bacbca1a1c80c6ca28fd5f2d5fd0c24c,instance-manager,193.4,7.8,11.3,0.4,0.0,3023.0,3196.0,0.0,0.0,0.0,6.0,6.0,679.0,0.0068183897,normal
2026-06-01T02:46:40Z,worker-1,ebpf-final,ebpf-collector-5588x,collector,0.2,0.8,0.3,0.1,0.0,12247.0,17672.0,0.0,0.0,0.0,0.0,0.0,11.0,0.0022549979,normal
2026-06-01T02:46:40Z,worker-1,longhorn-system,longhorn-csi-plugin-t8lpt,longhorn-liveness-probe,2.8,1.8,0.0,0.0,0.0,224.0,274.0,0.0,0.0,0.0,0.0,0.0,165.0,0.0008122493,normal
2026-06-01T02:46:40Z,worker-1,monitoring,my-monitoring-prometheus-node-exporter-829wk,node-exporter,0.4,0.2,0.0,0.0,0.0,208.0,3254.0,0.0,0.0,0.0,0.0,0.0,24.0,0.0001643751,normal
2026-06-01T02:46:40Z,worker-1,longhorn-system,csi-resizer-7d9bff5787-242pl,csi-resizer,2.6,1.9,0.1,0.0,0.0,1129.0,996.0,0.0,0.0,0.0,0.0,0.0,265.0,0.0007334965,normal
2026-06-01T02:46:40Z,worker-1,kube-system,tetragon-kl9tz,export-stdout,6.0,4.8,0.0,0.0,0.0,0.0,0.0,0.0,0.0,0.0,0.0,0.0,10.0,0.0001160211,normal
2026-06-01T02:46:50Z,worker-1,gpu-operator,gpu-operator-1764036362-node-feature-discovery-worker-9v5dt,worker,0.6,0.3,0.0,0.0,0.0,261.0,227.0,0.0,0.0,0.0,0.0,0.0,92.0,0.0003077728,normal
2026-06-01T02:46:50Z,worker-1,longhorn-system,longhorn-csi-plugin-t8lpt,longhorn-csi-plugin,2.9,1.3,0.0,0.0,0.0,0.0,0.0,0.0,0.0,0.0,0.0,0.0,86.0,0.0003646247,normal
2026-06-01T02:46:50Z,worker-1,longhorn-system,longhorn-manager-fgsfc,longhorn-manager,127.6,52.5,0.1,0.1,0.0,523045.0,11429.0,0.0,0.0,0.0,0.0,0.0,4893.0,0.0155967,normal
2026-06-01T02:46:50Z,worker-1,longhorn-system,longhorn-csi-plugin-t8lpt,node-driver-registrar,0.1,0.1,0.0,0.0,0.0,0.0,0.0,0.0,0.0,0.0,0.0,0.0,9.0,3.42292e-05,normal
2026-06-01T02:46:50Z,worker-1,longhorn-system,csi-attacher-896ffc747-rxjjt,csi-attacher,3.4,3.2,0.0,0.0,0.0,1226.0,1013.0,0.0,0.0,0.0,0.0,0.0,298.0,0.0008462601,normal
2026-06-01T02:46:50Z,worker-1,longhorn-system,csi-snapshotter-65884686fc-gjw5g,csi-snapshotter,7.7,7.5,0.1,0.0,0.0,1299.0,1073.0,0.0,0.0,0.0,0.0,0.0,814.0,0.0025002056,normal
2026-06-01T02:46:50Z,worker-1,kube-system,nodelocaldns-zjml5,node-cache,13.3,4.2,0.4,1.2,0.0,4922.0,3562.0,0.0,0.0,0.0,0.0,0.0,788.0,0.0041336109,normal
2026-06-01T02:46:50Z,worker-1,kube-system,kube-ovn-pinger-vfzmn,pinger,44.6,19.8,13.3,0.2,0.0,115907.0,1484.0,0.0,12288.0,0.070023,17.0,26.0,3906.0,0.0185474213,normal
2026-06-01T02:46:50Z,worker-1,kube-system,tetragon-kl9tz,tetragon,5.7,3.4,0.0,0.0,0.0,17448.0,239.0,0.0,0.0,0.0,0.0,0.0,14405.0,0.0460040126,normal
2026-06-01T02:46:50Z,worker-1,longhorn-system,engine-image-ei-3154f3aa-kvvkq,engine-image-ei-3154f3aa,12.8,1.0,14.4,0.0,0.0,0.0,0.0,0.0,0.0,0.0,10.0,39.0,1071.0,0.0128714449,normal
2026-06-01T02:46:50Z,worker-1,kube-system,kube-proxy-pdwww,kube-proxy,2.2,0.4,0.0,0.0,0.0,17543.0,96.0,0.0,0.0,0.0,0.0,0.0,82.0,0.0003144393,normal
2026-06-01T02:46:50Z,worker-1,longhorn-system,engine-image-ei-843accdd-tx99h,engine-image-ei-843accdd,12.5,1.0,14.1,0.0,0.0,0.0,0.0,0.0,0.0,0.0,10.0,31.0,809.0,0.010376436,normal
2026-06-01T02:46:50Z,worker-1,kube-system,kube-ovn-cni-cf7cj,cni-server,377.4,28.0,443.1,0.4,0.0,231765.0,1344.0,0.0,0.0,0.0,172.0,234.0,5944.0,0.094982964,normal
2026-06-01T02:46:50Z,worker-1,kube-system,ovs-ovn-w75jd,openvswitch,104.1,64.2,38.0,0.0,0.0,38.0,41.0,0.0,0.0,0.0,52.0,88.0,2111.0,0.0331790009,normal
2026-06-01T02:46:50Z,worker-1,longhorn-system,csi-provisioner-688964c44b-7hv5d,csi-provisioner,41.4,9.1,0.1,0.0,0.0,233075.0,3467.0,0.0,0.0,0.0,0.0,0.0,1467.0,0.004636301,normal
2026-06-01T02:46:50Z,worker-1,longhorn-system,instance-manager-bacbca1a1c80c6ca28fd5f2d5fd0c24c,instance-manager,193.5,7.9,11.3,0.4,0.0,2998.0,3171.0,0.0,0.0,0.0,6.0,6.0,617.0,0.0062071855,normal
2026-06-01T02:46:50Z,worker-1,ebpf-final,ebpf-collector-5588x,collector,150.7,0.8,143.4,0.1,0.0,210089.0,18631.0,0.0,0.0,0.0,0.0,0.0,126.0,0.0208314138,normal
2026-06-01T02:46:50Z,worker-1,longhorn-system,longhorn-csi-plugin-t8lpt,longhorn-liveness-probe,3.1,1.9,0.0,0.0,0.0,224.0,274.0,0.0,0.0,0.0,0.0,0.0,195.0,0.0008612323,normal
2026-06-01T02:46:50Z,worker-1,monitoring,my-monitoring-prometheus-node-exporter-829wk,node-exporter,178.5,0.8,154.8,0.0,0.0,573.0,26028.0,0.0,0.0,0.0,0.0,0.0,230.0,0.0129552295,normal
2026-06-01T02:46:50Z,worker-1,longhorn-system,csi-resizer-7d9bff5787-242pl,csi-resizer,2.2,1.9,0.0,0.0,0.0,1219.0,1031.0,0.0,0.0,0.0,0.0,0.0,280.0,0.0007533466,normal
2026-06-01T02:46:50Z,worker-1,kube-system,tetragon-kl9tz,export-stdout,6.0,4.8,0.0,0.0,0.0,0.0,0.0,0.0,0.0,0.0,0.0,0.0,10.0,0.0001068632,normal
2026-06-01T02:47:01Z,worker-1,gpu-operator,gpu-operator-1764036362-node-feature-discovery-worker-9v5dt,worker,0.4,0.2,0.0,0.0,0.0,222.0,188.0,0.0,0.0,0.0,0.0,0.0,33.0,0.0002145449,normal
2026-06-01T02:47:01Z,worker-1,longhorn-system,longhorn-csi-plugin-t8lpt,longhorn-csi-plugin,2.4,1.3,0.0,0.0,0.0,0.0,0.0,0.0,0.0,0.0,0.0,0.0,75.0,0.0003696548,normal
2026-06-01T02:47:01Z,worker-1,longhorn-system,longhorn-manager-fgsfc,longhorn-manager,159.2,50.4,14.8,0.3,0.0,419029.0,21504.0,0.0,0.0,0.0,2.0,11.0,4847.0,0.0210778907,normal
2026-06-01T02:47:01Z,worker-1,longhorn-system,longhorn-csi-plugin-t8lpt,node-driver-registrar,0.1,0.1,0.0,0.0,0.0,0.0,0.0,0.0,0.0,0.0,0.0,0.0,9.0,2.89712e-05,normal
2026-06-01T02:47:01Z,worker-1,longhorn-system,csi-attacher-896ffc747-rxjjt,csi-attacher,3.4,2.9,0.0,0.0,0.0,1313.0,1049.0,0.0,0.0,0.0,0.0,0.0,251.0,0.000819784,normal
2026-06-01T02:47:01Z,worker-1,longhorn-system,csi-snapshotter-65884686fc-gjw5g,csi-snapshotter,7.3,6.9,0.0,0.0,0.0,1169.0,1032.0,0.0,0.0,0.0,0.0,0.0,797.0,0.0022647398,normal
2026-06-01T02:47:01Z,worker-1,kube-system,nodelocaldns-zjml5,node-cache,13.2,4.5,0.3,1.0,0.0,4922.0,3562.0,0.0,0.0,0.0,0.0,0.0,856.0,0.0040311173,normal
2026-06-01T02:47:01Z,worker-1,kube-system,kube-ovn-pinger-vfzmn,pinger,48.2,19.1,13.2,0.2,0.0,115812.0,1580.0,0.0,12288.0,0.069148,17.0,26.0,3129.0,0.0187348943,normal
2026-06-01T02:47:01Z,worker-1,kube-system,tetragon-kl9tz,tetragon,7.6,5.9,0.4,0.0,0.0,17813.0,21414.0,0.0,0.0,0.0,0.0,0.0,12551.0,0.0352823308,normal
2026-06-01T02:47:01Z,worker-1,longhorn-system,engine-image-ei-3154f3aa-kvvkq,engine-image-ei-3154f3aa,12.8,1.0,14.4,0.0,0.0,0.0,0.0,0.0,0.0,0.0,10.0,42.0,1028.0,0.0122135321,normal
2026-06-01T02:47:01Z,worker-1,kube-system,kube-proxy-pdwww,kube-proxy,2.2,0.4,0.0,0.0,0.0,17283.0,96.0,0.0,0.0,0.0,0.0,0.0,119.0,0.0003136403,normal
2026-06-01T02:47:01Z,worker-1,longhorn-system,engine-image-ei-843accdd-tx99h,engine-image-ei-843accdd,12.6,1.0,14.2,0.0,0.0,0.0,0.0,0.0,0.0,0.0,10.0,32.0,929.0,0.010043689,normal
2026-06-01T02:47:01Z,worker-1,kube-system,kube-ovn-cni-cf7cj,cni-server,319.7,22.1,364.2,0.2,0.0,177635.0,1056.0,0.0,0.0,0.0,134.0,168.0,4109.0,0.0674646101,normal
2026-06-01T02:47:01Z,worker-1,kube-system,ovs-ovn-w75jd,openvswitch,100.8,64.5,38.1,0.0,0.0,38.0,41.0,0.0,0.0,0.0,52.0,88.0,1986.0,0.0336464304,normal
2026-06-01T02:47:01Z,worker-1,longhorn-system,csi-provisioner-688964c44b-7hv5d,csi-provisioner,32.9,9.3,0.0,0.0,0.0,178590.0,2094.0,0.0,0.0,0.0,0.0,0.0,1259.0,0.0038967425,normal
2026-06-01T02:47:01Z,worker-1,longhorn-system,instance-manager-bacbca1a1c80c6ca28fd5f2d5fd0c24c,instance-manager,203.5,10.0,12.4,0.4,0.0,3811.0,3766.0,0.0,0.0,0.0,7.0,7.0,835.0,0.0089057762,normal
2026-06-01T02:47:01Z,worker-1,ebpf-final,ebpf-collector-5588x,collector,0.2,0.8,0.3,0.1,0.0,12606.0,18185.0,0.0,0.0,0.0,0.0,0.0,6.0,0.0012692718,normal
2026-06-01T02:47:01Z,worker-1,longhorn-system,longhorn-csi-plugin-t8lpt,longhorn-liveness-probe,2.8,1.8,0.0,0.0,0.0,224.0,274.0,0.0,0.0,0.0,0.0,0.0,222.0,0.0016486605,normal
2026-06-01T02:47:01Z,worker-1,monitoring,my-monitoring-prometheus-node-exporter-829wk,node-exporter,0.4,0.2,0.0,0.0,0.0,208.0,3254.0,0.0,0.0,0.0,0.0,0.0,17.0,0.0001182668,normal
2026-06-01T02:47:01Z,worker-1,longhorn-system,csi-resizer-7d9bff5787-242pl,csi-resizer,2.0,1.9,0.0,0.0,0.0,1094.0,996.0,0.0,0.0,0.0,0.0,0.0,240.0,0.0007429841,normal
2026-06-01T02:47:01Z,worker-1,kube-system,tetragon-kl9tz,export-stdout,17.9,16.6,0.0,0.0,0.0,0.0,0.0,0.0,0.0,0.0,0.0,0.0,10.0,0.0002029011,normal
2026-06-01T02:47:11Z,worker-1,gpu-operator,gpu-operator-1764036362-node-feature-discovery-worker-9v5dt,worker,0.5,0.2,0.0,0.0,0.0,222.0,188.0,0.0,0.0,0.0,0.0,0.0,32.0,0.0001879373,normal
2026-06-01T02:47:11Z,worker-1,longhorn-system,longhorn-csi-plugin-t8lpt,longhorn-csi-plugin,3.2,1.6,0.0,0.0,0.0,0.0,0.0,0.0,0.0,0.0,0.0,0.0,82.0,0.0003688477,normal
2026-06-01T02:47:11Z,worker-1,longhorn-system,longhorn-manager-fgsfc,longhorn-manager,107.6,42.3,0.2,0.1,0.0,440845.0,13640.0,0.0,0.0,0.0,0.0,0.0,4344.0,0.0135872053,normal
2026-06-01T02:47:11Z,worker-1,longhorn-system,longhorn-csi-plugin-t8lpt,node-driver-registrar,0.1,0.1,0.0,0.0,0.0,0.0,0.0,0.0,0.0,0.0,0.0,0.0,9.0,2.99068e-05,normal
2026-06-01T02:47:11Z,worker-1,longhorn-system,csi-attacher-896ffc747-rxjjt,csi-attacher,4.2,3.7,0.0,0.0,0.0,1237.0,1014.0,0.0,0.0,0.0,0.0,0.0,319.0,0.000866278,normal
2026-06-01T02:47:11Z,worker-1,longhorn-system,csi-snapshotter-65884686fc-gjw5g,csi-snapshotter,9.0,8.7,0.0,0.0,0.0,1315.0,1071.0,0.0,0.0,0.0,0.0,0.0,766.0,0.0023504638,normal
2026-06-01T02:47:11Z,worker-1,kube-system,nodelocaldns-zjml5,node-cache,13.6,4.5,0.4,1.0,0.0,4922.0,3562.0,0.0,0.0,0.0,0.0,0.0,862.0,0.0040947097,normal
2026-06-01T02:47:11Z,worker-1,kube-system,kube-ovn-pinger-vfzmn,pinger,37.7,17.8,13.2,0.2,0.0,83766.0,1157.0,0.0,12288.0,0.059903,17.0,26.0,3149.0,0.0149430907,normal
2026-06-01T02:47:11Z,worker-1,kube-system,tetragon-kl9tz,tetragon,5.8,3.4,0.0,0.0,0.0,17927.0,239.0,0.0,0.0,0.0,0.0,0.0,12583.0,0.0409282734,normal
2026-06-01T02:47:11Z,worker-1,longhorn-system,engine-image-ei-3154f3aa-kvvkq,engine-image-ei-3154f3aa,12.8,1.0,14.4,0.0,0.0,0.0,0.0,0.0,0.0,0.0,10.0,43.0,1065.0,0.0123050668,normal
2026-06-01T02:47:11Z,worker-1,kube-system,kube-proxy-pdwww,kube-proxy,2.0,0.4,0.0,0.0,0.0,17157.0,96.0,0.0,0.0,0.0,0.0,0.0,142.0,0.000322752,normal
2026-06-01T02:47:11Z,worker-1,longhorn-system,engine-image-ei-843accdd-tx99h,engine-image-ei-843accdd,12.5,1.0,14.1,0.0,0.0,0.0,0.0,0.0,0.0,0.0,10.0,26.0,749.0,0.0089186049,normal
2026-06-01T02:47:11Z,worker-1,kube-system,kube-ovn-cni-cf7cj,cni-server,318.1,22.2,361.7,0.4,0.0,189344.0,1104.0,0.0,0.0,0.0,132.0,199.0,5065.0,0.0764399445,normal
2026-06-01T02:47:11Z,worker-1,kube-system,ovs-ovn-w75jd,openvswitch,97.4,57.1,37.9,0.0,0.0,38.0,41.0,0.0,0.0,0.0,52.0,88.0,1982.0,0.0309034831,normal
2026-06-01T02:47:11Z,worker-1,longhorn-system,csi-provisioner-688964c44b-7hv5d,csi-provisioner,32.1,6.5,0.0,0.0,0.0,190406.0,2094.0,0.0,0.0,0.0,0.0,0.0,1235.0,0.0038466656,normal
2026-06-01T02:47:11Z,worker-1,longhorn-system,instance-manager-bacbca1a1c80c6ca28fd5f2d5fd0c24c,instance-manager,196.5,9.2,11.3,0.5,0.0,4108.0,4933.0,0.0,0.0,0.0,6.0,6.0,806.0,0.0073895611,normal
2026-06-01T02:47:11Z,worker-1,ebpf-final,ebpf-collector-5588x,collector,0.2,0.7,0.3,0.1,0.0,11217.0,16170.0,0.0,0.0,0.0,0.0,0.0,10.0,0.0019022034,normal
2026-06-01T02:47:11Z,worker-1,longhorn-system,longhorn-csi-plugin-t8lpt,longhorn-liveness-probe,3.1,1.9,0.0,0.0,0.0,224.0,274.0,0.0,0.0,0.0,0.0,0.0,205.0,0.0008400883,normal
2026-06-01T02:47:11Z,worker-1,monitoring,my-monitoring-prometheus-node-exporter-829wk,node-exporter,0.4,0.2,0.0,0.0,0.0,208.0,3254.0,0.0,0.0,0.0,0.0,0.0,21.0,0.0001528784,normal
2026-06-01T02:47:11Z,worker-1,longhorn-system,csi-resizer-7d9bff5787-242pl,csi-resizer,1.7,1.6,0.0,0.0,0.0,1094.0,996.0,0.0,0.0,0.0,0.0,0.0,226.0,0.0006642586,normal
2026-06-01T02:47:11Z,worker-1,kube-system,tetragon-kl9tz,export-stdout,6.7,5.4,0.0,0.0,0.0,0.0,0.0,0.0,0.0,0.0,0.0,0.0,10.0,9.88779e-05,normal
2026-06-01T02:47:21Z,worker-1,gpu-operator,gpu-operator-1764036362-node-feature-discovery-worker-9v5dt,worker,294.7,4.2,159.6,0.0,0.0,137978.0,1811.0,0.0,0.0,0.0,0.0,0.0,2159.0,0.0318318516,normal
2026-06-01T02:47:21Z,worker-1,longhorn-system,longhorn-csi-plugin-t8lpt,longhorn-csi-plugin,2.8,1.2,0.0,0.0,0.0,0.0,0.0,0.0,0.0,0.0,0.0,0.0,76.0,0.000343964,normal
2026-06-01T02:47:21Z,worker-1,longhorn-system,longhorn-manager-fgsfc,longhorn-manager,114.7,45.4,0.2,0.1,0.0,469771.0,11419.0,0.0,0.0,0.0,0.0,0.0,4543.0,0.014509346,normal
2026-06-01T02:47:21Z,worker-1,longhorn-system,longhorn-csi-plugin-t8lpt,node-driver-registrar,0.1,0.1,0.0,0.0,0.0,0.0,0.0,0.0,0.0,0.0,0.0,0.0,9.0,3.09901e-05,normal
2026-06-01T02:47:21Z,worker-1,longhorn-system,csi-attacher-896ffc747-rxjjt,csi-attacher,3.8,3.4,0.1,0.0,0.0,1112.0,1014.0,0.0,0.0,0.0,0.0,0.0,287.0,0.0008592959,normal
2026-06-01T02:47:21Z,worker-1,longhorn-system,csi-snapshotter-65884686fc-gjw5g,csi-snapshotter,9.3,9.4,0.0,0.0,0.0,1131.0,1067.0,0.0,0.0,0.0,0.0,0.0,836.0,0.0024971902,normal
2026-06-01T02:47:21Z,worker-1,kube-system,nodelocaldns-zjml5,node-cache,14.0,4.8,0.3,1.1,0.0,5145.0,3785.0,0.0,0.0,0.0,0.0,0.0,779.0,0.0043578345,normal
2026-06-01T02:47:21Z,worker-1,kube-system,kube-ovn-pinger-vfzmn,pinger,46.7,20.1,13.2,0.2,0.0,115766.0,1484.0,0.0,8192.0,0.077041,17.0,26.0,3734.0,0.0192739776,normal
2026-06-01T02:47:21Z,worker-1,kube-system,tetragon-kl9tz,tetragon,7.6,4.2,0.1,0.0,0.0,17859.0,514.0,0.0,0.0,0.0,0.0,0.0,13371.0,0.0317371666,normal
2026-06-01T02:47:21Z,worker-1,longhorn-system,engine-image-ei-3154f3aa-kvvkq,engine-image-ei-3154f3aa,12.8,1.0,14.4,0.0,0.0,0.0,0.0,0.0,0.0,0.0,10.0,41.0,1082.0,0.0137977252,normal
2026-06-01T02:47:21Z,worker-1,kube-system,kube-proxy-pdwww,kube-proxy,1.9,0.4,0.0,0.0,0.0,17157.0,96.0,0.0,0.0,0.0,0.0,0.0,87.0,0.0002487171,normal
2026-06-01T02:47:21Z,worker-1,longhorn-system,engine-image-ei-843accdd-tx99h,engine-image-ei-843accdd,12.4,1.0,14.0,0.0,0.0,0.0,0.0,0.0,0.0,0.0,10.0,28.0,788.0,0.0096652569,normal
2026-06-01T02:47:21Z,worker-1,kube-system,kube-ovn-cni-cf7cj,cni-server,317.1,23.0,359.8,0.2,0.0,204773.0,1200.0,0.0,0.0,0.0,130.0,162.0,4065.0,0.063420105,normal
2026-06-01T02:47:21Z,worker-1,kube-system,ovs-ovn-w75jd,openvswitch,103.3,64.6,38.4,0.0,0.0,38.0,41.0,0.0,0.0,0.0,52.0,88.0,2185.0,0.0334041937,normal
2026-06-01T02:47:21Z,worker-1,longhorn-system,csi-provisioner-688964c44b-7hv5d,csi-provisioner,36.3,8.8,0.1,0.0,0.0,205564.0,2190.0,0.0,0.0,0.0,0.0,0.0,1367.0,0.0066853347,normal
2026-06-01T02:47:21Z,worker-1,longhorn-system,instance-manager-bacbca1a1c80c6ca28fd5f2d5fd0c24c,instance-manager,192.6,7.1,11.3,0.4,0.0,2972.0,3145.0,0.0,0.0,0.0,6.0,6.0,678.0,0.0074282544,normal
2026-06-01T02:47:21Z,worker-1,ebpf-final,ebpf-collector-5588x,collector,153.1,0.9,143.3,0.1,0.0,210427.0,19116.0,0.0,0.0,0.0,0.0,0.0,163.0,0.021811985,normal
2026-06-01T02:47:21Z,worker-1,longhorn-system,longhorn-csi-plugin-t8lpt,longhorn-liveness-probe,2.7,1.7,0.0,0.0,0.0,224.0,274.0,0.0,0.0,0.0,0.0,0.0,196.0,0.0008294561,normal
2026-06-01T02:47:21Z,worker-1,monitoring,my-monitoring-prometheus-node-exporter-829wk,node-exporter,178.6,0.8,154.8,0.0,0.0,573.0,26069.0,0.0,0.0,0.0,0.0,0.0,190.0,0.0127104416,normal
2026-06-01T02:47:21Z,worker-1,longhorn-system,csi-resizer-7d9bff5787-242pl,csi-resizer,2.1,1.7,0.0,0.0,0.0,1094.0,996.0,0.0,0.0,0.0,0.0,0.0,246.0,0.0007084503,normal
2026-06-01T02:47:21Z,worker-1,kube-system,tetragon-kl9tz,export-stdout,6.2,4.8,0.0,0.0,0.0,0.0,0.0,0.0,0.0,0.0,0.0,0.0,11.0,0.0001148467,normal
2026-06-01T02:47:31Z,worker-1,gpu-operator,gpu-operator-1764036362-node-feature-discovery-worker-9v5dt,worker,0.6,0.3,0.0,0.0,0.0,333.0,282.0,0.0,0.0,0.0,0.0,0.0,53.0,0.0003500884,normal
2026-06-01T02:47:31Z,worker-1,longhorn-system,longhorn-csi-plugin-t8lpt,longhorn-csi-plugin,2.9,1.3,0.0,0.0,0.0,0.0,0.0,0.0,0.0,0.0,0.0,0.0,84.0,0.0004032495,normal
2026-06-01T02:47:31Z,worker-1,longhorn-system,longhorn-manager-fgsfc,longhorn-manager,164.8,51.6,14.7,0.3,0.0,479602.0,22650.0,0.0,0.0,0.0,2.0,8.0,5092.0,0.0362918181,normal
2026-06-01T02:47:31Z,worker-1,longhorn-system,longhorn-csi-plugin-t8lpt,node-driver-registrar,0.1,0.1,0.0,0.0,0.0,0.0,0.0,0.0,0.0,0.0,0.0,0.0,9.0,3.04026e-05,normal
2026-06-01T02:47:31Z,worker-1,longhorn-system,csi-attacher-896ffc747-rxjjt,csi-attacher,3.2,2.8,0.0,0.0,0.0,1228.0,1014.0,0.0,0.0,0.0,0.0,0.0,300.0,0.0008164807,normal
2026-06-01T02:47:31Z,worker-1,longhorn-system,csi-snapshotter-65884686fc-gjw5g,csi-snapshotter,8.2,7.8,0.1,0.0,0.0,1371.0,1071.0,0.0,0.0,0.0,0.0,0.0,755.0,0.0023349428,normal
2026-06-01T02:47:31Z,worker-1,kube-system,nodelocaldns-zjml5,node-cache,13.8,4.9,0.3,1.0,0.0,4922.0,3562.0,0.0,0.0,0.0,0.0,0.0,811.0,0.0040755717,normal
2026-06-01T02:47:31Z,worker-1,kube-system,kube-ovn-pinger-vfzmn,pinger,21.4,15.4,3.2,0.0,0.0,32038.0,375.0,0.0,16384.0,0.0721495,6.0,11.0,2686.0,0.0097836192,normal
2026-06-01T02:47:31Z,worker-1,kube-system,tetragon-kl9tz,tetragon,5.9,5.6,0.0,0.0,0.0,17448.0,239.0,0.0,0.0,0.0,0.0,0.0,13594.0,0.0415092173,normal
2026-06-01T02:47:31Z,worker-1,longhorn-system,engine-image-ei-3154f3aa-kvvkq,engine-image-ei-3154f3aa,12.8,1.0,14.4,0.0,0.0,0.0,0.0,0.0,0.0,0.0,10.0,41.0,1021.0,0.0130538039,normal
2026-06-01T02:47:31Z,worker-1,kube-system,kube-proxy-pdwww,kube-proxy,1.7,0.4,0.0,0.0,0.0,17157.0,96.0,0.0,0.0,0.0,0.0,0.0,78.0,0.0002376227,normal
2026-06-01T02:47:31Z,worker-1,longhorn-system,engine-image-ei-843accdd-tx99h,engine-image-ei-843accdd,12.5,1.0,14.1,0.0,0.0,0.0,0.0,0.0,0.0,0.0,10.0,31.0,919.0,0.0113650972,normal
2026-06-01T02:47:31Z,worker-1,kube-system,kube-ovn-cni-cf7cj,cni-server,376.6,27.9,444.8,0.4,0.0,204477.0,1200.0,0.0,0.0,0.0,174.0,237.0,5845.0,0.090222019,normal
2026-06-01T02:47:31Z,worker-1,kube-system,ovs-ovn-w75jd,openvswitch,99.7,59.7,37.7,0.0,0.0,38.0,41.0,0.0,0.0,0.0,52.0,88.0,2113.0,0.0299232306,normal
2026-06-01T02:47:31Z,worker-1,longhorn-system,csi-provisioner-688964c44b-7hv5d,csi-provisioner,34.4,7.3,0.0,0.0,0.0,205739.0,2190.0,0.0,0.0,0.0,0.0,0.0,1266.0,0.0041269642,normal
2026-06-01T02:47:31Z,worker-1,longhorn-system,instance-manager-bacbca1a1c80c6ca28fd5f2d5fd0c24c,instance-manager,203.6,9.2,12.4,0.4,0.0,3811.0,3766.0,0.0,0.0,0.0,7.0,7.0,876.0,0.0091867028,normal
2026-06-01T02:47:31Z,worker-1,ebpf-final,ebpf-collector-5588x,collector,0.2,0.8,0.3,0.1,0.0,12258.0,17696.0,0.0,0.0,0.0,0.0,0.0,11.0,0.0014488637,normal
2026-06-01T02:47:31Z,worker-1,longhorn-system,longhorn-csi-plugin-t8lpt,longhorn-liveness-probe,2.7,1.8,0.0,0.0,0.0,224.0,274.0,0.0,0.0,0.0,0.0,0.0,195.0,0.000862291,normal
2026-06-01T02:47:31Z,worker-1,monitoring,my-monitoring-prometheus-node-exporter-829wk,node-exporter,0.4,0.2,0.0,0.0,0.0,208.0,3254.0,0.0,0.0,0.0,0.0,0.0,25.0,0.0001692737,normal
2026-06-01T02:47:31Z,worker-1,longhorn-system,csi-resizer-7d9bff5787-242pl,csi-resizer,2.6,1.8,0.1,0.0,0.0,1279.0,996.0,0.0,0.0,0.0,0.0,0.0,225.0,0.0007194649,normal
2026-06-01T02:47:31Z,worker-1,kube-system,tetragon-kl9tz,export-stdout,18.0,16.6,0.0,0.0,0.0,0.0,0.0,0.0,0.0,0.0,0.0,0.0,10.0,0.0002015536,normal
2026-06-01T02:47:41Z,worker-1,gpu-operator,gpu-operator-1764036362-node-feature-discovery-worker-9v5dt,worker,0.4,0.2,0.0,0.0,0.0,222.0,188.0,0.0,0.0,0.0,0.0,0.0,33.0,0.0002112782,normal
2026-06-01T02:47:41Z,worker-1,longhorn-system,longhorn-csi-plugin-t8lpt,longhorn-csi-plugin,2.9,1.3,0.0,0.0,0.0,0.0,0.0,0.0,0.0,0.0,0.0,0.0,77.0,0.0003582851,normal
2026-06-01T02:47:41Z,worker-1,longhorn-system,longhorn-manager-fgsfc,longhorn-manager,110.7,43.1,0.1,0.1,0.0,466062.0,10884.0,0.0,0.0,0.0,0.0,0.0,4367.0,0.0142306733,normal
2026-06-01T02:47:41Z,worker-1,longhorn-system,longhorn-csi-plugin-t8lpt,node-driver-registrar,0.1,0.1,0.0,0.0,0.0,0.0,0.0,0.0,0.0,0.0,0.0,0.0,9.0,2.99586e-05,normal
2026-06-01T02:47:41Z,worker-1,longhorn-system,csi-attacher-896ffc747-rxjjt,csi-attacher,3.1,2.9,0.0,0.0,0.0,1111.0,1014.0,0.0,0.0,0.0,0.0,0.0,261.0,0.0008436301,normal
2026-06-01T02:47:41Z,worker-1,longhorn-system,csi-snapshotter-65884686fc-gjw5g,csi-snapshotter,7.2,6.9,0.1,0.0,0.0,1246.0,1072.0,0.0,0.0,0.0,0.0,0.0,848.0,0.002336876,normal
2026-06-01T02:47:41Z,worker-1,kube-system,nodelocaldns-zjml5,node-cache,28.4,5.7,37.6,1.0,0.0,4922.0,3562.0,0.0,0.0,0.0,12.0,12.0,1045.0,0.0099458414,normal
2026-06-01T02:47:41Z,worker-1,kube-system,kube-ovn-pinger-vfzmn,pinger,45.7,20.5,9.9,0.2,0.0,115821.0,1580.0,0.0,12288.0,0.074101,11.0,15.0,4441.0,0.0209882934,normal
2026-06-01T02:47:41Z,worker-1,kube-system,tetragon-kl9tz,tetragon,5.9,3.4,0.0,0.0,0.0,17587.0,239.0,0.0,0.0,0.0,0.0,0.0,12777.0,0.0425057524,normal
2026-06-01T02:47:41Z,worker-1,longhorn-system,engine-image-ei-3154f3aa-kvvkq,engine-image-ei-3154f3aa,12.8,1.0,14.4,0.0,0.0,0.0,0.0,0.0,0.0,0.0,10.0,38.0,1068.0,0.0134596786,normal
2026-06-01T02:47:41Z,worker-1,kube-system,kube-proxy-pdwww,kube-proxy,2.0,0.4,0.0,0.0,0.0,17157.0,96.0,0.0,0.0,0.0,0.0,0.0,86.0,0.0002719731,normal
2026-06-01T02:47:41Z,worker-1,longhorn-system,engine-image-ei-843accdd-tx99h,engine-image-ei-843accdd,12.7,1.0,14.3,0.0,0.0,0.0,0.0,0.0,0.0,0.0,10.0,34.0,973.0,0.0120433985,normal
2026-06-01T02:47:41Z,worker-1,kube-system,kube-ovn-cni-cf7cj,cni-server,315.1,21.8,359.9,0.2,0.0,204477.0,1200.0,0.0,0.0,0.0,130.0,168.0,4188.0,0.0615194219,normal
2026-06-01T02:47:41Z,worker-1,kube-system,ovs-ovn-w75jd,openvswitch,101.2,61.7,37.9,0.0,0.0,38.0,41.0,0.0,0.0,0.0,52.0,88.0,2129.0,0.031646831,normal
2026-06-01T02:47:41Z,worker-1,longhorn-system,csi-provisioner-688964c44b-7hv5d,csi-provisioner,37.1,9.7,0.0,0.0,0.0,206078.0,2190.0,0.0,0.0,0.0,0.0,0.0,1429.0,0.0042771889,normal
2026-06-01T02:47:41Z,worker-1,longhorn-system,instance-manager-bacbca1a1c80c6ca28fd5f2d5fd0c24c,instance-manager,193.3,7.5,11.3,0.4,0.0,3023.0,3196.0,0.0,0.0,0.0,6.0,6.0,676.0,0.0070593469,normal
2026-06-01T02:47:41Z,worker-1,ebpf-final,ebpf-collector-5588x,collector,0.2,0.7,0.3,0.1,0.0,11878.0,17142.0,0.0,0.0,0.0,0.0,0.0,12.0,0.000937223,normal
2026-06-01T02:47:41Z,worker-1,longhorn-system,longhorn-csi-plugin-t8lpt,longhorn-liveness-probe,3.0,1.9,0.0,0.0,0.0,224.0,274.0,0.0,0.0,0.0,0.0,0.0,188.0,0.0007510125,normal
2026-06-01T02:47:41Z,worker-1,monitoring,my-monitoring-prometheus-node-exporter-829wk,node-exporter,0.4,0.2,0.0,0.0,0.0,208.0,3254.0,0.0,0.0,0.0,0.0,0.0,24.0,0.0001628217,normal
2026-06-01T02:47:41Z,worker-1,longhorn-system,csi-resizer-7d9bff5787-242pl,csi-resizer,2.2,2.1,0.0,0.0,0.0,1094.0,1031.0,0.0,0.0,0.0,0.0,0.0,255.0,0.000754769,normal
2026-06-01T02:47:41Z,worker-1,kube-system,tetragon-kl9tz,export-stdout,6.1,4.8,0.0,0.0,0.0,0.0,0.0,0.0,0.0,0.0,0.0,0.0,10.0,0.0001159381,normal
2026-06-01T02:47:52Z,worker-1,gpu-operator,gpu-operator-1764036362-node-feature-discovery-worker-9v5dt,worker,0.8,0.4,0.0,0.0,0.0,261.0,227.0,0.0,0.0,0.0,0.0,0.0,98.0,0.0003167612,normal
2026-06-01T02:47:52Z,worker-1,longhorn-system,longhorn-csi-plugin-t8lpt,longhorn-csi-plugin,2.8,1.1,0.0,0.0,0.0,0.0,0.0,0.0,0.0,0.0,0.0,0.0,83.0,0.000420929,normal
2026-06-01T02:47:52Z,worker-1,longhorn-system,longhorn-manager-fgsfc,longhorn-manager,113.1,42.9,0.2,0.1,0.0,471118.0,11236.0,0.0,0.0,0.0,0.0,0.0,4443.0,0.0141174135,normal
2026-06-01T02:47:52Z,worker-1,longhorn-system,longhorn-csi-plugin-t8lpt,node-driver-registrar,0.1,0.1,0.0,0.0,0.0,0.0,0.0,0.0,0.0,0.0,0.0,0.0,9.0,3.059e-05,normal
2026-06-01T02:47:52Z,worker-1,longhorn-system,csi-attacher-896ffc747-rxjjt,csi-attacher,2.7,2.5,0.0,0.0,0.0,1146.0,1049.0,0.0,0.0,0.0,0.0,0.0,307.0,0.0022032168,normal
2026-06-01T02:47:52Z,worker-1,longhorn-system,csi-snapshotter-65884686fc-gjw5g,csi-snapshotter,7.4,7.0,0.0,0.0,0.0,1166.0,1034.0,0.0,0.0,0.0,0.0,0.0,753.0,0.0022038758,normal
2026-06-01T02:47:52Z,worker-1,kube-system,nodelocaldns-zjml5,node-cache,13.3,4.4,0.3,1.0,0.0,4922.0,3562.0,0.0,0.0,0.0,0.0,0.0,702.0,0.0039471292,normal
2026-06-01T02:47:52Z,worker-1,kube-system,kube-ovn-pinger-vfzmn,pinger,48.8,21.4,13.3,0.2,0.0,115837.0,1580.0,0.0,12288.0,0.0694315,17.0,26.0,3923.0,0.0173212069,normal
2026-06-01T02:47:52Z,worker-1,kube-system,tetragon-kl9tz,tetragon,5.3,3.2,0.0,0.0,0.0,17448.0,239.0,0.0,0.0,0.0,0.0,0.0,13025.0,0.035193949,normal
2026-06-01T02:47:52Z,worker-1,longhorn-system,engine-image-ei-3154f3aa-kvvkq,engine-image-ei-3154f3aa,12.8,1.0,14.4,0.0,0.0,0.0,0.0,0.0,0.0,0.0,10.0,42.0,1060.0,0.0116608442,normal
2026-06-01T02:47:52Z,worker-1,kube-system,kube-proxy-pdwww,kube-proxy,3.0,0.5,0.1,0.0,0.0,17662.0,241.0,0.0,0.0,0.0,0.0,0.0,125.0,0.002168528,normal
2026-06-01T02:47:52Z,worker-1,longhorn-system,engine-image-ei-843accdd-tx99h,engine-image-ei-843accdd,12.7,1.0,14.3,0.0,0.0,0.0,0.0,0.0,0.0,0.0,10.0,38.0,1091.0,0.0114329852,normal
2026-06-01T02:47:52Z,worker-1,kube-system,kube-ovn-cni-cf7cj,cni-server,324.7,22.9,365.0,0.3,0.0,204616.0,1200.0,0.0,0.0,0.0,135.0,183.0,4792.0,0.0728699659,normal
2026-06-01T02:47:52Z,worker-1,kube-system,ovs-ovn-w75jd,openvswitch,107.2,69.3,38.0,0.0,0.0,76.0,82.0,0.0,0.0,0.0,52.0,88.0,2121.0,0.0317285477,normal
2026-06-01T02:47:52Z,worker-1,longhorn-system,csi-provisioner-688964c44b-7hv5d,csi-provisioner,34.6,6.7,0.0,0.0,0.0,205689.0,2190.0,0.0,0.0,0.0,0.0,0.0,1284.0,0.0040925229,normal
2026-06-01T02:47:52Z,worker-1,longhorn-system,instance-manager-bacbca1a1c80c6ca28fd5f2d5fd0c24c,instance-manager,192.8,7.2,11.3,0.4,0.0,2972.0,3145.0,0.0,0.0,0.0,6.0,6.0,634.0,0.0070575657,normal
2026-06-01T02:47:52Z,worker-1,ebpf-final,ebpf-collector-5588x,collector,152.3,0.8,143.4,0.1,0.0,209389.0,17603.0,0.0,0.0,0.0,0.0,0.0,150.0,0.0218331649,normal
2026-06-01T02:47:52Z,worker-1,longhorn-system,longhorn-csi-plugin-t8lpt,longhorn-liveness-probe,3.0,1.9,0.0,0.0,0.0,224.0,274.0,0.0,0.0,0.0,0.0,0.0,249.0,0.0018175157,normal
2026-06-01T02:47:52Z,worker-1,monitoring,my-monitoring-prometheus-node-exporter-829wk,node-exporter,178.5,0.8,154.8,0.0,0.0,573.0,26057.0,0.0,0.0,0.0,0.0,0.0,263.0,0.0121446258,normal
2026-06-01T02:47:52Z,worker-1,longhorn-system,csi-resizer-7d9bff5787-242pl,csi-resizer,2.4,2.1,0.0,0.0,0.0,1219.0,996.0,0.0,0.0,0.0,0.0,0.0,273.0,0.0007261985,normal
2026-06-01T02:47:52Z,worker-1,kube-system,tetragon-kl9tz,export-stdout,6.2,4.8,0.0,0.0,0.0,0.0,0.0,0.0,0.0,0.0,0.0,0.0,11.0,0.0001357561,normal
2026-06-01T02:48:02Z,worker-1,gpu-operator,gpu-operator-1764036362-node-feature-discovery-worker-9v5dt,worker,0.5,0.2,0.0,0.0,0.0,222.0,188.0,0.0,0.0,0.0,0.0,0.0,33.0,0.0001779144,normal
2026-06-01T02:48:02Z,worker-1,longhorn-system,longhorn-csi-plugin-t8lpt,longhorn-csi-plugin,2.7,1.1,0.0,0.0,0.0,0.0,0.0,0.0,0.0,0.0,0.0,0.0,87.0,0.0004125603,normal
2026-06-01T02:48:02Z,worker-1,longhorn-system,longhorn-manager-fgsfc,longhorn-manager,161.6,47.0,14.8,0.3,0.0,479318.0,21746.0,0.0,0.0,0.0,2.0,8.0,5077.0,0.0217390226,normal
2026-06-01T02:48:02Z,worker-1,longhorn-system,longhorn-csi-plugin-t8lpt,node-driver-registrar,0.1,0.1,0.0,0.0,0.0,0.0,0.0,0.0,0.0,0.0,0.0,0.0,9.0,2.69829e-05,normal
2026-06-01T02:48:02Z,worker-1,longhorn-system,csi-attacher-896ffc747-rxjjt,csi-attacher,3.6,3.2,0.0,0.0,0.0,1248.0,1014.0,0.0,0.0,0.0,0.0,0.0,270.0,0.0009069017,normal
2026-06-01T02:48:02Z,worker-1,longhorn-system,csi-snapshotter-65884686fc-gjw5g,csi-snapshotter,7.7,7.5,0.0,0.0,0.0,1132.0,1034.0,0.0,0.0,0.0,0.0,0.0,779.0,0.0022582164,normal
2026-06-01T02:48:02Z,worker-1,kube-system,nodelocaldns-zjml5,node-cache,13.6,4.4,0.4,1.0,0.0,4922.0,3562.0,0.0,0.0,0.0,0.0,0.0,803.0,0.0042607819,normal
2026-06-01T02:48:02Z,worker-1,kube-system,kube-ovn-pinger-vfzmn,pinger,50.3,20.6,13.2,0.2,0.0,115822.0,1580.0,0.0,12288.0,0.0615375,17.0,26.0,4540.0,0.0224654861,normal
2026-06-01T02:48:02Z,worker-1,kube-system,tetragon-kl9tz,tetragon,7.8,5.9,0.4,0.0,0.0,17813.0,21429.0,0.0,0.0,0.0,0.0,0.0,12424.0,0.0441896285,normal
2026-06-01T02:48:02Z,worker-1,longhorn-system,engine-image-ei-3154f3aa-kvvkq,engine-image-ei-3154f3aa,12.7,1.0,14.3,0.0,0.0,0.0,0.0,0.0,0.0,0.0,10.0,39.0,1069.0,0.012675103,normal
2026-06-01T02:48:02Z,worker-1,kube-system,kube-proxy-pdwww,kube-proxy,1.9,0.6,0.0,0.0,0.0,17283.0,144.0,0.0,0.0,0.0,0.0,0.0,122.0,0.0003324442,normal
2026-06-01T02:48:02Z,worker-1,longhorn-system,engine-image-ei-843accdd-tx99h,engine-image-ei-843accdd,12.5,1.0,14.1,0.0,0.0,0.0,0.0,0.0,0.0,0.0,10.0,26.0,737.0,0.0086648744,normal
2026-06-01T02:48:02Z,worker-1,kube-system,kube-ovn-cni-cf7cj,cni-server,318.6,22.9,360.7,0.3,0.0,204931.0,1200.0,0.0,0.0,0.0,131.0,179.0,4449.0,0.0659896939,normal
2026-06-01T02:48:02Z,worker-1,kube-system,ovs-ovn-w75jd,openvswitch,102.6,63.4,38.1,0.0,0.0,38.0,41.0,0.0,0.0,0.0,52.0,88.0,2057.0,0.0310599387,normal
2026-06-01T02:48:02Z,worker-1,longhorn-system,csi-provisioner-688964c44b-7hv5d,csi-provisioner,34.1,7.2,0.0,0.0,0.0,205697.0,2190.0,0.0,0.0,0.0,0.0,0.0,1233.0,0.0040307898,normal
2026-06-01T02:48:02Z,worker-1,longhorn-system,instance-manager-bacbca1a1c80c6ca28fd5f2d5fd0c24c,instance-manager,204.2,9.4,12.4,0.4,0.0,3811.0,3749.0,0.0,0.0,0.0,7.0,7.0,899.0,0.0096289913,normal
2026-06-01T02:48:02Z,worker-1,ebpf-final,ebpf-collector-5588x,collector,0.2,0.8,0.3,0.1,0.0,12603.0,18188.0,0.0,0.0,0.0,0.0,0.0,12.0,0.0019416023,normal
2026-06-01T02:48:02Z,worker-1,longhorn-system,longhorn-csi-plugin-t8lpt,longhorn-liveness-probe,3.1,1.9,0.0,0.0,0.0,224.0,274.0,0.0,0.0,0.0,0.0,0.0,229.0,0.0009085925,normal
2026-06-01T02:48:02Z,worker-1,monitoring,my-monitoring-prometheus-node-exporter-829wk,node-exporter,0.5,0.2,0.0,0.0,0.0,208.0,3254.0,0.0,0.0,0.0,0.0,0.0,20.0,0.0001343598,normal
2026-06-01T02:48:02Z,worker-1,longhorn-system,csi-resizer-7d9bff5787-242pl,csi-resizer,2.6,2.5,0.0,0.0,0.0,1094.0,996.0,0.0,0.0,0.0,0.0,0.0,248.0,0.0007294685,normal
2026-06-01T02:48:02Z,worker-1,kube-system,tetragon-kl9tz,export-stdout,18.0,16.6,0.0,0.0,0.0,0.0,0.0,0.0,0.0,0.0,0.0,0.0,10.0,0.0002417304,normal
2026-06-01T02:48:12Z,worker-1,gpu-operator,gpu-operator-1764036362-node-feature-discovery-worker-9v5dt,worker,0.5,0.2,0.0,0.0,0.0,222.0,188.0,0.0,0.0,0.0,0.0,0.0,34.0,0.0002072759,normal
2026-06-01T02:48:12Z,worker-1,longhorn-system,longhorn-csi-plugin-t8lpt,longhorn-csi-plugin,2.9,1.2,0.0,0.0,0.0,0.0,0.0,0.0,0.0,0.0,0.0,0.0,82.0,0.0003843977,normal
2026-06-01T02:48:12Z,worker-1,longhorn-system,longhorn-manager-fgsfc,longhorn-manager,114.9,46.7,0.2,0.1,0.0,470561.0,13979.0,0.0,0.0,0.0,0.0,0.0,4384.0,0.0146961138,normal
2026-06-01T02:48:12Z,worker-1,longhorn-system,longhorn-csi-plugin-t8lpt,node-driver-registrar,0.1,0.1,0.0,0.0,0.0,0.0,0.0,0.0,0.0,0.0,0.0,0.0,9.0,3.35478e-05,normal
2026-06-01T02:48:12Z,worker-1,longhorn-system,csi-attacher-896ffc747-rxjjt,csi-attacher,3.4,2.9,0.1,0.0,0.0,1237.0,1014.0,0.0,0.0,0.0,0.0,0.0,306.0,0.0008522345,normal
2026-06-01T02:48:12Z,worker-1,longhorn-system,csi-snapshotter-65884686fc-gjw5g,csi-snapshotter,6.8,6.6,0.0,0.0,0.0,1249.0,1108.0,0.0,0.0,0.0,0.0,0.0,816.0,0.0022881668,normal
2026-06-01T02:48:12Z,worker-1,kube-system,nodelocaldns-zjml5,node-cache,13.5,4.6,0.3,1.0,0.0,4922.0,3562.0,0.0,0.0,0.0,0.0,0.0,754.0,0.0039926845,normal
2026-06-01T02:48:12Z,worker-1,kube-system,kube-ovn-pinger-vfzmn,pinger,50.7,20.9,13.2,0.2,0.0,115915.0,1580.0,0.0,12288.0,0.069343,17.0,26.0,4108.0,0.0180958505,normal
2026-06-01T02:48:12Z,worker-1,kube-system,tetragon-kl9tz,tetragon,6.7,3.6,0.1,0.0,0.0,18198.0,365.0,0.0,0.0,0.0,0.0,0.0,13797.0,0.03502882,normal
2026-06-01T02:48:12Z,worker-1,longhorn-system,engine-image-ei-3154f3aa-kvvkq,engine-image-ei-3154f3aa,12.8,1.0,14.4,0.0,0.0,0.0,0.0,0.0,0.0,0.0,10.0,42.0,1130.0,0.0131406229,normal
2026-06-01T02:48:12Z,worker-1,kube-system,kube-proxy-pdwww,kube-proxy,1.6,0.5,0.0,0.0,0.0,17157.0,96.0,0.0,0.0,0.0,0.0,0.0,124.0,0.0003268535,normal
2026-06-01T02:48:12Z,worker-1,longhorn-system,engine-image-ei-843accdd-tx99h,engine-image-ei-843accdd,12.6,1.0,14.2,0.0,0.0,0.0,0.0,0.0,0.0,0.0,10.0,37.0,937.0,0.0111075934,normal
2026-06-01T02:48:12Z,worker-1,kube-system,kube-ovn-cni-cf7cj,cni-server,374.3,27.6,442.2,0.3,0.0,204477.0,1200.0,0.0,0.0,0.0,171.0,213.0,5265.0,0.0811804627,normal
2026-06-01T02:48:12Z,worker-1,kube-system,ovs-ovn-w75jd,openvswitch,106.6,65.0,38.0,0.0,0.0,38.0,41.0,0.0,0.0,0.0,52.0,88.0,2273.0,0.0328480682,normal
2026-06-01T02:48:12Z,worker-1,longhorn-system,csi-provisioner-688964c44b-7hv5d,csi-provisioner,37.2,8.9,0.1,0.0,0.0,205687.0,2190.0,0.0,0.0,0.0,0.0,0.0,1368.0,0.0063730371,normal
2026-06-01T02:48:12Z,worker-1,longhorn-system,instance-manager-bacbca1a1c80c6ca28fd5f2d5fd0c24c,instance-manager,29.4,8.4,1.2,0.1,0.0,4108.0,4856.0,0.0,0.0,0.0,1.0,1.0,744.0,0.0046726254,normal
2026-06-01T02:48:12Z,worker-1,ebpf-final,ebpf-collector-5588x,collector,0.2,0.8,0.3,0.1,0.0,12585.0,18166.0,0.0,0.0,0.0,0.0,0.0,12.0,0.001880958,normal
2026-06-01T02:48:12Z,worker-1,longhorn-system,longhorn-csi-plugin-t8lpt,longhorn-liveness-probe,2.8,1.9,0.0,0.0,0.0,224.0,274.0,0.0,0.0,0.0,0.0,0.0,200.0,0.0008298357,normal
2026-06-01T02:48:12Z,worker-1,monitoring,my-monitoring-prometheus-node-exporter-829wk,node-exporter,0.4,0.3,0.0,0.0,0.0,312.0,4881.0,0.0,0.0,0.0,0.0,0.0,26.0,0.0002022899,normal
2026-06-01T02:48:12Z,worker-1,longhorn-system,csi-resizer-7d9bff5787-242pl,csi-resizer,1.6,1.6,0.0,0.0,0.0,1095.0,996.0,0.0,0.0,0.0,0.0,0.0,224.0,0.0006665772,normal
2026-06-01T02:48:12Z,worker-1,kube-system,tetragon-kl9tz,export-stdout,6.7,5.4,0.0,0.0,0.0,0.0,0.0,0.0,0.0,0.0,0.0,0.0,10.0,0.0001284635,normal
2026-06-01T02:48:22Z,worker-1,gpu-operator,gpu-operator-1764036362-node-feature-discovery-worker-9v5dt,worker,296.6,4.4,159.6,0.0,0.0,138017.0,1850.0,0.0,0.0,0.0,0.0,0.0,2043.0,0.0309070099,normal
2026-06-01T02:48:22Z,worker-1,longhorn-system,longhorn-csi-plugin-t8lpt,longhorn-csi-plugin,2.9,1.3,0.0,0.0,0.0,0.0,0.0,0.0,0.0,0.0,0.0,0.0,76.0,0.0003568198,normal
2026-06-01T02:48:22Z,worker-1,longhorn-system,longhorn-manager-fgsfc,longhorn-manager,112.7,44.1,0.2,0.1,0.0,469859.0,11205.0,0.0,0.0,0.0,0.0,0.0,4521.0,0.0141875993,normal
2026-06-01T02:48:22Z,worker-1,longhorn-system,longhorn-csi-plugin-t8lpt,node-driver-registrar,0.1,0.1,0.0,0.0,0.0,0.0,0.0,0.0,0.0,0.0,0.0,0.0,9.0,3.51616e-05,normal
2026-06-01T02:48:22Z,worker-1,longhorn-system,csi-attacher-896ffc747-rxjjt,csi-attacher,2.7,2.5,0.0,0.0,0.0,1112.0,1014.0,0.0,0.0,0.0,0.0,0.0,268.0,0.0008538811,normal
2026-06-01T02:48:22Z,worker-1,longhorn-system,csi-snapshotter-65884686fc-gjw5g,csi-snapshotter,7.2,7.1,0.0,0.0,0.0,1289.0,1073.0,0.0,0.0,0.0,0.0,0.0,813.0,0.0024376111,normal
2026-06-01T02:48:22Z,worker-1,kube-system,nodelocaldns-zjml5,node-cache,14.1,4.6,0.4,1.1,0.0,5145.0,3785.0,0.0,0.0,0.0,0.0,0.0,744.0,0.0042359885,normal
2026-06-01T02:48:22Z,worker-1,kube-system,kube-ovn-pinger-vfzmn,pinger,51.7,21.6,13.2,0.2,0.0,115751.0,1580.0,0.0,12288.0,0.0817955,17.0,26.0,4077.0,0.0195125916,normal
2026-06-01T02:48:22Z,worker-1,kube-system,tetragon-kl9tz,tetragon,5.6,3.2,0.0,0.0,0.0,17619.0,222.0,0.0,0.0,0.0,0.0,0.0,13232.0,0.0423585781,normal
2026-06-01T02:48:22Z,worker-1,longhorn-system,engine-image-ei-3154f3aa-kvvkq,engine-image-ei-3154f3aa,12.8,1.0,14.4,0.0,0.0,0.0,0.0,0.0,0.0,0.0,10.0,41.0,1063.0,0.0128712391,normal
2026-06-01T02:48:22Z,worker-1,kube-system,kube-proxy-pdwww,kube-proxy,2.3,0.4,0.0,0.0,0.0,17157.0,96.0,0.0,0.0,0.0,0.0,0.0,77.0,0.0002795934,normal
2026-06-01T02:48:22Z,worker-1,longhorn-system,engine-image-ei-843accdd-tx99h,engine-image-ei-843accdd,12.4,1.0,14.0,0.0,0.0,0.0,0.0,0.0,0.0,0.0,10.0,29.0,771.0,0.0099735673,normal
2026-06-01T02:48:22Z,worker-1,kube-system,kube-ovn-cni-cf7cj,cni-server,321.9,22.9,363.7,0.3,0.0,204773.0,1200.0,0.0,0.0,0.0,134.0,181.0,4764.0,0.0730746566,normal
2026-06-01T02:48:22Z,worker-1,kube-system,ovs-ovn-w75jd,openvswitch,101.0,60.7,37.9,0.0,0.0,38.0,41.0,0.0,0.0,0.0,52.0,88.0,2074.0,0.0331687196,normal
2026-06-01T02:48:22Z,worker-1,longhorn-system,csi-provisioner-688964c44b-7hv5d,csi-provisioner,34.7,9.5,0.0,0.0,0.0,205601.0,2188.0,0.0,0.0,0.0,0.0,0.0,1222.0,0.0042194109,normal
2026-06-01T02:48:22Z,worker-1,longhorn-system,instance-manager-bacbca1a1c80c6ca28fd5f2d5fd0c24c,instance-manager,197.9,9.4,11.3,0.4,0.0,4159.0,4425.0,0.0,0.0,0.0,6.0,6.0,788.0,0.0072131893,normal
2026-06-01T02:48:22Z,worker-1,ebpf-final,ebpf-collector-5588x,collector,154.0,0.8,143.3,0.1,0.0,210084.0,18618.0,0.0,0.0,0.0,0.0,0.0,156.0,0.0157102866,normal
2026-06-01T02:48:22Z,worker-1,longhorn-system,longhorn-csi-plugin-t8lpt,longhorn-liveness-probe,2.9,1.9,0.0,0.0,0.0,224.0,274.0,0.0,0.0,0.0,0.0,0.0,182.0,0.0008218704,normal
2026-06-01T02:48:22Z,worker-1,monitoring,my-monitoring-prometheus-node-exporter-829wk,node-exporter,178.5,0.8,154.8,0.0,0.0,573.0,26086.0,0.0,0.0,0.0,0.0,0.0,298.0,0.0142895021,normal
2026-06-01T02:48:22Z,worker-1,longhorn-system,csi-resizer-7d9bff5787-242pl,csi-resizer,2.2,1.6,0.1,0.0,0.0,1129.0,996.0,0.0,0.0,0.0,0.0,0.0,243.0,0.0014633784,normal
2026-06-01T02:48:22Z,worker-1,kube-system,tetragon-kl9tz,export-stdout,6.1,4.8,0.0,0.0,0.0,0.0,0.0,0.0,0.0,0.0,0.0,0.0,10.0,0.000123363,normal
2026-06-01T02:48:32Z,worker-1,gpu-operator,gpu-operator-1764036362-node-feature-discovery-worker-9v5dt,worker,0.5,0.2,0.0,0.0,0.0,222.0,188.0,0.0,0.0,0.0,0.0,0.0,34.0,0.0002179059,normal
2026-06-01T02:48:32Z,worker-1,longhorn-system,longhorn-csi-plugin-t8lpt,longhorn-csi-plugin,2.7,1.1,0.0,0.0,0.0,0.0,0.0,0.0,0.0,0.0,0.0,0.0,78.0,0.0003776758,normal
2026-06-01T02:48:32Z,worker-1,longhorn-system,longhorn-manager-fgsfc,longhorn-manager,164.1,49.6,14.7,0.3,0.0,479971.0,21764.0,0.0,0.0,0.0,2.0,11.0,5311.0,0.0224521739,normal
2026-06-01T02:48:32Z,worker-1,longhorn-system,longhorn-csi-plugin-t8lpt,node-driver-registrar,0.1,0.1,0.0,0.0,0.0,0.0,0.0,0.0,0.0,0.0,0.0,0.0,9.0,3.27906e-05,normal
2026-06-01T02:48:32Z,worker-1,longhorn-system,csi-attacher-896ffc747-rxjjt,csi-attacher,3.3,2.9,0.0,0.0,0.0,1229.0,1014.0,0.0,0.0,0.0,0.0,0.0,297.0,0.000857447,normal
2026-06-01T02:48:32Z,worker-1,longhorn-system,csi-snapshotter-65884686fc-gjw5g,csi-snapshotter,8.8,8.5,0.1,0.0,0.0,1158.0,1034.0,0.0,0.0,0.0,0.0,0.0,808.0,0.0032525082,normal
2026-06-01T02:48:32Z,worker-1,kube-system,nodelocaldns-zjml5,node-cache,9.4,3.2,0.3,1.0,0.0,3059.0,2774.0,0.0,0.0,0.0,0.0,0.0,524.0,0.0028021744,normal
2026-06-01T02:48:32Z,worker-1,kube-system,kube-ovn-pinger-vfzmn,pinger,44.4,16.9,13.2,0.2,0.0,115994.0,1580.0,0.0,8192.0,0.06924,17.0,26.0,3100.0,0.0143156921,normal
2026-06-01T02:48:32Z,worker-1,kube-system,tetragon-kl9tz,tetragon,5.0,5.1,0.0,0.0,0.0,17448.0,239.0,0.0,0.0,0.0,0.0,0.0,13079.0,0.0346736521,normal
2026-06-01T02:48:32Z,worker-1,longhorn-system,engine-image-ei-3154f3aa-kvvkq,engine-image-ei-3154f3aa,12.8,1.0,14.4,0.0,0.0,0.0,0.0,0.0,0.0,0.0,10.0,43.0,1081.0,0.0132556403,normal
2026-06-01T02:48:32Z,worker-1,kube-system,kube-proxy-pdwww,kube-proxy,2.1,0.3,0.0,0.0,0.0,17157.0,96.0,0.0,0.0,0.0,0.0,0.0,98.0,0.0002537868,normal
2026-06-01T02:48:32Z,worker-1,longhorn-system,engine-image-ei-843accdd-tx99h,engine-image-ei-843accdd,12.4,1.0,14.0,0.0,0.0,0.0,0.0,0.0,0.0,0.0,10.0,28.0,779.0,0.0098984031,normal
2026-06-01T02:48:32Z,worker-1,kube-system,kube-ovn-cni-cf7cj,cni-server,316.3,22.3,359.9,0.2,0.0,204912.0,1334.0,0.0,0.0,0.0,130.0,161.0,3990.0,0.065312437,normal
2026-06-01T02:48:32Z,worker-1,kube-system,ovs-ovn-w75jd,openvswitch,111.9,61.9,46.8,0.0,0.0,38.0,41.0,0.0,0.0,0.0,65.0,110.0,2053.0,0.0339117787,normal
2026-06-01T02:48:32Z,worker-1,longhorn-system,csi-provisioner-688964c44b-7hv5d,csi-provisioner,33.7,6.6,0.0,0.0,0.0,205838.0,2188.0,0.0,0.0,0.0,0.0,0.0,1210.0,0.0041649907,normal
2026-06-01T02:48:32Z,worker-1,longhorn-system,instance-manager-bacbca1a1c80c6ca28fd5f2d5fd0c24c,instance-manager,203.9,9.4,12.4,0.4,0.0,3811.0,3749.0,0.0,0.0,0.0,7.0,7.0,878.0,0.0110019038,normal
2026-06-01T02:48:32Z,worker-1,ebpf-final,ebpf-collector-5588x,collector,0.2,0.7,0.3,0.1,0.0,11918.0,17192.0,0.0,0.0,0.0,0.0,0.0,10.0,0.0009460026,normal
2026-06-01T02:48:32Z,worker-1,longhorn-system,longhorn-csi-plugin-t8lpt,longhorn-liveness-probe,3.0,1.9,0.0,0.0,0.0,224.0,274.0,0.0,0.0,0.0,0.0,0.0,174.0,0.0008461205,normal
2026-06-01T02:48:32Z,worker-1,monitoring,my-monitoring-prometheus-node-exporter-829wk,node-exporter,0.4,0.2,0.0,0.0,0.0,208.0,3254.0,0.0,0.0,0.0,0.0,0.0,58.0,0.0004660241,normal
2026-06-01T02:48:32Z,worker-1,longhorn-system,csi-resizer-7d9bff5787-242pl,csi-resizer,2.0,1.8,0.0,0.0,0.0,1218.0,1031.0,0.0,0.0,0.0,0.0,0.0,245.0,0.0007106684,normal
2026-06-01T02:48:32Z,worker-1,kube-system,tetragon-kl9tz,export-stdout,18.0,16.6,0.0,0.0,0.0,0.0,0.0,0.0,0.0,0.0,0.0,0.0,10.0,0.0002630477,normal
2026-06-01T02:48:42Z,worker-1,gpu-operator,gpu-operator-1764036362-node-feature-discovery-worker-9v5dt,worker,0.6,0.2,0.0,0.0,0.0,222.0,188.0,0.0,0.0,0.0,0.0,0.0,35.0,0.00019958,normal
2026-06-01T02:48:42Z,worker-1,longhorn-system,longhorn-csi-plugin-t8lpt,longhorn-csi-plugin,2.6,1.0,0.0,0.0,0.0,0.0,0.0,0.0,0.0,0.0,0.0,0.0,135.0,0.001731655,normal
2026-06-01T02:48:42Z,worker-1,longhorn-system,longhorn-manager-fgsfc,longhorn-manager,114.9,47.7,0.1,0.1,0.0,467089.0,12218.0,0.0,0.0,0.0,0.0,0.0,4353.0,0.014097603,normal
2026-06-01T02:48:42Z,worker-1,longhorn-system,longhorn-csi-plugin-t8lpt,node-driver-registrar,0.1,0.1,0.0,0.0,0.0,0.0,0.0,0.0,0.0,0.0,0.0,0.0,9.0,3.30531e-05,normal
2026-06-01T02:48:42Z,worker-1,longhorn-system,csi-attacher-896ffc747-rxjjt,csi-attacher,3.7,3.5,0.0,0.0,0.0,1146.0,1049.0,0.0,0.0,0.0,0.0,0.0,284.0,0.0008143658,normal
2026-06-01T02:48:42Z,worker-1,longhorn-system,csi-snapshotter-65884686fc-gjw5g,csi-snapshotter,8.1,7.6,0.0,0.0,0.0,1167.0,1034.0,0.0,0.0,0.0,0.0,0.0,745.0,0.0022170351,normal
2026-06-01T02:48:42Z,worker-1,kube-system,nodelocaldns-zjml5,node-cache,28.5,5.6,37.5,1.2,0.0,4922.0,3562.0,0.0,0.0,0.0,12.0,12.0,1062.0,0.0081951164,normal
2026-06-01T02:48:42Z,worker-1,kube-system,kube-ovn-pinger-vfzmn,pinger,50.0,19.7,13.3,0.2,0.0,115901.0,1580.0,0.0,12288.0,0.083274,17.0,26.0,2871.0,0.0163064843,normal
2026-06-01T02:48:42Z,worker-1,kube-system,tetragon-kl9tz,tetragon,5.7,3.4,0.0,0.0,0.0,17587.0,239.0,0.0,0.0,0.0,0.0,0.0,13339.0,0.0414902395,normal
2026-06-01T02:48:42Z,worker-1,longhorn-system,engine-image-ei-3154f3aa-kvvkq,engine-image-ei-3154f3aa,12.7,1.0,14.3,0.0,0.0,0.0,0.0,0.0,0.0,0.0,10.0,40.0,1050.0,0.0124936274,normal
2026-06-01T02:48:42Z,worker-1,kube-system,kube-proxy-pdwww,kube-proxy,2.0,0.4,0.0,0.0,0.0,17157.0,96.0,0.0,0.0,0.0,0.0,0.0,89.0,0.0002739165,normal
2026-06-01T02:48:42Z,worker-1,longhorn-system,engine-image-ei-843accdd-tx99h,engine-image-ei-843accdd,12.4,1.0,14.0,0.0,0.0,0.0,0.0,0.0,0.0,0.0,10.0,22.0,661.0,0.0090170303,normal
2026-06-01T02:48:42Z,worker-1,kube-system,kube-ovn-cni-cf7cj,cni-server,321.5,24.2,363.4,0.4,0.0,204477.0,1200.0,0.0,0.0,0.0,135.0,200.0,5163.0,0.079073039,normal
2026-06-01T02:48:42Z,worker-1,kube-system,ovs-ovn-w75jd,openvswitch,95.3,55.9,37.9,0.0,0.0,38.0,41.0,0.0,0.0,0.0,52.0,88.0,1743.0,0.0300621855,normal
2026-06-01T02:48:42Z,worker-1,longhorn-system,csi-provisioner-688964c44b-7hv5d,csi-provisioner,34.0,6.3,0.0,0.0,0.0,205926.0,2188.0,0.0,0.0,0.0,0.0,0.0,1284.0,0.0040137901,normal
2026-06-01T02:48:42Z,worker-1,longhorn-system,instance-manager-bacbca1a1c80c6ca28fd5f2d5fd0c24c,instance-manager,193.4,8.0,11.3,0.4,0.0,3023.0,3196.0,0.0,0.0,0.0,6.0,6.0,717.0,0.0070678086,normal
2026-06-01T02:48:42Z,worker-1,ebpf-final,ebpf-collector-5588x,collector,0.2,0.8,0.3,0.1,0.0,12587.0,18166.0,0.0,0.0,0.0,0.0,0.0,12.0,0.0019128633,normal
2026-06-01T02:48:42Z,worker-1,longhorn-system,longhorn-csi-plugin-t8lpt,longhorn-liveness-probe,2.9,1.9,0.0,0.0,0.0,224.0,274.0,0.0,0.0,0.0,0.0,0.0,187.0,0.0008706107,normal
2026-06-01T02:48:42Z,worker-1,monitoring,my-monitoring-prometheus-node-exporter-829wk,node-exporter,0.3,0.2,0.0,0.0,0.0,208.0,3254.0,0.0,0.0,0.0,0.0,0.0,27.0,0.0001750351,normal
2026-06-01T02:48:42Z,worker-1,longhorn-system,csi-resizer-7d9bff5787-242pl,csi-resizer,2.1,2.0,0.0,0.0,0.0,1212.0,995.0,0.0,0.0,0.0,0.0,0.0,227.0,0.0006774489,normal
2026-06-01T02:48:42Z,worker-1,kube-system,tetragon-kl9tz,export-stdout,6.1,4.8,0.0,0.0,0.0,0.0,0.0,0.0,0.0,0.0,0.0,0.0,10.0,0.0001315175,normal
2026-06-01T02:48:53Z,worker-1,gpu-operator,gpu-operator-1764036362-node-feature-discovery-worker-9v5dt,worker,0.8,0.3,0.0,0.0,0.0,261.0,227.0,0.0,0.0,0.0,0.0,0.0,96.0,0.0002894934,normal
2026-06-01T02:48:53Z,worker-1,longhorn-system,longhorn-csi-plugin-t8lpt,longhorn-csi-plugin,4.2,1.9,0.0,0.0,0.0,0.0,0.0,0.0,0.0,0.0,0.0,0.0,136.0,0.0006323696,normal
2026-06-01T02:48:53Z,worker-1,longhorn-system,longhorn-manager-fgsfc,longhorn-manager,119.4,48.1,0.3,0.1,0.0,470604.0,11189.0,0.0,0.0,0.0,0.0,0.0,4502.0,0.0143296652,normal
2026-06-01T02:48:53Z,worker-1,longhorn-system,longhorn-csi-plugin-t8lpt,node-driver-registrar,0.2,0.2,0.0,0.0,0.0,0.0,0.0,0.0,0.0,0.0,0.0,0.0,14.0,5.23086e-05,normal
2026-06-01T02:48:53Z,worker-1,longhorn-system,csi-attacher-896ffc747-rxjjt,csi-attacher,3.3,3.2,0.0,0.0,0.0,1115.0,1013.0,0.0,0.0,0.0,0.0,0.0,283.0,0.0008836986,normal
2026-06-01T02:48:53Z,worker-1,longhorn-system,csi-snapshotter-65884686fc-gjw5g,csi-snapshotter,7.5,7.1,0.1,0.0,0.0,1318.0,1073.0,0.0,0.0,0.0,0.0,0.0,855.0,0.0024031836,normal
2026-06-01T02:48:53Z,worker-1,kube-system,nodelocaldns-zjml5,node-cache,13.5,4.4,0.4,1.0,0.0,4922.0,3562.0,0.0,0.0,0.0,0.0,0.0,806.0,0.0041536972,normal
2026-06-01T02:48:53Z,worker-1,kube-system,kube-ovn-pinger-vfzmn,pinger,49.3,19.8,13.2,0.2,0.0,115703.0,1580.0,0.0,12288.0,0.064148,17.0,26.0,3620.0,0.0186853928,normal
2026-06-01T02:48:53Z,worker-1,kube-system,tetragon-kl9tz,tetragon,5.3,3.3,0.0,0.0,0.0,17448.0,239.0,0.0,0.0,0.0,0.0,0.0,13992.0,0.0363509262,normal
2026-06-01T02:48:53Z,worker-1,longhorn-system,engine-image-ei-3154f3aa-kvvkq,engine-image-ei-3154f3aa,12.7,1.0,14.3,0.0,0.0,0.0,0.0,0.0,0.0,0.0,10.0,39.0,1033.0,0.011851878,normal
2026-06-01T02:48:53Z,worker-1,kube-system,kube-proxy-pdwww,kube-proxy,3.0,0.5,0.0,0.0,0.0,17543.0,96.0,0.0,0.0,0.0,0.0,0.0,165.0,0.0004040743,normal
2026-06-01T02:48:53Z,worker-1,longhorn-system,engine-image-ei-843accdd-tx99h,engine-image-ei-843accdd,15.4,1.2,17.4,0.0,0.0,0.0,0.0,0.0,0.0,0.0,12.0,40.0,1064.0,0.0133444013,normal
2026-06-01T02:48:53Z,worker-1,kube-system,kube-ovn-cni-cf7cj,cni-server,373.1,27.0,442.2,0.2,0.0,204765.0,1200.0,0.0,0.0,0.0,170.0,209.0,4695.0,0.0779212672,normal
2026-06-01T02:48:53Z,worker-1,kube-system,ovs-ovn-w75jd,openvswitch,97.7,58.1,38.0,0.0,0.0,38.0,41.0,0.0,0.0,0.0,52.0,88.0,1804.0,0.0319132775,normal
2026-06-01T02:48:53Z,worker-1,longhorn-system,csi-provisioner-688964c44b-7hv5d,csi-provisioner,35.9,7.7,0.0,0.0,0.0,205842.0,2189.0,0.0,0.0,0.0,0.0,0.0,1346.0,0.0060663029,normal
2026-06-01T02:48:53Z,worker-1,longhorn-system,instance-manager-bacbca1a1c80c6ca28fd5f2d5fd0c24c,instance-manager,193.6,8.4,11.3,0.4,0.0,2998.0,3171.0,0.0,0.0,0.0,6.0,6.0,675.0,0.0068365233,normal
2026-06-01T02:48:53Z,worker-1,ebpf-final,ebpf-collector-5588x,collector,153.4,0.8,143.4,0.1,0.0,210091.0,18621.0,0.0,0.0,0.0,0.0,0.0,158.0,0.0184944219,normal
2026-06-01T02:48:53Z,worker-1,longhorn-system,longhorn-csi-plugin-t8lpt,longhorn-liveness-probe,4.2,2.9,0.0,0.0,0.0,336.0,411.0,0.0,0.0,0.0,0.0,0.0,321.0,0.0024008986,normal
2026-06-01T02:48:53Z,worker-1,monitoring,my-monitoring-prometheus-node-exporter-829wk,node-exporter,178.5,0.8,154.8,0.0,0.0,573.0,26014.0,0.0,0.0,0.0,0.0,0.0,223.0,0.0126041879,normal
2026-06-01T02:48:53Z,worker-1,longhorn-system,csi-resizer-7d9bff5787-242pl,csi-resizer,2.9,2.5,0.0,0.0,0.0,1217.0,994.0,0.0,0.0,0.0,0.0,0.0,255.0,0.000680886,normal
2026-06-01T02:48:53Z,worker-1,kube-system,tetragon-kl9tz,export-stdout,6.0,4.7,0.0,0.0,0.0,0.0,0.0,0.0,0.0,0.0,0.0,0.0,11.0,0.0001271165,normal
2026-06-01T02:49:03Z,worker-1,gpu-operator,gpu-operator-1764036362-node-feature-discovery-worker-9v5dt,worker,0.5,0.2,0.0,0.0,0.0,222.0,188.0,0.0,0.0,0.0,0.0,0.0,30.0,0.0001869212,normal
2026-06-01T02:49:03Z,worker-1,longhorn-system,longhorn-csi-plugin-t8lpt,longhorn-csi-plugin,2.9,1.3,0.0,0.0,0.0,0.0,0.0,0.0,0.0,0.0,0.0,0.0,82.0,0.0003802503,normal
2026-06-01T02:49:03Z,worker-1,longhorn-system,longhorn-manager-fgsfc,longhorn-manager,165.2,50.3,14.7,0.3,0.1,480014.0,21613.0,0.0,0.0,0.0,2.0,11.0,5375.0,0.0227045909,normal
2026-06-01T02:49:03Z,worker-1,longhorn-system,longhorn-csi-plugin-t8lpt,node-driver-registrar,0.1,0.1,0.0,0.0,0.0,0.0,0.0,0.0,0.0,0.0,0.0,0.0,9.0,3.24135e-05,normal
2026-06-01T02:49:03Z,worker-1,longhorn-system,csi-attacher-896ffc747-rxjjt,csi-attacher,3.3,2.7,0.1,0.0,0.0,1360.0,1012.0,0.0,0.0,0.0,0.0,0.0,269.0,0.0008259961,normal
2026-06-01T02:49:03Z,worker-1,longhorn-system,csi-snapshotter-65884686fc-gjw5g,csi-snapshotter,6.6,6.5,0.0,0.0,0.0,1132.0,1069.0,0.0,0.0,0.0,0.0,0.0,770.0,0.0022000679,normal
2026-06-01T02:49:03Z,worker-1,kube-system,nodelocaldns-zjml5,node-cache,12.8,4.2,0.3,1.0,0.0,4922.0,3562.0,0.0,0.0,0.0,0.0,0.0,772.0,0.0041204509,normal
2026-06-01T02:49:03Z,worker-1,kube-system,kube-ovn-pinger-vfzmn,pinger,45.2,19.1,13.2,0.2,0.0,83766.0,1205.0,0.0,12288.0,0.071105,17.0,26.0,3079.0,0.0148026247,normal
2026-06-01T02:49:03Z,worker-1,kube-system,tetragon-kl9tz,tetragon,7.6,6.1,0.4,0.0,0.0,17813.0,21410.0,0.0,0.0,0.0,0.0,0.0,13378.0,0.045851911,normal
2026-06-01T02:49:03Z,worker-1,longhorn-system,engine-image-ei-3154f3aa-kvvkq,engine-image-ei-3154f3aa,16.1,1.3,18.1,0.0,0.0,0.0,0.0,0.0,0.0,0.0,13.0,48.0,1398.0,0.0162658054,normal
2026-06-01T02:49:03Z,worker-1,kube-system,kube-proxy-pdwww,kube-proxy,2.0,0.4,0.0,0.0,0.0,17283.0,96.0,0.0,0.0,0.0,0.0,0.0,103.0,0.0003281814,normal
2026-06-01T02:49:03Z,worker-1,longhorn-system,engine-image-ei-843accdd-tx99h,engine-image-ei-843accdd,12.6,1.0,14.2,0.0,0.0,0.0,0.0,0.0,0.0,0.0,10.0,30.0,885.0,0.0103902591,normal
2026-06-01T02:49:03Z,worker-1,kube-system,kube-ovn-cni-cf7cj,cni-server,318.5,22.5,361.6,0.4,0.0,204624.0,1200.0,0.0,0.0,0.0,132.0,196.0,5164.0,0.0783722454,normal
2026-06-01T02:49:03Z,worker-1,kube-system,ovs-ovn-w75jd,openvswitch,98.3,60.1,38.1,0.0,0.0,38.0,41.0,0.0,0.0,0.0,52.0,88.0,1898.0,0.03135368,normal
2026-06-01T02:49:03Z,worker-1,longhorn-system,csi-provisioner-688964c44b-7hv5d,csi-provisioner,37.6,9.4,0.1,0.0,0.0,205565.0,2190.0,0.0,0.0,0.0,0.0,0.0,1323.0,0.0043137236,normal
2026-06-01T02:49:03Z,worker-1,longhorn-system,instance-manager-bacbca1a1c80c6ca28fd5f2d5fd0c24c,instance-manager,203.9,9.9,12.4,0.4,0.0,3811.0,3766.0,0.0,0.0,0.0,7.0,7.0,861.0,0.0096596366,normal
2026-06-01T02:49:03Z,worker-1,ebpf-final,ebpf-collector-5588x,collector,0.2,0.8,0.3,0.1,0.0,12260.0,17688.0,0.0,0.0,0.0,0.0,0.0,10.0,0.0011579896,normal
2026-06-01T02:49:03Z,worker-1,longhorn-system,longhorn-csi-plugin-t8lpt,longhorn-liveness-probe,2.8,1.8,0.0,0.0,0.0,224.0,274.0,0.0,0.0,0.0,0.0,0.0,173.0,0.0007536887,normal
2026-06-01T02:49:03Z,worker-1,monitoring,my-monitoring-prometheus-node-exporter-829wk,node-exporter,0.4,0.2,0.0,0.0,0.0,208.0,3254.0,0.0,0.0,0.0,0.0,0.0,19.0,0.000125909,normal
2026-06-01T02:49:03Z,worker-1,longhorn-system,csi-resizer-7d9bff5787-242pl,csi-resizer,2.6,2.4,0.0,0.0,0.0,1092.0,994.0,0.0,0.0,0.0,0.0,0.0,242.0,0.0006864823,normal
2026-06-01T02:49:03Z,worker-1,kube-system,tetragon-kl9tz,export-stdout,17.8,16.5,0.0,0.0,0.0,0.0,0.0,0.0,0.0,0.0,0.0,0.0,10.0,0.0002153582,normal
2026-06-01T02:49:13Z,worker-1,gpu-operator,gpu-operator-1764036362-node-feature-discovery-worker-9v5dt,worker,0.6,0.2,0.0,0.0,0.0,222.0,188.0,0.0,0.0,0.0,0.0,0.0,34.0,0.0002097632,normal
2026-06-01T02:49:13Z,worker-1,longhorn-system,longhorn-csi-plugin-t8lpt,longhorn-csi-plugin,2.6,1.0,0.0,0.0,0.0,0.0,0.0,0.0,0.0,0.0,0.0,0.0,73.0,0.0003460724,normal
2026-06-01T02:49:13Z,worker-1,longhorn-system,longhorn-manager-fgsfc,longhorn-manager,115.0,45.6,0.1,0.1,0.0,471511.0,13752.0,0.0,0.0,0.0,0.0,0.0,4568.0,0.0138769111,normal
2026-06-01T02:49:13Z,worker-1,longhorn-system,longhorn-csi-plugin-t8lpt,node-driver-registrar,0.1,0.1,0.0,0.0,0.0,0.0,0.0,0.0,0.0,0.0,0.0,0.0,9.0,3.10925e-05,normal
2026-06-01T02:49:13Z,worker-1,longhorn-system,csi-attacher-896ffc747-rxjjt,csi-attacher,2.8,2.5,0.0,0.0,0.0,1235.0,1012.0,0.0,0.0,0.0,0.0,0.0,296.0,0.0008241185,normal
2026-06-01T02:49:13Z,worker-1,longhorn-system,csi-snapshotter-65884686fc-gjw5g,csi-snapshotter,12.0,11.8,0.0,0.0,0.0,1249.0,1073.0,0.0,0.0,0.0,0.0,0.0,829.0,0.002449728,normal
2026-06-01T02:49:13Z,worker-1,kube-system,nodelocaldns-zjml5,node-cache,14.7,5.0,0.4,1.1,0.0,5145.0,3712.0,0.0,0.0,0.0,0.0,0.0,922.0,0.0064541376,normal
2026-06-01T02:49:13Z,worker-1,kube-system,kube-ovn-pinger-vfzmn,pinger,48.2,18.7,13.2,0.2,0.0,115782.0,1580.0,0.0,12288.0,0.067968,17.0,26.0,3152.0,0.01689262,normal
2026-06-01T02:49:13Z,worker-1,kube-system,tetragon-kl9tz,tetragon,6.4,4.0,0.0,0.0,0.0,17927.0,239.0,0.0,0.0,0.0,0.0,0.0,12838.0,0.0316361302,normal
2026-06-01T02:49:13Z,worker-1,longhorn-system,engine-image-ei-3154f3aa-kvvkq,engine-image-ei-3154f3aa,12.9,1.0,14.5,0.0,0.0,0.0,0.0,0.0,0.0,0.0,10.0,42.0,1087.0,0.0126589126,normal
2026-06-01T02:49:13Z,worker-1,kube-system,kube-proxy-pdwww,kube-proxy,3.8,0.7,0.1,0.0,0.0,17529.0,1268.0,0.0,0.0,0.0,0.0,0.0,116.0,0.0004116196,normal
2026-06-01T02:49:13Z,worker-1,longhorn-system,engine-image-ei-843accdd-tx99h,engine-image-ei-843accdd,12.4,1.0,14.0,0.0,0.0,0.0,0.0,0.0,0.0,0.0,10.0,27.0,699.0,0.0092184547,normal
2026-06-01T02:49:13Z,worker-1,kube-system,kube-ovn-cni-cf7cj,cni-server,322.7,23.9,362.9,0.2,0.0,204749.0,1317.0,0.0,0.0,0.0,133.0,166.0,4300.0,0.0681553192,normal
2026-06-01T02:49:13Z,worker-1,kube-system,ovs-ovn-w75jd,openvswitch,97.5,57.5,38.1,0.0,0.0,38.0,41.0,0.0,0.0,0.0,52.0,88.0,1863.0,0.0316180895,normal
2026-06-01T02:49:13Z,worker-1,longhorn-system,csi-provisioner-688964c44b-7hv5d,csi-provisioner,35.7,7.8,0.0,0.0,0.0,205823.0,2190.0,0.0,0.0,0.0,0.0,0.0,1360.0,0.0042228628,normal
2026-06-01T02:49:13Z,worker-1,longhorn-system,instance-manager-bacbca1a1c80c6ca28fd5f2d5fd0c24c,instance-manager,206.4,10.0,12.5,0.5,0.0,4108.0,4933.0,0.0,0.0,0.0,7.0,7.0,911.0,0.010134611,normal
2026-06-01T02:49:13Z,worker-1,ebpf-final,ebpf-collector-5588x,collector,0.2,0.7,0.3,0.1,0.0,11558.0,16662.0,0.0,0.0,0.0,0.0,0.0,10.0,0.0017981105,normal
2026-06-01T02:49:13Z,worker-1,longhorn-system,longhorn-csi-plugin-t8lpt,longhorn-liveness-probe,2.7,1.8,0.0,0.0,0.0,224.0,274.0,0.0,0.0,0.0,0.0,0.0,196.0,0.0008310839,normal
2026-06-01T02:49:13Z,worker-1,monitoring,my-monitoring-prometheus-node-exporter-829wk,node-exporter,0.4,0.2,0.0,0.0,0.0,208.0,3254.0,0.0,0.0,0.0,0.0,0.0,19.0,0.0001458031,normal
2026-06-01T02:49:13Z,worker-1,longhorn-system,csi-resizer-7d9bff5787-242pl,csi-resizer,3.4,2.7,0.1,0.0,0.0,1126.0,994.0,0.0,0.0,0.0,0.0,0.0,196.0,0.0006862404,normal
2026-06-01T02:49:13Z,worker-1,kube-system,tetragon-kl9tz,export-stdout,6.6,5.4,0.0,0.0,0.0,0.0,0.0,0.0,0.0,0.0,0.0,0.0,10.0,9.2333e-05,normal
2026-06-01T02:49:23Z,worker-1,gpu-operator,gpu-operator-1764036362-node-feature-discovery-worker-9v5dt,worker,295.2,4.2,159.6,0.0,0.0,138017.0,1850.0,0.0,0.0,0.0,0.0,0.0,2173.0,0.031960672,normal
2026-06-01T02:49:23Z,worker-1,longhorn-system,longhorn-csi-plugin-t8lpt,longhorn-csi-plugin,3.0,1.4,0.0,0.0,0.0,0.0,0.0,0.0,0.0,0.0,0.0,0.0,84.0,0.0003736068,normal
2026-06-01T02:49:23Z,worker-1,longhorn-system,longhorn-manager-fgsfc,longhorn-manager,116.5,47.9,0.1,0.1,0.0,469478.0,10936.0,0.0,0.0,0.0,0.0,0.0,4584.0,0.0142918326,normal
2026-06-01T02:49:23Z,worker-1,longhorn-system,longhorn-csi-plugin-t8lpt,node-driver-registrar,0.1,0.1,0.0,0.0,0.0,0.0,0.0,0.0,0.0,0.0,0.0,0.0,9.0,3.19108e-05,normal
2026-06-01T02:49:23Z,worker-1,longhorn-system,csi-attacher-896ffc747-rxjjt,csi-attacher,3.0,2.9,0.0,0.0,0.0,1253.0,1047.0,0.0,0.0,0.0,0.0,0.0,295.0,0.0008726389,normal
2026-06-01T02:49:23Z,worker-1,longhorn-system,csi-snapshotter-65884686fc-gjw5g,csi-snapshotter,7.9,7.7,0.1,0.0,0.0,1234.0,1034.0,0.0,0.0,0.0,0.0,0.0,769.0,0.0022877598,normal
2026-06-01T02:49:23Z,worker-1,kube-system,nodelocaldns-zjml5,node-cache,13.8,4.8,0.3,1.0,0.0,4922.0,3562.0,0.0,0.0,0.0,0.0,0.0,784.0,0.0040284943,normal
2026-06-01T02:49:23Z,worker-1,kube-system,kube-ovn-pinger-vfzmn,pinger,17.5,15.2,0.0,0.0,0.0,32185.0,375.0,0.0,12288.0,0.0749595,0.0,0.0,3338.0,0.0118022639,normal
2026-06-01T02:49:23Z,worker-1,kube-system,tetragon-kl9tz,tetragon,5.5,3.3,0.0,0.0,0.1,17448.0,239.0,0.0,0.0,0.0,0.0,0.0,13987.0,0.0434467298,normal
2026-06-01T02:49:23Z,worker-1,longhorn-system,engine-image-ei-3154f3aa-kvvkq,engine-image-ei-3154f3aa,12.7,1.0,14.3,0.0,0.0,0.0,0.0,0.0,0.0,0.0,10.0,39.0,1099.0,0.0123134302,normal
2026-06-01T02:49:23Z,worker-1,kube-system,kube-proxy-pdwww,kube-proxy,2.2,0.4,0.0,0.0,0.0,17157.0,96.0,0.0,0.0,0.0,0.0,0.0,129.0,0.0002823711,normal
2026-06-01T02:49:23Z,worker-1,longhorn-system,engine-image-ei-843accdd-tx99h,engine-image-ei-843accdd,12.5,1.0,14.1,0.0,0.0,0.0,0.0,0.0,0.0,0.0,10.0,31.0,842.0,0.0095985451,normal
2026-06-01T02:49:23Z,worker-1,kube-system,kube-ovn-cni-cf7cj,cni-server,373.0,28.2,441.9,0.4,0.0,204773.0,1200.0,0.0,0.0,0.0,171.0,241.0,5769.0,0.0923852046,normal
2026-06-01T02:49:23Z,worker-1,kube-system,ovs-ovn-w75jd,openvswitch,102.2,62.7,37.6,0.0,0.0,38.0,41.0,0.0,0.0,0.0,52.0,88.0,2040.0,0.0320505108,normal
2026-06-01T02:49:23Z,worker-1,longhorn-system,csi-provisioner-688964c44b-7hv5d,csi-provisioner,36.7,8.8,0.1,0.0,0.0,205940.0,2323.0,0.0,0.0,0.0,0.0,0.0,1334.0,0.0044107154,normal
2026-06-01T02:49:23Z,worker-1,longhorn-system,instance-manager-bacbca1a1c80c6ca28fd5f2d5fd0c24c,instance-manager,192.4,7.3,11.3,0.4,0.0,2972.0,3145.0,0.0,0.0,0.0,6.0,6.0,667.0,0.0072644813,normal
2026-06-01T02:49:23Z,worker-1,ebpf-final,ebpf-collector-5588x,collector,153.2,0.8,143.3,0.1,0.0,210082.0,18624.0,0.0,0.0,0.0,0.0,0.0,154.0,0.0251815023,normal
2026-06-01T02:49:23Z,worker-1,longhorn-system,longhorn-csi-plugin-t8lpt,longhorn-liveness-probe,3.1,1.9,0.0,0.0,0.0,224.0,274.0,0.0,0.0,0.0,0.0,0.0,185.0,0.0008459804,normal
2026-06-01T02:49:23Z,worker-1,monitoring,my-monitoring-prometheus-node-exporter-829wk,node-exporter,178.4,0.8,154.8,0.0,0.0,573.0,26057.0,0.0,0.0,0.0,0.0,0.0,250.0,0.0118127006,normal
2026-06-01T02:49:23Z,worker-1,longhorn-system,csi-resizer-7d9bff5787-242pl,csi-resizer,2.8,2.8,0.0,0.0,0.0,1092.0,1029.0,0.0,0.0,0.0,0.0,0.0,242.0,0.0006677742,normal
2026-06-01T02:49:23Z,worker-1,kube-system,tetragon-kl9tz,export-stdout,5.9,4.7,0.0,0.0,0.0,0.0,0.0,0.0,0.0,0.0,0.0,0.0,10.0,0.0001159864,normal
2026-06-01T02:49:34Z,worker-1,gpu-operator,gpu-operator-1764036362-node-feature-discovery-worker-9v5dt,worker,0.5,0.2,0.0,0.0,0.0,222.0,188.0,0.0,0.0,0.0,0.0,0.0,34.0,0.0002171265,normal
2026-06-01T02:49:34Z,worker-1,longhorn-system,longhorn-csi-plugin-t8lpt,longhorn-csi-plugin,2.8,1.2,0.0,0.0,0.0,0.0,0.0,0.0,0.0,0.0,0.0,0.0,92.0,0.0004347174,normal
2026-06-01T02:49:34Z,worker-1,longhorn-system,longhorn-manager-fgsfc,longhorn-manager,161.7,47.3,14.9,0.3,0.0,479229.0,21675.0,0.0,0.0,0.0,2.0,8.0,4970.0,0.0344529475,normal
2026-06-01T02:49:34Z,worker-1,longhorn-system,longhorn-csi-plugin-t8lpt,node-driver-registrar,0.1,0.1,0.0,0.0,0.0,0.0,0.0,0.0,0.0,0.0,0.0,0.0,9.0,3.42289e-05,normal
2026-06-01T02:49:34Z,worker-1,longhorn-system,csi-attacher-896ffc747-rxjjt,csi-attacher,3.0,2.6,0.0,0.0,0.0,1145.0,1012.0,0.0,0.0,0.0,0.0,0.0,307.0,0.0008151775,normal
2026-06-01T02:49:34Z,worker-1,longhorn-system,csi-snapshotter-65884686fc-gjw5g,csi-snapshotter,6.9,6.5,0.0,0.0,0.0,1285.0,1073.0,0.0,0.0,0.0,0.0,0.0,780.0,0.0022999243,normal
2026-06-01T02:49:34Z,worker-1,kube-system,nodelocaldns-zjml5,node-cache,13.2,4.3,0.4,1.0,0.0,4922.0,3562.0,0.0,0.0,0.0,0.0,0.0,751.0,0.0038158939,normal
2026-06-01T02:49:34Z,worker-1,kube-system,kube-ovn-pinger-vfzmn,pinger,43.3,21.5,13.2,0.2,0.0,115856.0,1436.0,0.0,12288.0,0.063265,17.0,26.0,3768.0,0.0150928174,normal
2026-06-01T02:49:34Z,worker-1,kube-system,tetragon-kl9tz,tetragon,5.4,5.3,0.0,0.0,0.0,17448.0,239.0,0.0,0.0,0.0,0.0,0.0,12671.0,0.0328940606,normal
2026-06-01T02:49:34Z,worker-1,longhorn-system,engine-image-ei-3154f3aa-kvvkq,engine-image-ei-3154f3aa,12.7,1.0,14.3,0.0,0.0,0.0,0.0,0.0,0.0,0.0,10.0,37.0,1105.0,0.0124135624,normal
2026-06-01T02:49:34Z,worker-1,kube-system,kube-proxy-pdwww,kube-proxy,2.0,0.4,0.0,0.0,0.0,17157.0,96.0,0.0,0.0,0.0,0.0,0.0,98.0,0.0002681992,normal
2026-06-01T02:49:34Z,worker-1,longhorn-system,engine-image-ei-843accdd-tx99h,engine-image-ei-843accdd,12.4,1.0,14.0,0.0,0.0,0.0,0.0,0.0,0.0,0.0,10.0,25.0,776.0,0.0098709501,normal
2026-06-01T02:49:34Z,worker-1,kube-system,kube-ovn-cni-cf7cj,cni-server,320.9,23.2,362.8,0.2,0.0,204635.0,1200.0,0.0,0.0,0.0,133.0,165.0,4087.0,0.0646686744,normal
2026-06-01T02:49:34Z,worker-1,kube-system,ovs-ovn-w75jd,openvswitch,98.9,58.7,38.1,0.0,0.0,38.0,41.0,0.0,0.0,0.0,52.0,88.0,1833.0,0.0313849292,normal
2026-06-01T02:49:34Z,worker-1,longhorn-system,csi-provisioner-688964c44b-7hv5d,csi-provisioner,36.0,8.4,0.0,0.0,0.0,205840.0,2190.0,0.0,0.0,0.0,0.0,0.0,1359.0,0.0069088258,normal
2026-06-01T02:49:34Z,worker-1,longhorn-system,instance-manager-bacbca1a1c80c6ca28fd5f2d5fd0c24c,instance-manager,205.0,9.8,12.4,0.4,0.1,3862.0,3817.0,0.0,0.0,0.0,7.0,7.0,794.0,0.0084321388,normal
2026-06-01T02:49:34Z,worker-1,ebpf-final,ebpf-collector-5588x,collector,0.2,0.7,0.3,0.1,0.0,11907.0,17196.0,0.0,0.0,0.0,0.0,0.0,9.0,0.0021423648,normal
2026-06-01T02:49:34Z,worker-1,longhorn-system,longhorn-csi-plugin-t8lpt,longhorn-liveness-probe,3.0,2.0,0.0,0.0,0.0,224.0,274.0,0.0,0.0,0.0,0.0,0.0,184.0,0.0008977755,normal
2026-06-01T02:49:34Z,worker-1,monitoring,my-monitoring-prometheus-node-exporter-829wk,node-exporter,0.5,0.2,0.0,0.0,0.0,208.0,3254.0,0.0,0.0,0.0,0.0,0.0,23.0,0.0001407978,normal
2026-06-01T02:49:34Z,worker-1,longhorn-system,csi-resizer-7d9bff5787-242pl,csi-resizer,2.0,1.7,0.0,0.0,0.0,1220.0,995.0,0.0,0.0,0.0,0.0,0.0,257.0,0.0007184203,normal
2026-06-01T02:49:34Z,worker-1,kube-system,tetragon-kl9tz,export-stdout,17.7,16.5,0.0,0.0,0.0,0.0,0.0,0.0,0.0,0.0,0.0,0.0,10.0,0.0001661962,normal
2026-06-01T02:49:44Z,worker-1,gpu-operator,gpu-operator-1764036362-node-feature-discovery-worker-9v5dt,worker,0.6,0.2,0.0,0.0,0.0,222.0,188.0,0.0,0.0,0.0,0.0,0.0,34.0,0.0002095518,normal
2026-06-01T02:49:44Z,worker-1,longhorn-system,longhorn-csi-plugin-t8lpt,longhorn-csi-plugin,2.9,1.2,0.0,0.0,0.0,0.0,0.0,0.0,0.0,0.0,0.0,0.0,83.0,0.0003922322,normal
2026-06-01T02:49:44Z,worker-1,longhorn-system,longhorn-manager-fgsfc,longhorn-manager,110.1,42.2,0.2,0.1,0.0,467861.0,10902.0,0.0,0.0,0.0,0.0,0.0,4351.0,0.0137308009,normal
2026-06-01T02:49:44Z,worker-1,longhorn-system,longhorn-csi-plugin-t8lpt,node-driver-registrar,0.1,0.1,0.0,0.0,0.0,0.0,0.0,0.0,0.0,0.0,0.0,0.0,9.0,3.33504e-05,normal
2026-06-01T02:49:44Z,worker-1,longhorn-system,csi-attacher-896ffc747-rxjjt,csi-attacher,3.1,2.9,0.0,0.0,0.0,1110.0,1012.0,0.0,0.0,0.0,0.0,0.0,258.0,0.0007825184,normal
2026-06-01T02:49:44Z,worker-1,longhorn-system,csi-snapshotter-65884686fc-gjw5g,csi-snapshotter,6.8,6.5,0.0,0.0,0.0,1135.0,1032.0,0.0,0.0,0.0,0.0,0.0,781.0,0.0021278541,normal
2026-06-01T02:49:44Z,worker-1,kube-system,nodelocaldns-zjml5,node-cache,28.1,5.4,37.5,1.0,0.0,4922.0,3562.0,0.0,0.0,0.0,12.0,12.0,953.0,0.008070733,normal
2026-06-01T02:49:44Z,worker-1,kube-system,kube-ovn-pinger-vfzmn,pinger,41.0,21.4,13.3,0.2,0.0,115975.0,1436.0,0.0,12288.0,0.066544,17.0,26.0,3294.0,0.0176189455,normal
2026-06-01T02:49:44Z,worker-1,kube-system,tetragon-kl9tz,tetragon,5.9,3.6,0.0,0.0,0.0,17587.0,239.0,0.0,0.0,0.0,0.0,0.0,13570.0,0.0423670008,normal
2026-06-01T02:49:44Z,worker-1,longhorn-system,engine-image-ei-3154f3aa-kvvkq,engine-image-ei-3154f3aa,12.8,1.0,14.4,0.0,0.0,0.0,0.0,0.0,0.0,0.0,10.0,41.0,1230.0,0.0138676794,normal
2026-06-01T02:49:44Z,worker-1,kube-system,kube-proxy-pdwww,kube-proxy,1.8,0.4,0.0,0.0,0.0,17157.0,96.0,0.0,0.0,0.0,0.0,0.0,89.0,0.0002585363,normal
2026-06-01T02:49:44Z,worker-1,longhorn-system,engine-image-ei-843accdd-tx99h,engine-image-ei-843accdd,12.5,1.0,14.1,0.0,0.0,0.0,0.0,0.0,0.0,0.0,10.0,31.0,786.0,0.0101815901,normal
2026-06-01T02:49:44Z,worker-1,kube-system,kube-ovn-cni-cf7cj,cni-server,317.6,22.6,360.7,0.3,0.0,204477.0,1200.0,0.0,0.0,0.0,131.0,176.0,4551.0,0.0720202386,normal
2026-06-01T02:49:44Z,worker-1,kube-system,ovs-ovn-w75jd,openvswitch,114.3,65.8,46.5,0.0,0.0,38.0,41.0,0.0,0.0,0.0,65.0,110.0,2062.0,0.034034891,normal
2026-06-01T02:49:44Z,worker-1,longhorn-system,csi-provisioner-688964c44b-7hv5d,csi-provisioner,37.8,7.9,0.0,0.0,0.0,206425.0,2315.0,0.0,0.0,0.0,0.0,0.0,1502.0,0.004523432,normal
2026-06-01T02:49:44Z,worker-1,longhorn-system,instance-manager-bacbca1a1c80c6ca28fd5f2d5fd0c24c,instance-manager,192.9,7.5,11.3,0.4,0.0,2972.0,3145.0,0.0,0.0,0.0,6.0,6.0,677.0,0.0078332058,normal
2026-06-01T02:49:44Z,worker-1,ebpf-final,ebpf-collector-5588x,collector,0.2,0.7,0.3,0.1,0.0,11884.0,17154.0,0.0,0.0,0.0,0.0,0.0,13.0,0.0029951532,normal
2026-06-01T02:49:44Z,worker-1,longhorn-system,longhorn-csi-plugin-t8lpt,longhorn-liveness-probe,2.9,1.9,0.0,0.0,0.0,224.0,274.0,0.0,0.0,0.0,0.0,0.0,249.0,0.0019056495,normal
2026-06-01T02:49:44Z,worker-1,monitoring,my-monitoring-prometheus-node-exporter-829wk,node-exporter,0.5,0.2,0.0,0.0,0.0,208.0,3254.0,0.0,0.0,0.0,0.0,0.0,27.0,0.0001846334,normal
2026-06-01T02:49:44Z,worker-1,longhorn-system,csi-resizer-7d9bff5787-242pl,csi-resizer,3.1,2.1,0.1,0.0,0.0,1524.0,1121.0,0.0,0.0,0.0,0.0,0.0,324.0,0.0008984986,normal
2026-06-01T02:49:44Z,worker-1,kube-system,tetragon-kl9tz,export-stdout,5.9,4.7,0.0,0.0,0.0,0.0,0.0,0.0,0.0,0.0,0.0,0.0,10.0,0.0001152741,normal
2026-06-01T02:49:54Z,worker-1,gpu-operator,gpu-operator-1764036362-node-feature-discovery-worker-9v5dt,worker,0.8,0.3,0.0,0.0,0.0,261.0,227.0,0.0,0.0,0.0,0.0,0.0,94.0,0.0002892312,normal
2026-06-01T02:49:54Z,worker-1,longhorn-system,longhorn-csi-plugin-t8lpt,longhorn-csi-plugin,2.7,1.1,0.0,0.0,0.0,0.0,0.0,0.0,0.0,0.0,0.0,0.0,80.0,0.0003806359,normal
2026-06-01T02:49:54Z,worker-1,longhorn-system,longhorn-manager-fgsfc,longhorn-manager,119.9,45.5,0.2,0.1,0.0,472614.0,11464.0,0.0,0.0,0.0,0.0,0.0,4728.0,0.0145416611,normal
2026-06-01T02:49:54Z,worker-1,longhorn-system,longhorn-csi-plugin-t8lpt,node-driver-registrar,0.1,0.1,0.0,0.0,0.0,0.0,0.0,0.0,0.0,0.0,0.0,0.0,9.0,3.12049e-05,normal
2026-06-01T02:49:54Z,worker-1,longhorn-system,csi-attacher-896ffc747-rxjjt,csi-attacher,2.7,2.4,0.1,0.0,0.0,1116.0,1014.0,0.0,0.0,0.0,0.0,0.0,298.0,0.0019662966,normal
2026-06-01T02:49:54Z,worker-1,longhorn-system,csi-snapshotter-65884686fc-gjw5g,csi-snapshotter,7.3,7.0,0.1,0.0,0.0,1271.0,1106.0,0.0,0.0,0.0,0.0,0.0,822.0,0.0024102341,normal
2026-06-01T02:49:54Z,worker-1,kube-system,nodelocaldns-zjml5,node-cache,14.3,4.9,0.3,1.1,0.0,5145.0,3785.0,0.0,0.0,0.0,0.0,0.0,809.0,0.0044135688,normal
2026-06-01T02:49:54Z,worker-1,kube-system,kube-ovn-pinger-vfzmn,pinger,42.8,22.0,13.2,0.2,0.0,115905.0,1436.0,0.0,12288.0,0.071822,17.0,26.0,4418.0,0.0196671868,normal
2026-06-01T02:49:54Z,worker-1,kube-system,tetragon-kl9tz,tetragon,5.6,3.4,0.0,0.0,0.0,17448.0,239.0,0.0,0.0,0.0,0.0,0.0,13522.0,0.0331968978,normal
2026-06-01T02:49:54Z,worker-1,longhorn-system,engine-image-ei-3154f3aa-kvvkq,engine-image-ei-3154f3aa,15.7,1.2,17.7,0.0,0.0,0.0,0.0,0.0,0.0,0.0,12.0,48.0,1312.0,0.0168372227,normal
2026-06-01T02:49:54Z,worker-1,kube-system,kube-proxy-pdwww,kube-proxy,2.2,0.6,0.0,0.0,0.0,17543.0,96.0,0.0,0.0,0.0,0.0,0.0,197.0,0.001612993,normal
2026-06-01T02:49:54Z,worker-1,longhorn-system,engine-image-ei-843accdd-tx99h,engine-image-ei-843accdd,12.7,1.0,14.3,0.0,0.0,0.0,0.0,0.0,0.0,0.0,10.0,37.0,937.0,0.010362604,normal
2026-06-01T02:49:54Z,worker-1,kube-system,kube-ovn-cni-cf7cj,cni-server,318.9,23.3,362.0,0.3,0.0,204626.0,1200.0,0.0,0.0,0.0,132.0,179.0,4737.0,0.07234003,normal
2026-06-01T02:49:54Z,worker-1,kube-system,ovs-ovn-w75jd,openvswitch,104.3,64.8,38.0,0.0,0.0,38.0,41.0,0.0,0.0,0.0,52.0,88.0,2086.0,0.0323248737,normal
2026-06-01T02:49:54Z,worker-1,longhorn-system,csi-provisioner-688964c44b-7hv5d,csi-provisioner,37.5,7.6,0.2,0.0,0.0,206415.0,2702.0,0.0,0.0,0.0,0.0,0.0,1479.0,0.0046186277,normal
2026-06-01T02:49:54Z,worker-1,longhorn-system,instance-manager-bacbca1a1c80c6ca28fd5f2d5fd0c24c,instance-manager,192.2,7.5,11.3,0.4,0.0,2971.0,3111.0,0.0,0.0,0.0,6.0,6.0,723.0,0.0088296302,normal
2026-06-01T02:49:54Z,worker-1,ebpf-final,ebpf-collector-5588x,collector,153.9,0.9,143.4,0.1,0.0,210779.0,19626.0,0.0,0.0,0.0,0.0,0.0,157.0,0.0172834495,normal
2026-06-01T02:49:54Z,worker-1,longhorn-system,longhorn-csi-plugin-t8lpt,longhorn-liveness-probe,3.0,1.8,0.0,0.0,0.0,224.0,274.0,0.0,0.0,0.0,0.0,0.0,209.0,0.0008854083,normal
2026-06-01T02:49:54Z,worker-1,monitoring,my-monitoring-prometheus-node-exporter-829wk,node-exporter,178.4,0.8,154.8,0.0,0.0,573.0,26036.0,0.0,0.0,0.0,0.0,0.0,356.0,0.0136919378,normal
2026-06-01T02:49:54Z,worker-1,longhorn-system,csi-resizer-7d9bff5787-242pl,csi-resizer,3.1,2.6,0.1,0.0,0.0,1675.0,1494.0,0.0,0.0,0.0,0.0,0.0,259.0,0.0009155191,normal
2026-06-01T02:49:54Z,worker-1,kube-system,tetragon-kl9tz,export-stdout,9.9,8.4,0.0,0.0,0.0,0.0,0.0,0.0,0.0,0.0,0.0,0.0,11.0,0.0001662282,normal
2026-06-01T02:50:04Z,worker-1,gpu-operator,gpu-operator-1764036362-node-feature-discovery-worker-9v5dt,worker,0.5,0.2,0.0,0.0,0.0,222.0,188.0,0.0,0.0,0.0,0.0,0.0,35.0,0.000217746,normal
2026-06-01T02:50:04Z,worker-1,longhorn-system,longhorn-csi-plugin-t8lpt,longhorn-csi-plugin,3.0,1.4,0.0,0.0,0.0,0.0,0.0,0.0,0.0,0.0,0.0,0.0,78.0,0.0003800487,normal
2026-06-01T02:50:04Z,worker-1,longhorn-system,longhorn-manager-fgsfc,longhorn-manager,165.4,49.4,14.9,0.3,0.0,483866.0,25690.0,0.0,0.0,0.0,2.0,12.0,5302.0,0.0227089615,normal
2026-06-01T02:50:04Z,worker-1,longhorn-system,longhorn-csi-plugin-t8lpt,node-driver-registrar,0.1,0.1,0.0,0.0,0.0,0.0,0.0,0.0,0.0,0.0,0.0,0.0,9.0,3.85561e-05,normal
2026-06-01T02:50:04Z,worker-1,longhorn-system,csi-attacher-896ffc747-rxjjt,csi-attacher,2.0,1.6,0.0,0.0,0.0,1249.0,1014.0,0.0,0.0,0.0,0.0,0.0,264.0,0.0008509175,normal
2026-06-01T02:50:04Z,worker-1,longhorn-system,csi-snapshotter-65884686fc-gjw5g,csi-snapshotter,9.6,9.5,0.0,0.0,0.0,1262.0,1073.0,0.0,0.0,0.0,0.0,0.0,869.0,0.0025378934,normal
2026-06-01T02:50:04Z,worker-1,kube-system,nodelocaldns-zjml5,node-cache,13.0,4.3,0.4,1.0,0.0,4922.0,3562.0,0.0,0.0,0.0,0.0,0.0,703.0,0.0038043641,normal
2026-06-01T02:50:04Z,worker-1,kube-system,kube-ovn-pinger-vfzmn,pinger,52.6,22.8,13.2,0.2,0.0,115883.0,1580.0,0.0,12288.0,0.064264,17.0,26.0,3955.0,0.0214433565,normal
2026-06-01T02:50:04Z,worker-1,kube-system,tetragon-kl9tz,tetragon,7.6,5.8,0.4,0.0,0.0,17813.0,21438.0,0.0,0.0,0.0,0.0,0.0,13464.0,0.0463660893,normal
2026-06-01T02:50:04Z,worker-1,longhorn-system,engine-image-ei-3154f3aa-kvvkq,engine-image-ei-3154f3aa,12.8,1.0,14.4,0.0,0.0,0.0,0.0,0.0,0.0,0.0,10.0,38.0,1060.0,0.0113293857,normal
2026-06-01T02:50:04Z,worker-1,kube-system,kube-proxy-pdwww,kube-proxy,2.2,0.4,0.0,0.0,0.0,17157.0,96.0,0.0,0.0,0.0,0.0,0.0,85.0,0.0002622121,normal
2026-06-01T02:50:04Z,worker-1,longhorn-system,engine-image-ei-843accdd-tx99h,engine-image-ei-843accdd,12.4,1.0,14.0,0.0,0.0,0.0,0.0,0.0,0.0,0.0,10.0,24.0,651.0,0.0088154532,normal
2026-06-01T02:50:04Z,worker-1,kube-system,kube-ovn-cni-cf7cj,cni-server,376.8,27.8,444.0,0.3,0.0,204624.0,1200.0,0.0,0.0,0.0,173.0,224.0,5247.0,0.0802537695,normal
2026-06-01T02:50:04Z,worker-1,kube-system,ovs-ovn-w75jd,openvswitch,101.1,63.6,38.1,0.0,0.0,38.0,41.0,0.0,0.0,0.0,52.0,88.0,1920.0,0.0316113001,normal
2026-06-01T02:50:04Z,worker-1,longhorn-system,csi-provisioner-688964c44b-7hv5d,csi-provisioner,34.1,7.6,0.0,0.0,0.0,205600.0,2190.0,0.0,0.0,0.0,0.0,0.0,1365.0,0.0066775242,normal
2026-06-01T02:50:04Z,worker-1,longhorn-system,instance-manager-bacbca1a1c80c6ca28fd5f2d5fd0c24c,instance-manager,208.6,12.3,12.4,0.5,0.1,4930.0,5554.0,0.0,0.0,0.0,7.0,7.0,960.0,0.0103696512,normal
2026-06-01T02:50:04Z,worker-1,ebpf-final,ebpf-collector-5588x,collector,0.2,0.8,0.3,0.1,0.0,12258.0,17686.0,0.0,0.0,0.0,0.0,0.0,10.0,0.0012783068,normal
2026-06-01T02:50:04Z,worker-1,longhorn-system,longhorn-csi-plugin-t8lpt,longhorn-liveness-probe,2.8,1.7,0.0,0.0,0.0,224.0,274.0,0.0,0.0,0.0,0.0,0.0,161.0,0.0008083721,normal
2026-06-01T02:50:04Z,worker-1,monitoring,my-monitoring-prometheus-node-exporter-829wk,node-exporter,0.3,0.2,0.0,0.0,0.0,208.0,3254.0,0.0,0.0,0.0,0.0,0.0,22.0,0.000152324,normal
2026-06-01T02:50:04Z,worker-1,longhorn-system,csi-resizer-7d9bff5787-242pl,csi-resizer,2.1,2.1,0.0,0.0,0.0,1094.0,1031.0,0.0,0.0,0.0,0.0,0.0,243.0,0.0006956275,normal
2026-06-01T02:50:04Z,worker-1,kube-system,tetragon-kl9tz,export-stdout,18.5,17.2,0.0,0.0,0.0,0.0,0.0,0.0,0.0,0.0,0.0,0.0,10.0,0.0002641137,normal
2026-06-01T02:50:14Z,worker-1,gpu-operator,gpu-operator-1764036362-node-feature-discovery-worker-9v5dt,worker,0.5,0.2,0.0,0.0,0.0,222.0,188.0,0.0,0.0,0.0,0.0,0.0,30.0,0.0001826864,normal
2026-06-01T02:50:14Z,worker-1,longhorn-system,longhorn-csi-plugin-t8lpt,longhorn-csi-plugin,2.8,1.2,0.0,0.0,0.0,0.0,0.0,0.0,0.0,0.0,0.0,0.0,81.0,0.000400755,normal
2026-06-01T02:50:14Z,worker-1,longhorn-system,longhorn-manager-fgsfc,longhorn-manager,118.8,47.8,0.1,0.1,0.0,471066.0,13651.0,0.0,0.0,0.0,0.0,0.0,4463.0,0.0143395062,normal
2026-06-01T02:50:14Z,worker-1,longhorn-system,longhorn-csi-plugin-t8lpt,node-driver-registrar,0.1,0.1,0.0,0.0,0.0,0.0,0.0,0.0,0.0,0.0,0.0,0.0,9.0,3.1261e-05,normal
2026-06-01T02:50:14Z,worker-1,longhorn-system,csi-attacher-896ffc747-rxjjt,csi-attacher,1.4,1.2,0.0,0.0,0.0,1237.0,1049.0,0.0,0.0,0.0,0.0,0.0,310.0,0.0009433759,normal
2026-06-01T02:50:14Z,worker-1,longhorn-system,csi-snapshotter-65884686fc-gjw5g,csi-snapshotter,6.9,6.7,0.1,0.0,0.0,1136.0,1034.0,0.0,0.0,0.0,0.0,0.0,774.0,0.0022268656,normal
2026-06-01T02:50:14Z,worker-1,kube-system,nodelocaldns-zjml5,node-cache,9.3,2.9,0.3,1.0,0.0,3059.0,2701.0,0.0,0.0,0.0,0.0,0.0,484.0,0.0028153488,normal
2026-06-01T02:50:14Z,worker-1,kube-system,kube-ovn-pinger-vfzmn,pinger,46.6,17.5,13.2,0.2,0.0,115806.0,1580.0,0.0,12288.0,0.060131,17.0,26.0,4093.0,0.0181674046,normal
2026-06-01T02:50:14Z,worker-1,kube-system,tetragon-kl9tz,tetragon,6.3,3.4,0.0,0.0,0.0,17927.0,239.0,0.0,0.0,0.0,0.0,0.0,12751.0,0.0399515787,normal
2026-06-01T02:50:14Z,worker-1,longhorn-system,engine-image-ei-3154f3aa-kvvkq,engine-image-ei-3154f3aa,12.7,1.0,14.3,0.0,0.0,0.0,0.0,0.0,0.0,0.0,10.0,37.0,1037.0,0.0129334186,normal
2026-06-01T02:50:14Z,worker-1,kube-system,kube-proxy-pdwww,kube-proxy,2.9,0.5,0.0,0.0,0.0,17283.0,96.0,0.0,0.0,0.0,0.0,0.0,87.0,0.000223364,normal
2026-06-01T02:50:14Z,worker-1,longhorn-system,engine-image-ei-843accdd-tx99h,engine-image-ei-843accdd,12.4,1.0,14.0,0.0,0.0,0.0,0.0,0.0,0.0,0.0,10.0,27.0,753.0,0.0098639315,normal
2026-06-01T02:50:14Z,worker-1,kube-system,kube-ovn-cni-cf7cj,cni-server,318.1,21.9,360.7,0.3,0.0,204616.0,1200.0,0.0,0.0,0.0,131.0,179.0,4517.0,0.0731480167,normal
2026-06-01T02:50:14Z,worker-1,kube-system,ovs-ovn-w75jd,openvswitch,99.2,59.9,37.9,0.0,0.0,38.0,41.0,0.0,0.0,0.0,52.0,88.0,1940.0,0.0308625924,normal
2026-06-01T02:50:14Z,worker-1,longhorn-system,csi-provisioner-688964c44b-7hv5d,csi-provisioner,35.8,8.7,0.0,0.0,0.0,205565.0,2190.0,0.0,0.0,0.0,0.0,0.0,1220.0,0.0037623975,normal
2026-06-01T02:50:14Z,worker-1,longhorn-system,instance-manager-bacbca1a1c80c6ca28fd5f2d5fd0c24c,instance-manager,193.1,8.0,11.3,0.4,0.0,2971.0,3145.0,0.0,0.0,0.0,6.0,6.0,677.0,0.0078693784,normal
2026-06-01T02:50:14Z,worker-1,ebpf-final,ebpf-collector-5588x,collector,0.2,0.8,0.3,0.1,0.0,13632.0,19681.0,0.0,0.0,0.0,0.0,0.0,11.0,0.0019656819,normal
2026-06-01T02:50:14Z,worker-1,longhorn-system,longhorn-csi-plugin-t8lpt,longhorn-liveness-probe,3.0,1.9,0.0,0.0,0.0,224.0,274.0,0.0,0.0,0.0,0.0,0.0,187.0,0.0008345955,normal
2026-06-01T02:50:14Z,worker-1,monitoring,my-monitoring-prometheus-node-exporter-829wk,node-exporter,0.3,0.2,0.0,0.0,0.0,208.0,3254.0,0.0,0.0,0.0,0.0,0.0,18.0,0.0001349347,normal
2026-06-01T02:50:14Z,worker-1,longhorn-system,csi-resizer-7d9bff5787-242pl,csi-resizer,1.8,1.6,0.0,0.0,0.0,1094.0,996.0,0.0,0.0,0.0,0.0,0.0,237.0,0.0007210455,normal
2026-06-01T02:50:14Z,worker-1,kube-system,tetragon-kl9tz,export-stdout,6.1,4.8,0.0,0.0,0.0,0.0,0.0,0.0,0.0,0.0,0.0,0.0,10.0,0.0001300735,normal
2026-06-01T02:50:25Z,worker-1,gpu-operator,gpu-operator-1764036362-node-feature-discovery-worker-9v5dt,worker,295.8,4.0,159.6,0.0,0.0,138089.0,1905.0,0.0,0.0,0.0,0.0,0.0,1939.0,0.0303215942,normal
2026-06-01T02:50:25Z,worker-1,longhorn-system,longhorn-csi-plugin-t8lpt,longhorn-csi-plugin,2.9,1.3,0.0,0.0,0.0,0.0,0.0,0.0,0.0,0.0,0.0,0.0,84.0,0.0003592897,normal
2026-06-01T02:50:25Z,worker-1,longhorn-system,longhorn-manager-fgsfc,longhorn-manager,113.8,45.2,0.1,0.1,0.0,468652.0,11157.0,0.0,0.0,0.0,0.0,0.0,4455.0,0.0142062788,normal
2026-06-01T02:50:25Z,worker-1,longhorn-system,longhorn-csi-plugin-t8lpt,node-driver-registrar,0.1,0.1,0.0,0.0,0.0,0.0,0.0,0.0,0.0,0.0,0.0,0.0,9.0,3.08194e-05,normal
2026-06-01T02:50:25Z,worker-1,longhorn-system,csi-attacher-896ffc747-rxjjt,csi-attacher,2.6,1.9,0.0,0.0,0.0,1265.0,1014.0,0.0,0.0,0.0,0.0,0.0,294.0,0.0009656864,normal
2026-06-01T02:50:25Z,worker-1,longhorn-system,csi-snapshotter-65884686fc-gjw5g,csi-snapshotter,7.1,6.6,0.0,0.0,0.0,1193.0,1034.0,0.0,0.0,0.0,0.0,0.0,813.0,0.0022935384,normal
2026-06-01T02:50:25Z,worker-1,kube-system,nodelocaldns-zjml5,node-cache,14.0,4.9,0.4,1.2,0.0,4922.0,3562.0,0.0,0.0,0.0,0.0,0.0,841.0,0.0043617946,normal
2026-06-01T02:50:25Z,worker-1,kube-system,kube-ovn-pinger-vfzmn,pinger,50.1,20.4,13.2,0.2,0.0,115844.0,1580.0,0.0,16384.0,0.07014666666666668,17.0,26.0,3683.0,0.0181577918,normal
2026-06-01T02:50:25Z,worker-1,kube-system,tetragon-kl9tz,tetragon,5.1,3.3,0.0,0.0,0.0,17448.0,239.0,0.0,0.0,0.0,0.0,0.0,13777.0,0.0346300932,normal
2026-06-01T02:50:25Z,worker-1,longhorn-system,engine-image-ei-3154f3aa-kvvkq,engine-image-ei-3154f3aa,12.8,1.0,14.4,0.0,0.0,0.0,0.0,0.0,0.0,0.0,10.0,42.0,1048.0,0.0132276605,normal
2026-06-01T02:50:25Z,worker-1,kube-system,kube-proxy-pdwww,kube-proxy,1.5,0.4,0.0,0.0,0.0,17157.0,96.0,0.0,0.0,0.0,0.0,0.0,114.0,0.000267408,normal
2026-06-01T02:50:25Z,worker-1,longhorn-system,engine-image-ei-843accdd-tx99h,engine-image-ei-843accdd,15.8,1.3,17.8,0.0,0.0,0.0,0.0,0.0,0.0,0.0,13.0,39.0,1044.0,0.0118791787,normal
2026-06-01T02:50:25Z,worker-1,kube-system,kube-ovn-cni-cf7cj,cni-server,322.3,22.4,363.7,0.3,0.0,204773.0,1200.0,0.0,0.0,0.0,134.0,182.0,4612.0,0.073645083,normal
2026-06-01T02:50:25Z,worker-1,kube-system,ovs-ovn-w75jd,openvswitch,100.6,61.0,38.3,0.0,0.0,38.0,41.0,0.0,0.0,0.0,52.0,88.0,1949.0,0.0317310671,normal
2026-06-01T02:50:25Z,worker-1,longhorn-system,csi-provisioner-688964c44b-7hv5d,csi-provisioner,36.4,7.8,0.0,0.0,0.0,205686.0,2190.0,0.0,0.0,0.0,0.0,0.0,1344.0,0.0041395342,normal
2026-06-01T02:50:25Z,worker-1,longhorn-system,instance-manager-bacbca1a1c80c6ca28fd5f2d5fd0c24c,instance-manager,192.6,7.4,11.3,0.4,0.0,2998.0,3154.0,0.0,0.0,0.0,6.0,6.0,644.0,0.0066639106,normal
2026-06-01T02:50:25Z,worker-1,ebpf-final,ebpf-collector-5588x,collector,154.2,0.8,143.3,0.1,0.0,209744.0,18118.0,0.0,0.0,0.0,0.0,0.0,164.0,0.0206533465,normal
2026-06-01T02:50:25Z,worker-1,longhorn-system,longhorn-csi-plugin-t8lpt,longhorn-liveness-probe,3.1,2.0,0.0,0.0,0.0,224.0,274.0,0.0,0.0,0.0,0.0,0.0,195.0,0.0008394794,normal
2026-06-01T02:50:25Z,worker-1,monitoring,my-monitoring-prometheus-node-exporter-829wk,node-exporter,178.5,0.8,154.8,0.0,0.0,573.0,26021.0,0.0,0.0,0.0,0.0,0.0,245.0,0.0124210161,normal
2026-06-01T02:50:25Z,worker-1,longhorn-system,csi-resizer-7d9bff5787-242pl,csi-resizer,2.0,2.0,0.0,0.0,0.0,1094.0,996.0,0.0,0.0,0.0,0.0,0.0,262.0,0.0016542919,normal
2026-06-01T02:50:25Z,worker-1,kube-system,tetragon-kl9tz,export-stdout,6.2,4.8,0.0,0.0,0.0,0.0,0.0,0.0,0.0,0.0,0.0,0.0,11.0,0.0001080164,normal
2026-06-01T02:50:35Z,worker-1,gpu-operator,gpu-operator-1764036362-node-feature-discovery-worker-9v5dt,worker,0.4,0.2,0.0,0.0,0.0,222.0,188.0,0.0,0.0,0.0,0.0,0.0,33.0,0.0002087046,normal
2026-06-01T02:50:35Z,worker-1,longhorn-system,longhorn-csi-plugin-t8lpt,longhorn-csi-plugin,2.6,1.0,0.0,0.0,0.0,0.0,0.0,0.0,0.0,0.0,0.0,0.0,73.0,0.000356499,normal
2026-06-01T02:50:35Z,worker-1,longhorn-system,longhorn-manager-fgsfc,longhorn-manager,164.3,50.0,15.0,0.3,0.0,478556.0,21698.0,0.0,0.0,0.0,2.0,12.0,5165.0,0.0219364421,normal
2026-06-01T02:50:35Z,worker-1,longhorn-system,longhorn-csi-plugin-t8lpt,node-driver-registrar,0.1,0.1,0.0,0.0,0.0,0.0,0.0,0.0,0.0,0.0,0.0,0.0,9.0,3.14133e-05,normal
2026-06-01T02:50:35Z,worker-1,longhorn-system,csi-attacher-896ffc747-rxjjt,csi-attacher,2.1,1.9,0.0,0.0,0.0,1112.0,1014.0,0.0,0.0,0.0,0.0,0.0,247.0,0.0008202228,normal
2026-06-01T02:50:35Z,worker-1,longhorn-system,csi-snapshotter-65884686fc-gjw5g,csi-snapshotter,8.7,8.6,0.0,0.0,0.0,1131.0,1034.0,0.0,0.0,0.0,0.0,0.0,807.0,0.0028889397,normal
2026-06-01T02:50:35Z,worker-1,kube-system,nodelocaldns-zjml5,node-cache,14.2,4.8,0.3,1.1,0.0,5145.0,3785.0,0.0,0.0,0.0,0.0,0.0,830.0,0.0059606915,normal
2026-06-01T02:50:35Z,worker-1,kube-system,kube-ovn-pinger-vfzmn,pinger,49.7,19.2,13.3,0.2,0.0,115793.0,1580.0,0.0,12288.0,0.065108,17.0,26.0,2803.0,0.0169801418,normal
2026-06-01T02:50:35Z,worker-1,kube-system,tetragon-kl9tz,tetragon,5.4,5.3,0.0,0.0,0.0,17448.0,239.0,0.0,0.0,0.0,0.0,0.0,12422.0,0.0398382054,normal
2026-06-01T02:50:35Z,worker-1,longhorn-system,engine-image-ei-3154f3aa-kvvkq,engine-image-ei-3154f3aa,12.8,1.0,14.4,0.0,0.0,0.0,0.0,0.0,0.0,0.0,10.0,40.0,1160.0,0.0139658924,normal
2026-06-01T02:50:35Z,worker-1,kube-system,kube-proxy-pdwww,kube-proxy,1.9,0.4,0.0,0.0,0.0,17157.0,96.0,0.0,0.0,0.0,0.0,0.0,93.0,0.0002953891,normal
2026-06-01T02:50:35Z,worker-1,longhorn-system,engine-image-ei-843accdd-tx99h,engine-image-ei-843accdd,12.4,1.0,14.0,0.0,0.0,0.0,0.0,0.0,0.0,0.0,10.0,29.0,795.0,0.0109997526,normal
2026-06-01T02:50:35Z,worker-1,kube-system,kube-ovn-cni-cf7cj,cni-server,317.0,22.0,360.8,0.3,0.0,204635.0,1200.0,0.0,0.0,0.0,131.0,184.0,4655.0,0.0713598846,normal
2026-06-01T02:50:35Z,worker-1,kube-system,ovs-ovn-w75jd,openvswitch,98.7,60.4,37.9,0.0,0.0,38.0,41.0,0.0,0.0,0.0,52.0,88.0,1956.0,0.0310767393,normal
2026-06-01T02:50:35Z,worker-1,longhorn-system,csi-provisioner-688964c44b-7hv5d,csi-provisioner,34.9,7.4,0.0,0.0,0.0,205704.0,2190.0,0.0,0.0,0.0,0.0,0.0,1310.0,0.0042274171,normal
2026-06-01T02:50:35Z,worker-1,longhorn-system,instance-manager-bacbca1a1c80c6ca28fd5f2d5fd0c24c,instance-manager,37.6,9.4,2.3,0.0,0.0,3862.0,3740.0,0.0,0.0,0.0,2.0,2.0,686.0,0.0044743209,normal
2026-06-01T02:50:35Z,worker-1,ebpf-final,ebpf-collector-5588x,collector,0.2,0.7,0.3,0.1,0.0,11918.0,17212.0,0.0,0.0,0.0,0.0,0.0,9.0,0.0013220737,normal
2026-06-01T02:50:35Z,worker-1,longhorn-system,longhorn-csi-plugin-t8lpt,longhorn-liveness-probe,2.9,2.0,0.0,0.0,0.0,224.0,274.0,0.0,0.0,0.0,0.0,0.0,232.0,0.0018570146,normal
2026-06-01T02:50:35Z,worker-1,monitoring,my-monitoring-prometheus-node-exporter-829wk,node-exporter,0.3,0.2,0.0,0.0,0.0,208.0,3254.0,0.0,0.0,0.0,0.0,0.0,18.0,0.0001385899,normal
2026-06-01T02:50:35Z,worker-1,longhorn-system,csi-resizer-7d9bff5787-242pl,csi-resizer,2.0,1.8,0.0,0.0,0.0,1218.0,996.0,0.0,0.0,0.0,0.0,0.0,263.0,0.000744775,normal
2026-06-01T02:50:35Z,worker-1,kube-system,tetragon-kl9tz,export-stdout,18.0,16.6,0.0,0.0,0.0,0.0,0.0,0.0,0.0,0.0,0.0,0.0,10.0,0.0002187564,normal
2026-06-01T02:50:45Z,worker-1,gpu-operator,gpu-operator-1764036362-node-feature-discovery-worker-9v5dt,worker,0.5,0.2,0.0,0.0,0.0,222.0,188.0,0.0,0.0,0.0,0.0,0.0,33.0,0.0002010621,normal
2026-06-01T02:50:45Z,worker-1,longhorn-system,longhorn-csi-plugin-t8lpt,longhorn-csi-plugin,2.8,1.2,0.0,0.0,0.0,0.0,0.0,0.0,0.0,0.0,0.0,0.0,132.0,0.0018130451,normal
2026-06-01T02:50:45Z,worker-1,longhorn-system,longhorn-manager-fgsfc,longhorn-manager,113.1,45.8,0.1,0.1,0.0,468209.0,10955.0,0.0,0.0,0.0,0.0,0.0,4412.0,0.01407308,normal
2026-06-01T02:50:45Z,worker-1,longhorn-system,longhorn-csi-plugin-t8lpt,node-driver-registrar,0.1,0.1,0.0,0.0,0.0,0.0,0.0,0.0,0.0,0.0,0.0,0.0,9.0,2.8598e-05,normal
2026-06-01T02:50:45Z,worker-1,longhorn-system,csi-attacher-896ffc747-rxjjt,csi-attacher,1.8,1.5,0.1,0.0,0.0,1112.0,1014.0,0.0,0.0,0.0,0.0,0.0,214.0,0.0006668553,normal
2026-06-01T02:50:45Z,worker-1,longhorn-system,csi-snapshotter-65884686fc-gjw5g,csi-snapshotter,10.1,9.8,0.1,0.0,0.0,1459.0,1147.0,0.0,0.0,0.0,0.0,0.0,872.0,0.0025216489,normal
2026-06-01T02:50:45Z,worker-1,kube-system,nodelocaldns-zjml5,node-cache,28.1,5.4,37.6,1.0,0.0,4922.0,3562.0,0.0,0.0,0.0,12.0,12.0,784.0,0.0077092735,normal
2026-06-01T02:50:45Z,worker-1,kube-system,kube-ovn-pinger-vfzmn,pinger,44.4,18.0,13.2,0.2,0.0,83766.0,1205.0,0.0,12288.0,0.0780465,17.0,26.0,2964.0,0.0139061357,normal
2026-06-01T02:50:45Z,worker-1,kube-system,tetragon-kl9tz,tetragon,5.9,3.5,0.0,0.0,0.0,17726.0,239.0,0.0,0.0,0.0,0.0,0.0,13403.0,0.0352799198,normal
2026-06-01T02:50:45Z,worker-1,longhorn-system,engine-image-ei-3154f3aa-kvvkq,engine-image-ei-3154f3aa,12.8,1.0,14.4,0.0,0.0,0.0,0.0,0.0,0.0,0.0,10.0,41.0,1056.0,0.0131930934,normal
2026-06-01T02:50:45Z,worker-1,kube-system,kube-proxy-pdwww,kube-proxy,2.4,0.4,0.0,0.0,0.0,17282.0,96.0,0.0,0.0,0.0,0.0,0.0,95.0,0.0002819587,normal
2026-06-01T02:50:45Z,worker-1,longhorn-system,engine-image-ei-843accdd-tx99h,engine-image-ei-843accdd,12.5,1.0,14.1,0.0,0.0,0.0,0.0,0.0,0.0,0.0,10.0,32.0,822.0,0.0104571731,normal
2026-06-01T02:50:45Z,worker-1,kube-system,kube-ovn-cni-cf7cj,cni-server,370.4,26.8,441.3,0.2,0.0,204477.0,1200.0,0.0,0.0,0.0,170.0,201.0,4461.0,0.0749868724,normal
2026-06-01T02:50:45Z,worker-1,kube-system,ovs-ovn-w75jd,openvswitch,96.7,58.0,37.9,0.0,0.0,38.0,41.0,0.0,0.0,0.0,52.0,88.0,1887.0,0.0313382677,normal
2026-06-01T02:50:45Z,worker-1,longhorn-system,csi-provisioner-688964c44b-7hv5d,csi-provisioner,38.7,9.6,0.1,0.0,0.0,205974.0,2191.0,0.0,0.0,0.0,0.0,0.0,1395.0,0.005422668,normal
2026-06-01T02:50:45Z,worker-1,longhorn-system,instance-manager-bacbca1a1c80c6ca28fd5f2d5fd0c24c,instance-manager,192.5,7.7,11.3,0.4,0.0,2972.0,3111.0,0.0,0.0,0.0,6.0,6.0,692.0,0.0078310474,normal
2026-06-01T02:50:45Z,worker-1,ebpf-final,ebpf-collector-5588x,collector,0.2,0.8,0.3,0.1,0.0,13281.0,19178.0,0.0,0.0,0.0,0.0,0.0,11.0,0.0020947289,normal
2026-06-01T02:50:45Z,worker-1,longhorn-system,longhorn-csi-plugin-t8lpt,longhorn-liveness-probe,3.0,2.0,0.0,0.0,0.0,224.0,274.0,0.0,0.0,0.0,0.0,0.0,179.0,0.0008497797,normal
2026-06-01T02:50:45Z,worker-1,monitoring,my-monitoring-prometheus-node-exporter-829wk,node-exporter,178.5,0.8,154.8,0.0,0.0,573.0,26078.0,0.0,0.0,0.0,0.0,0.0,296.0,0.0133308365,normal
2026-06-01T02:50:45Z,worker-1,longhorn-system,csi-resizer-7d9bff5787-242pl,csi-resizer,2.9,2.3,0.1,0.0,0.0,1369.0,996.0,0.0,0.0,0.0,0.0,0.0,261.0,0.0007377677,normal
2026-06-01T02:50:45Z,worker-1,kube-system,tetragon-kl9tz,export-stdout,6.1,4.8,0.0,0.0,0.0,0.0,0.0,0.0,0.0,0.0,0.0,0.0,10.0,0.000130673,normal
2026-06-01T02:50:55Z,worker-1,gpu-operator,gpu-operator-1764036362-node-feature-discovery-worker-9v5dt,worker,0.7,0.3,0.0,0.0,0.0,261.0,227.0,0.0,0.0,0.0,0.0,0.0,91.0,0.0002781117,normal
2026-06-01T02:50:55Z,worker-1,longhorn-system,longhorn-csi-plugin-t8lpt,longhorn-csi-plugin,2.7,1.1,0.0,0.0,0.0,0.0,0.0,0.0,0.0,0.0,0.0,0.0,86.0,0.0003933574,normal
2026-06-01T02:50:55Z,worker-1,longhorn-system,longhorn-manager-fgsfc,longhorn-manager,116.8,46.4,0.3,0.1,0.0,471826.0,11384.0,0.0,0.0,0.0,0.0,0.0,4750.0,0.0149554965,normal
2026-06-01T02:50:55Z,worker-1,longhorn-system,longhorn-csi-plugin-t8lpt,node-driver-registrar,0.1,0.1,0.0,0.0,0.0,0.0,0.0,0.0,0.0,0.0,0.0,0.0,9.0,2.91582e-05,normal
2026-06-01T02:50:55Z,worker-1,longhorn-system,csi-attacher-896ffc747-rxjjt,csi-attacher,1.5,1.2,0.0,0.0,0.0,1248.0,1049.0,0.0,0.0,0.0,0.0,0.0,219.0,0.0007482394,normal
2026-06-01T02:50:55Z,worker-1,longhorn-system,csi-snapshotter-65884686fc-gjw5g,csi-snapshotter,6.7,6.5,0.0,0.0,0.0,1698.0,1551.0,0.0,0.0,0.0,0.0,0.0,817.0,0.0024367647,normal
2026-06-01T02:50:55Z,worker-1,kube-system,nodelocaldns-zjml5,node-cache,13.2,4.2,0.3,1.0,0.0,4922.0,3562.0,0.0,0.0,0.0,0.0,0.0,669.0,0.0039085235,normal
2026-06-01T02:50:55Z,worker-1,kube-system,kube-ovn-pinger-vfzmn,pinger,51.2,20.8,13.2,0.2,0.0,115914.0,1580.0,0.0,12288.0,0.0720065,17.0,26.0,3577.0,0.0179765515,normal
2026-06-01T02:50:55Z,worker-1,kube-system,tetragon-kl9tz,tetragon,6.7,4.0,0.1,0.0,0.0,17707.0,422.0,0.0,0.0,0.0,0.0,0.0,12924.0,0.0401488868,normal
2026-06-01T02:50:55Z,worker-1,longhorn-system,engine-image-ei-3154f3aa-kvvkq,engine-image-ei-3154f3aa,12.8,1.0,14.4,0.0,0.0,0.0,0.0,0.0,0.0,0.0,10.0,43.0,1041.0,0.0135591961,normal
2026-06-01T02:50:55Z,worker-1,kube-system,kube-proxy-pdwww,kube-proxy,2.7,0.4,0.0,0.0,0.0,17418.0,96.0,0.0,0.0,0.0,0.0,0.0,108.0,0.0003267494,normal
2026-06-01T02:50:55Z,worker-1,longhorn-system,engine-image-ei-843accdd-tx99h,engine-image-ei-843accdd,12.6,1.0,14.2,0.0,0.0,0.0,0.0,0.0,0.0,0.0,10.0,33.0,912.0,0.010330473,normal
2026-06-01T02:50:55Z,worker-1,kube-system,kube-ovn-cni-cf7cj,cni-server,435.8,23.7,473.0,0.4,0.0,204773.0,1200.0,0.0,0.0,0.0,137.0,203.0,5287.0,0.0780942169,normal
2026-06-01T02:50:55Z,worker-1,kube-system,ovs-ovn-w75jd,openvswitch,101.9,61.4,38.0,0.0,0.0,38.0,41.0,0.0,0.0,0.0,52.0,88.0,2007.0,0.032157845,normal
2026-06-01T02:50:55Z,worker-1,longhorn-system,csi-provisioner-688964c44b-7hv5d,csi-provisioner,39.0,10.9,0.0,0.0,0.0,205967.0,2188.0,0.0,0.0,0.0,0.0,0.0,1452.0,0.0043333414,normal
2026-06-01T02:50:55Z,worker-1,longhorn-system,instance-manager-bacbca1a1c80c6ca28fd5f2d5fd0c24c,instance-manager,192.8,7.8,11.3,0.4,0.0,2972.0,3145.0,0.0,0.0,0.0,6.0,6.0,647.0,0.0070513717,normal
2026-06-01T02:50:55Z,worker-1,ebpf-final,ebpf-collector-5588x,collector,154.3,0.8,143.4,0.1,0.0,209047.0,17114.0,0.0,0.0,0.0,0.0,0.0,161.0,0.0225504555,normal
2026-06-01T02:50:55Z,worker-1,longhorn-system,longhorn-csi-plugin-t8lpt,longhorn-liveness-probe,3.0,1.8,0.0,0.0,0.0,224.0,274.0,0.0,0.0,0.0,0.0,0.0,211.0,0.0008541463,normal
2026-06-01T02:50:55Z,worker-1,monitoring,my-monitoring-prometheus-node-exporter-829wk,node-exporter,0.3,0.2,0.0,0.0,0.0,208.0,3254.0,0.0,0.0,0.0,0.0,0.0,19.0,0.0001582438,normal
2026-06-01T02:50:55Z,worker-1,longhorn-system,csi-resizer-7d9bff5787-242pl,csi-resizer,2.1,2.1,0.0,0.0,0.0,1094.0,1031.0,0.0,0.0,0.0,0.0,0.0,241.0,0.0007246679,normal
2026-06-01T02:50:55Z,worker-1,kube-system,tetragon-kl9tz,export-stdout,6.1,4.8,0.0,0.0,0.0,0.0,0.0,0.0,0.0,0.0,0.0,0.0,10.0,0.0001293631,normal
2026-06-01T02:51:06Z,worker-1,gpu-operator,gpu-operator-1764036362-node-feature-discovery-worker-9v5dt,worker,0.5,0.2,0.0,0.0,0.0,222.0,188.0,0.0,0.0,0.0,0.0,0.0,37.0,0.0002196435,normal
2026-06-01T02:51:06Z,worker-1,longhorn-system,longhorn-csi-plugin-t8lpt,longhorn-csi-plugin,2.6,1.0,0.0,0.0,0.0,0.0,0.0,0.0,0.0,0.0,0.0,0.0,72.0,0.0003345634,normal
2026-06-01T02:51:06Z,worker-1,longhorn-system,longhorn-manager-fgsfc,longhorn-manager,166.1,49.8,14.7,0.3,0.0,483899.0,25881.0,0.0,0.0,0.0,2.0,11.0,5620.0,0.0234907182,normal
2026-06-01T02:51:06Z,worker-1,longhorn-system,longhorn-csi-plugin-t8lpt,node-driver-registrar,0.1,0.1,0.0,0.0,0.0,0.0,0.0,0.0,0.0,0.0,0.0,0.0,9.0,3.11108e-05,normal
2026-06-01T02:51:06Z,worker-1,longhorn-system,csi-attacher-896ffc747-rxjjt,csi-attacher,2.6,2.2,0.0,0.0,0.0,1237.0,1014.0,0.0,0.0,0.0,0.0,0.0,297.0,0.0008387294,normal
2026-06-01T02:51:06Z,worker-1,longhorn-system,csi-snapshotter-65884686fc-gjw5g,csi-snapshotter,10.3,9.7,0.1,0.0,0.0,1269.0,1034.0,0.0,0.0,0.0,0.0,0.0,777.0,0.0022625967,normal
2026-06-01T02:51:06Z,worker-1,kube-system,nodelocaldns-zjml5,node-cache,13.0,4.3,0.3,1.0,0.0,4922.0,3562.0,0.0,0.0,0.0,0.0,0.0,693.0,0.0037020384,normal
2026-06-01T02:51:06Z,worker-1,kube-system,kube-ovn-pinger-vfzmn,pinger,50.3,19.5,13.2,0.2,0.0,115983.0,1580.0,0.0,12288.0,0.066659,17.0,26.0,3936.0,0.0175991627,normal
2026-06-01T02:51:06Z,worker-1,kube-system,tetragon-kl9tz,tetragon,7.5,5.7,0.4,0.0,0.0,17813.0,21404.0,0.0,0.0,0.0,0.0,0.0,12261.0,0.0359721313,normal
2026-06-01T02:51:06Z,worker-1,longhorn-system,engine-image-ei-3154f3aa-kvvkq,engine-image-ei-3154f3aa,12.8,1.0,14.4,0.0,0.0,0.0,0.0,0.0,0.0,0.0,10.0,39.0,1127.0,0.0135998017,normal
2026-06-01T02:51:06Z,worker-1,kube-system,kube-proxy-pdwww,kube-proxy,1.7,0.3,0.0,0.0,0.0,17157.0,96.0,0.0,0.0,0.0,0.0,0.0,87.0,0.0002686859,normal
2026-06-01T02:51:06Z,worker-1,longhorn-system,engine-image-ei-843accdd-tx99h,engine-image-ei-843accdd,12.5,1.0,14.1,0.0,0.0,0.0,0.0,0.0,0.0,0.0,10.0,30.0,823.0,0.0099000279,normal
2026-06-01T02:51:06Z,worker-1,kube-system,kube-ovn-cni-cf7cj,cni-server,317.1,22.7,359.9,0.2,0.0,204597.0,1344.0,0.0,0.0,0.0,130.0,161.0,3901.0,0.0603893468,normal
2026-06-01T02:51:06Z,worker-1,kube-system,ovs-ovn-w75jd,openvswitch,99.9,61.5,38.1,0.0,0.0,38.0,41.0,0.0,0.0,0.0,52.0,88.0,2062.0,0.0297558957,normal
2026-06-01T02:51:06Z,worker-1,longhorn-system,csi-provisioner-688964c44b-7hv5d,csi-provisioner,36.9,10.1,0.0,0.0,0.0,205665.0,2188.0,0.0,0.0,0.0,0.0,0.0,1315.0,0.0041292412,normal
2026-06-01T02:51:06Z,worker-1,longhorn-system,instance-manager-bacbca1a1c80c6ca28fd5f2d5fd0c24c,instance-manager,206.7,11.1,12.4,0.5,0.0,4947.0,5537.0,0.0,0.0,0.0,7.0,7.0,944.0,0.0101960683,normal
2026-06-01T02:51:06Z,worker-1,ebpf-final,ebpf-collector-5588x,collector,0.2,0.8,0.3,0.1,0.0,12260.0,17678.0,0.0,0.0,0.0,0.0,0.0,11.0,0.0008713407,normal
2026-06-01T02:51:06Z,worker-1,longhorn-system,longhorn-csi-plugin-t8lpt,longhorn-liveness-probe,3.2,2.0,0.0,0.0,0.0,224.0,274.0,0.0,0.0,0.0,0.0,0.0,198.0,0.0008033632,normal
2026-06-01T02:51:06Z,worker-1,monitoring,my-monitoring-prometheus-node-exporter-829wk,node-exporter,0.4,0.2,0.0,0.0,0.0,208.0,3254.0,0.0,0.0,0.0,0.0,0.0,21.0,0.0001515784,normal
2026-06-01T02:51:06Z,worker-1,longhorn-system,csi-resizer-7d9bff5787-242pl,csi-resizer,2.2,2.0,0.0,0.0,0.0,1094.0,996.0,0.0,0.0,0.0,0.0,0.0,229.0,0.0007312825,normal
2026-06-01T02:51:06Z,worker-1,kube-system,tetragon-kl9tz,export-stdout,18.6,17.2,0.0,0.0,0.0,0.0,0.0,0.0,0.0,0.0,0.0,0.0,10.0,0.0003374699,normal
2026-06-01T02:51:16Z,worker-1,gpu-operator,gpu-operator-1764036362-node-feature-discovery-worker-9v5dt,worker,0.6,0.2,0.0,0.0,0.0,222.0,188.0,0.0,0.0,0.0,0.0,0.0,35.0,0.0002007955,normal
2026-06-01T02:51:16Z,worker-1,longhorn-system,longhorn-csi-plugin-t8lpt,longhorn-csi-plugin,2.8,1.1,0.0,0.0,0.0,0.0,0.0,0.0,0.0,0.0,0.0,0.0,80.0,0.0003680958,normal
2026-06-01T02:51:16Z,worker-1,longhorn-system,longhorn-manager-fgsfc,longhorn-manager,111.8,43.2,0.1,0.1,0.0,469158.0,11262.0,0.0,0.0,0.0,0.0,0.0,4534.0,0.0145974863,normal
2026-06-01T02:51:16Z,worker-1,longhorn-system,longhorn-csi-plugin-t8lpt,node-driver-registrar,0.1,0.1,0.0,0.0,0.0,0.0,0.0,0.0,0.0,0.0,0.0,0.0,9.0,3.45122e-05,normal
2026-06-01T02:51:16Z,worker-1,longhorn-system,csi-attacher-896ffc747-rxjjt,csi-attacher,2.5,2.2,0.0,0.0,0.0,1147.0,1014.0,0.0,0.0,0.0,0.0,0.0,280.0,0.0007672591,normal
2026-06-01T02:51:16Z,worker-1,longhorn-system,csi-snapshotter-65884686fc-gjw5g,csi-snapshotter,12.4,12.3,0.0,0.0,0.0,1132.0,1034.0,0.0,0.0,0.0,0.0,0.0,834.0,0.0023673785,normal
2026-06-01T02:51:16Z,worker-1,kube-system,nodelocaldns-zjml5,node-cache,13.2,4.3,0.4,1.0,0.0,4922.0,3562.0,0.0,0.0,0.0,0.0,0.0,667.0,0.0037508708,normal
2026-06-01T02:51:16Z,worker-1,kube-system,kube-ovn-pinger-vfzmn,pinger,17.8,15.2,0.0,0.0,0.0,32047.0,375.0,0.0,12288.0,0.069999,0.0,0.0,3321.0,0.0101357498,normal
2026-06-01T02:51:16Z,worker-1,kube-system,tetragon-kl9tz,tetragon,5.8,3.4,0.0,0.0,0.0,17927.0,239.0,0.0,0.0,0.0,0.0,0.0,13050.0,0.0413851929,normal
2026-06-01T02:51:16Z,worker-1,longhorn-system,engine-image-ei-3154f3aa-kvvkq,engine-image-ei-3154f3aa,12.8,1.0,14.4,0.0,0.0,0.0,0.0,0.0,0.0,0.0,10.0,39.0,1081.0,0.0125227169,normal
2026-06-01T02:51:16Z,worker-1,kube-system,kube-proxy-pdwww,kube-proxy,2.8,0.6,0.0,0.0,0.0,17283.0,96.0,0.0,0.0,0.0,0.0,0.0,105.0,0.000340514,normal
2026-06-01T02:51:16Z,worker-1,longhorn-system,engine-image-ei-843accdd-tx99h,engine-image-ei-843accdd,12.6,1.0,14.2,0.0,0.0,0.0,0.0,0.0,0.0,0.0,10.0,34.0,888.0,0.0106890988,normal
2026-06-01T02:51:16Z,worker-1,kube-system,kube-ovn-cni-cf7cj,cni-server,373.9,28.0,441.8,0.4,0.0,204763.0,1200.0,0.0,0.0,0.0,171.0,234.0,5926.0,0.0912357851,normal
2026-06-01T02:51:16Z,worker-1,kube-system,ovs-ovn-w75jd,openvswitch,99.0,59.5,37.6,0.0,0.0,38.0,41.0,0.0,0.0,0.0,52.0,88.0,2006.0,0.0303826591,normal
2026-06-01T02:51:16Z,worker-1,longhorn-system,csi-provisioner-688964c44b-7hv5d,csi-provisioner,37.3,10.1,0.0,0.0,0.0,205563.0,2188.0,0.0,0.0,0.0,0.0,0.0,1380.0,0.007116643,normal
2026-06-01T02:51:16Z,worker-1,longhorn-system,instance-manager-bacbca1a1c80c6ca28fd5f2d5fd0c24c,instance-manager,192.4,7.4,11.3,0.4,0.0,2972.0,3145.0,0.0,0.0,0.0,6.0,6.0,721.0,0.0091738933,normal
2026-06-01T02:51:16Z,worker-1,ebpf-final,ebpf-collector-5588x,collector,0.2,0.8,0.3,0.1,0.0,12242.0,17682.0,0.0,0.0,0.0,0.0,0.0,10.0,0.0019729694,normal
2026-06-01T02:51:16Z,worker-1,longhorn-system,longhorn-csi-plugin-t8lpt,longhorn-liveness-probe,3.0,1.9,0.0,0.0,0.0,224.0,274.0,0.0,0.0,0.0,0.0,0.0,180.0,0.0007244748,normal
2026-06-01T02:51:16Z,worker-1,monitoring,my-monitoring-prometheus-node-exporter-829wk,node-exporter,178.5,0.8,154.8,0.0,0.0,573.0,26038.0,0.0,0.0,0.0,0.0,0.0,293.0,0.0135488372,normal
2026-06-01T02:51:16Z,worker-1,longhorn-system,csi-resizer-7d9bff5787-242pl,csi-resizer,1.8,1.6,0.0,0.0,0.0,1094.0,996.0,0.0,0.0,0.0,0.0,0.0,239.0,0.0006848053,normal
2026-06-01T02:51:16Z,worker-1,kube-system,tetragon-kl9tz,export-stdout,6.1,4.8,0.0,0.0,0.0,0.0,0.0,0.0,0.0,0.0,0.0,0.0,10.0,9.8334e-05,normal
2026-06-01T02:51:26Z,worker-1,gpu-operator,gpu-operator-1764036362-node-feature-discovery-worker-9v5dt,worker,295.7,4.1,159.6,0.0,0.0,137978.0,1811.0,0.0,0.0,0.0,0.0,0.0,1911.0,0.0314247697,normal
2026-06-01T02:51:26Z,worker-1,longhorn-system,longhorn-csi-plugin-t8lpt,longhorn-csi-plugin,2.9,1.3,0.0,0.0,0.0,0.0,0.0,0.0,0.0,0.0,0.0,0.0,80.0,0.0003523999,normal
2026-06-01T02:51:26Z,worker-1,longhorn-system,longhorn-manager-fgsfc,longhorn-manager,112.6,43.1,0.4,0.1,0.0,469463.0,11315.0,0.0,0.0,0.0,0.0,0.0,4503.0,0.0133300653,normal
2026-06-01T02:51:26Z,worker-1,longhorn-system,longhorn-csi-plugin-t8lpt,node-driver-registrar,0.1,0.1,0.0,0.0,0.0,0.0,0.0,0.0,0.0,0.0,0.0,0.0,9.0,3.10754e-05,normal
2026-06-01T02:51:26Z,worker-1,longhorn-system,csi-attacher-896ffc747-rxjjt,csi-attacher,3.6,2.5,0.1,0.0,0.0,1796.0,1151.0,0.0,0.0,0.0,0.0,0.0,345.0,0.0010067645,normal
2026-06-01T02:51:26Z,worker-1,longhorn-system,csi-snapshotter-65884686fc-gjw5g,csi-snapshotter,6.8,6.9,0.0,0.0,0.0,1131.0,1069.0,0.0,0.0,0.0,0.0,0.0,819.0,0.0022912745,normal
2026-06-01T02:51:26Z,worker-1,kube-system,nodelocaldns-zjml5,node-cache,14.7,5.1,0.3,1.1,0.0,5256.0,3843.0,0.0,0.0,0.0,0.0,0.0,791.0,0.0039431985,normal
2026-06-01T02:51:26Z,worker-1,kube-system,kube-ovn-pinger-vfzmn,pinger,46.7,21.3,13.2,0.2,0.0,115760.0,1484.0,0.0,12288.0,0.0657445,17.0,26.0,3764.0,0.0187045066,normal
2026-06-01T02:51:26Z,worker-1,kube-system,tetragon-kl9tz,tetragon,5.3,3.0,0.0,0.0,0.0,17448.0,239.0,0.0,0.0,0.0,0.0,0.0,12230.0,0.0314143511,normal
2026-06-01T02:51:26Z,worker-1,longhorn-system,engine-image-ei-3154f3aa-kvvkq,engine-image-ei-3154f3aa,12.8,1.0,14.4,0.0,0.0,0.0,0.0,0.0,0.0,0.0,10.0,40.0,1043.0,0.0126635578,normal
2026-06-01T02:51:26Z,worker-1,kube-system,kube-proxy-pdwww,kube-proxy,2.3,0.4,0.0,0.0,0.0,17157.0,96.0,0.0,0.0,0.0,0.0,0.0,80.0,0.0002020957,normal
2026-06-01T02:51:26Z,worker-1,longhorn-system,engine-image-ei-843accdd-tx99h,engine-image-ei-843accdd,12.5,1.0,14.1,0.0,0.0,0.0,0.0,0.0,0.0,0.0,10.0,27.0,778.0,0.0092330448,normal
2026-06-01T02:51:26Z,worker-1,kube-system,kube-ovn-cni-cf7cj,cni-server,322.3,22.5,362.9,0.2,0.0,204892.0,1326.0,0.0,0.0,0.0,133.0,162.0,3935.0,0.058916277,normal
2026-06-01T02:51:26Z,worker-1,kube-system,ovs-ovn-w75jd,openvswitch,102.0,62.0,38.2,0.0,0.0,38.0,41.0,0.0,0.0,0.0,52.0,88.0,1949.0,0.0325805051,normal
2026-06-01T02:51:26Z,worker-1,longhorn-system,csi-provisioner-688964c44b-7hv5d,csi-provisioner,39.2,9.9,0.1,0.0,0.0,206223.0,2456.0,0.0,0.0,0.0,0.0,0.0,1455.0,0.0044570776,normal
2026-06-01T02:51:26Z,worker-1,longhorn-system,instance-manager-bacbca1a1c80c6ca28fd5f2d5fd0c24c,instance-manager,192.4,7.3,11.3,0.4,0.0,2972.0,3145.0,0.0,0.0,0.0,6.0,6.0,634.0,0.0067065136,normal
2026-06-01T02:51:26Z,worker-1,ebpf-final,ebpf-collector-5588x,collector,153.9,0.8,143.3,0.1,0.0,209730.0,18123.0,0.0,0.0,0.0,0.0,0.0,159.0,0.0226200976,normal
2026-06-01T02:51:26Z,worker-1,longhorn-system,longhorn-csi-plugin-t8lpt,longhorn-liveness-probe,2.9,1.8,0.0,0.0,0.0,224.0,274.0,0.0,0.0,0.0,0.0,0.0,172.0,0.0008004981,normal
2026-06-01T02:51:26Z,worker-1,monitoring,my-monitoring-prometheus-node-exporter-829wk,node-exporter,0.3,0.2,0.0,0.0,0.0,208.0,3254.0,0.0,0.0,0.0,0.0,0.0,17.0,0.000117435,normal
2026-06-01T02:51:26Z,worker-1,longhorn-system,csi-resizer-7d9bff5787-242pl,csi-resizer,1.6,1.6,0.0,0.0,0.0,1094.0,996.0,0.0,0.0,0.0,0.0,0.0,230.0,0.0006892226,normal
2026-06-01T02:51:26Z,worker-1,kube-system,tetragon-kl9tz,export-stdout,6.2,4.8,0.0,0.0,0.0,0.0,0.0,0.0,0.0,0.0,0.0,0.0,11.0,0.0001416092,normal
2026-06-01T02:51:36Z,worker-1,gpu-operator,gpu-operator-1764036362-node-feature-discovery-worker-9v5dt,worker,0.5,0.2,0.0,0.0,0.0,222.0,188.0,0.0,0.0,0.0,0.0,0.0,34.0,0.000203329,normal
2026-06-01T02:51:36Z,worker-1,longhorn-system,longhorn-csi-plugin-t8lpt,longhorn-csi-plugin,2.4,1.0,0.0,0.0,0.0,0.0,0.0,0.0,0.0,0.0,0.0,0.0,75.0,0.0003691714,normal
2026-06-01T02:51:36Z,worker-1,longhorn-system,longhorn-manager-fgsfc,longhorn-manager,160.9,47.2,14.7,0.3,0.0,478870.0,21734.0,0.0,0.0,0.0,2.0,10.0,5070.0,0.0348797838,normal
2026-06-01T02:51:36Z,worker-1,longhorn-system,longhorn-csi-plugin-t8lpt,node-driver-registrar,0.1,0.1,0.0,0.0,0.0,0.0,0.0,0.0,0.0,0.0,0.0,0.0,9.0,2.91182e-05,normal
2026-06-01T02:51:36Z,worker-1,longhorn-system,csi-attacher-896ffc747-rxjjt,csi-attacher,2.4,1.9,0.1,0.0,0.0,1112.0,1014.0,0.0,0.0,0.0,0.0,0.0,255.0,0.000770749,normal
2026-06-01T02:51:36Z,worker-1,longhorn-system,csi-snapshotter-65884686fc-gjw5g,csi-snapshotter,10.9,10.8,0.0,0.0,0.0,1420.0,1109.0,0.0,0.0,0.0,0.0,0.0,822.0,0.0025373712,normal
2026-06-01T02:51:36Z,worker-1,kube-system,nodelocaldns-zjml5,node-cache,13.3,4.5,0.4,1.0,0.0,4922.0,3562.0,0.0,0.0,0.0,0.0,0.0,709.0,0.0038870501,normal
2026-06-01T02:51:36Z,worker-1,kube-system,kube-ovn-pinger-vfzmn,pinger,41.3,22.2,13.3,0.2,0.0,115817.0,1436.0,0.0,12288.0,0.0737495,17.0,26.0,3546.0,0.015196443,normal
2026-06-01T02:51:36Z,worker-1,kube-system,tetragon-kl9tz,tetragon,5.4,5.2,0.0,0.0,0.0,17448.0,239.0,0.0,0.0,0.0,0.0,0.0,12705.0,0.0429782486,normal
2026-06-01T02:51:36Z,worker-1,longhorn-system,engine-image-ei-3154f3aa-kvvkq,engine-image-ei-3154f3aa,12.8,1.0,14.4,0.0,0.0,0.0,0.0,0.0,0.0,0.0,10.0,43.0,1131.0,0.0136967854,normal
2026-06-01T02:51:36Z,worker-1,kube-system,kube-proxy-pdwww,kube-proxy,2.2,0.4,0.0,0.0,0.0,17157.0,96.0,0.0,0.0,0.0,0.0,0.0,93.0,0.0002257378,normal
2026-06-01T02:51:36Z,worker-1,longhorn-system,engine-image-ei-843accdd-tx99h,engine-image-ei-843accdd,12.7,1.0,14.3,0.0,0.0,0.0,0.0,0.0,0.0,0.0,10.0,31.0,891.0,0.0108144871,normal
2026-06-01T02:51:36Z,worker-1,kube-system,kube-ovn-cni-cf7cj,cni-server,318.8,22.9,361.6,0.4,0.0,204904.0,1328.0,0.0,0.0,0.0,132.0,194.0,5103.0,0.0792333849,normal
2026-06-01T02:51:36Z,worker-1,kube-system,ovs-ovn-w75jd,openvswitch,101.3,60.3,37.9,0.0,0.0,38.0,41.0,0.0,0.0,0.0,52.0,88.0,2036.0,0.0318417863,normal
2026-06-01T02:51:36Z,worker-1,longhorn-system,csi-provisioner-688964c44b-7hv5d,csi-provisioner,33.8,6.7,0.1,0.0,0.0,205578.0,2190.0,0.0,0.0,0.0,0.0,0.0,1290.0,0.0039612984,normal
2026-06-01T02:51:36Z,worker-1,longhorn-system,instance-manager-bacbca1a1c80c6ca28fd5f2d5fd0c24c,instance-manager,204.1,9.7,12.4,0.4,0.0,3862.0,3783.0,0.0,0.0,0.0,7.0,7.0,824.0,0.00849135,normal
2026-06-01T02:51:36Z,worker-1,ebpf-final,ebpf-collector-5588x,collector,0.2,0.7,0.3,0.1,0.0,11900.0,17179.0,0.0,0.0,0.0,0.0,0.0,10.0,0.0013681057,normal
2026-06-01T02:51:36Z,worker-1,longhorn-system,longhorn-csi-plugin-t8lpt,longhorn-liveness-probe,2.8,1.7,0.0,0.0,0.0,224.0,274.0,0.0,0.0,0.0,0.0,0.0,208.0,0.0016343032,normal
2026-06-01T02:51:36Z,worker-1,monitoring,my-monitoring-prometheus-node-exporter-829wk,node-exporter,0.2,0.2,0.0,0.0,0.0,208.0,3254.0,0.0,0.0,0.0,0.0,0.0,20.0,0.0001535661,normal
2026-06-01T02:51:36Z,worker-1,longhorn-system,csi-resizer-7d9bff5787-242pl,csi-resizer,2.6,1.8,0.1,0.0,0.0,1257.0,996.0,0.0,0.0,0.0,0.0,0.0,233.0,0.0007245978,normal
2026-06-01T02:51:36Z,worker-1,kube-system,tetragon-kl9tz,export-stdout,18.0,16.6,0.0,0.0,0.0,0.0,0.0,0.0,0.0,0.0,0.0,0.0,10.0,0.0001812466,normal
2026-06-01T02:51:46Z,worker-1,gpu-operator,gpu-operator-1764036362-node-feature-discovery-worker-9v5dt,worker,0.6,0.2,0.0,0.0,0.0,222.0,188.0,0.0,0.0,0.0,0.0,0.0,35.0,0.0002003474,normal
2026-06-01T02:51:46Z,worker-1,longhorn-system,longhorn-csi-plugin-t8lpt,longhorn-csi-plugin,3.0,1.3,0.0,0.0,0.0,0.0,0.0,0.0,0.0,0.0,0.0,0.0,78.0,0.0003789249,normal
2026-06-01T02:51:46Z,worker-1,longhorn-system,longhorn-manager-fgsfc,longhorn-manager,111.8,46.6,0.2,0.1,0.1,465899.0,11100.0,0.0,0.0,0.0,0.0,0.0,4514.0,0.0142204543,normal
2026-06-01T02:51:46Z,worker-1,longhorn-system,longhorn-csi-plugin-t8lpt,node-driver-registrar,0.1,0.1,0.0,0.0,0.0,0.0,0.0,0.0,0.0,0.0,0.0,0.0,9.0,3.39168e-05,normal
2026-06-01T02:51:46Z,worker-1,longhorn-system,csi-attacher-896ffc747-rxjjt,csi-attacher,1.8,1.7,0.0,0.0,0.0,1115.0,1048.0,0.0,0.0,0.0,0.0,0.0,262.0,0.002079078,normal
2026-06-01T02:51:46Z,worker-1,longhorn-system,csi-snapshotter-65884686fc-gjw5g,csi-snapshotter,6.5,6.4,0.0,0.0,0.0,1142.0,1032.0,0.0,0.0,0.0,0.0,0.0,775.0,0.0021967917,normal
2026-06-01T02:51:46Z,worker-1,kube-system,nodelocaldns-zjml5,node-cache,28.3,5.8,37.5,1.0,0.0,4922.0,3562.0,0.0,0.0,0.0,12.0,12.0,802.0,0.0078906512,normal
2026-06-01T02:51:46Z,worker-1,kube-system,kube-ovn-pinger-vfzmn,pinger,51.3,21.6,13.2,0.2,0.0,115822.0,1580.0,0.0,12288.0,0.074037,17.0,26.0,3719.0,0.0184630998,normal
2026-06-01T02:51:46Z,worker-1,kube-system,tetragon-kl9tz,tetragon,5.5,3.3,0.0,0.0,0.0,17448.0,239.0,0.0,0.0,0.0,0.0,0.0,12415.0,0.030894775,normal
2026-06-01T02:51:46Z,worker-1,longhorn-system,engine-image-ei-3154f3aa-kvvkq,engine-image-ei-3154f3aa,12.8,1.0,14.4,0.0,0.0,0.0,0.0,0.0,0.0,0.0,10.0,40.0,1075.0,0.0127260243,normal
2026-06-01T02:51:46Z,worker-1,kube-system,kube-proxy-pdwww,kube-proxy,2.5,0.5,0.0,0.0,0.0,17404.0,96.0,0.0,0.0,0.0,0.0,0.0,174.0,0.0019526245,normal
2026-06-01T02:51:46Z,worker-1,longhorn-system,engine-image-ei-843accdd-tx99h,engine-image-ei-843accdd,12.5,1.0,14.1,0.0,0.0,0.0,0.0,0.0,0.0,0.0,10.0,31.0,822.0,0.0106566987,normal
2026-06-01T02:51:46Z,worker-1,kube-system,kube-ovn-cni-cf7cj,cni-server,322.9,23.2,364.2,0.2,0.0,204477.0,1200.0,0.0,0.0,0.0,134.0,171.0,4157.0,0.0633731195,normal
2026-06-01T02:51:46Z,worker-1,kube-system,ovs-ovn-w75jd,openvswitch,102.3,64.2,38.2,0.0,0.0,38.0,41.0,0.0,0.0,0.0,52.0,88.0,2099.0,0.0309296097,normal
2026-06-01T02:51:46Z,worker-1,longhorn-system,csi-provisioner-688964c44b-7hv5d,csi-provisioner,34.0,6.2,0.0,0.0,0.0,205985.0,2190.0,0.0,0.0,0.0,0.0,0.0,1375.0,0.0070501292,normal
2026-06-01T02:51:46Z,worker-1,longhorn-system,instance-manager-bacbca1a1c80c6ca28fd5f2d5fd0c24c,instance-manager,192.5,7.6,11.3,0.4,0.0,2972.0,3145.0,0.0,0.0,0.0,6.0,6.0,644.0,0.0079907052,normal
2026-06-01T02:51:46Z,worker-1,ebpf-final,ebpf-collector-5588x,collector,0.2,0.7,0.3,0.1,0.0,11910.0,17170.0,0.0,0.0,0.0,0.0,0.0,12.0,0.0020013134,normal
2026-06-01T02:51:46Z,worker-1,longhorn-system,longhorn-csi-plugin-t8lpt,longhorn-liveness-probe,2.9,1.8,0.0,0.0,0.0,224.0,274.0,0.0,0.0,0.0,0.0,0.0,186.0,0.0008617092,normal
2026-06-01T02:51:46Z,worker-1,monitoring,my-monitoring-prometheus-node-exporter-829wk,node-exporter,178.5,0.8,154.8,0.0,0.0,573.0,26069.0,0.0,0.0,0.0,0.0,0.0,275.0,0.013121069,normal
2026-06-01T02:51:46Z,worker-1,longhorn-system,csi-resizer-7d9bff5787-242pl,csi-resizer,2.4,2.1,0.0,0.0,0.0,1248.0,1030.0,0.0,0.0,0.0,0.0,0.0,265.0,0.0007374614,normal
2026-06-01T02:51:46Z,worker-1,kube-system,tetragon-kl9tz,export-stdout,6.1,4.8,0.0,0.0,0.0,0.0,0.0,0.0,0.0,0.0,0.0,0.0,10.0,9.2374e-05,normal
2026-06-01T02:51:57Z,worker-1,gpu-operator,gpu-operator-1764036362-node-feature-discovery-worker-9v5dt,worker,0.8,0.4,0.0,0.0,0.0,261.0,227.0,0.0,0.0,0.0,0.0,0.0,109.0,0.0003455543,normal
2026-06-01T02:51:57Z,worker-1,longhorn-system,longhorn-csi-plugin-t8lpt,longhorn-csi-plugin,2.7,1.1,0.0,0.0,0.0,0.0,0.0,0.0,0.0,0.0,0.0,0.0,72.0,0.0003477469,normal
2026-06-01T02:51:57Z,worker-1,longhorn-system,longhorn-manager-fgsfc,longhorn-manager,159.9,47.2,12.7,0.1,0.0,478028.0,15851.0,0.0,0.0,0.0,0.0,0.0,4764.0,0.0170978837,normal
2026-06-01T02:51:57Z,worker-1,longhorn-system,longhorn-csi-plugin-t8lpt,node-driver-registrar,0.1,0.1,0.0,0.0,0.0,0.0,0.0,0.0,0.0,0.0,0.0,0.0,9.0,3.12835e-05,normal
2026-06-01T02:51:57Z,worker-1,longhorn-system,csi-attacher-896ffc747-rxjjt,csi-attacher,4.7,3.6,0.0,0.0,0.0,2071.0,1644.0,0.0,0.0,0.0,0.0,0.0,364.0,0.0011858471,normal
2026-06-01T02:51:57Z,worker-1,longhorn-system,csi-snapshotter-65884686fc-gjw5g,csi-snapshotter,8.1,7.6,0.1,0.0,0.0,1165.0,1032.0,0.0,0.0,0.0,0.0,0.0,809.0,0.0022830728,normal
2026-06-01T02:51:57Z,worker-1,kube-system,nodelocaldns-zjml5,node-cache,13.3,4.3,0.4,1.0,0.0,4922.0,3562.0,0.0,0.0,0.0,0.0,0.0,868.0,0.0062983016,normal
2026-06-01T02:51:57Z,worker-1,kube-system,kube-ovn-pinger-vfzmn,pinger,46.7,22.0,13.2,0.2,0.0,115780.0,1484.0,0.0,12288.0,0.061947,17.0,26.0,3301.0,0.0168404982,normal
2026-06-01T02:51:57Z,worker-1,kube-system,tetragon-kl9tz,tetragon,8.0,4.1,0.4,0.0,0.0,17952.0,21410.0,0.0,0.0,0.0,0.0,0.0,14309.0,0.0443847194,normal
2026-06-01T02:51:57Z,worker-1,longhorn-system,engine-image-ei-3154f3aa-kvvkq,engine-image-ei-3154f3aa,12.8,1.0,14.4,0.0,0.0,0.0,0.0,0.0,0.0,0.0,10.0,42.0,1108.0,0.0116922203,normal
2026-06-01T02:51:57Z,worker-1,kube-system,kube-proxy-pdwww,kube-proxy,2.2,0.3,0.0,0.0,0.0,17296.0,96.0,0.0,0.0,0.0,0.0,0.0,108.0,0.0003504179,normal
2026-06-01T02:51:57Z,worker-1,longhorn-system,engine-image-ei-843accdd-tx99h,engine-image-ei-843accdd,12.5,1.0,14.1,0.0,0.0,0.0,0.0,0.0,0.0,0.0,10.0,26.0,812.0,0.0096297583,normal
2026-06-01T02:51:57Z,worker-1,kube-system,kube-ovn-cni-cf7cj,cni-server,373.7,28.0,441.8,0.3,0.0,204626.0,1200.0,0.0,0.0,0.0,171.0,230.0,5822.0,0.0922795001,normal
2026-06-01T02:51:57Z,worker-1,kube-system,ovs-ovn-w75jd,openvswitch,100.6,60.6,38.0,0.0,0.0,38.0,41.0,0.0,0.0,0.0,52.0,88.0,2096.0,0.0326083558,normal
2026-06-01T02:51:57Z,worker-1,longhorn-system,csi-provisioner-688964c44b-7hv5d,csi-provisioner,36.8,8.9,0.0,0.0,0.0,205809.0,2190.0,0.0,0.0,0.0,0.0,0.0,1361.0,0.004234223,normal
2026-06-01T02:51:57Z,worker-1,longhorn-system,instance-manager-bacbca1a1c80c6ca28fd5f2d5fd0c24c,instance-manager,193.1,7.5,11.3,0.4,0.0,2998.0,3154.0,0.0,0.0,0.0,6.0,6.0,659.0,0.0069727919,normal
2026-06-01T02:51:57Z,worker-1,ebpf-final,ebpf-collector-5588x,collector,152.5,0.8,143.4,0.1,0.0,209045.0,17116.0,0.0,0.0,0.0,0.0,0.0,146.0,0.022388103,normal
2026-06-01T02:51:57Z,worker-1,longhorn-system,longhorn-csi-plugin-t8lpt,longhorn-liveness-probe,3.0,1.8,0.0,0.0,0.0,224.0,274.0,0.0,0.0,0.0,0.0,0.0,180.0,0.0008283701,normal
2026-06-01T02:51:57Z,worker-1,monitoring,my-monitoring-prometheus-node-exporter-829wk,node-exporter,0.3,0.2,0.0,0.0,0.0,208.0,3254.0,0.0,0.0,0.0,0.0,0.0,21.0,0.0001555233,normal
2026-06-01T02:51:57Z,worker-1,longhorn-system,csi-resizer-7d9bff5787-242pl,csi-resizer,2.4,2.2,0.0,0.0,0.0,1092.0,994.0,0.0,0.0,0.0,0.0,0.0,252.0,0.0007148168,normal
2026-06-01T02:51:57Z,worker-1,kube-system,tetragon-kl9tz,export-stdout,6.2,4.8,0.0,0.0,0.0,0.0,0.0,0.0,0.0,0.0,0.0,0.0,11.0,0.0001055428,normal
2026-06-01T02:52:07Z,worker-1,gpu-operator,gpu-operator-1764036362-node-feature-discovery-worker-9v5dt,worker,0.6,0.2,0.0,0.0,0.0,222.0,188.0,0.0,0.0,0.0,0.0,0.0,38.0,0.0002248915,normal
2026-06-01T02:52:07Z,worker-1,longhorn-system,longhorn-csi-plugin-t8lpt,longhorn-csi-plugin,2.9,1.3,0.0,0.0,0.0,0.0,0.0,0.0,0.0,0.0,0.0,0.0,82.0,0.0003715087,normal
2026-06-01T02:52:07Z,worker-1,longhorn-system,longhorn-manager-fgsfc,longhorn-manager,124.9,47.4,2.2,0.3,0.0,477191.0,21048.0,0.0,0.0,0.0,2.0,8.0,5140.0,0.0190334537,normal
2026-06-01T02:52:07Z,worker-1,longhorn-system,longhorn-csi-plugin-t8lpt,node-driver-registrar,0.1,0.1,0.0,0.0,0.0,0.0,0.0,0.0,0.0,0.0,0.0,0.0,9.0,3.13034e-05,normal
2026-06-01T02:52:07Z,worker-1,longhorn-system,csi-attacher-896ffc747-rxjjt,csi-attacher,3.5,3.3,0.0,0.0,0.0,1110.0,1012.0,0.0,0.0,0.0,0.0,0.0,224.0,0.000775233,normal
2026-06-01T02:52:07Z,worker-1,longhorn-system,csi-snapshotter-65884686fc-gjw5g,csi-snapshotter,8.8,8.6,0.1,0.0,0.0,1302.0,1072.0,0.0,0.0,0.0,0.0,0.0,803.0,0.0023563712,normal
2026-06-01T02:52:07Z,worker-1,kube-system,nodelocaldns-zjml5,node-cache,14.4,4.8,0.3,1.1,0.0,5256.0,3922.0,0.0,0.0,0.0,0.0,0.0,837.0,0.00443429,normal
2026-06-01T02:52:07Z,worker-1,kube-system,kube-ovn-pinger-vfzmn,pinger,49.8,21.0,13.2,0.2,0.0,115830.0,1580.0,0.0,12288.0,0.0733795,17.0,26.0,3622.0,0.018023006,normal
2026-06-01T02:52:07Z,worker-1,kube-system,tetragon-kl9tz,tetragon,5.6,5.5,0.0,0.0,0.0,17595.0,239.0,0.0,0.0,0.0,0.0,0.0,12730.0,0.0420899822,normal
2026-06-01T02:52:07Z,worker-1,longhorn-system,engine-image-ei-3154f3aa-kvvkq,engine-image-ei-3154f3aa,12.8,1.0,14.4,0.0,0.0,0.0,0.0,0.0,0.0,0.0,10.0,41.0,1065.0,0.0133629231,normal
2026-06-01T02:52:07Z,worker-1,kube-system,kube-proxy-pdwww,kube-proxy,1.8,0.4,0.0,0.0,0.0,17157.0,96.0,0.0,0.0,0.0,0.0,0.0,87.0,0.0002316565,normal
2026-06-01T02:52:07Z,worker-1,longhorn-system,engine-image-ei-843accdd-tx99h,engine-image-ei-843accdd,12.5,1.0,14.1,0.0,0.0,0.0,0.0,0.0,0.0,0.0,10.0,32.0,935.0,0.0104961097,normal
2026-06-01T02:52:07Z,worker-1,kube-system,kube-ovn-cni-cf7cj,cni-server,317.4,22.5,359.8,0.3,0.0,204922.0,1200.0,0.0,0.0,0.0,130.0,162.0,4077.0,0.0650312438,normal
2026-06-01T02:52:07Z,worker-1,kube-system,ovs-ovn-w75jd,openvswitch,100.8,63.0,38.1,0.0,0.0,38.0,41.0,0.0,0.0,0.0,52.0,88.0,1844.0,0.0319053068,normal
2026-06-01T02:52:07Z,worker-1,longhorn-system,csi-provisioner-688964c44b-7hv5d,csi-provisioner,36.6,8.8,0.0,0.0,0.0,205569.0,2190.0,0.0,0.0,0.0,0.0,0.0,1327.0,0.0042362537,normal
2026-06-01T02:52:07Z,worker-1,longhorn-system,instance-manager-bacbca1a1c80c6ca28fd5f2d5fd0c24c,instance-manager,208.0,12.2,12.4,0.5,0.0,4947.0,5554.0,0.0,0.0,0.0,7.0,7.0,909.0,0.0080003532,normal
2026-06-01T02:52:07Z,worker-1,ebpf-final,ebpf-collector-5588x,collector,0.2,0.7,0.3,0.1,0.0,11556.0,16672.0,0.0,0.0,0.0,0.0,0.0,11.0,0.0012302651,normal
2026-06-01T02:52:07Z,worker-1,longhorn-system,longhorn-csi-plugin-t8lpt,longhorn-liveness-probe,3.0,1.8,0.0,0.0,0.0,224.0,274.0,0.0,0.0,0.0,0.0,0.0,191.0,0.0007974035,normal
2026-06-01T02:52:07Z,worker-1,monitoring,my-monitoring-prometheus-node-exporter-829wk,node-exporter,0.3,0.2,0.0,0.0,0.0,208.0,3254.0,0.0,0.0,0.0,0.0,0.0,21.0,0.0001589918,normal
2026-06-01T02:52:07Z,worker-1,longhorn-system,csi-resizer-7d9bff5787-242pl,csi-resizer,2.0,1.9,0.0,0.0,0.0,1093.0,994.0,0.0,0.0,0.0,0.0,0.0,234.0,0.0007181118,normal
2026-06-01T02:52:07Z,worker-1,kube-system,tetragon-kl9tz,export-stdout,18.6,17.2,0.0,0.0,0.0,0.0,0.0,0.0,0.0,0.0,0.0,0.0,10.0,0.000216207,normal
2026-06-01T02:52:17Z,worker-1,gpu-operator,gpu-operator-1764036362-node-feature-discovery-worker-9v5dt,worker,0.5,0.2,0.0,0.0,0.0,222.0,188.0,0.0,0.0,0.0,0.0,0.0,30.0,0.0002023111,normal
2026-06-01T02:52:17Z,worker-1,longhorn-system,longhorn-csi-plugin-t8lpt,longhorn-csi-plugin,3.0,1.4,0.0,0.0,0.0,0.0,0.0,0.0,0.0,0.0,0.0,0.0,76.0,0.0003666543,normal
2026-06-01T02:52:17Z,worker-1,longhorn-system,longhorn-manager-fgsfc,longhorn-manager,111.1,41.1,0.2,0.1,0.1,469296.0,11253.0,0.0,0.0,0.0,0.0,0.0,4368.0,0.0136422706,normal
2026-06-01T02:52:17Z,worker-1,longhorn-system,longhorn-csi-plugin-t8lpt,node-driver-registrar,0.1,0.1,0.0,0.0,0.0,0.0,0.0,0.0,0.0,0.0,0.0,0.0,9.0,3.42064e-05,normal
2026-06-01T02:52:17Z,worker-1,longhorn-system,csi-attacher-896ffc747-rxjjt,csi-attacher,3.2,3.1,0.0,0.0,0.0,1115.0,1013.0,0.0,0.0,0.0,0.0,0.0,273.0,0.0008649166,normal
2026-06-01T02:52:17Z,worker-1,longhorn-system,csi-snapshotter-65884686fc-gjw5g,csi-snapshotter,7.5,7.4,0.0,0.0,0.0,1274.0,1108.0,0.0,0.0,0.0,0.0,0.0,793.0,0.0023126736,normal
2026-06-01T02:52:17Z,worker-1,kube-system,nodelocaldns-zjml5,node-cache,9.5,3.1,0.3,1.0,0.0,3059.0,2774.0,0.0,0.0,0.0,0.0,0.0,477.0,0.002740484,normal
2026-06-01T02:52:17Z,worker-1,kube-system,kube-ovn-pinger-vfzmn,pinger,45.4,16.4,13.2,0.2,0.0,115815.0,1580.0,0.0,12288.0,0.070233,17.0,26.0,3831.0,0.0171352034,normal
2026-06-01T02:52:17Z,worker-1,kube-system,tetragon-kl9tz,tetragon,7.0,3.5,0.1,0.0,0.0,18241.0,1364.0,0.0,0.0,0.0,0.0,0.0,12278.0,0.0322191442,normal
2026-06-01T02:52:17Z,worker-1,longhorn-system,engine-image-ei-3154f3aa-kvvkq,engine-image-ei-3154f3aa,12.8,1.0,14.4,0.0,0.0,0.0,0.0,0.0,0.0,0.0,10.0,40.0,1064.0,0.0127951056,normal
2026-06-01T02:52:17Z,worker-1,kube-system,kube-proxy-pdwww,kube-proxy,3.1,0.5,0.1,0.0,0.0,17525.0,313.0,0.0,0.0,0.0,0.0,0.0,133.0,0.000512569,normal
2026-06-01T02:52:17Z,worker-1,longhorn-system,engine-image-ei-843accdd-tx99h,engine-image-ei-843accdd,12.5,1.0,14.1,0.0,0.0,0.0,0.0,0.0,0.0,0.0,10.0,33.0,867.0,0.0105475668,normal
2026-06-01T02:52:17Z,worker-1,kube-system,kube-ovn-cni-cf7cj,cni-server,322.7,23.2,363.7,0.3,0.0,204736.0,1327.0,0.0,0.0,0.0,134.0,180.0,4451.0,0.0719161648,normal
2026-06-01T02:52:17Z,worker-1,kube-system,ovs-ovn-w75jd,openvswitch,99.2,60.3,38.0,0.0,0.0,38.0,41.0,0.0,0.0,0.0,52.0,88.0,1989.0,0.0283994092,normal
2026-06-01T02:52:17Z,worker-1,longhorn-system,csi-provisioner-688964c44b-7hv5d,csi-provisioner,36.1,8.3,0.0,0.0,0.0,205565.0,2190.0,0.0,0.0,0.0,0.0,0.0,1378.0,0.0061411836,normal
2026-06-01T02:52:17Z,worker-1,longhorn-system,instance-manager-bacbca1a1c80c6ca28fd5f2d5fd0c24c,instance-manager,193.1,7.9,11.3,0.4,0.0,2972.0,3128.0,0.0,0.0,0.0,6.0,6.0,712.0,0.0092826364,normal
2026-06-01T02:52:17Z,worker-1,ebpf-final,ebpf-collector-5588x,collector,0.2,0.8,0.3,0.1,0.0,12924.0,18660.0,0.0,0.0,0.0,0.0,0.0,13.0,0.0018763772,normal
2026-06-01T02:52:17Z,worker-1,longhorn-system,longhorn-csi-plugin-t8lpt,longhorn-liveness-probe,2.9,1.8,0.0,0.0,0.0,224.0,274.0,0.0,0.0,0.0,0.0,0.0,197.0,0.0008706057,normal
2026-06-01T02:52:17Z,worker-1,monitoring,my-monitoring-prometheus-node-exporter-829wk,node-exporter,178.4,0.8,154.8,0.0,0.0,573.0,26048.0,0.0,0.0,0.0,0.0,0.0,151.0,0.0108100486,normal
2026-06-01T02:52:17Z,worker-1,longhorn-system,csi-resizer-7d9bff5787-242pl,csi-resizer,2.0,1.9,0.0,0.0,0.0,1091.0,994.0,0.0,0.0,0.0,0.0,0.0,243.0,0.0007106957,normal
2026-06-01T02:52:17Z,worker-1,kube-system,tetragon-kl9tz,export-stdout,6.1,4.8,0.0,0.0,0.0,0.0,0.0,0.0,0.0,0.0,0.0,0.0,10.0,0.0001209171,normal
2026-06-01T02:52:27Z,worker-1,gpu-operator,gpu-operator-1764036362-node-feature-discovery-worker-9v5dt,worker,293.6,4.3,159.6,0.0,0.0,138017.0,1850.0,0.0,0.0,0.0,0.0,0.0,1860.0,0.0362260678,normal
2026-06-01T02:52:27Z,worker-1,longhorn-system,longhorn-csi-plugin-t8lpt,longhorn-csi-plugin,2.6,1.3,0.0,0.0,0.0,0.0,0.0,0.0,0.0,0.0,0.0,0.0,75.0,0.0003840983,normal
2026-06-01T02:52:27Z,worker-1,longhorn-system,longhorn-manager-fgsfc,longhorn-manager,152.4,43.0,12.8,0.1,0.0,475468.0,16230.0,0.0,0.0,0.0,0.0,0.0,4669.0,0.0173988059,normal
2026-06-01T02:52:27Z,worker-1,longhorn-system,longhorn-csi-plugin-t8lpt,node-driver-registrar,0.1,0.1,0.0,0.0,0.0,0.0,0.0,0.0,0.0,0.0,0.0,0.0,9.0,3.11383e-05,normal
2026-06-01T02:52:27Z,worker-1,longhorn-system,csi-attacher-896ffc747-rxjjt,csi-attacher,3.8,3.1,0.1,0.0,0.0,1365.0,1049.0,0.0,0.0,0.0,0.0,0.0,314.0,0.0009346222,normal
2026-06-01T02:52:27Z,worker-1,longhorn-system,csi-snapshotter-65884686fc-gjw5g,csi-snapshotter,9.4,9.1,0.0,0.0,0.0,1131.0,1034.0,0.0,0.0,0.0,0.0,0.0,822.0,0.0023739801,normal
2026-06-01T02:52:27Z,worker-1,kube-system,nodelocaldns-zjml5,node-cache,13.2,4.2,0.7,1.2,0.0,4922.0,3562.0,0.0,0.0,0.0,0.0,0.0,682.0,0.003946729,normal
2026-06-01T02:52:27Z,worker-1,kube-system,kube-ovn-pinger-vfzmn,pinger,49.2,19.5,13.3,0.2,0.0,115818.0,1580.0,0.0,12288.0,0.070229,17.0,26.0,3266.0,0.0166701893,normal
2026-06-01T02:52:27Z,worker-1,kube-system,tetragon-kl9tz,tetragon,5.5,3.4,0.0,0.0,0.0,17448.0,239.0,0.0,0.0,0.0,0.0,0.0,13894.0,0.0352426965,normal
2026-06-01T02:52:27Z,worker-1,longhorn-system,engine-image-ei-3154f3aa-kvvkq,engine-image-ei-3154f3aa,12.8,1.0,14.4,0.0,0.0,0.0,0.0,0.0,0.0,0.0,10.0,40.0,1035.0,0.0116941432,normal
2026-06-01T02:52:27Z,worker-1,kube-system,kube-proxy-pdwww,kube-proxy,2.3,0.5,0.0,0.0,0.0,17402.0,302.0,0.0,0.0,0.0,0.0,0.0,126.0,0.0004251578,normal
2026-06-01T02:52:27Z,worker-1,longhorn-system,engine-image-ei-843accdd-tx99h,engine-image-ei-843accdd,12.6,1.0,14.2,0.0,0.0,0.0,0.0,0.0,0.0,0.0,10.0,34.0,865.0,0.010039996,normal
2026-06-01T02:52:27Z,worker-1,kube-system,kube-ovn-cni-cf7cj,cni-server,336.5,24.4,383.4,0.3,0.0,204624.0,1200.0,0.0,0.0,0.0,148.0,201.0,4833.0,0.0789318162,normal
2026-06-01T02:52:27Z,worker-1,kube-system,ovs-ovn-w75jd,openvswitch,113.0,60.0,46.9,0.0,0.0,38.0,41.0,0.0,0.0,0.0,65.0,110.0,2018.0,0.0348675663,normal
2026-06-01T02:52:27Z,worker-1,longhorn-system,csi-provisioner-688964c44b-7hv5d,csi-provisioner,37.8,11.1,0.1,0.0,0.0,206491.0,2685.0,0.0,0.0,0.0,0.0,0.0,1390.0,0.0046574595,normal
2026-06-01T02:52:27Z,worker-1,longhorn-system,instance-manager-bacbca1a1c80c6ca28fd5f2d5fd0c24c,instance-manager,197.3,9.7,11.3,0.4,0.0,4159.0,4425.0,0.0,0.0,0.0,6.0,6.0,882.0,0.0098420742,normal
2026-06-01T02:52:27Z,worker-1,ebpf-final,ebpf-collector-5588x,collector,154.0,0.8,143.3,0.1,0.0,209737.0,18127.0,0.0,0.0,0.0,0.0,0.0,161.0,0.0176984916,normal
2026-06-01T02:52:27Z,worker-1,longhorn-system,longhorn-csi-plugin-t8lpt,longhorn-liveness-probe,2.8,1.9,0.0,0.0,0.0,224.0,274.0,0.0,0.0,0.0,0.0,0.0,258.0,0.0017993714,normal
2026-06-01T02:52:27Z,worker-1,monitoring,my-monitoring-prometheus-node-exporter-829wk,node-exporter,0.3,0.2,0.0,0.0,0.0,208.0,3254.0,0.0,0.0,0.0,0.0,0.0,17.0,0.0001316488,normal
2026-06-01T02:52:27Z,worker-1,longhorn-system,csi-resizer-7d9bff5787-242pl,csi-resizer,2.3,1.7,0.1,0.0,0.0,1130.0,996.0,0.0,0.0,0.0,0.0,0.0,236.0,0.0014798892,normal
2026-06-01T02:52:27Z,worker-1,kube-system,tetragon-kl9tz,export-stdout,6.1,4.8,0.0,0.0,0.0,0.0,0.0,0.0,0.0,0.0,0.0,0.0,10.0,9.66328e-05,normal
2026-06-01T02:52:37Z,worker-1,gpu-operator,gpu-operator-1764036362-node-feature-discovery-worker-9v5dt,worker,0.5,0.2,0.0,0.0,0.0,222.0,188.0,0.0,0.0,0.0,0.0,0.0,32.0,0.000203588,normal
2026-06-01T02:52:37Z,worker-1,longhorn-system,longhorn-csi-plugin-t8lpt,longhorn-csi-plugin,2.7,1.3,0.0,0.0,0.0,0.0,0.0,0.0,0.0,0.0,0.0,0.0,82.0,0.000373622,normal
2026-06-01T02:52:37Z,worker-1,longhorn-system,longhorn-manager-fgsfc,longhorn-manager,121.1,50.2,2.2,0.3,0.0,443553.0,16434.0,0.0,0.0,0.0,2.0,9.0,4862.0,0.0185048253,normal
2026-06-01T02:52:37Z,worker-1,longhorn-system,longhorn-csi-plugin-t8lpt,node-driver-registrar,0.1,0.1,0.0,0.0,0.0,0.0,0.0,0.0,0.0,0.0,0.0,0.0,9.0,3.1504e-05,normal
2026-06-01T02:52:37Z,worker-1,longhorn-system,csi-attacher-896ffc747-rxjjt,csi-attacher,3.3,3.2,0.0,0.0,0.0,1111.0,1014.0,0.0,0.0,0.0,0.0,0.0,260.0,0.0007780123,normal
2026-06-01T02:52:37Z,worker-1,longhorn-system,csi-snapshotter-65884686fc-gjw5g,csi-snapshotter,7.8,7.6,0.0,0.0,0.0,1133.0,1034.0,0.0,0.0,0.0,0.0,0.0,799.0,0.0032864924,normal
2026-06-01T02:52:37Z,worker-1,kube-system,nodelocaldns-zjml5,node-cache,28.7,5.8,37.5,1.0,0.0,4922.0,3562.0,0.0,0.0,0.0,12.0,12.0,975.0,0.0078494474,normal
2026-06-01T02:52:37Z,worker-1,kube-system,kube-ovn-pinger-vfzmn,pinger,49.0,18.6,13.2,0.2,0.0,115824.0,1580.0,0.0,12288.0,0.0733695,17.0,26.0,3079.0,0.0177486261,normal
2026-06-01T02:52:37Z,worker-1,kube-system,tetragon-kl9tz,tetragon,5.8,5.5,0.0,0.0,0.0,17448.0,239.0,0.0,0.0,0.0,0.0,0.0,13787.0,0.0411188978,normal
2026-06-01T02:52:37Z,worker-1,longhorn-system,engine-image-ei-3154f3aa-kvvkq,engine-image-ei-3154f3aa,12.8,1.0,14.4,0.0,0.0,0.0,0.0,0.0,0.0,0.0,10.0,40.0,1086.0,0.0131545387,normal
2026-06-01T02:52:37Z,worker-1,kube-system,kube-proxy-pdwww,kube-proxy,2.2,0.4,0.0,0.0,0.0,17157.0,96.0,0.0,0.0,0.0,0.0,0.0,114.0,0.0002685443,normal
2026-06-01T02:52:37Z,worker-1,longhorn-system,engine-image-ei-843accdd-tx99h,engine-image-ei-843accdd,15.4,1.2,17.4,0.0,0.0,0.0,0.0,0.0,0.0,0.0,12.0,41.0,1193.0,0.0123508151,normal
2026-06-01T02:52:37Z,worker-1,kube-system,kube-ovn-cni-cf7cj,cni-server,353.0,24.9,415.5,0.2,0.0,189830.0,1104.0,0.0,0.0,0.0,155.0,185.0,4063.0,0.0680871786,normal
2026-06-01T02:52:37Z,worker-1,kube-system,ovs-ovn-w75jd,openvswitch,99.2,57.3,37.9,0.0,0.0,38.0,41.0,0.0,0.0,0.0,52.0,88.0,1961.0,0.0295660884,normal
2026-06-01T02:52:37Z,worker-1,longhorn-system,csi-provisioner-688964c44b-7hv5d,csi-provisioner,33.7,8.8,0.0,0.0,0.0,190647.0,2094.0,0.0,0.0,0.0,0.0,0.0,1259.0,0.004067945,normal
2026-06-01T02:52:37Z,worker-1,longhorn-system,instance-manager-bacbca1a1c80c6ca28fd5f2d5fd0c24c,instance-manager,204.2,9.4,12.4,0.4,0.0,3862.0,3817.0,0.0,0.0,0.0,7.0,7.0,794.0,0.0081429516,normal
2026-06-01T02:52:37Z,worker-1,ebpf-final,ebpf-collector-5588x,collector,0.2,0.8,0.3,0.1,0.0,12598.0,18195.0,0.0,0.0,0.0,0.0,0.0,11.0,0.0014889732,normal
2026-06-01T02:52:37Z,worker-1,longhorn-system,longhorn-csi-plugin-t8lpt,longhorn-liveness-probe,2.7,1.7,0.0,0.0,0.0,224.0,274.0,0.0,0.0,0.0,0.0,0.0,185.0,0.0008733906,normal
2026-06-01T02:52:37Z,worker-1,monitoring,my-monitoring-prometheus-node-exporter-829wk,node-exporter,0.2,0.2,0.0,0.0,0.0,208.0,3254.0,0.0,0.0,0.0,0.0,0.0,16.0,0.0001190577,normal
2026-06-01T02:52:37Z,worker-1,longhorn-system,csi-resizer-7d9bff5787-242pl,csi-resizer,2.5,2.2,0.0,0.0,0.0,1218.0,1031.0,0.0,0.0,0.0,0.0,0.0,246.0,0.0007083061,normal
2026-06-01T02:52:37Z,worker-1,kube-system,tetragon-kl9tz,export-stdout,18.0,16.6,0.0,0.0,0.0,0.0,0.0,0.0,0.0,0.0,0.0,0.0,10.0,0.0002096118,normal
2026-06-01T02:52:48Z,worker-1,gpu-operator,gpu-operator-1764036362-node-feature-discovery-worker-9v5dt,worker,0.5,0.2,0.0,0.0,0.0,222.0,188.0,0.0,0.0,0.0,0.0,0.0,37.0,0.0002269655,normal
2026-06-01T02:52:48Z,worker-1,longhorn-system,longhorn-csi-plugin-t8lpt,longhorn-csi-plugin,3.8,1.6,0.0,0.0,0.0,0.0,0.0,0.0,0.0,0.0,0.0,0.0,186.0,0.0017750188,normal
2026-06-01T02:52:48Z,worker-1,longhorn-system,longhorn-manager-fgsfc,longhorn-manager,114.3,46.4,0.1,0.1,0.0,467762.0,10902.0,0.0,0.0,0.0,0.0,0.0,4316.0,0.0134608362,normal
2026-06-01T02:52:48Z,worker-1,longhorn-system,longhorn-csi-plugin-t8lpt,node-driver-registrar,0.1,0.1,0.0,0.0,0.0,0.0,0.0,0.0,0.0,0.0,0.0,0.0,9.0,2.96932e-05,normal
2026-06-01T02:52:48Z,worker-1,longhorn-system,csi-attacher-896ffc747-rxjjt,csi-attacher,4.4,3.2,0.1,0.0,0.0,1478.0,1144.0,0.0,0.0,0.0,0.0,0.0,341.0,0.0009729048,normal
2026-06-01T02:52:48Z,worker-1,longhorn-system,csi-snapshotter-65884686fc-gjw5g,csi-snapshotter,7.2,6.5,0.1,0.0,0.0,1167.0,1034.0,0.0,0.0,0.0,0.0,0.0,774.0,0.002242894,normal
2026-06-01T02:52:48Z,worker-1,kube-system,nodelocaldns-zjml5,node-cache,13.6,4.5,0.4,1.0,0.0,4922.0,3562.0,0.0,0.0,0.0,0.0,0.0,778.0,0.0041696432,normal
2026-06-01T02:52:48Z,worker-1,kube-system,kube-ovn-pinger-vfzmn,pinger,43.3,18.5,13.2,0.2,0.0,83923.0,1205.0,0.0,12288.0,0.068844,17.0,26.0,3298.0,0.0149106661,normal
2026-06-01T02:52:48Z,worker-1,kube-system,tetragon-kl9tz,tetragon,5.6,3.4,0.0,0.0,0.0,17587.0,239.0,0.0,0.0,0.0,0.0,0.0,13074.0,0.0396009505,normal
2026-06-01T02:52:48Z,worker-1,longhorn-system,engine-image-ei-3154f3aa-kvvkq,engine-image-ei-3154f3aa,12.9,1.0,14.5,0.0,0.0,0.0,0.0,0.0,0.0,0.0,10.0,41.0,1047.0,0.0134850761,normal
2026-06-01T02:52:48Z,worker-1,kube-system,kube-proxy-pdwww,kube-proxy,1.7,0.4,0.0,0.0,0.0,17157.0,96.0,0.0,0.0,0.0,0.0,0.0,79.0,0.0002557389,normal
2026-06-01T02:52:48Z,worker-1,longhorn-system,engine-image-ei-843accdd-tx99h,engine-image-ei-843accdd,12.5,1.0,14.1,0.0,0.0,0.0,0.0,0.0,0.0,0.0,10.0,32.0,891.0,0.0102398294,normal
2026-06-01T02:52:48Z,worker-1,kube-system,kube-ovn-cni-cf7cj,cni-server,320.2,23.5,362.9,0.4,0.0,204477.0,1200.0,0.0,0.0,0.0,133.0,198.0,5366.0,0.0813863118,normal
2026-06-01T02:52:48Z,worker-1,kube-system,ovs-ovn-w75jd,openvswitch,98.7,58.7,37.9,0.0,0.0,38.0,41.0,0.0,0.0,0.0,52.0,88.0,1922.0,0.0311983102,normal
2026-06-01T02:52:48Z,worker-1,longhorn-system,csi-provisioner-688964c44b-7hv5d,csi-provisioner,38.0,10.2,0.1,0.0,0.0,206097.0,2319.0,0.0,0.0,0.0,0.0,0.0,1375.0,0.0043446674,normal
2026-06-01T02:52:48Z,worker-1,longhorn-system,instance-manager-bacbca1a1c80c6ca28fd5f2d5fd0c24c,instance-manager,192.7,7.2,11.3,0.4,0.0,2972.0,3145.0,0.0,0.0,0.0,6.0,6.0,670.0,0.0081585331,normal
2026-06-01T02:52:48Z,worker-1,ebpf-final,ebpf-collector-5588x,collector,0.2,0.7,0.3,0.1,0.0,11912.0,17172.0,0.0,0.0,0.0,0.0,0.0,12.0,0.0020282596,normal
2026-06-01T02:52:48Z,worker-1,longhorn-system,longhorn-csi-plugin-t8lpt,longhorn-liveness-probe,3.8,2.3,0.0,0.0,0.0,336.0,411.0,0.0,0.0,0.0,0.0,0.0,251.0,0.0011841722,normal
2026-06-01T02:52:48Z,worker-1,monitoring,my-monitoring-prometheus-node-exporter-829wk,node-exporter,178.7,0.8,154.8,0.0,0.0,573.0,26034.0,0.0,0.0,0.0,0.0,0.0,349.0,0.0142228327,normal
2026-06-01T02:52:48Z,worker-1,longhorn-system,csi-resizer-7d9bff5787-242pl,csi-resizer,2.0,1.6,0.0,0.0,0.0,1219.0,996.0,0.0,0.0,0.0,0.0,0.0,262.0,0.0007206624,normal
2026-06-01T02:52:48Z,worker-1,kube-system,tetragon-kl9tz,export-stdout,6.0,4.8,0.0,0.0,0.0,0.0,0.0,0.0,0.0,0.0,0.0,0.0,10.0,8.98902e-05,normal
2026-06-01T02:22:28Z,infra-1,kube-system,kube-ovn-pinger-sv9zp,pinger,16.5,14.3,0.0,0.0,0.0,32360.0,375.0,0.0,12288.0,0.1602585,0.0,0.0,2782.0,0.0072794493,normal
2026-06-01T02:22:28Z,infra-1,kube-system,tetragon-x7wc4,tetragon,3.3,5.0,0.0,0.0,0.0,15625.0,222.0,0.0,0.0,0.0,0.0,0.0,12106.0,0.0206751289,normal
2026-06-01T02:22:28Z,infra-1,longhorn-system,engine-image-ei-843accdd-l2vl2,engine-image-ei-843accdd,12.4,1.0,12.8,0.0,0.0,0.0,0.0,0.0,0.0,0.0,10.0,22.0,619.0,0.0057318274,normal
2026-06-01T02:22:28Z,infra-1,gpu-operator,gpu-operator-1764036362-node-feature-discovery-worker-2tg52,worker,0.8,0.4,0.0,0.0,0.0,261.0,227.0,0.0,0.0,0.0,0.0,0.0,64.0,0.0002328461,normal
2026-06-01T02:22:28Z,infra-1,longhorn-system,longhorn-csi-plugin-2bmwn,node-driver-registrar,0.2,0.2,0.0,0.0,0.0,0.0,0.0,0.0,0.0,0.0,0.0,0.0,10.0,3.22853e-05,normal
2026-06-01T02:22:28Z,infra-1,kube-system,tetragon-x7wc4,export-stdout,18.5,17.2,0.0,0.0,0.0,0.0,0.0,0.0,0.0,0.0,0.0,0.0,10.0,0.000191916,normal
2026-06-01T02:22:28Z,infra-1,kube-system,kube-ovn-cni-ls6pt,cni-server,342.4,25.6,387.9,0.4,0.0,208342.0,1187.0,0.0,4096.0,0.140083,152.0,173.0,4851.0,0.0621102137,normal
2026-06-01T02:22:28Z,infra-1,kube-system,ovs-ovn-s2j4r,openvswitch,93.5,72.9,39.0,0.0,0.0,6059.0,41.0,0.0,0.0,0.0,52.0,88.0,1213.0,0.0265681094,normal
2026-06-01T02:22:28Z,infra-1,monitoring,my-monitoring-prometheus-node-exporter-r4b7j,node-exporter,101.8,0.7,89.4,0.0,0.0,573.0,21637.0,0.0,0.0,0.0,0.0,0.0,121.0,0.0051713742,normal
2026-06-01T02:22:28Z,infra-1,longhorn-system,longhorn-manager-vbwm6,longhorn-manager,134.8,26.3,10.5,0.3,0.0,569478.0,20482.0,0.0,0.0,0.0,2.0,8.0,4246.0,0.0154717192,normal
2026-06-01T02:22:28Z,infra-1,kube-system,kube-proxy-nhxgw,kube-proxy,2.8,0.4,0.0,0.0,0.0,15415.0,96.0,0.0,0.0,0.0,0.0,0.0,99.0,0.0001917247,normal
2026-06-01T02:22:28Z,infra-1,kube-system,nodelocaldns-qv9pv,node-cache,12.0,3.8,0.4,1.2,0.0,4538.0,3515.0,0.0,0.0,0.0,0.0,0.0,636.0,0.0030887497,normal
2026-06-01T02:22:28Z,infra-1,ebpf-final,ebpf-collector-bfmdr,collector,0.1,0.2,0.2,0.0,0.0,0.0,0.0,0.0,0.0,0.0,0.0,0.0,2.0,0.0002560379,normal
2026-06-01T02:22:28Z,infra-1,longhorn-system,longhorn-csi-plugin-2bmwn,longhorn-liveness-probe,2.7,1.9,0.0,0.0,0.0,224.0,274.0,0.0,0.0,0.0,0.0,0.0,166.0,0.0005710429,normal
2026-06-01T02:22:28Z,infra-1,longhorn-system,longhorn-csi-plugin-2bmwn,longhorn-csi-plugin,2.4,1.1,0.0,0.0,0.0,0.0,0.0,0.0,0.0,0.0,0.0,0.0,121.0,0.0008594014,normal
2026-06-01T02:22:28Z,infra-1,longhorn-system,instance-manager-0f7092cdbbb40d99ecd3db9de888c91c,instance-manager,201.4,8.7,11.3,0.4,0.0,3802.0,3766.0,0.0,0.0,0.0,7.0,7.0,744.0,0.0061933262,normal
2026-06-01T02:22:28Z,infra-1,longhorn-system,engine-image-ei-3154f3aa-zf876,engine-image-ei-3154f3aa,12.4,1.0,12.8,0.0,0.0,0.0,0.0,0.0,0.0,0.0,10.0,26.0,827.0,0.0079371878,normal
2026-06-01T02:22:38Z,infra-1,kube-system,kube-ovn-pinger-sv9zp,pinger,51.5,22.3,13.2,0.2,0.0,116108.0,1579.0,0.0,12288.0,0.1426735,17.0,26.0,3889.0,0.0142709327,normal
2026-06-01T02:22:38Z,infra-1,kube-system,tetragon-x7wc4,tetragon,3.7,3.4,0.0,0.0,0.0,15570.0,239.0,0.0,0.0,0.0,0.0,0.0,12088.0,0.0231037216,normal
2026-06-01T02:22:38Z,infra-1,longhorn-system,engine-image-ei-843accdd-l2vl2,engine-image-ei-843accdd,12.4,1.0,12.8,0.0,0.0,0.0,0.0,0.0,0.0,0.0,10.0,23.0,615.0,0.005686546,normal
2026-06-01T02:22:38Z,infra-1,gpu-operator,gpu-operator-1764036362-node-feature-discovery-worker-2tg52,worker,0.5,0.2,0.0,0.0,0.0,222.0,188.0,0.0,0.0,0.0,0.0,0.0,30.0,0.0001657606,normal
2026-06-01T02:22:38Z,infra-1,longhorn-system,longhorn-csi-plugin-2bmwn,node-driver-registrar,0.2,0.2,0.0,0.0,0.0,0.0,0.0,0.0,0.0,0.0,0.0,0.0,10.0,2.98256e-05,normal
2026-06-01T02:22:38Z,infra-1,kube-system,tetragon-x7wc4,export-stdout,6.3,5.0,0.0,0.0,0.0,0.0,0.0,0.0,0.0,0.0,0.0,0.0,10.0,0.0001027603,normal
2026-06-01T02:22:38Z,infra-1,kube-system,kube-ovn-cni-ls6pt,cni-server,312.2,21.8,344.3,0.2,0.0,197788.0,1200.0,0.0,0.0,0.0,131.0,142.0,3893.0,0.0501681552,normal
2026-06-01T02:22:38Z,infra-1,kube-system,ovs-ovn-s2j4r,openvswitch,96.9,78.3,39.8,0.0,0.0,8296.0,0.0,0.0,0.0,0.0,52.0,89.0,1286.0,0.0285328035,normal
2026-06-01T02:22:38Z,infra-1,monitoring,my-monitoring-prometheus-node-exporter-r4b7j,node-exporter,0.3,0.2,0.0,0.0,0.0,208.0,3254.0,0.0,0.0,0.0,0.0,0.0,13.0,8.79277e-05,normal
2026-06-01T02:22:38Z,infra-1,longhorn-system,longhorn-manager-vbwm6,longhorn-manager,112.8,25.0,0.1,0.1,0.0,567606.0,14057.0,0.0,0.0,0.0,0.0,0.0,3945.0,0.0121757787,normal
2026-06-01T02:22:38Z,infra-1,kube-system,kube-proxy-nhxgw,kube-proxy,2.2,0.3,0.0,0.0,0.0,15402.0,96.0,0.0,0.0,0.0,0.0,0.0,79.0,0.0002108141,normal
2026-06-01T02:22:38Z,infra-1,kube-system,nodelocaldns-qv9pv,node-cache,28.8,5.7,35.1,1.0,0.0,4922.0,3489.0,0.0,0.0,0.0,12.0,12.0,890.0,0.0066578135,normal
2026-06-01T02:22:38Z,infra-1,ebpf-final,ebpf-collector-bfmdr,collector,136.2,1.0,120.2,0.2,0.0,177741.0,17046.0,0.0,0.0,0.0,0.0,0.0,133.0,0.0144984071,normal
2026-06-01T02:22:38Z,infra-1,longhorn-system,longhorn-csi-plugin-2bmwn,longhorn-liveness-probe,2.8,2.0,0.0,0.0,0.0,224.0,274.0,0.0,0.0,0.0,0.0,0.0,168.0,0.0005400583,normal
2026-06-01T02:22:38Z,infra-1,longhorn-system,longhorn-csi-plugin-2bmwn,longhorn-csi-plugin,2.3,1.2,0.0,0.0,0.0,0.0,0.0,0.0,0.0,0.0,0.0,0.0,66.0,0.0002337081,normal
2026-06-01T02:22:38Z,infra-1,longhorn-system,instance-manager-0f7092cdbbb40d99ecd3db9de888c91c,instance-manager,191.9,7.6,10.2,0.4,0.0,3023.0,3196.0,0.0,0.0,0.0,6.0,6.0,661.0,0.0057876389,normal
2026-06-01T02:22:38Z,infra-1,longhorn-system,engine-image-ei-3154f3aa-zf876,engine-image-ei-3154f3aa,12.5,1.0,12.8,0.0,0.0,0.0,0.0,0.0,0.0,0.0,10.0,25.0,836.0,0.0089028418,normal
2026-06-01T02:22:48Z,infra-1,kube-system,kube-ovn-pinger-sv9zp,pinger,44.7,20.5,13.2,0.2,0.0,115998.0,1483.0,0.0,12288.0,7.7309805,17.0,26.0,4109.0,0.015066389,normal
2026-06-01T02:22:48Z,infra-1,kube-system,tetragon-x7wc4,tetragon,2.5,2.4,0.0,0.0,0.0,290.0,143.0,0.0,0.0,0.0,0.0,0.0,11207.0,0.0187123487,normal
2026-06-01T02:22:48Z,infra-1,longhorn-system,engine-image-ei-843accdd-l2vl2,engine-image-ei-843accdd,12.4,1.0,12.8,0.0,0.0,0.0,0.0,0.0,0.0,0.0,10.0,22.0,611.0,0.0055829149,normal
2026-06-01T02:22:48Z,infra-1,gpu-operator,gpu-operator-1764036362-node-feature-discovery-worker-2tg52,worker,0.6,0.2,0.0,0.0,0.0,222.0,188.0,0.0,0.0,0.0,0.0,0.0,30.0,0.0001692384,normal
2026-06-01T02:22:48Z,infra-1,longhorn-system,longhorn-csi-plugin-2bmwn,node-driver-registrar,0.2,0.2,0.0,0.0,0.0,0.0,0.0,0.0,0.0,0.0,0.0,0.0,10.0,3.28954e-05,normal
2026-06-01T02:22:48Z,infra-1,kube-system,tetragon-x7wc4,export-stdout,5.1,3.9,0.0,0.0,0.0,0.0,0.0,0.0,0.0,0.0,0.0,0.0,10.0,9.59388e-05,normal
2026-06-01T02:22:48Z,infra-1,kube-system,kube-ovn-cni-ls6pt,cni-server,314.5,21.8,347.8,0.4,0.0,181685.0,1043.0,0.0,0.0,0.0,135.0,156.0,4801.0,0.0548721104,normal
2026-06-01T02:22:48Z,infra-1,kube-system,ovs-ovn-s2j4r,openvswitch,92.2,66.9,39.4,0.0,0.0,6021.0,0.0,0.0,0.0,0.0,52.0,88.0,1180.0,0.0271476958,normal
2026-06-01T02:22:48Z,infra-1,monitoring,my-monitoring-prometheus-node-exporter-r4b7j,node-exporter,0.4,0.2,0.0,0.0,0.0,208.0,3254.0,0.0,0.0,0.0,0.0,0.0,17.0,0.0001046658,normal
2026-06-01T02:22:48Z,infra-1,longhorn-system,longhorn-manager-vbwm6,longhorn-manager,105.1,22.4,0.1,0.0,0.0,576752.0,6880.0,0.0,0.0,0.0,0.0,0.0,3947.0,0.0112148025,normal
2026-06-01T02:22:48Z,infra-1,kube-system,kube-proxy-nhxgw,kube-proxy,0.1,0.1,0.0,0.0,0.0,0.0,0.0,0.0,0.0,0.0,0.0,0.0,42.0,5.63695e-05,normal
2026-06-01T02:22:48Z,infra-1,kube-system,nodelocaldns-qv9pv,node-cache,13.6,4.9,0.3,1.0,0.0,4922.0,3562.0,0.0,0.0,0.0,0.0,0.0,632.0,0.0031410561,normal
2026-06-01T02:22:48Z,infra-1,ebpf-final,ebpf-collector-bfmdr,collector,0.2,0.7,0.3,0.1,0.0,10011.0,14459.0,0.0,0.0,0.0,0.0,0.0,9.0,0.000646972,normal
2026-06-01T02:22:48Z,infra-1,longhorn-system,longhorn-csi-plugin-2bmwn,longhorn-liveness-probe,2.8,1.9,0.0,0.0,0.0,224.0,274.0,0.0,0.0,0.0,0.0,0.0,155.0,0.0004406871,normal
2026-06-01T02:22:48Z,infra-1,longhorn-system,longhorn-csi-plugin-2bmwn,longhorn-csi-plugin,2.3,1.2,0.0,0.0,0.0,0.0,0.0,0.0,0.0,0.0,0.0,0.0,72.0,0.0002001992,normal
2026-06-01T02:22:48Z,infra-1,longhorn-system,instance-manager-0f7092cdbbb40d99ecd3db9de888c91c,instance-manager,188.4,5.9,10.2,0.4,0.0,2504.0,2750.0,0.0,0.0,0.0,6.0,6.0,510.0,0.0050774415,normal
2026-06-01T02:22:48Z,infra-1,longhorn-system,engine-image-ei-3154f3aa-zf876,engine-image-ei-3154f3aa,12.4,1.0,12.8,0.0,0.0,0.0,0.0,0.0,0.0,0.0,10.0,26.0,812.0,0.0078471839,normal
2026-06-01T02:22:58Z,infra-1,kube-system,kube-ovn-pinger-sv9zp,pinger,48.5,20.6,13.2,0.2,0.0,116236.0,1579.0,0.0,12288.0,0.1374065,17.0,26.0,4366.0,0.0151000998,normal
2026-06-01T02:22:58Z,infra-1,kube-system,tetragon-x7wc4,tetragon,3.2,5.6,0.3,0.0,0.0,15570.0,239.0,0.0,0.0,0.0,0.0,0.0,12136.0,0.0245633138,normal
2026-06-01T02:22:58Z,infra-1,longhorn-system,engine-image-ei-843accdd-l2vl2,engine-image-ei-843accdd,12.4,1.0,12.8,0.0,0.0,0.0,0.0,0.0,0.0,0.0,10.0,22.0,642.0,0.0059094991,normal
2026-06-01T02:22:58Z,infra-1,gpu-operator,gpu-operator-1764036362-node-feature-discovery-worker-2tg52,worker,77.4,10.3,25.4,0.0,0.0,272457.0,453942.0,0.0,0.0,0.0,0.0,0.0,894.0,0.0155968446,normal
2026-06-01T02:22:58Z,infra-1,longhorn-system,longhorn-csi-plugin-2bmwn,node-driver-registrar,0.2,0.2,0.0,0.0,0.0,0.0,0.0,0.0,0.0,0.0,0.0,0.0,10.0,3.2874e-05,normal
2026-06-01T02:22:58Z,infra-1,kube-system,tetragon-x7wc4,export-stdout,21.1,19.7,0.1,0.0,0.0,0.0,0.0,0.0,0.0,0.0,0.0,0.0,10.0,0.0002403603,normal
2026-06-01T02:22:58Z,infra-1,kube-system,kube-ovn-cni-ls6pt,cni-server,360.6,25.9,420.0,0.2,0.0,193314.0,1104.0,0.0,0.0,0.0,169.0,179.0,4277.0,0.0555971336,normal
2026-06-01T02:22:58Z,infra-1,kube-system,ovs-ovn-s2j4r,openvswitch,83.9,51.6,38.4,0.0,0.0,3295.0,41.0,0.0,0.0,0.0,52.0,88.0,1111.0,0.0217421571,normal
2026-06-01T02:22:58Z,infra-1,monitoring,my-monitoring-prometheus-node-exporter-r4b7j,node-exporter,101.9,0.7,89.4,0.0,0.0,573.0,21660.0,0.0,0.0,0.0,0.0,0.0,248.0,0.0069776113,normal
2026-06-01T02:22:58Z,infra-1,longhorn-system,longhorn-manager-vbwm6,longhorn-manager,128.4,25.4,10.7,0.3,0.1,476996.0,21053.0,0.0,0.0,0.0,2.0,8.0,3998.0,0.0191538299,normal
2026-06-01T02:22:58Z,infra-1,kube-system,kube-proxy-nhxgw,kube-proxy,1.7,0.4,0.0,0.0,0.0,15280.0,96.0,0.0,0.0,0.0,0.0,0.0,89.0,0.0002267081,normal
2026-06-01T02:22:58Z,infra-1,kube-system,nodelocaldns-qv9pv,node-cache,14.0,4.9,0.4,1.0,0.0,4922.0,3562.0,0.0,0.0,0.0,0.0,0.0,729.0,0.003181523,normal
2026-06-01T02:22:58Z,infra-1,ebpf-final,ebpf-collector-bfmdr,collector,0.2,0.7,0.3,0.1,0.0,10351.0,14930.0,0.0,0.0,0.0,0.0,0.0,11.0,0.0016831067,normal
2026-06-01T02:22:58Z,infra-1,longhorn-system,longhorn-csi-plugin-2bmwn,longhorn-liveness-probe,3.0,2.1,0.0,0.0,0.0,224.0,274.0,0.0,0.0,0.0,0.0,0.0,166.0,0.0005764751,normal
2026-06-01T02:22:58Z,infra-1,longhorn-system,longhorn-csi-plugin-2bmwn,longhorn-csi-plugin,2.5,1.2,0.0,0.0,0.0,0.0,0.0,0.0,0.0,0.0,0.0,0.0,63.0,0.0002306387,normal
2026-06-01T02:22:58Z,infra-1,longhorn-system,instance-manager-0f7092cdbbb40d99ecd3db9de888c91c,instance-manager,92.9,8.0,7.9,0.2,0.0,3810.0,3670.0,0.0,0.0,0.0,5.0,6.0,676.0,0.0055415176,normal
2026-06-01T02:22:58Z,infra-1,longhorn-system,engine-image-ei-3154f3aa-zf876,engine-image-ei-3154f3aa,12.4,1.0,12.8,0.0,0.0,0.0,0.0,0.0,0.0,0.0,10.0,26.0,812.0,0.0079012764,normal
2026-06-01T02:23:09Z,infra-1,kube-system,kube-ovn-pinger-sv9zp,pinger,46.8,21.9,13.2,0.2,0.0,116258.0,1439.0,0.0,12288.0,0.1294955,17.0,26.0,3447.0,0.0142784105,normal
2026-06-01T02:23:09Z,infra-1,kube-system,tetragon-x7wc4,tetragon,6.0,4.0,0.4,0.0,0.0,16213.0,21454.0,0.0,0.0,0.0,0.0,0.0,11148.0,0.0206475222,normal
2026-06-01T02:23:09Z,infra-1,longhorn-system,engine-image-ei-843accdd-l2vl2,engine-image-ei-843accdd,12.4,1.0,12.8,0.0,0.0,0.0,0.0,0.0,0.0,0.0,10.0,22.0,654.0,0.0057756354,normal
2026-06-01T02:23:09Z,infra-1,gpu-operator,gpu-operator-1764036362-node-feature-discovery-worker-2tg52,worker,0.5,0.2,0.0,0.0,0.0,222.0,188.0,0.0,0.0,0.0,0.0,0.0,27.0,0.0001754002,normal
2026-06-01T02:23:09Z,infra-1,longhorn-system,longhorn-csi-plugin-2bmwn,node-driver-registrar,0.2,0.2,0.0,0.0,0.0,0.0,0.0,0.0,0.0,0.0,0.0,0.0,10.0,3.32094e-05,normal
2026-06-01T02:23:09Z,infra-1,kube-system,tetragon-x7wc4,export-stdout,6.6,5.1,0.0,0.0,0.0,0.0,0.0,0.0,0.0,0.0,0.0,0.0,11.0,0.0001044889,normal
2026-06-01T02:23:09Z,infra-1,kube-system,kube-ovn-cni-ls6pt,cni-server,319.7,22.2,347.8,0.4,0.0,223011.0,1331.0,0.0,0.0,0.0,135.0,155.0,4704.0,0.0549330626,normal
2026-06-01T02:23:09Z,infra-1,kube-system,ovs-ovn-s2j4r,openvswitch,90.9,60.2,39.1,0.0,0.0,2764.0,0.0,0.0,0.0,0.0,52.0,88.0,1199.0,0.0259904447,normal
2026-06-01T02:23:09Z,infra-1,monitoring,my-monitoring-prometheus-node-exporter-r4b7j,node-exporter,0.6,0.3,0.0,0.0,0.0,312.0,4881.0,0.0,0.0,0.0,0.0,0.0,23.0,0.0001566488,normal
2026-06-01T02:23:09Z,infra-1,longhorn-system,longhorn-manager-vbwm6,longhorn-manager,113.3,24.8,0.1,0.1,0.0,588578.0,14527.0,0.0,0.0,0.0,0.0,0.0,4046.0,0.0122804658,normal
2026-06-01T02:23:09Z,infra-1,kube-system,kube-proxy-nhxgw,kube-proxy,1.9,0.4,0.0,0.0,0.0,15419.0,96.0,0.0,0.0,0.0,0.0,0.0,96.0,0.0002338014,normal
2026-06-01T02:23:09Z,infra-1,kube-system,nodelocaldns-qv9pv,node-cache,14.1,4.8,0.3,1.1,0.0,5145.0,3785.0,0.0,0.0,0.0,0.0,0.0,728.0,0.0034228509,normal
2026-06-01T02:23:09Z,infra-1,ebpf-final,ebpf-collector-bfmdr,collector,128.2,0.8,119.7,0.1,0.0,175432.0,15917.0,0.0,0.0,0.0,0.0,0.0,134.0,0.0159937874,normal
2026-06-01T02:23:09Z,infra-1,longhorn-system,longhorn-csi-plugin-2bmwn,longhorn-liveness-probe,3.1,2.1,0.0,0.0,0.0,224.0,274.0,0.0,0.0,0.0,0.0,0.0,184.0,0.0005655761,normal
2026-06-01T02:23:09Z,infra-1,longhorn-system,longhorn-csi-plugin-2bmwn,longhorn-csi-plugin,2.5,1.0,0.0,0.0,0.0,0.0,0.0,0.0,0.0,0.0,0.0,0.0,60.0,0.00022561,normal
2026-06-01T02:23:09Z,infra-1,longhorn-system,instance-manager-0f7092cdbbb40d99ecd3db9de888c91c,instance-manager,130.0,8.7,4.6,0.3,0.0,4133.0,4911.0,0.0,0.0,0.0,2.0,2.0,579.0,0.0042698039,normal
2026-06-01T02:23:09Z,infra-1,longhorn-system,engine-image-ei-3154f3aa-zf876,engine-image-ei-3154f3aa,12.4,1.0,12.8,0.0,0.0,0.0,0.0,0.0,0.0,0.0,10.0,26.0,901.0,0.0081964919,normal
2026-06-01T02:23:19Z,infra-1,kube-system,kube-ovn-pinger-sv9zp,pinger,49.1,20.7,13.3,0.2,0.0,115934.0,1535.0,0.0,12288.0,0.134651,17.0,26.0,3552.0,0.0151347158,normal
2026-06-01T02:23:19Z,infra-1,kube-system,tetragon-x7wc4,tetragon,4.7,3.3,0.1,0.0,0.0,16137.0,1374.0,0.0,0.0,0.0,0.0,0.0,11077.0,0.0230981695,normal
2026-06-01T02:23:19Z,infra-1,longhorn-system,engine-image-ei-843accdd-l2vl2,engine-image-ei-843accdd,12.4,1.0,12.8,0.0,0.0,0.0,0.0,0.0,0.0,0.0,10.0,22.0,646.0,0.0056325764,normal
2026-06-01T02:23:19Z,infra-1,gpu-operator,gpu-operator-1764036362-node-feature-discovery-worker-2tg52,worker,0.5,0.2,0.0,0.0,0.0,222.0,188.0,0.0,0.0,0.0,0.0,0.0,33.0,0.000153813,normal
2026-06-01T02:23:19Z,infra-1,longhorn-system,longhorn-csi-plugin-2bmwn,node-driver-registrar,0.2,0.2,0.0,0.0,0.0,0.0,0.0,0.0,0.0,0.0,0.0,0.0,10.0,3.31056e-05,normal
2026-06-01T02:23:19Z,infra-1,kube-system,tetragon-x7wc4,export-stdout,5.8,4.5,0.0,0.0,0.0,0.0,0.0,0.0,0.0,0.0,0.0,0.0,10.0,0.0001071626,normal
2026-06-01T02:23:19Z,infra-1,kube-system,kube-ovn-cni-ls6pt,cni-server,309.8,21.6,343.0,0.2,0.0,204639.0,1200.0,0.0,0.0,0.0,130.0,140.0,3390.0,0.0467444789,normal
2026-06-01T02:23:19Z,infra-1,kube-system,ovs-ovn-s2j4r,openvswitch,81.1,44.5,37.9,0.0,0.0,38.0,41.0,0.0,0.0,0.0,52.0,88.0,1074.0,0.0199506052,normal
2026-06-01T02:23:19Z,infra-1,monitoring,my-monitoring-prometheus-node-exporter-r4b7j,node-exporter,0.3,0.2,0.0,0.0,0.0,208.0,3254.0,0.0,0.0,0.0,0.0,0.0,16.0,0.0001036569,normal
2026-06-01T02:23:19Z,infra-1,longhorn-system,longhorn-manager-vbwm6,longhorn-manager,96.7,23.3,0.1,0.1,0.0,469268.0,10756.0,0.0,0.0,0.0,0.0,0.0,3708.0,0.0107611263,normal
2026-06-01T02:23:19Z,infra-1,kube-system,kube-proxy-nhxgw,kube-proxy,3.2,0.6,0.1,0.0,0.0,15650.0,383.0,0.0,0.0,0.0,0.0,0.0,175.0,0.0012087583,normal
2026-06-01T02:23:19Z,infra-1,kube-system,nodelocaldns-qv9pv,node-cache,13.6,4.7,0.6,1.0,0.0,4922.0,3562.0,0.0,0.0,0.0,0.0,0.0,722.0,0.0033520875,normal
2026-06-01T02:23:19Z,infra-1,ebpf-final,ebpf-collector-bfmdr,collector,0.2,0.7,0.3,0.1,0.0,10354.0,14955.0,0.0,0.0,0.0,0.0,0.0,11.0,0.0011282606,normal
2026-06-01T02:23:19Z,infra-1,longhorn-system,longhorn-csi-plugin-2bmwn,longhorn-liveness-probe,3.2,2.0,0.0,0.0,0.0,224.0,274.0,0.0,0.0,0.0,0.0,0.0,153.0,0.0004396057,normal
2026-06-01T02:23:19Z,infra-1,longhorn-system,longhorn-csi-plugin-2bmwn,longhorn-csi-plugin,2.7,1.4,0.0,0.0,0.0,0.0,0.0,0.0,0.0,0.0,0.0,0.0,75.0,0.0002017865,normal
2026-06-01T02:23:19Z,infra-1,longhorn-system,instance-manager-0f7092cdbbb40d99ecd3db9de888c91c,instance-manager,191.1,7.2,10.2,0.4,0.0,2972.0,3145.0,0.0,0.0,0.0,6.0,6.0,573.0,0.0052914679,normal
2026-06-01T02:23:19Z,infra-1,longhorn-system,engine-image-ei-3154f3aa-zf876,engine-image-ei-3154f3aa,12.4,1.0,12.8,0.0,0.0,0.0,0.0,0.0,0.0,0.0,10.0,29.0,922.0,0.0077306687,normal
2026-06-01T02:23:29Z,infra-1,kube-system,kube-ovn-pinger-sv9zp,pinger,44.9,17.8,13.2,0.2,0.0,115937.0,1579.0,0.0,12288.0,0.1815305,17.0,26.0,3550.0,0.0144402387,normal
2026-06-01T02:23:29Z,infra-1,kube-system,tetragon-x7wc4,tetragon,3.3,5.2,0.0,0.0,0.0,15741.0,239.0,0.0,0.0,0.0,0.0,0.0,11847.0,0.0211273354,normal
2026-06-01T02:23:29Z,infra-1,longhorn-system,engine-image-ei-843accdd-l2vl2,engine-image-ei-843accdd,12.4,1.0,12.8,0.0,0.0,0.0,0.0,0.0,0.0,0.0,10.0,22.0,677.0,0.0064124712,normal
2026-06-01T02:23:29Z,infra-1,gpu-operator,gpu-operator-1764036362-node-feature-discovery-worker-2tg52,worker,0.8,0.3,0.0,0.0,0.0,261.0,227.0,0.0,0.0,0.0,0.0,0.0,62.0,0.0001905574,normal
2026-06-01T02:23:29Z,infra-1,longhorn-system,longhorn-csi-plugin-2bmwn,node-driver-registrar,0.2,0.2,0.0,0.0,0.0,0.0,0.0,0.0,0.0,0.0,0.0,0.0,10.0,4.67662e-05,normal
2026-06-01T02:23:29Z,infra-1,kube-system,tetragon-x7wc4,export-stdout,19.1,17.7,0.0,0.0,0.0,0.0,0.0,0.0,0.0,0.0,0.0,0.0,10.0,0.0002094052,normal
2026-06-01T02:23:29Z,infra-1,kube-system,kube-ovn-cni-ls6pt,cni-server,328.8,23.7,372.0,0.4,0.0,166543.0,1008.0,0.0,0.0,0.0,150.0,171.0,4574.0,0.0601206573,normal
2026-06-01T02:23:29Z,infra-1,kube-system,ovs-ovn-s2j4r,openvswitch,82.0,50.8,37.9,0.0,0.0,76.0,82.0,0.0,0.0,0.0,52.0,88.0,1064.0,0.0201831738,normal
2026-06-01T02:23:29Z,infra-1,monitoring,my-monitoring-prometheus-node-exporter-r4b7j,node-exporter,101.8,0.7,89.4,0.0,0.0,573.0,21641.0,0.0,0.0,0.0,0.0,0.0,169.0,0.0081667523,normal
2026-06-01T02:23:29Z,infra-1,longhorn-system,longhorn-manager-vbwm6,longhorn-manager,118.1,23.3,10.6,0.3,0.0,401629.0,19531.0,0.0,0.0,0.0,2.0,8.0,4008.0,0.0143080878,normal
2026-06-01T02:23:29Z,infra-1,kube-system,kube-proxy-nhxgw,kube-proxy,1.9,0.3,0.0,0.0,0.0,15406.0,96.0,0.0,0.0,0.0,0.0,0.0,62.0,0.0002070823,normal
2026-06-01T02:23:29Z,infra-1,kube-system,nodelocaldns-qv9pv,node-cache,24.4,4.5,35.2,1.0,0.0,3059.0,2774.0,0.0,0.0,0.0,12.0,12.0,592.0,0.0058562734,normal
2026-06-01T02:23:29Z,infra-1,ebpf-final,ebpf-collector-bfmdr,collector,0.2,0.7,0.3,0.1,0.0,9308.0,13443.0,0.0,0.0,0.0,0.0,0.0,12.0,0.0019310007,normal
2026-06-01T02:23:29Z,infra-1,longhorn-system,longhorn-csi-plugin-2bmwn,longhorn-liveness-probe,2.6,1.9,0.0,0.0,0.0,224.0,274.0,0.0,0.0,0.0,0.0,0.0,147.0,0.0008559121,normal
2026-06-01T02:23:29Z,infra-1,longhorn-system,longhorn-csi-plugin-2bmwn,longhorn-csi-plugin,2.7,1.2,0.0,0.0,0.0,0.0,0.0,0.0,0.0,0.0,0.0,0.0,66.0,0.0002382267,normal
2026-06-01T02:23:29Z,infra-1,longhorn-system,instance-manager-0f7092cdbbb40d99ecd3db9de888c91c,instance-manager,200.8,9.0,11.3,0.4,0.0,3803.0,3766.0,0.0,0.0,0.0,7.0,7.0,737.0,0.007522714,normal
2026-06-01T02:23:29Z,infra-1,longhorn-system,engine-image-ei-3154f3aa-zf876,engine-image-ei-3154f3aa,12.4,1.0,12.8,0.0,0.0,0.0,0.0,0.0,0.0,0.0,10.0,26.0,807.0,0.0078447506,normal
2026-06-01T02:23:39Z,infra-1,kube-system,kube-ovn-pinger-sv9zp,pinger,48.1,19.4,13.2,0.2,0.0,115498.0,1579.0,0.0,12288.0,10.390659,17.0,26.0,3388.0,0.0138895795,normal
2026-06-01T02:23:39Z,infra-1,kube-system,tetragon-x7wc4,tetragon,4.0,3.7,0.0,0.0,0.0,15570.0,239.0,0.0,0.0,0.0,0.0,0.0,11670.0,0.0216652777,normal
2026-06-01T02:23:39Z,infra-1,longhorn-system,engine-image-ei-843accdd-l2vl2,engine-image-ei-843accdd,15.8,1.3,16.3,0.0,0.0,0.0,0.0,0.0,0.0,0.0,13.0,29.0,791.0,0.007332496,normal
2026-06-01T02:23:39Z,infra-1,gpu-operator,gpu-operator-1764036362-node-feature-discovery-worker-2tg52,worker,0.4,0.2,0.0,0.0,0.0,222.0,188.0,0.0,0.0,0.0,0.0,0.0,28.0,0.0001530335,normal
2026-06-01T02:23:39Z,infra-1,longhorn-system,longhorn-csi-plugin-2bmwn,node-driver-registrar,0.2,0.2,0.0,0.0,0.0,0.0,0.0,0.0,0.0,0.0,0.0,0.0,10.0,3.30867e-05,normal
2026-06-01T02:23:39Z,infra-1,kube-system,tetragon-x7wc4,export-stdout,5.9,4.5,0.0,0.0,0.0,0.0,0.0,0.0,0.0,0.0,0.0,0.0,11.0,0.0001032508,normal
2026-06-01T02:23:39Z,infra-1,kube-system,kube-ovn-cni-ls6pt,cni-server,349.2,25.1,397.1,0.2,0.0,215993.0,1248.0,0.0,0.0,0.0,155.0,165.0,3948.0,0.0536640921,normal
2026-06-01T02:23:39Z,infra-1,kube-system,ovs-ovn-s2j4r,openvswitch,83.2,45.3,38.3,0.0,0.0,1365.0,0.0,0.0,0.0,0.0,52.0,89.0,1131.0,0.0206302855,normal
2026-06-01T02:23:39Z,infra-1,monitoring,my-monitoring-prometheus-node-exporter-r4b7j,node-exporter,0.3,0.2,0.0,0.0,0.0,208.0,3254.0,0.0,0.0,0.0,0.0,0.0,12.0,8.84431e-05,normal
2026-06-01T02:23:39Z,infra-1,longhorn-system,longhorn-manager-vbwm6,longhorn-manager,100.1,23.2,0.1,0.1,0.0,484414.0,10685.0,0.0,0.0,0.0,0.0,0.0,3714.0,0.0106075939,normal
2026-06-01T02:23:39Z,infra-1,kube-system,kube-proxy-nhxgw,kube-proxy,1.8,0.4,0.0,0.0,0.0,15402.0,96.0,0.0,0.0,0.0,0.0,0.0,70.0,0.0002082956,normal
2026-06-01T02:23:39Z,infra-1,kube-system,nodelocaldns-qv9pv,node-cache,13.1,4.3,0.3,1.2,0.0,4922.0,3562.0,0.0,0.0,0.0,0.0,0.0,715.0,0.0028694139,normal
2026-06-01T02:23:39Z,infra-1,ebpf-final,ebpf-collector-bfmdr,collector,127.8,0.8,119.8,0.1,0.0,174734.0,14896.0,0.0,0.0,0.0,0.0,0.0,131.0,0.0083397619,normal
2026-06-01T02:23:39Z,infra-1,longhorn-system,longhorn-csi-plugin-2bmwn,longhorn-liveness-probe,2.9,1.9,0.0,0.0,0.0,224.0,274.0,0.0,0.0,0.0,0.0,0.0,166.0,0.0005462285,normal
2026-06-01T02:23:39Z,infra-1,longhorn-system,longhorn-csi-plugin-2bmwn,longhorn-csi-plugin,2.5,1.2,0.0,0.0,0.0,0.0,0.0,0.0,0.0,0.0,0.0,0.0,66.0,0.0002483426,normal
2026-06-01T02:23:39Z,infra-1,longhorn-system,instance-manager-0f7092cdbbb40d99ecd3db9de888c91c,instance-manager,191.5,7.4,10.2,0.4,0.0,3022.0,3196.0,0.0,0.0,0.0,6.0,6.0,571.0,0.0058135293,normal
2026-06-01T02:23:39Z,infra-1,longhorn-system,engine-image-ei-3154f3aa-zf876,engine-image-ei-3154f3aa,12.4,1.0,12.8,0.0,0.0,0.0,0.0,0.0,0.0,0.0,10.0,26.0,905.0,0.0086961464,normal
2026-06-01T02:23:49Z,infra-1,kube-system,kube-ovn-pinger-sv9zp,pinger,47.4,19.3,13.2,0.2,0.0,115486.0,1579.0,0.0,12288.0,0.1312445,17.0,26.0,3240.0,0.012278737,normal
2026-06-01T02:23:49Z,infra-1,kube-system,tetragon-x7wc4,tetragon,4.0,3.2,0.0,0.0,0.0,15570.0,239.0,0.0,0.0,0.0,0.0,0.0,11257.0,0.0186288291,normal
2026-06-01T02:23:49Z,infra-1,longhorn-system,engine-image-ei-843accdd-l2vl2,engine-image-ei-843accdd,12.4,1.0,12.8,0.0,0.0,0.0,0.0,0.0,0.0,0.0,10.0,22.0,661.0,0.0059229896,normal
2026-06-01T02:23:49Z,infra-1,gpu-operator,gpu-operator-1764036362-node-feature-discovery-worker-2tg52,worker,0.6,0.2,0.0,0.0,0.0,222.0,188.0,0.0,0.0,0.0,0.0,0.0,31.0,0.0001573647,normal
2026-06-01T02:23:49Z,infra-1,longhorn-system,longhorn-csi-plugin-2bmwn,node-driver-registrar,0.2,0.2,0.0,0.0,0.0,0.0,0.0,0.0,0.0,0.0,0.0,0.0,10.0,3.24928e-05,normal
2026-06-01T02:23:49Z,infra-1,kube-system,tetragon-x7wc4,export-stdout,5.6,4.4,0.0,0.0,0.0,0.0,0.0,0.0,0.0,0.0,0.0,0.0,10.0,8.81119e-05,normal
2026-06-01T02:23:49Z,infra-1,kube-system,kube-ovn-cni-ls6pt,cni-server,307.1,20.6,343.0,0.2,0.0,193110.0,1152.0,0.0,0.0,0.0,130.0,141.0,3427.0,0.0456007399,normal
2026-06-01T02:23:49Z,infra-1,kube-system,ovs-ovn-s2j4r,openvswitch,80.7,43.7,37.9,0.0,0.0,38.0,41.0,0.0,0.0,0.0,52.0,88.0,1055.0,0.0194106366,normal
2026-06-01T02:23:49Z,infra-1,monitoring,my-monitoring-prometheus-node-exporter-r4b7j,node-exporter,0.4,0.2,0.0,0.0,0.0,208.0,3254.0,0.0,0.0,0.0,0.0,0.0,16.0,0.0001129144,normal
2026-06-01T02:23:49Z,infra-1,longhorn-system,longhorn-manager-vbwm6,longhorn-manager,96.1,20.7,0.4,0.1,0.0,450446.0,11959.0,0.0,0.0,0.0,0.0,0.0,3770.0,0.0106583081,normal
2026-06-01T02:23:49Z,infra-1,kube-system,kube-proxy-nhxgw,kube-proxy,2.1,0.4,0.0,0.0,0.0,15280.0,96.0,0.0,0.0,0.0,0.0,0.0,116.0,0.0001756033,normal
2026-06-01T02:23:49Z,infra-1,kube-system,nodelocaldns-qv9pv,node-cache,13.2,4.5,0.3,1.2,0.0,4922.0,3562.0,0.0,0.0,0.0,0.0,0.0,615.0,0.0029726677,normal
2026-06-01T02:23:49Z,infra-1,ebpf-final,ebpf-collector-bfmdr,collector,0.2,0.7,0.3,0.1,0.0,9661.0,13947.0,0.0,0.0,0.0,0.0,0.0,9.0,0.000988385,normal
2026-06-01T02:23:49Z,infra-1,longhorn-system,longhorn-csi-plugin-2bmwn,longhorn-liveness-probe,3.2,1.9,0.0,0.0,0.0,224.0,274.0,0.0,0.0,0.0,0.0,0.0,126.0,0.0005350581,normal
2026-06-01T02:23:49Z,infra-1,longhorn-system,longhorn-csi-plugin-2bmwn,longhorn-csi-plugin,2.4,1.2,0.0,0.0,0.0,0.0,0.0,0.0,0.0,0.0,0.0,0.0,63.0,0.0002450482,normal
2026-06-01T02:23:49Z,infra-1,longhorn-system,instance-manager-0f7092cdbbb40d99ecd3db9de888c91c,instance-manager,191.1,7.2,10.2,0.4,0.0,2972.0,3145.0,0.0,0.0,0.0,6.0,6.0,583.0,0.0052973162,normal
2026-06-01T02:23:49Z,infra-1,longhorn-system,engine-image-ei-3154f3aa-zf876,engine-image-ei-3154f3aa,12.4,1.0,12.8,0.0,0.0,0.0,0.0,0.0,0.0,0.0,10.0,26.0,815.0,0.0078470052,normal
2026-06-01T02:24:00Z,infra-1,kube-system,kube-ovn-pinger-sv9zp,pinger,48.5,18.9,13.2,0.2,0.0,115564.0,1579.0,0.0,12288.0,0.1549735,17.0,26.0,3588.0,0.0132739553,normal
2026-06-01T02:24:00Z,infra-1,kube-system,tetragon-x7wc4,tetragon,4.5,6.6,0.0,0.0,0.0,15570.0,239.0,0.0,0.0,0.0,0.0,0.0,12293.0,0.0232554043,normal
2026-06-01T02:24:00Z,infra-1,longhorn-system,engine-image-ei-843accdd-l2vl2,engine-image-ei-843accdd,12.4,1.0,12.8,0.0,0.0,0.0,0.0,0.0,0.0,0.0,10.0,22.0,644.0,0.0060151912,normal
2026-06-01T02:24:00Z,infra-1,gpu-operator,gpu-operator-1764036362-node-feature-discovery-worker-2tg52,worker,57.5,3.9,25.4,0.0,0.0,135965.0,1763.0,0.0,0.0,0.0,0.0,0.0,716.0,0.0147240409,normal
2026-06-01T02:24:00Z,infra-1,longhorn-system,longhorn-csi-plugin-2bmwn,node-driver-registrar,0.2,0.2,0.0,0.0,0.0,0.0,0.0,0.0,0.0,0.0,0.0,0.0,10.0,3.2246e-05,normal
2026-06-01T02:24:00Z,infra-1,kube-system,tetragon-x7wc4,export-stdout,20.9,19.6,0.0,0.0,0.0,0.0,0.0,0.0,0.0,0.0,0.0,0.0,10.0,0.0002257967,normal
2026-06-01T02:24:00Z,infra-1,kube-system,kube-ovn-cni-ls6pt,cni-server,314.0,22.0,346.7,0.4,0.0,204624.0,1200.0,0.0,0.0,0.0,135.0,156.0,4486.0,0.0560996339,normal
2026-06-01T02:24:00Z,infra-1,kube-system,ovs-ovn-s2j4r,openvswitch,80.3,44.9,38.1,0.0,0.0,38.0,41.0,0.0,0.0,0.0,52.0,88.0,1001.0,0.0196906226,normal
2026-06-01T02:24:00Z,infra-1,monitoring,my-monitoring-prometheus-node-exporter-r4b7j,node-exporter,101.8,0.7,89.4,0.0,0.0,573.0,21643.0,0.0,0.0,0.0,0.0,0.0,204.0,0.0080270912,normal
2026-06-01T02:24:00Z,infra-1,longhorn-system,longhorn-manager-vbwm6,longhorn-manager,129.0,25.7,10.5,0.3,0.0,477008.0,19953.0,0.0,0.0,0.0,2.0,8.0,4056.0,0.0148516032,normal
2026-06-01T02:24:00Z,infra-1,kube-system,kube-proxy-nhxgw,kube-proxy,1.9,0.4,0.0,0.0,0.0,15280.0,96.0,0.0,0.0,0.0,0.0,0.0,67.0,0.0002153082,normal
2026-06-01T02:24:00Z,infra-1,kube-system,nodelocaldns-qv9pv,node-cache,13.0,4.3,0.3,1.0,0.0,5033.0,3699.0,0.0,0.0,0.0,0.0,0.0,686.0,0.0030412862,normal
2026-06-01T02:24:00Z,infra-1,ebpf-final,ebpf-collector-bfmdr,collector,0.2,0.7,0.3,0.1,0.0,10690.0,15437.0,0.0,0.0,0.0,0.0,0.0,8.0,0.0016268912,normal
2026-06-01T02:24:00Z,infra-1,longhorn-system,longhorn-csi-plugin-2bmwn,longhorn-liveness-probe,3.8,2.6,0.0,0.0,0.0,336.0,411.0,0.0,0.0,0.0,0.0,0.0,210.0,0.0007325879,normal
2026-06-01T02:24:00Z,infra-1,longhorn-system,longhorn-csi-plugin-2bmwn,longhorn-csi-plugin,3.8,1.8,0.0,0.0,0.0,0.0,0.0,0.0,0.0,0.0,0.0,0.0,98.0,0.0003238902,normal
2026-06-01T02:24:00Z,infra-1,longhorn-system,instance-manager-0f7092cdbbb40d99ecd3db9de888c91c,instance-manager,201.3,9.8,11.3,0.4,0.0,3803.0,3732.0,0.0,0.0,0.0,7.0,7.0,713.0,0.0064433726,normal
2026-06-01T02:24:00Z,infra-1,longhorn-system,engine-image-ei-3154f3aa-zf876,engine-image-ei-3154f3aa,12.4,1.0,12.8,0.0,0.0,0.0,0.0,0.0,0.0,0.0,10.0,26.0,806.0,0.0079411355,normal
2026-06-01T02:24:10Z,infra-1,kube-system,kube-ovn-pinger-sv9zp,pinger,44.9,19.4,13.3,0.2,0.0,83502.0,1204.0,0.0,12288.0,0.15441,17.0,26.0,3328.0,0.0124133231,normal
2026-06-01T02:24:10Z,infra-1,kube-system,tetragon-x7wc4,tetragon,6.2,4.4,0.4,0.0,0.0,16074.0,21365.0,0.0,0.0,0.0,0.0,0.0,12411.0,0.0271338738,normal
2026-06-01T02:24:10Z,infra-1,longhorn-system,engine-image-ei-843accdd-l2vl2,engine-image-ei-843accdd,12.4,1.0,12.8,0.0,0.0,0.0,0.0,0.0,0.0,0.0,10.0,22.0,640.0,0.0057029775,normal
2026-06-01T02:24:10Z,infra-1,gpu-operator,gpu-operator-1764036362-node-feature-discovery-worker-2tg52,worker,0.5,0.2,0.0,0.0,0.0,222.0,188.0,0.0,0.0,0.0,0.0,0.0,31.0,0.0001814144,normal
2026-06-01T02:24:10Z,infra-1,longhorn-system,longhorn-csi-plugin-2bmwn,node-driver-registrar,0.2,0.2,0.0,0.0,0.0,0.0,0.0,0.0,0.0,0.0,0.0,0.0,10.0,3.27016e-05,normal
2026-06-01T02:24:10Z,infra-1,kube-system,tetragon-x7wc4,export-stdout,6.3,5.0,0.0,0.0,0.0,0.0,0.0,0.0,0.0,0.0,0.0,0.0,10.0,0.0001053716,normal
2026-06-01T02:24:10Z,infra-1,kube-system,kube-ovn-cni-ls6pt,cni-server,366.2,26.3,420.5,0.2,0.0,204773.0,1200.0,0.0,0.0,0.0,169.0,179.0,4159.0,0.0576022081,normal
2026-06-01T02:24:10Z,infra-1,kube-system,ovs-ovn-s2j4r,openvswitch,82.3,45.6,38.1,0.0,0.0,38.0,41.0,0.0,0.0,0.0,52.0,88.0,1158.0,0.0210018718,normal
2026-06-01T02:24:10Z,infra-1,monitoring,my-monitoring-prometheus-node-exporter-r4b7j,node-exporter,0.3,0.2,0.0,0.0,0.0,208.0,3254.0,0.0,0.0,0.0,0.0,0.0,13.0,9.61387e-05,normal
2026-06-01T02:24:10Z,infra-1,longhorn-system,longhorn-manager-vbwm6,longhorn-manager,97.7,21.7,0.1,0.1,0.0,479599.0,13707.0,0.0,0.0,0.0,0.0,0.0,3828.0,0.0111885527,normal
2026-06-01T02:24:10Z,infra-1,kube-system,kube-proxy-nhxgw,kube-proxy,2.0,0.3,0.0,0.0,0.0,15419.0,96.0,0.0,0.0,0.0,0.0,0.0,124.0,0.0002531964,normal
2026-06-01T02:24:10Z,infra-1,kube-system,nodelocaldns-qv9pv,node-cache,14.5,5.2,0.4,1.1,0.0,5145.0,3785.0,0.0,0.0,0.0,0.0,0.0,698.0,0.0029219195,normal
2026-06-01T02:24:10Z,infra-1,ebpf-final,ebpf-collector-bfmdr,collector,128.0,0.8,119.7,0.1,0.0,174732.0,14908.0,0.0,0.0,0.0,0.0,0.0,132.0,0.0166353301,normal
2026-06-01T02:24:10Z,infra-1,longhorn-system,longhorn-csi-plugin-2bmwn,longhorn-liveness-probe,3.3,2.2,0.0,0.0,0.0,224.0,274.0,0.0,0.0,0.0,0.0,0.0,123.0,0.0004140465,normal
2026-06-01T02:24:10Z,infra-1,longhorn-system,longhorn-csi-plugin-2bmwn,longhorn-csi-plugin,3.1,1.7,0.0,0.0,0.0,0.0,0.0,0.0,0.0,0.0,0.0,0.0,61.0,0.0001856367,normal
2026-06-01T02:24:10Z,infra-1,longhorn-system,instance-manager-0f7092cdbbb40d99ecd3db9de888c91c,instance-manager,195.0,9.5,10.2,0.5,0.0,4106.0,4932.0,0.0,0.0,0.0,6.0,6.0,730.0,0.0068908115,normal
2026-06-01T02:24:10Z,infra-1,longhorn-system,engine-image-ei-3154f3aa-zf876,engine-image-ei-3154f3aa,15.8,1.3,16.3,0.0,0.0,0.0,0.0,0.0,0.0,0.0,13.0,33.0,1015.0,0.010102491,normal
2026-06-01T02:24:20Z,infra-1,kube-system,kube-ovn-pinger-sv9zp,pinger,50.0,20.3,13.2,0.2,0.0,115599.0,1579.0,0.0,12288.0,0.156731,17.0,26.0,3493.0,0.0139715933,normal
2026-06-01T02:24:20Z,infra-1,kube-system,tetragon-x7wc4,tetragon,4.0,2.9,0.0,0.0,0.0,15878.0,222.0,0.0,0.0,0.0,0.0,0.0,11721.0,0.0199188341,normal
2026-06-01T02:24:20Z,infra-1,longhorn-system,engine-image-ei-843accdd-l2vl2,engine-image-ei-843accdd,12.4,1.0,12.8,0.0,0.0,0.0,0.0,0.0,0.0,0.0,10.0,22.0,648.0,0.0060549725,normal
2026-06-01T02:24:20Z,infra-1,gpu-operator,gpu-operator-1764036362-node-feature-discovery-worker-2tg52,worker,0.6,0.3,0.0,0.0,0.0,222.0,188.0,0.0,0.0,0.0,0.0,0.0,30.0,0.0001655701,normal
2026-06-01T02:24:20Z,infra-1,longhorn-system,longhorn-csi-plugin-2bmwn,node-driver-registrar,0.2,0.2,0.0,0.0,0.0,0.0,0.0,0.0,0.0,0.0,0.0,0.0,10.0,3.24898e-05,normal
2026-06-01T02:24:20Z,infra-1,kube-system,tetragon-x7wc4,export-stdout,5.6,4.4,0.0,0.0,0.0,0.0,0.0,0.0,0.0,0.0,0.0,0.0,10.0,0.0001038618,normal
2026-06-01T02:24:20Z,infra-1,kube-system,kube-ovn-cni-ls6pt,cni-server,313.1,21.6,344.8,0.4,0.0,204616.0,1200.0,0.0,0.0,0.0,132.0,152.0,4467.0,0.0575580646,normal
2026-06-01T02:24:20Z,infra-1,kube-system,ovs-ovn-s2j4r,openvswitch,81.3,44.8,37.9,0.0,0.0,38.0,41.0,0.0,0.0,0.0,52.0,88.0,1044.0,0.0199906898,normal
2026-06-01T02:24:20Z,infra-1,monitoring,my-monitoring-prometheus-node-exporter-r4b7j,node-exporter,0.3,0.2,0.0,0.0,0.0,208.0,3254.0,0.0,0.0,0.0,0.0,0.0,14.0,8.68223e-05,normal
2026-06-01T02:24:20Z,infra-1,longhorn-system,longhorn-manager-vbwm6,longhorn-manager,125.0,22.6,8.4,0.1,0.0,472452.0,15092.0,0.0,0.0,0.0,0.0,0.0,3919.0,0.0124683081,normal
2026-06-01T02:24:20Z,infra-1,kube-system,kube-proxy-nhxgw,kube-proxy,2.0,0.5,0.0,0.0,0.0,15405.0,96.0,0.0,0.0,0.0,0.0,0.0,55.0,0.0002198645,normal
2026-06-01T02:24:20Z,infra-1,kube-system,nodelocaldns-qv9pv,node-cache,13.5,4.6,0.3,1.0,0.0,4922.0,3562.0,0.0,0.0,0.0,0.0,0.0,585.0,0.0030739492,normal
