2026-06-01T00:58:29Z,worker-1,longhorn-system,csi-attacher-896ffc747-rxjjt,csi-attacher,3.0,2.8,0.0,0.0,0.0,1113.0,1012.0,0.0,0.0,0.0,0.0,0.0,268.0,normal
2026-06-01T00:58:29Z,worker-1,longhorn-system,longhorn-csi-plugin-t8lpt,longhorn-liveness-probe,3.3,2.1,0.0,0.0,0.0,224.0,274.0,0.0,0.0,0.0,0.0,0.0,216.0,normal
2026-06-01T00:58:29Z,worker-1,longhorn-system,longhorn-csi-plugin-t8lpt,longhorn-csi-plugin,3.1,1.4,0.0,0.0,0.0,0.0,0.0,0.0,0.0,0.0,0.0,0.0,104.0,normal
2026-06-01T00:58:29Z,worker-1,longhorn-system,csi-resizer-7d9bff5787-242pl,csi-resizer,2.8,2.7,0.0,0.0,0.0,1093.0,996.0,0.0,0.0,0.0,0.0,0.0,258.0,normal
2026-06-01T00:58:29Z,worker-1,kube-system,kube-proxy-pdwww,kube-proxy,2.5,0.4,0.0,0.0,0.0,17041.0,96.0,0.0,0.0,0.0,0.0,0.0,91.0,normal
2026-06-01T00:58:29Z,worker-1,kube-system,tetragon-kl9tz,export-stdout,18.0,16.6,0.0,0.0,0.0,0.0,0.0,0.0,0.0,0.0,0.0,0.0,10.0,normal
2026-06-01T00:58:29Z,worker-1,kube-system,ovs-ovn-w75jd,openvswitch,112.2,71.4,38.4,0.0,0.0,2258.0,0.0,0.0,0.0,0.0,52.0,88.0,2204.0,normal
2026-06-01T00:58:29Z,worker-1,gpu-operator,gpu-operator-1764036362-node-feature-discovery-worker-9v5dt,worker,319.6,11.1,159.9,0.0,0.0,276731.0,485949.0,0.0,0.0,0.0,0.0,0.0,2452.0,normal
2026-06-01T00:58:29Z,worker-1,node,system,systemd-journald.service,2.7,0.0,2.1,0.0,0.0,0.0,0.0,0.0,0.0,0.0,0.0,0.0,3.0,normal
2026-06-01T00:58:29Z,worker-1,longhorn-system,csi-snapshotter-65884686fc-gjw5g,csi-snapshotter,11.9,11.7,0.0,0.0,0.0,1132.0,1034.0,0.0,0.0,0.0,0.0,0.0,874.0,normal
2026-06-01T00:58:29Z,worker-1,monitoring,my-monitoring-prometheus-node-exporter-829wk,node-exporter,0.2,0.2,0.0,0.0,0.0,208.0,3254.0,0.0,0.0,0.0,0.0,0.0,14.0,normal
2026-06-01T00:58:29Z,worker-1,node,system,containerd.service,377.1,153.7,191.1,0.0,0.0,0.0,0.0,0.0,0.0,0.0,32.0,289.0,15217.0,normal
2026-06-01T00:58:29Z,worker-1,longhorn-system,engine-image-ei-843accdd-tx99h,engine-image-ei-843accdd,12.5,1.0,14.1,0.0,0.0,0.0,0.0,0.0,0.0,0.0,10.0,26.0,786.0,normal
2026-06-01T00:58:29Z,worker-1,node,system,kubelet.service,344.2,40.5,119.6,1.2,0.0,45341.0,109443.0,0.0,0.0,0.0,0.0,0.0,6704.0,normal
2026-06-01T00:58:29Z,worker-1,kube-system,kube-ovn-cni-cf7cj,cni-server,374.9,27.4,440.9,0.3,0.0,219064.0,1296.0,0.0,0.0,0.0,170.0,212.0,4932.0,normal
2026-06-01T00:58:29Z,worker-1,longhorn-system,instance-manager-bacbca1a1c80c6ca28fd5f2d5fd0c24c,instance-manager,203.6,8.7,12.4,0.4,0.0,3836.0,3792.0,0.0,0.0,0.0,7.0,7.0,793.0,normal
2026-06-01T00:58:29Z,worker-1,longhorn-system,longhorn-csi-plugin-t8lpt,node-driver-registrar,0.1,0.1,0.0,0.0,0.0,0.0,0.0,0.0,0.0,0.0,0.0,0.0,9.0,normal
2026-06-01T00:58:29Z,worker-1,kube-system,kube-ovn-pinger-vfzmn,pinger,51.6,21.6,13.2,0.2,0.0,116287.0,1580.0,0.0,12288.0,0.0721865,17.0,26.0,3719.0,normal
2026-06-01T00:58:29Z,worker-1,kube-system,tetragon-kl9tz,tetragon,5.6,5.2,0.0,0.0,0.0,17471.0,239.0,0.0,0.0,0.0,0.0,0.0,13793.0,normal
2026-06-01T00:58:29Z,worker-1,longhorn-system,csi-provisioner-688964c44b-7hv5d,csi-provisioner,41.4,8.5,0.1,0.0,0.0,220464.0,2420.0,0.0,0.0,0.0,0.0,0.0,1500.0,normal
2026-06-01T00:58:29Z,worker-1,longhorn-system,longhorn-manager-fgsfc,longhorn-manager,182.4,51.9,14.7,0.3,0.0,525562.0,21778.0,0.0,0.0,0.0,2.0,8.0,5408.0,normal
2026-06-01T00:58:29Z,worker-1,ebpf-final,ebpf-collector-ch7gf,collector,158.0,0.8,147.0,0.1,0.0,217020.0,17592.0,0.0,0.0,0.0,0.0,0.0,171.0,normal
2026-06-01T00:58:29Z,worker-1,node,system,init.scope,0.2,4.0,3.5,0.0,0.0,0.0,0.0,0.0,0.0,0.0,0.0,0.0,7.0,normal
2026-06-01T00:58:29Z,worker-1,kube-system,nodelocaldns-zjml5,node-cache,13.1,4.7,0.3,1.0,0.0,4922.0,3562.0,0.0,0.0,0.0,0.0,0.0,697.0,normal
2026-06-01T00:58:29Z,worker-1,longhorn-system,engine-image-ei-3154f3aa-kvvkq,engine-image-ei-3154f3aa,12.8,1.0,14.4,0.0,0.0,0.0,0.0,0.0,0.0,0.0,10.0,44.0,1015.0,normal
2026-06-01T00:58:29Z,worker-1,node,system,rsyslog.service,0.0,0.2,0.0,0.0,0.0,0.0,0.0,0.0,0.0,0.0,0.0,0.0,4.0,normal
2026-06-01T00:58:29Z,worker-1,node,system,multipathd.service,0.0,2.4,0.0,0.0,0.0,0.0,0.0,0.0,0.0,0.0,0.0,0.0,23.0,normal
2026-06-01T00:58:29Z,worker-1,node,system,cgroup,0.0,0.0,0.0,0.0,0.5,0.0,0.0,40.0,401408.0,0.12700166666666668,0.0,0.0,66871.0,normal
2026-06-01T00:58:29Z,worker-1,unknown,pod-faa3887e,nginx-proxy,0.0,0.0,0.0,0.0,0.0,56428.0,56476.0,0.0,0.0,0.0,0.0,0.0,57.0,normal
2026-06-01T00:58:29Z,worker-1,node,system,polkit.service,0.0,0.0,0.0,0.0,0.0,0.0,0.0,0.0,0.0,0.0,0.0,0.0,3.0,normal
2026-06-01T00:58:29Z,worker-1,node,system,wpa_supplicant.service,0.0,0.0,0.0,0.0,0.0,0.0,0.0,0.0,0.0,0.0,0.0,0.0,1.0,normal
2026-06-01T00:58:29Z,worker-1,node,system,udisks2.service,0.0,0.0,0.0,0.0,0.0,0.0,0.0,0.0,0.0,0.0,0.0,0.0,3.0,normal
2026-06-01T00:58:29Z,worker-1,node,system,rpcbind.service,0.0,0.0,0.0,0.0,0.0,0.0,0.0,0.0,0.0,0.0,0.0,0.0,1.0,normal
2026-06-01T00:58:29Z,worker-1,node,system,dbus.service,0.0,0.0,0.0,0.0,0.0,0.0,0.0,0.0,0.0,0.0,0.0,0.0,9.0,normal
2026-06-01T00:58:39Z,worker-1,longhorn-system,csi-attacher-896ffc747-rxjjt,csi-attacher,4.8,3.2,0.1,0.0,0.0,1908.0,1172.0,0.0,0.0,0.0,0.0,0.0,393.0,normal
2026-06-01T00:58:39Z,worker-1,longhorn-system,longhorn-csi-plugin-t8lpt,longhorn-liveness-probe,2.9,1.8,0.0,0.0,0.0,224.0,274.0,0.0,0.0,0.0,0.0,0.0,158.0,normal
2026-06-01T00:58:39Z,worker-1,longhorn-system,longhorn-csi-plugin-t8lpt,longhorn-csi-plugin,2.7,1.1,0.0,0.0,0.0,0.0,0.0,0.0,0.0,0.0,0.0,0.0,109.0,normal
2026-06-01T00:58:39Z,worker-1,longhorn-system,csi-resizer-7d9bff5787-242pl,csi-resizer,2.7,2.5,0.0,0.0,0.0,1094.0,996.0,0.0,0.0,0.0,0.0,0.0,234.0,normal
2026-06-01T00:58:39Z,worker-1,kube-system,kube-proxy-pdwww,kube-proxy,2.6,0.4,0.0,0.0,0.0,17167.0,96.0,0.0,0.0,0.0,0.0,0.0,107.0,normal
2026-06-01T00:58:39Z,worker-1,kube-system,tetragon-kl9tz,export-stdout,6.1,4.8,0.0,0.0,0.0,0.0,0.0,0.0,0.0,0.0,0.0,0.0,10.0,normal
2026-06-01T00:58:39Z,worker-1,kube-system,ovs-ovn-w75jd,openvswitch,127.4,74.0,46.7,0.0,0.0,38.0,41.0,0.0,0.0,0.0,65.0,110.0,2395.0,normal
2026-06-01T00:58:39Z,worker-1,gpu-operator,gpu-operator-1764036362-node-feature-discovery-worker-9v5dt,worker,0.5,0.2,0.0,0.0,0.0,222.0,188.0,0.0,0.0,0.0,0.0,0.0,33.0,normal
2026-06-01T00:58:39Z,worker-1,node,system,systemd-journald.service,0.1,0.0,0.0,0.0,0.0,0.0,0.0,0.0,0.0,0.0,0.0,0.0,1.0,normal
2026-06-01T00:58:39Z,worker-1,longhorn-system,csi-snapshotter-65884686fc-gjw5g,csi-snapshotter,12.2,11.6,0.1,0.0,0.0,1269.0,1034.0,0.0,0.0,0.0,0.0,0.0,826.0,normal
2026-06-01T00:58:39Z,worker-1,monitoring,my-monitoring-prometheus-node-exporter-829wk,node-exporter,0.5,0.2,0.0,0.0,0.0,208.0,3254.0,0.0,0.0,0.0,0.0,0.0,21.0,normal
2026-06-01T00:58:39Z,worker-1,node,system,containerd.service,448.7,150.3,243.7,0.0,0.0,0.0,0.0,0.0,0.0,0.0,32.0,283.0,16581.0,normal
2026-06-01T00:58:39Z,worker-1,longhorn-system,engine-image-ei-843accdd-tx99h,engine-image-ei-843accdd,12.6,1.0,14.2,0.0,0.0,0.0,0.0,0.0,0.0,0.0,10.0,30.0,765.0,normal
2026-06-01T00:58:39Z,worker-1,node,system,kubelet.service,462.3,39.6,174.9,1.2,0.0,44161.0,115607.0,0.0,0.0,0.0,2.0,2.0,6668.0,normal
2026-06-01T00:58:39Z,worker-1,kube-system,kube-ovn-cni-cf7cj,cni-server,321.1,22.0,362.9,0.2,0.0,188894.0,1104.0,0.0,0.0,0.0,133.0,161.0,3905.0,normal
2026-06-01T00:58:39Z,worker-1,longhorn-system,instance-manager-bacbca1a1c80c6ca28fd5f2d5fd0c24c,instance-manager,194.3,7.9,11.3,0.4,0.0,3023.0,3196.0,0.0,0.0,0.0,6.0,6.0,769.0,normal
2026-06-01T00:58:39Z,worker-1,longhorn-system,longhorn-csi-plugin-t8lpt,node-driver-registrar,0.1,0.1,0.0,0.0,0.0,0.0,0.0,0.0,0.0,0.0,0.0,0.0,9.0,normal
2026-06-01T00:58:39Z,worker-1,kube-system,kube-ovn-pinger-vfzmn,pinger,52.7,22.4,13.2,0.2,0.0,116066.0,1580.0,0.0,12288.0,0.052405,17.0,26.0,3451.0,normal
2026-06-01T00:58:39Z,worker-1,kube-system,tetragon-kl9tz,tetragon,5.3,3.1,0.0,0.0,0.0,17332.0,239.0,0.0,0.0,0.0,0.0,0.0,12952.0,normal
2026-06-01T00:58:39Z,worker-1,longhorn-system,csi-provisioner-688964c44b-7hv5d,csi-provisioner,37.3,9.3,0.0,0.0,0.0,190101.0,2094.0,0.0,0.0,0.0,0.0,0.0,1389.0,normal
2026-06-01T00:58:39Z,worker-1,longhorn-system,longhorn-manager-fgsfc,longhorn-manager,121.7,46.2,0.3,0.1,0.0,438107.0,11216.0,0.0,0.0,0.0,0.0,0.0,4717.0,normal
2026-06-01T00:58:39Z,worker-1,ebpf-final,ebpf-collector-ch7gf,collector,0.2,0.8,0.3,0.1,0.0,12952.0,17562.0,0.0,0.0,0.0,0.0,0.0,12.0,normal
2026-06-01T00:58:39Z,worker-1,kube-system,nodelocaldns-zjml5,node-cache,28.0,5.5,37.5,1.0,0.0,4922.0,3562.0,0.0,0.0,0.0,12.0,12.0,903.0,normal
2026-06-01T00:58:39Z,worker-1,longhorn-system,engine-image-ei-3154f3aa-kvvkq,engine-image-ei-3154f3aa,12.8,1.0,14.4,0.0,0.0,0.0,0.0,0.0,0.0,0.0,10.0,43.0,1038.0,normal
2026-06-01T00:58:39Z,worker-1,node,system,multipathd.service,0.0,2.1,0.0,0.0,0.0,0.0,0.0,0.0,0.0,0.0,0.0,0.0,22.0,normal
2026-06-01T00:58:39Z,worker-1,unknown,pod-faa3887e,nginx-proxy,0.0,0.0,0.0,0.0,0.0,54882.0,54930.0,0.0,0.0,0.0,0.0,0.0,64.0,normal
2026-06-01T00:58:39Z,worker-1,node,system,cgroup,0.0,0.0,0.0,0.0,0.0,0.0,0.0,40.0,700416.0,0.10911740845070422,0.0,0.0,62853.0,normal
2026-06-01T00:58:39Z,worker-1,node,system,polkit.service,0.0,0.0,0.0,0.0,0.0,0.0,0.0,0.0,0.0,0.0,0.0,0.0,2.0,normal
2026-06-01T00:58:39Z,worker-1,node,system,wpa_supplicant.service,0.0,0.0,0.0,0.0,0.0,0.0,0.0,0.0,0.0,0.0,0.0,0.0,1.0,normal
2026-06-01T00:58:39Z,worker-1,node,system,udisks2.service,0.0,0.0,0.0,0.0,0.0,0.0,0.0,0.0,0.0,0.0,0.0,0.0,2.0,normal
2026-06-01T00:58:49Z,worker-1,longhorn-system,csi-attacher-896ffc747-rxjjt,csi-attacher,2.4,2.4,0.0,0.0,0.0,1110.0,1012.0,0.0,0.0,0.0,0.0,0.0,251.0,normal
2026-06-01T00:58:49Z,worker-1,longhorn-system,longhorn-csi-plugin-t8lpt,longhorn-liveness-probe,2.9,1.9,0.0,0.0,0.0,224.0,274.0,0.0,0.0,0.0,0.0,0.0,202.0,normal
2026-06-01T00:58:49Z,worker-1,longhorn-system,longhorn-csi-plugin-t8lpt,longhorn-csi-plugin,2.7,1.1,0.0,0.0,0.0,0.0,0.0,0.0,0.0,0.0,0.0,0.0,77.0,normal
2026-06-01T00:58:49Z,worker-1,longhorn-system,csi-resizer-7d9bff5787-242pl,csi-resizer,3.0,2.6,0.0,0.0,0.0,1219.0,996.0,0.0,0.0,0.0,0.0,0.0,301.0,normal
2026-06-01T00:58:49Z,worker-1,kube-system,kube-proxy-pdwww,kube-proxy,2.6,0.4,0.0,0.0,0.0,17166.0,96.0,0.0,0.0,0.0,0.0,0.0,134.0,normal
2026-06-01T00:58:49Z,worker-1,kube-system,tetragon-kl9tz,export-stdout,6.1,4.8,0.0,0.0,0.0,0.0,0.0,0.0,0.0,0.0,0.0,0.0,10.0,normal
2026-06-01T00:58:49Z,worker-1,kube-system,ovs-ovn-w75jd,openvswitch,109.0,74.5,38.4,0.0,0.0,1616.0,41.0,0.0,0.0,0.0,52.0,88.0,2069.0,normal
2026-06-01T00:58:49Z,worker-1,gpu-operator,gpu-operator-1764036362-node-feature-discovery-worker-9v5dt,worker,0.5,0.2,0.0,0.0,0.0,222.0,188.0,0.0,0.0,0.0,0.0,0.0,30.0,normal
2026-06-01T00:58:49Z,worker-1,node,system,systemd-journald.service,1.4,0.0,1.0,0.0,0.0,0.0,0.0,0.0,0.0,0.0,0.0,0.0,2.0,normal
2026-06-01T00:58:49Z,worker-1,longhorn-system,csi-snapshotter-65884686fc-gjw5g,csi-snapshotter,10.9,10.5,0.0,0.0,0.0,1133.0,1034.0,0.0,0.0,0.0,0.0,0.0,767.0,normal
2026-06-01T00:58:49Z,worker-1,monitoring,my-monitoring-prometheus-node-exporter-829wk,node-exporter,182.1,0.8,158.2,0.0,0.0,573.0,26252.0,0.0,0.0,0.0,0.0,0.0,119.0,normal
2026-06-01T00:58:49Z,worker-1,node,system,containerd.service,633.5,170.8,354.4,0.0,0.0,0.0,0.0,0.0,0.0,0.0,35.0,312.0,19505.0,normal
2026-06-01T00:58:49Z,worker-1,longhorn-system,engine-image-ei-843accdd-tx99h,engine-image-ei-843accdd,12.6,1.0,14.2,0.0,0.0,0.0,0.0,0.0,0.0,0.0,10.0,33.0,922.0,normal
2026-06-01T00:58:49Z,worker-1,node,system,kubelet.service,481.8,44.7,175.6,1.2,0.0,46920.0,143165.0,0.0,0.0,0.0,0.0,0.0,6792.0,normal
2026-06-01T00:58:49Z,worker-1,kube-system,kube-ovn-cni-cf7cj,cni-server,326.1,22.6,362.9,0.4,0.0,207625.0,1235.0,0.0,0.0,0.0,133.0,183.0,5001.0,normal
2026-06-01T00:58:49Z,worker-1,node,system,systemd-networkd.service,0.2,0.1,0.3,0.0,0.0,0.0,0.0,0.0,0.0,0.0,0.0,0.0,3.0,normal
2026-06-01T00:58:49Z,worker-1,longhorn-system,instance-manager-bacbca1a1c80c6ca28fd5f2d5fd0c24c,instance-manager,193.6,7.5,11.3,0.4,0.0,2972.0,3145.0,0.0,0.0,0.0,6.0,6.0,640.0,normal
2026-06-01T00:58:49Z,worker-1,longhorn-system,longhorn-csi-plugin-t8lpt,node-driver-registrar,0.1,0.1,0.0,0.0,0.0,0.0,0.0,0.0,0.0,0.0,0.0,0.0,9.0,normal
2026-06-01T00:58:49Z,worker-1,kube-system,kube-ovn-pinger-vfzmn,pinger,47.1,17.4,13.2,0.2,0.0,116172.0,1580.0,0.0,12288.0,0.0525205,17.0,26.0,3798.0,normal
2026-06-01T00:58:49Z,worker-1,kube-system,tetragon-kl9tz,tetragon,5.2,2.9,0.0,0.0,0.0,17332.0,239.0,0.0,0.0,0.0,0.0,0.0,13421.0,normal
2026-06-01T00:58:49Z,worker-1,longhorn-system,csi-provisioner-688964c44b-7hv5d,csi-provisioner,41.0,9.7,0.0,0.0,0.0,205620.0,2319.0,0.0,0.0,0.0,0.0,0.0,1475.0,normal
2026-06-01T00:58:49Z,worker-1,longhorn-system,longhorn-manager-fgsfc,longhorn-manager,125.6,46.3,0.2,0.1,0.0,489321.0,12678.0,0.0,0.0,0.0,0.0,0.0,4659.0,normal
2026-06-01T00:58:49Z,worker-1,ebpf-final,ebpf-collector-ch7gf,collector,0.2,0.7,0.3,0.1,0.0,11573.0,15671.0,0.0,0.0,0.0,0.0,0.0,12.0,normal
2026-06-01T00:58:49Z,worker-1,kube-system,nodelocaldns-zjml5,node-cache,9.5,3.5,0.4,1.0,0.0,3059.0,2774.0,0.0,0.0,0.0,0.0,0.0,490.0,normal
2026-06-01T00:58:49Z,worker-1,longhorn-system,engine-image-ei-3154f3aa-kvvkq,engine-image-ei-3154f3aa,12.8,1.0,14.4,0.0,0.0,0.0,0.0,0.0,0.0,0.0,10.0,42.0,1024.0,normal
2026-06-01T00:58:49Z,worker-1,node,system,rsyslog.service,0.0,0.1,0.0,0.0,0.0,0.0,0.0,0.0,0.0,0.0,0.0,0.0,2.0,normal
2026-06-01T00:58:49Z,worker-1,node,system,multipathd.service,0.0,2.2,0.0,0.0,0.0,0.0,0.0,0.0,0.0,0.0,0.0,0.0,20.0,normal
2026-06-01T00:58:49Z,worker-1,unknown,pod-faa3887e,nginx-proxy,0.0,0.0,0.0,0.0,0.0,59014.0,59062.0,0.0,0.0,0.0,0.0,0.0,61.0,normal
2026-06-01T00:58:49Z,worker-1,node,system,cgroup,0.0,0.0,0.0,0.0,0.0,0.0,0.0,40.0,487424.0,0.10397541379310345,0.0,0.0,67009.0,normal
2026-06-01T00:58:49Z,worker-1,node,system,polkit.service,0.0,0.0,0.0,0.0,0.0,0.0,0.0,0.0,0.0,0.0,0.0,0.0,3.0,normal
2026-06-01T00:58:49Z,worker-1,node,system,wpa_supplicant.service,0.0,0.0,0.0,0.0,0.0,0.0,0.0,0.0,0.0,0.0,0.0,0.0,1.0,normal
2026-06-01T00:58:49Z,worker-1,node,system,udisks2.service,0.0,0.0,0.0,0.0,0.0,0.0,0.0,0.0,0.0,0.0,0.0,0.0,3.0,normal
2026-06-01T00:58:59Z,worker-1,longhorn-system,csi-attacher-896ffc747-rxjjt,csi-attacher,3.4,3.1,0.0,0.0,0.0,1109.0,1012.0,0.0,0.0,0.0,0.0,0.0,271.0,normal
2026-06-01T00:58:59Z,worker-1,longhorn-system,longhorn-csi-plugin-t8lpt,longhorn-liveness-probe,2.3,1.6,0.0,0.0,0.0,224.0,274.0,0.0,0.0,0.0,0.0,0.0,168.0,normal
2026-06-01T00:58:59Z,worker-1,node,system,systemd-resolved.service,0.1,0.0,0.0,0.0,0.0,0.0,0.0,0.0,0.0,0.0,0.0,0.0,1.0,normal
2026-06-01T00:58:59Z,worker-1,longhorn-system,longhorn-csi-plugin-t8lpt,longhorn-csi-plugin,2.4,1.1,0.0,0.0,0.0,0.0,0.0,0.0,0.0,0.0,0.0,0.0,109.0,normal
2026-06-01T00:58:59Z,worker-1,longhorn-system,csi-resizer-7d9bff5787-242pl,csi-resizer,2.8,2.7,0.0,0.0,0.0,1094.0,1031.0,0.0,0.0,0.0,0.0,0.0,229.0,normal
2026-06-01T00:58:59Z,worker-1,kube-system,kube-proxy-pdwww,kube-proxy,2.5,0.4,0.0,0.0,0.0,17163.0,96.0,0.0,0.0,0.0,0.0,0.0,98.0,normal
2026-06-01T00:58:59Z,worker-1,kube-system,tetragon-kl9tz,export-stdout,18.1,16.6,0.0,0.0,0.0,0.0,0.0,0.0,0.0,0.0,0.0,0.0,11.0,normal
2026-06-01T00:58:59Z,worker-1,kube-system,ovs-ovn-w75jd,openvswitch,101.0,60.8,38.0,0.0,0.0,38.0,41.0,0.0,0.0,0.0,52.0,88.0,1922.0,normal
2026-06-01T00:58:59Z,worker-1,gpu-operator,gpu-operator-1764036362-node-feature-discovery-worker-9v5dt,worker,0.7,0.3,0.0,0.0,0.0,261.0,227.0,0.0,0.0,0.0,0.0,0.0,90.0,normal
2026-06-01T00:58:59Z,worker-1,node,system,systemd-journald.service,1.4,0.0,1.0,0.0,0.0,0.0,0.0,0.0,0.0,0.0,0.0,0.0,2.0,normal
2026-06-01T00:58:59Z,worker-1,node,system,systemd-logind.service,0.1,0.0,0.0,0.0,0.0,0.0,0.0,0.0,0.0,0.0,0.0,0.0,1.0,normal
2026-06-01T00:58:59Z,worker-1,longhorn-system,csi-snapshotter-65884686fc-gjw5g,csi-snapshotter,12.7,12.2,0.1,0.0,0.0,1485.0,1147.0,0.0,0.0,0.0,0.0,0.0,859.0,normal
2026-06-01T00:58:59Z,worker-1,monitoring,my-monitoring-prometheus-node-exporter-829wk,node-exporter,0.3,0.2,0.0,0.0,0.0,208.0,3254.0,0.0,0.0,0.0,0.0,0.0,17.0,normal
2026-06-01T00:58:59Z,worker-1,node,system,containerd.service,389.2,154.6,189.9,0.0,0.0,0.0,0.0,0.0,0.0,0.0,31.0,283.0,15400.0,normal
2026-06-01T00:58:59Z,worker-1,longhorn-system,engine-image-ei-843accdd-tx99h,engine-image-ei-843accdd,12.7,1.0,14.3,0.0,0.0,0.0,0.0,0.0,0.0,0.0,10.0,37.0,999.0,normal
2026-06-01T00:58:59Z,worker-1,node,system,kubelet.service,360.1,36.3,116.0,1.2,0.0,44205.0,109026.0,0.0,0.0,0.0,0.0,0.0,6051.0,normal
2026-06-01T00:58:59Z,worker-1,kube-system,kube-ovn-cni-cf7cj,cni-server,320.1,22.4,359.8,0.2,0.0,204186.0,1200.0,0.0,0.0,0.0,130.0,157.0,3972.0,normal
2026-06-01T00:58:59Z,worker-1,longhorn-system,instance-manager-bacbca1a1c80c6ca28fd5f2d5fd0c24c,instance-manager,205.7,10.4,12.4,0.4,0.0,3810.0,3766.0,0.0,0.0,0.0,7.0,7.0,846.0,normal
2026-06-01T00:58:59Z,worker-1,longhorn-system,longhorn-csi-plugin-t8lpt,node-driver-registrar,0.1,0.1,0.0,0.0,0.0,0.0,0.0,0.0,0.0,0.0,0.0,0.0,9.0,normal
2026-06-01T00:58:59Z,worker-1,kube-system,kube-ovn-pinger-vfzmn,pinger,51.8,21.1,13.2,0.2,0.0,116234.0,1580.0,0.0,12288.0,0.052653,17.0,26.0,3797.0,normal
2026-06-01T00:58:59Z,worker-1,kube-system,tetragon-kl9tz,tetragon,7.9,5.6,0.4,0.0,0.0,17868.0,22039.0,0.0,0.0,0.0,0.0,0.0,13430.0,normal
2026-06-01T00:58:59Z,worker-1,longhorn-system,csi-provisioner-688964c44b-7hv5d,csi-provisioner,36.7,8.0,0.0,0.0,0.0,205110.0,2190.0,0.0,0.0,0.0,0.0,0.0,1363.0,normal
2026-06-01T00:58:59Z,worker-1,longhorn-system,longhorn-manager-fgsfc,longhorn-manager,175.1,50.2,14.7,0.3,0.0,486401.0,21794.0,0.0,0.0,0.0,2.0,8.0,5180.0,normal
2026-06-01T00:58:59Z,worker-1,ebpf-final,ebpf-collector-ch7gf,collector,159.0,0.8,147.1,0.1,0.0,217379.0,18079.0,0.0,0.0,0.0,0.0,0.0,170.0,normal
2026-06-01T00:58:59Z,worker-1,node,system,init.scope,0.6,0.0,0.3,0.0,0.0,0.0,0.0,0.0,0.0,0.0,0.0,0.0,1.0,normal
2026-06-01T00:58:59Z,worker-1,kube-system,nodelocaldns-zjml5,node-cache,14.1,5.1,0.3,1.3,0.0,5145.0,3785.0,0.0,0.0,0.0,0.0,0.0,765.0,normal
2026-06-01T00:58:59Z,worker-1,node,system,udev,0.1,0.0,0.0,0.0,0.0,0.0,0.0,0.0,0.0,0.0,0.0,0.0,1.0,normal
2026-06-01T00:58:59Z,worker-1,longhorn-system,engine-image-ei-3154f3aa-kvvkq,engine-image-ei-3154f3aa,15.7,1.2,17.7,0.0,0.0,0.0,0.0,0.0,0.0,0.0,12.0,51.0,1298.0,normal
2026-06-01T00:58:59Z,worker-1,node,system,rsyslog.service,0.0,0.1,0.0,0.0,0.0,0.0,0.0,0.0,0.0,0.0,0.0,0.0,2.0,normal
2026-06-01T00:58:59Z,worker-1,node,system,multipathd.service,0.0,2.2,0.0,0.0,0.0,0.0,0.0,0.0,0.0,0.0,0.0,0.0,21.0,normal
2026-06-01T00:58:59Z,worker-1,unknown,pod-faa3887e,nginx-proxy,0.0,0.0,0.0,0.0,0.0,55118.0,55166.0,0.0,0.0,0.0,0.0,0.0,56.0,normal
2026-06-01T00:58:59Z,worker-1,node,system,cgroup,0.0,0.0,0.0,0.0,0.0,0.0,0.0,40.0,618496.0,0.0978952037037037,0.0,0.0,62813.0,normal
2026-06-01T00:58:59Z,worker-1,node,system,polkit.service,0.0,0.0,0.0,0.0,0.0,0.0,0.0,0.0,0.0,0.0,0.0,0.0,2.0,normal
2026-06-01T00:58:59Z,worker-1,node,system,wpa_supplicant.service,0.0,0.0,0.0,0.0,0.0,0.0,0.0,0.0,0.0,0.0,0.0,0.0,1.0,normal
2026-06-01T00:58:59Z,worker-1,node,system,udisks2.service,0.0,0.0,0.0,0.0,0.0,0.0,0.0,0.0,0.0,0.0,0.0,0.0,2.0,normal
2026-06-01T00:58:59Z,worker-1,node,system,rpcbind.service,0.0,0.0,0.0,0.0,0.0,0.0,0.0,0.0,0.0,0.0,0.0,0.0,1.0,normal
2026-06-01T00:59:09Z,worker-1,longhorn-system,csi-attacher-896ffc747-rxjjt,csi-attacher,3.5,2.9,0.1,0.0,0.0,1110.0,1012.0,0.0,0.0,0.0,0.0,0.0,278.0,normal
2026-06-01T00:59:09Z,worker-1,longhorn-system,longhorn-csi-plugin-t8lpt,longhorn-liveness-probe,2.5,1.8,0.0,0.0,0.0,224.0,274.0,0.0,0.0,0.0,0.0,0.0,171.0,normal
2026-06-01T00:59:09Z,worker-1,longhorn-system,longhorn-csi-plugin-t8lpt,longhorn-csi-plugin,2.7,1.2,0.0,0.0,0.0,0.0,0.0,0.0,0.0,0.0,0.0,0.0,72.0,normal
2026-06-01T00:59:09Z,worker-1,longhorn-system,csi-resizer-7d9bff5787-242pl,csi-resizer,3.2,2.5,0.1,0.0,0.0,1129.0,996.0,0.0,0.0,0.0,0.0,0.0,238.0,normal
2026-06-01T00:59:09Z,worker-1,kube-system,kube-proxy-pdwww,kube-proxy,2.2,0.4,0.0,0.0,0.0,17041.0,96.0,0.0,0.0,0.0,0.0,0.0,117.0,normal
2026-06-01T00:59:09Z,worker-1,kube-system,tetragon-kl9tz,export-stdout,6.7,5.4,0.0,0.0,0.0,0.0,0.0,0.0,0.0,0.0,0.0,0.0,10.0,normal
2026-06-01T00:59:09Z,worker-1,kube-system,ovs-ovn-w75jd,openvswitch,101.9,59.5,38.2,0.0,0.0,38.0,41.0,0.0,0.0,0.0,52.0,89.0,1874.0,normal
2026-06-01T00:59:09Z,worker-1,gpu-operator,gpu-operator-1764036362-node-feature-discovery-worker-9v5dt,worker,0.6,0.2,0.0,0.0,0.0,222.0,188.0,0.0,0.0,0.0,0.0,0.0,33.0,normal
2026-06-01T00:59:09Z,worker-1,node,system,systemd-journald.service,1.4,0.0,1.1,0.0,0.0,0.0,0.0,0.0,0.0,0.0,0.0,0.0,2.0,normal
2026-06-01T00:59:09Z,worker-1,longhorn-system,csi-snapshotter-65884686fc-gjw5g,csi-snapshotter,12.4,11.9,0.0,0.0,0.0,1136.0,1034.0,0.0,0.0,0.0,0.0,0.0,829.0,normal
2026-06-01T00:59:09Z,worker-1,monitoring,my-monitoring-prometheus-node-exporter-829wk,node-exporter,0.3,0.2,0.0,0.0,0.0,208.0,3254.0,0.0,0.0,0.0,0.0,0.0,14.0,normal
2026-06-01T00:59:09Z,worker-1,node,system,containerd.service,458.7,153.9,247.6,0.0,0.0,0.0,0.0,0.0,0.0,0.0,34.0,301.0,16722.0,normal
2026-06-01T00:59:09Z,worker-1,longhorn-system,engine-image-ei-843accdd-tx99h,engine-image-ei-843accdd,12.7,1.0,14.3,0.0,0.0,0.0,0.0,0.0,0.0,0.0,10.0,37.0,983.0,normal
2026-06-01T00:59:09Z,worker-1,node,system,kubelet.service,431.0,41.3,161.4,1.3,0.0,45613.0,116729.0,0.0,0.0,0.0,0.0,0.0,6111.0,normal
2026-06-01T00:59:09Z,worker-1,kube-system,kube-ovn-cni-cf7cj,cni-server,379.2,28.2,444.9,0.4,0.0,193245.0,1104.0,0.0,0.0,0.0,174.0,233.0,5513.0,normal
2026-06-01T00:59:09Z,worker-1,longhorn-system,instance-manager-bacbca1a1c80c6ca28fd5f2d5fd0c24c,instance-manager,197.7,9.4,11.3,0.5,0.0,4107.0,4932.0,0.0,0.0,0.0,6.0,6.0,823.0,normal
2026-06-01T00:59:09Z,worker-1,longhorn-system,longhorn-csi-plugin-t8lpt,node-driver-registrar,0.1,0.1,0.0,0.0,0.0,0.0,0.0,0.0,0.0,0.0,0.0,0.0,9.0,normal
2026-06-01T00:59:09Z,worker-1,kube-system,kube-ovn-pinger-vfzmn,pinger,49.4,18.9,13.3,0.2,0.0,116194.0,1580.0,0.0,12288.0,0.0551365,17.0,26.0,3239.0,normal
2026-06-01T00:59:09Z,worker-1,kube-system,tetragon-kl9tz,tetragon,6.8,3.5,0.1,0.0,0.0,17891.0,1321.0,0.0,0.0,0.0,0.0,0.0,13631.0,normal
2026-06-01T00:59:09Z,worker-1,longhorn-system,csi-provisioner-688964c44b-7hv5d,csi-provisioner,33.5,6.3,0.1,0.0,0.0,194574.0,2094.0,0.0,0.0,0.0,0.0,0.0,1328.0,normal
2026-06-01T00:59:09Z,worker-1,longhorn-system,longhorn-manager-fgsfc,longhorn-manager,114.4,42.1,0.2,0.1,0.0,448664.0,13658.0,0.0,0.0,0.0,0.0,0.0,4527.0,normal
2026-06-01T00:59:09Z,worker-1,ebpf-final,ebpf-collector-ch7gf,collector,0.2,0.8,0.3,0.1,0.0,13650.0,18498.0,0.0,0.0,0.0,0.0,0.0,13.0,normal
2026-06-01T00:59:09Z,worker-1,kube-system,nodelocaldns-zjml5,node-cache,13.1,4.6,0.4,1.0,0.0,4922.0,3562.0,0.0,0.0,0.0,0.0,0.0,659.0,normal
2026-06-01T00:59:09Z,worker-1,longhorn-system,engine-image-ei-3154f3aa-kvvkq,engine-image-ei-3154f3aa,12.8,1.0,14.4,0.0,0.0,0.0,0.0,0.0,0.0,0.0,10.0,41.0,1048.0,normal
2026-06-01T00:59:09Z,worker-1,node,system,rsyslog.service,0.0,0.1,0.0,0.0,0.0,0.0,0.0,0.0,0.0,0.0,0.0,0.0,2.0,normal
2026-06-01T00:59:09Z,worker-1,node,system,multipathd.service,0.0,2.1,0.0,0.0,0.0,0.0,0.0,0.0,0.0,0.0,0.0,0.0,20.0,normal
2026-06-01T00:59:09Z,worker-1,unknown,pod-faa3887e,nginx-proxy,0.0,0.0,0.0,0.0,0.0,57388.0,57460.0,0.0,0.0,0.0,0.0,0.0,50.0,normal
2026-06-01T00:59:09Z,worker-1,node,system,cgroup,0.0,0.0,0.0,0.0,0.0,0.0,0.0,40.0,503808.0,0.14051335,0.0,0.0,63468.0,normal
2026-06-01T00:59:09Z,worker-1,node,system,polkit.service,0.0,0.0,0.0,0.0,0.0,0.0,0.0,0.0,0.0,0.0,0.0,0.0,3.0,normal
2026-06-01T00:59:09Z,worker-1,node,system,wpa_supplicant.service,0.0,0.0,0.0,0.0,0.0,0.0,0.0,0.0,0.0,0.0,0.0,0.0,1.0,normal
2026-06-01T00:59:09Z,worker-1,node,system,udisks2.service,0.0,0.0,0.0,0.0,0.0,0.0,0.0,0.0,0.0,0.0,0.0,0.0,3.0,normal
2026-06-01T00:59:09Z,worker-1,node,system,cron.service,0.0,0.0,0.0,0.0,0.0,0.0,0.0,0.0,0.0,0.0,0.0,0.0,1.0,normal
2026-06-01T00:59:19Z,worker-1,longhorn-system,csi-attacher-896ffc747-rxjjt,csi-attacher,3.0,2.7,0.0,0.0,0.0,1112.0,1014.0,0.0,0.0,0.0,0.0,0.0,256.0,normal
2026-06-01T00:59:19Z,worker-1,longhorn-system,longhorn-csi-plugin-t8lpt,longhorn-liveness-probe,3.0,2.0,0.0,0.0,0.0,224.0,274.0,0.0,0.0,0.0,0.0,0.0,177.0,normal
2026-06-01T00:59:19Z,worker-1,longhorn-system,longhorn-csi-plugin-t8lpt,longhorn-csi-plugin,2.8,1.1,0.0,0.0,0.0,0.0,0.0,0.0,0.0,0.0,0.0,0.0,164.0,normal
2026-06-01T00:59:19Z,worker-1,longhorn-system,csi-resizer-7d9bff5787-242pl,csi-resizer,2.8,2.5,0.0,0.0,0.0,1233.0,994.0,0.0,0.0,0.0,0.0,0.0,268.0,normal
2026-06-01T00:59:19Z,worker-1,kube-system,kube-proxy-pdwww,kube-proxy,3.0,0.6,0.0,0.0,0.0,17180.0,96.0,0.0,0.0,0.0,0.0,0.0,154.0,normal
2026-06-01T00:59:19Z,worker-1,kube-system,tetragon-kl9tz,export-stdout,6.1,4.8,0.0,0.0,0.0,0.0,0.0,0.0,0.0,0.0,0.0,0.0,10.0,normal
2026-06-01T00:59:19Z,worker-1,kube-system,ovs-ovn-w75jd,openvswitch,105.8,65.5,37.9,0.0,0.0,38.0,41.0,0.0,0.0,0.0,52.0,88.0,1865.0,normal
2026-06-01T00:59:19Z,worker-1,gpu-operator,gpu-operator-1764036362-node-feature-discovery-worker-9v5dt,worker,0.4,0.2,0.0,0.0,0.0,222.0,188.0,0.0,0.0,0.0,0.0,0.0,31.0,normal
2026-06-01T00:59:19Z,worker-1,node,system,systemd-journald.service,1.4,0.0,1.0,0.0,0.0,0.0,0.0,0.0,0.0,0.0,0.0,0.0,2.0,normal
2026-06-01T00:59:19Z,worker-1,longhorn-system,csi-snapshotter-65884686fc-gjw5g,csi-snapshotter,11.7,11.5,0.0,0.0,0.0,1132.0,1034.0,0.0,0.0,0.0,0.0,0.0,827.0,normal
2026-06-01T00:59:19Z,worker-1,monitoring,my-monitoring-prometheus-node-exporter-829wk,node-exporter,182.0,0.8,158.2,0.0,0.0,573.0,26262.0,0.0,0.0,0.0,0.0,0.0,202.0,normal
2026-06-01T00:59:19Z,worker-1,node,system,containerd.service,594.6,152.1,345.6,0.0,0.0,0.0,0.0,0.0,0.0,0.0,30.0,271.0,18111.0,normal
2026-06-01T00:59:19Z,worker-1,longhorn-system,engine-image-ei-843accdd-tx99h,engine-image-ei-843accdd,12.4,1.0,14.0,0.0,0.0,0.0,0.0,0.0,0.0,0.0,10.0,27.0,679.0,normal
2026-06-01T00:59:19Z,worker-1,node,system,kubelet.service,489.6,40.8,183.9,1.2,0.0,44673.0,141684.0,0.0,0.0,0.0,0.0,0.0,6537.0,normal
2026-06-01T00:59:19Z,worker-1,kube-system,kube-ovn-cni-cf7cj,cni-server,319.3,21.7,359.8,0.2,0.0,204198.0,1200.0,0.0,0.0,0.0,130.0,155.0,4028.0,normal
2026-06-01T00:59:19Z,worker-1,node,system,systemd-networkd.service,0.2,0.1,0.3,0.0,0.0,0.0,0.0,0.0,0.0,0.0,0.0,0.0,1.0,normal
2026-06-01T00:59:19Z,worker-1,longhorn-system,instance-manager-bacbca1a1c80c6ca28fd5f2d5fd0c24c,instance-manager,193.2,7.2,11.3,0.4,0.0,2972.0,3145.0,0.0,0.0,0.0,6.0,6.0,627.0,normal
2026-06-01T00:59:19Z,worker-1,longhorn-system,longhorn-csi-plugin-t8lpt,node-driver-registrar,0.1,0.1,0.0,0.0,0.0,0.0,0.0,0.0,0.0,0.0,0.0,0.0,9.0,normal
2026-06-01T00:59:19Z,worker-1,kube-system,kube-ovn-pinger-vfzmn,pinger,42.3,17.6,13.2,0.2,0.0,83813.0,1157.0,0.0,12288.0,0.048598,17.0,26.0,2954.0,normal
2026-06-01T00:59:19Z,worker-1,kube-system,tetragon-kl9tz,tetragon,5.1,2.9,0.0,0.0,0.0,17479.0,287.0,0.0,0.0,0.0,0.0,0.0,12502.0,normal
2026-06-01T00:59:19Z,worker-1,longhorn-system,csi-provisioner-688964c44b-7hv5d,csi-provisioner,38.3,7.5,0.1,0.0,0.0,205547.0,2321.0,0.0,0.0,0.0,0.0,0.0,1457.0,normal
2026-06-01T00:59:19Z,worker-1,longhorn-system,longhorn-manager-fgsfc,longhorn-manager,119.2,42.8,0.1,0.1,0.0,465636.0,10938.0,0.0,0.0,0.0,0.0,0.0,4504.0,normal
2026-06-01T00:59:19Z,worker-1,ebpf-final,ebpf-collector-ch7gf,collector,0.2,0.7,0.3,0.1,0.0,12254.0,16596.0,0.0,0.0,0.0,0.0,0.0,12.0,normal
2026-06-01T00:59:19Z,worker-1,node,system,init.scope,0.2,0.0,0.1,0.0,0.0,0.0,0.0,0.0,0.0,0.0,0.0,0.0,1.0,normal
2026-06-01T00:59:19Z,worker-1,kube-system,nodelocaldns-zjml5,node-cache,13.1,4.6,0.3,1.0,0.0,4922.0,3562.0,0.0,0.0,0.0,0.0,0.0,722.0,normal
2026-06-01T00:59:19Z,worker-1,longhorn-system,engine-image-ei-3154f3aa-kvvkq,engine-image-ei-3154f3aa,12.8,1.0,14.4,0.0,0.0,0.0,0.0,0.0,0.0,0.0,10.0,43.0,1013.0,normal
2026-06-01T00:59:19Z,worker-1,node,system,rsyslog.service,0.0,0.1,0.0,0.0,0.0,0.0,0.0,0.0,0.0,0.0,0.0,0.0,2.0,normal
2026-06-01T00:59:19Z,worker-1,node,system,multipathd.service,0.0,2.2,0.0,0.0,0.0,0.0,0.0,0.0,0.0,0.0,0.0,0.0,20.0,normal
2026-06-01T00:59:19Z,worker-1,unknown,pod-faa3887e,nginx-proxy,0.0,0.0,0.0,0.0,0.0,55176.0,55224.0,0.0,0.0,0.0,0.0,0.0,51.0,normal
2026-06-01T00:59:19Z,worker-1,node,system,cgroup,0.0,0.0,0.0,0.0,0.0,0.0,0.0,40.0,524288.0,0.12756334426229507,0.0,0.0,62144.0,normal
2026-06-01T00:59:19Z,worker-1,node,system,polkit.service,0.0,0.0,0.0,0.0,0.0,0.0,0.0,0.0,0.0,0.0,0.0,0.0,2.0,normal
2026-06-01T00:59:19Z,worker-1,node,system,wpa_supplicant.service,0.0,0.0,0.0,0.0,0.0,0.0,0.0,0.0,0.0,0.0,0.0,0.0,1.0,normal
2026-06-01T00:59:19Z,worker-1,node,system,udisks2.service,0.0,0.0,0.0,0.0,0.0,0.0,0.0,0.0,0.0,0.0,0.0,0.0,2.0,normal
2026-06-01T00:59:29Z,worker-1,longhorn-system,csi-attacher-896ffc747-rxjjt,csi-attacher,3.4,3.1,0.0,0.0,0.0,1147.0,1049.0,0.0,0.0,0.0,0.0,0.0,296.0,normal
2026-06-01T00:59:29Z,worker-1,longhorn-system,longhorn-csi-plugin-t8lpt,longhorn-liveness-probe,2.7,1.8,0.0,0.0,0.0,224.0,274.0,0.0,0.0,0.0,0.0,0.0,160.0,normal
2026-06-01T00:59:29Z,worker-1,longhorn-system,longhorn-csi-plugin-t8lpt,longhorn-csi-plugin,2.6,1.1,0.0,0.0,0.0,0.0,0.0,0.0,0.0,0.0,0.0,0.0,74.0,normal
2026-06-01T00:59:29Z,worker-1,longhorn-system,csi-resizer-7d9bff5787-242pl,csi-resizer,2.8,2.6,0.0,0.0,0.0,1195.0,994.0,0.0,0.0,0.0,0.0,0.0,245.0,normal
2026-06-01T00:59:29Z,worker-1,kube-system,kube-proxy-pdwww,kube-proxy,1.8,0.4,0.0,0.0,0.0,17041.0,96.0,0.0,0.0,0.0,0.0,0.0,92.0,normal
2026-06-01T00:59:29Z,worker-1,kube-system,tetragon-kl9tz,export-stdout,18.0,16.6,0.0,0.0,0.0,0.0,0.0,0.0,0.0,0.0,0.0,0.0,10.0,normal
2026-06-01T00:59:29Z,worker-1,kube-system,ovs-ovn-w75jd,openvswitch,100.1,59.3,38.1,0.0,0.0,38.0,41.0,0.0,0.0,0.0,52.0,88.0,1890.0,normal
2026-06-01T00:59:29Z,worker-1,gpu-operator,gpu-operator-1764036362-node-feature-discovery-worker-9v5dt,worker,297.4,4.5,159.9,0.0,0.0,138022.0,1811.0,0.0,0.0,0.0,0.0,0.0,2021.0,normal
2026-06-01T00:59:29Z,worker-1,node,system,systemd-journald.service,1.4,0.0,1.0,0.0,0.0,0.0,0.0,0.0,0.0,0.0,0.0,0.0,2.0,normal
2026-06-01T00:59:29Z,worker-1,longhorn-system,csi-snapshotter-65884686fc-gjw5g,csi-snapshotter,11.4,10.9,0.1,0.0,0.0,1179.0,1034.0,0.0,0.0,0.0,0.0,0.0,840.0,normal
2026-06-01T00:59:29Z,worker-1,monitoring,my-monitoring-prometheus-node-exporter-829wk,node-exporter,0.2,0.2,0.0,0.0,0.0,208.0,3254.0,0.0,0.0,0.0,0.0,0.0,13.0,normal
2026-06-01T00:59:29Z,worker-1,node,system,containerd.service,391.7,160.9,195.0,0.0,0.0,0.0,0.0,0.0,0.0,0.0,34.0,307.0,16202.0,normal
2026-06-01T00:59:29Z,worker-1,longhorn-system,engine-image-ei-843accdd-tx99h,engine-image-ei-843accdd,12.7,1.0,14.3,0.0,0.0,0.0,0.0,0.0,0.0,0.0,10.0,37.0,837.0,normal
2026-06-01T00:59:29Z,worker-1,node,system,kubelet.service,369.1,41.3,115.4,1.3,0.0,43635.0,109354.0,0.0,0.0,0.0,0.0,0.0,6720.0,normal
2026-06-01T00:59:29Z,worker-1,kube-system,kube-ovn-cni-cf7cj,cni-server,328.6,23.0,364.6,0.4,0.0,203900.0,1200.0,0.0,0.0,0.0,135.0,189.0,5456.0,normal
2026-06-01T00:59:29Z,worker-1,longhorn-system,instance-manager-bacbca1a1c80c6ca28fd5f2d5fd0c24c,instance-manager,205.3,9.7,12.4,0.4,0.0,3810.0,3766.0,0.0,0.0,0.0,7.0,7.0,841.0,normal
2026-06-01T00:59:29Z,worker-1,longhorn-system,longhorn-csi-plugin-t8lpt,node-driver-registrar,0.1,0.1,0.0,0.0,0.0,0.0,0.0,0.0,0.0,0.0,0.0,0.0,9.0,normal
2026-06-01T00:59:29Z,worker-1,kube-system,kube-ovn-pinger-vfzmn,pinger,50.6,20.1,13.2,0.2,0.0,116065.0,1580.0,0.0,12288.0,0.056189,17.0,26.0,3010.0,normal
2026-06-01T00:59:29Z,worker-1,kube-system,tetragon-kl9tz,tetragon,5.7,5.3,0.0,0.0,0.0,17332.0,239.0,0.0,0.0,0.0,0.0,0.0,13419.0,normal
2026-06-01T00:59:29Z,worker-1,longhorn-system,csi-provisioner-688964c44b-7hv5d,csi-provisioner,38.4,8.7,0.0,0.0,0.0,205228.0,2327.0,0.0,0.0,0.0,0.0,0.0,1390.0,normal
2026-06-01T00:59:29Z,worker-1,longhorn-system,longhorn-manager-fgsfc,longhorn-manager,172.9,49.9,14.7,0.3,0.0,478489.0,21506.0,0.0,0.0,0.0,2.0,10.0,5482.0,normal
2026-06-01T00:59:29Z,worker-1,ebpf-final,ebpf-collector-ch7gf,collector,158.1,0.8,147.0,0.1,0.0,217720.0,18542.0,0.0,0.0,0.0,0.0,0.0,169.0,normal
2026-06-01T00:59:29Z,worker-1,kube-system,nodelocaldns-zjml5,node-cache,13.5,4.7,0.4,1.0,0.0,4922.0,3562.0,0.0,0.0,0.0,0.0,0.0,748.0,normal
2026-06-01T00:59:29Z,worker-1,longhorn-system,engine-image-ei-3154f3aa-kvvkq,engine-image-ei-3154f3aa,12.7,1.0,14.3,0.0,0.0,0.0,0.0,0.0,0.0,0.0,10.0,37.0,965.0,normal
2026-06-01T00:59:29Z,worker-1,node,system,init.scope,0.0,4.0,3.4,0.0,0.0,0.0,0.0,0.0,0.0,0.0,0.0,0.0,6.0,normal
2026-06-01T00:59:29Z,worker-1,node,system,rsyslog.service,0.0,0.1,0.0,0.0,0.0,0.0,0.0,0.0,0.0,0.0,0.0,0.0,2.0,normal
2026-06-01T00:59:29Z,worker-1,node,system,multipathd.service,0.0,2.4,0.0,0.0,0.0,0.0,0.0,0.0,0.0,0.0,0.0,0.0,23.0,normal
2026-06-01T00:59:29Z,worker-1,unknown,pod-faa3887e,nginx-proxy,0.0,0.0,0.0,0.0,0.0,54019.0,54091.0,0.0,0.0,0.0,0.0,0.0,53.0,normal
2026-06-01T00:59:29Z,worker-1,node,system,cgroup,0.0,0.0,0.0,0.0,0.0,0.0,0.0,40.0,512000.0,0.08785737037037036,0.0,0.0,66202.0,normal
2026-06-01T00:59:29Z,worker-1,node,system,polkit.service,0.0,0.0,0.0,0.0,0.0,0.0,0.0,0.0,0.0,0.0,0.0,0.0,3.0,normal
2026-06-01T00:59:29Z,worker-1,node,system,wpa_supplicant.service,0.0,0.0,0.0,0.0,0.0,0.0,0.0,0.0,0.0,0.0,0.0,0.0,1.0,normal
2026-06-01T00:59:29Z,worker-1,node,system,udisks2.service,0.0,0.0,0.0,0.0,0.0,0.0,0.0,0.0,0.0,0.0,0.0,0.0,3.0,normal
2026-06-01T00:59:29Z,worker-1,node,system,rpcbind.service,0.0,0.0,0.0,0.0,0.0,0.0,0.0,0.0,0.0,0.0,0.0,0.0,1.0,normal
2026-06-01T00:59:29Z,worker-1,node,system,dbus.service,0.0,0.0,0.0,0.0,0.0,0.0,0.0,0.0,0.0,0.0,0.0,0.0,9.0,normal
2026-06-01T00:59:40Z,worker-1,longhorn-system,csi-attacher-896ffc747-rxjjt,csi-attacher,3.6,2.7,0.0,0.0,0.0,1494.0,1014.0,0.0,0.0,0.0,0.0,0.0,334.0,normal
2026-06-01T00:59:40Z,worker-1,longhorn-system,longhorn-csi-plugin-t8lpt,longhorn-liveness-probe,2.4,1.7,0.0,0.0,0.0,224.0,274.0,0.0,0.0,0.0,0.0,0.0,162.0,normal
2026-06-01T00:59:40Z,worker-1,longhorn-system,longhorn-csi-plugin-t8lpt,longhorn-csi-plugin,2.5,1.0,0.0,0.0,0.0,0.0,0.0,0.0,0.0,0.0,0.0,0.0,66.0,normal
2026-06-01T00:59:40Z,worker-1,longhorn-system,csi-resizer-7d9bff5787-242pl,csi-resizer,2.7,2.5,0.0,0.0,0.0,1093.0,994.0,0.0,0.0,0.0,0.0,0.0,237.0,normal
2026-06-01T00:59:40Z,worker-1,kube-system,kube-proxy-pdwww,kube-proxy,2.3,0.4,0.0,0.0,0.0,17167.0,96.0,0.0,0.0,0.0,0.0,0.0,92.0,normal
2026-06-01T00:59:40Z,worker-1,kube-system,tetragon-kl9tz,export-stdout,6.1,4.8,0.0,0.0,0.0,0.0,0.0,0.0,0.0,0.0,0.0,0.0,10.0,normal
2026-06-01T00:59:40Z,worker-1,kube-system,ovs-ovn-w75jd,openvswitch,104.2,63.2,38.0,0.0,0.0,38.0,41.0,0.0,0.0,0.0,52.0,88.0,1972.0,normal
2026-06-01T00:59:40Z,worker-1,gpu-operator,gpu-operator-1764036362-node-feature-discovery-worker-9v5dt,worker,0.4,0.2,0.0,0.0,0.0,222.0,188.0,0.0,0.0,0.0,0.0,0.0,29.0,normal
2026-06-01T00:59:40Z,worker-1,node,system,systemd-journald.service,1.4,0.0,1.1,0.0,0.0,0.0,0.0,0.0,0.0,0.0,0.0,0.0,2.0,normal
2026-06-01T00:59:40Z,worker-1,longhorn-system,csi-snapshotter-65884686fc-gjw5g,csi-snapshotter,12.3,12.0,0.0,0.0,0.0,1389.0,1112.0,0.0,0.0,0.0,0.0,0.0,795.0,normal
2026-06-01T00:59:40Z,worker-1,monitoring,my-monitoring-prometheus-node-exporter-829wk,node-exporter,0.4,0.2,0.0,0.0,0.0,208.0,3254.0,0.0,0.0,0.0,0.0,0.0,20.0,normal
2026-06-01T00:59:40Z,worker-1,node,system,containerd.service,419.3,136.9,236.2,0.0,0.0,0.0,0.0,0.0,0.0,0.0,28.0,253.0,15626.0,normal
2026-06-01T00:59:40Z,worker-1,longhorn-system,engine-image-ei-843accdd-tx99h,engine-image-ei-843accdd,12.6,1.0,14.2,0.0,0.0,0.0,0.0,0.0,0.0,0.0,10.0,30.0,856.0,normal
2026-06-01T00:59:40Z,worker-1,node,system,kubelet.service,450.8,39.9,176.5,1.2,0.0,44980.0,116105.0,0.0,0.0,0.0,2.0,2.0,7236.0,normal
2026-06-01T00:59:40Z,worker-1,kube-system,kube-ovn-cni-cf7cj,cni-server,331.6,22.6,369.0,0.2,0.0,204325.0,1325.0,0.0,0.0,0.0,140.0,166.0,4323.0,normal
2026-06-01T00:59:40Z,worker-1,longhorn-system,instance-manager-bacbca1a1c80c6ca28fd5f2d5fd0c24c,instance-manager,27.6,6.6,1.2,0.0,0.0,3023.0,3136.0,0.0,0.0,0.0,1.0,1.0,586.0,normal
2026-06-01T00:59:40Z,worker-1,longhorn-system,longhorn-csi-plugin-t8lpt,node-driver-registrar,0.1,0.1,0.0,0.0,0.0,0.0,0.0,0.0,0.0,0.0,0.0,0.0,9.0,normal
2026-06-01T00:59:40Z,worker-1,kube-system,kube-ovn-pinger-vfzmn,pinger,49.2,18.7,13.2,0.2,0.0,116272.0,1580.0,0.0,12288.0,0.054674,17.0,26.0,3601.0,normal
2026-06-01T00:59:40Z,worker-1,kube-system,tetragon-kl9tz,tetragon,5.2,2.9,0.0,0.0,0.0,17332.0,239.0,0.0,0.0,0.0,0.0,0.0,13079.0,normal
2026-06-01T00:59:40Z,worker-1,longhorn-system,csi-provisioner-688964c44b-7hv5d,csi-provisioner,36.7,7.4,0.0,0.0,0.0,205252.0,2189.0,0.0,0.0,0.0,0.0,0.0,1271.0,normal
2026-06-01T00:59:40Z,worker-1,longhorn-system,longhorn-manager-fgsfc,longhorn-manager,117.1,38.6,0.2,0.1,0.0,468664.0,11167.0,0.0,0.0,0.0,0.0,0.0,4565.0,normal
2026-06-01T00:59:40Z,worker-1,ebpf-final,ebpf-collector-ch7gf,collector,0.2,0.8,0.3,0.1,0.0,12948.0,17556.0,0.0,0.0,0.0,0.0,0.0,13.0,normal
2026-06-01T00:59:40Z,worker-1,kube-system,nodelocaldns-zjml5,node-cache,27.9,5.9,37.5,1.0,0.0,4922.0,3562.0,0.0,0.0,0.0,12.0,12.0,947.0,normal
2026-06-01T00:59:40Z,worker-1,longhorn-system,engine-image-ei-3154f3aa-kvvkq,engine-image-ei-3154f3aa,12.8,1.0,14.4,0.0,0.0,0.0,0.0,0.0,0.0,0.0,10.0,42.0,1031.0,normal
2026-06-01T00:59:40Z,worker-1,node,system,rsyslog.service,0.0,0.1,0.0,0.0,0.0,0.0,0.0,0.0,0.0,0.0,0.0,0.0,2.0,normal
2026-06-01T00:59:40Z,worker-1,node,system,multipathd.service,0.0,2.1,0.0,0.0,0.0,0.0,0.0,0.0,0.0,0.0,0.0,0.0,20.0,normal
2026-06-01T00:59:40Z,worker-1,unknown,pod-faa3887e,nginx-proxy,0.0,0.0,0.0,0.0,0.0,56218.0,56266.0,0.0,0.0,0.0,0.0,0.0,46.0,normal
2026-06-01T00:59:40Z,worker-1,node,system,cgroup,0.0,0.0,0.0,0.0,0.0,0.0,0.0,40.0,516096.0,0.10478863793103448,0.0,0.0,62132.0,normal
2026-06-01T00:59:40Z,worker-1,node,system,polkit.service,0.0,0.0,0.0,0.0,0.0,0.0,0.0,0.0,0.0,0.0,0.0,0.0,2.0,normal
2026-06-01T00:59:40Z,worker-1,node,system,wpa_supplicant.service,0.0,0.0,0.0,0.0,0.0,0.0,0.0,0.0,0.0,0.0,0.0,0.0,1.0,normal
2026-06-01T00:59:40Z,worker-1,node,system,udisks2.service,0.0,0.0,0.0,0.0,0.0,0.0,0.0,0.0,0.0,0.0,0.0,0.0,2.0,normal
2026-06-01T00:59:50Z,worker-1,longhorn-system,csi-attacher-896ffc747-rxjjt,csi-attacher,2.8,2.7,0.0,0.0,0.0,1112.0,1014.0,0.0,0.0,0.0,0.0,0.0,270.0,normal
2026-06-01T00:59:50Z,worker-1,longhorn-system,longhorn-csi-plugin-t8lpt,longhorn-liveness-probe,2.5,1.7,0.0,0.0,0.0,224.0,274.0,0.0,0.0,0.0,0.0,0.0,226.0,normal
2026-06-01T00:59:50Z,worker-1,longhorn-system,longhorn-csi-plugin-t8lpt,longhorn-csi-plugin,2.7,1.1,0.0,0.0,0.0,0.0,0.0,0.0,0.0,0.0,0.0,0.0,73.0,normal
2026-06-01T00:59:50Z,worker-1,longhorn-system,csi-resizer-7d9bff5787-242pl,csi-resizer,2.9,2.6,0.0,0.0,0.0,1218.0,1031.0,0.0,0.0,0.0,0.0,0.0,279.0,normal
2026-06-01T00:59:50Z,worker-1,kube-system,kube-proxy-pdwww,kube-proxy,2.6,0.4,0.0,0.0,0.0,17166.0,96.0,0.0,0.0,0.0,0.0,0.0,99.0,normal
2026-06-01T00:59:50Z,worker-1,kube-system,tetragon-kl9tz,export-stdout,6.1,4.8,0.0,0.0,0.0,0.0,0.0,0.0,0.0,0.0,0.0,0.0,10.0,normal
2026-06-01T00:59:50Z,worker-1,kube-system,ovs-ovn-w75jd,openvswitch,112.9,72.2,37.6,0.0,0.0,38.0,41.0,0.0,0.0,0.0,52.0,88.0,2126.0,normal
2026-06-01T00:59:50Z,worker-1,gpu-operator,gpu-operator-1764036362-node-feature-discovery-worker-9v5dt,worker,0.5,0.2,0.0,0.0,0.0,222.0,188.0,0.0,0.0,0.0,0.0,0.0,30.0,normal
2026-06-01T00:59:50Z,worker-1,node,system,systemd-journald.service,1.4,0.0,1.0,0.0,0.0,0.0,0.0,0.0,0.0,0.0,0.0,0.0,2.0,normal
2026-06-01T00:59:50Z,worker-1,longhorn-system,csi-snapshotter-65884686fc-gjw5g,csi-snapshotter,12.1,12.0,0.0,0.0,0.0,1132.0,1069.0,0.0,0.0,0.0,0.0,0.0,833.0,normal
2026-06-01T00:59:50Z,worker-1,monitoring,my-monitoring-prometheus-node-exporter-829wk,node-exporter,182.4,0.9,158.2,0.0,0.0,677.0,27888.0,0.0,0.0,0.0,0.0,0.0,288.0,normal
2026-06-01T00:59:50Z,worker-1,node,system,containerd.service,620.6,164.0,353.1,0.0,0.0,0.0,0.0,0.0,0.0,0.0,34.0,307.0,19074.0,normal
2026-06-01T00:59:50Z,worker-1,longhorn-system,engine-image-ei-843accdd-tx99h,engine-image-ei-843accdd,14.4,1.1,16.9,0.0,0.0,0.0,0.0,0.0,0.0,0.0,13.0,31.0,920.0,normal
2026-06-01T00:59:50Z,worker-1,node,system,kubelet.service,431.1,40.0,171.9,1.3,0.0,45271.0,141378.0,0.0,0.0,0.0,0.0,0.0,6293.0,normal
2026-06-01T00:59:50Z,worker-1,kube-system,kube-ovn-cni-cf7cj,cni-server,366.1,26.7,432.8,0.3,0.0,204047.0,1200.0,0.0,0.0,0.0,161.0,199.0,4822.0,normal
2026-06-01T00:59:50Z,worker-1,node,system,systemd-networkd.service,0.2,0.1,0.3,0.0,0.0,0.0,0.0,0.0,0.0,0.0,0.0,0.0,1.0,normal
2026-06-01T00:59:50Z,worker-1,longhorn-system,instance-manager-bacbca1a1c80c6ca28fd5f2d5fd0c24c,instance-manager,193.3,7.4,11.3,0.4,0.0,2971.0,3145.0,0.0,0.0,0.0,6.0,6.0,697.0,normal
2026-06-01T00:59:50Z,worker-1,longhorn-system,longhorn-csi-plugin-t8lpt,node-driver-registrar,0.1,0.1,0.0,0.0,0.0,0.0,0.0,0.0,0.0,0.0,0.0,0.0,9.0,normal
2026-06-01T00:59:50Z,worker-1,kube-system,kube-ovn-pinger-vfzmn,pinger,16.8,14.2,0.0,0.0,0.0,32476.0,375.0,0.0,12288.0,0.0464005,0.0,0.0,2669.0,normal
2026-06-01T00:59:50Z,worker-1,kube-system,tetragon-kl9tz,tetragon,5.2,3.0,0.0,0.0,0.0,17332.0,239.0,0.0,0.0,0.0,0.0,0.0,12277.0,normal
2026-06-01T00:59:50Z,worker-1,longhorn-system,csi-provisioner-688964c44b-7hv5d,csi-provisioner,38.0,8.6,0.0,0.0,0.0,205218.0,2190.0,0.0,0.0,0.0,0.0,0.0,1307.0,normal
2026-06-01T00:59:50Z,worker-1,longhorn-system,longhorn-manager-fgsfc,longhorn-manager,122.4,44.9,0.1,0.1,0.0,466186.0,11065.0,0.0,0.0,0.0,0.0,0.0,4528.0,normal
2026-06-01T00:59:50Z,worker-1,ebpf-final,ebpf-collector-ch7gf,collector,0.2,0.7,0.3,0.1,0.0,11914.0,16136.0,0.0,0.0,0.0,0.0,0.0,12.0,normal
2026-06-01T00:59:50Z,worker-1,node,system,init.scope,0.2,0.0,0.1,0.0,0.0,0.0,0.0,0.0,0.0,0.0,0.0,0.0,1.0,normal
2026-06-01T00:59:50Z,worker-1,kube-system,nodelocaldns-zjml5,node-cache,12.8,4.4,0.3,1.0,0.0,4922.0,3562.0,0.0,0.0,0.0,0.0,0.0,726.0,normal
2026-06-01T00:59:50Z,worker-1,longhorn-system,engine-image-ei-3154f3aa-kvvkq,engine-image-ei-3154f3aa,12.8,1.0,14.4,0.0,0.0,0.0,0.0,0.0,0.0,0.0,10.0,41.0,999.0,normal
2026-06-01T00:59:50Z,worker-1,node,system,rsyslog.service,0.0,0.1,0.0,0.0,0.0,0.0,0.0,0.0,0.0,0.0,0.0,0.0,2.0,normal
2026-06-01T00:59:50Z,worker-1,node,system,multipathd.service,0.0,2.2,0.0,0.0,0.0,0.0,0.0,0.0,0.0,0.0,0.0,0.0,20.0,normal
2026-06-01T00:59:50Z,worker-1,unknown,pod-faa3887e,nginx-proxy,0.0,0.0,0.0,0.0,0.0,53761.0,53809.0,0.0,0.0,0.0,0.0,0.0,49.0,normal
2026-06-01T00:59:50Z,worker-1,node,system,cgroup,0.0,0.0,0.0,0.0,0.0,0.0,0.0,40.0,462848.0,0.09428525581395349,0.0,0.0,63143.0,normal
2026-06-01T00:59:50Z,worker-1,node,system,polkit.service,0.0,0.0,0.0,0.0,0.0,0.0,0.0,0.0,0.0,0.0,0.0,0.0,3.0,normal
2026-06-01T00:59:50Z,worker-1,node,system,wpa_supplicant.service,0.0,0.0,0.0,0.0,0.0,0.0,0.0,0.0,0.0,0.0,0.0,0.0,1.0,normal
2026-06-01T00:59:50Z,worker-1,node,system,udisks2.service,0.0,0.0,0.0,0.0,0.0,0.0,0.0,0.0,0.0,0.0,0.0,0.0,3.0,normal
2026-06-01T01:00:00Z,worker-1,longhorn-system,csi-attacher-896ffc747-rxjjt,csi-attacher,3.5,3.1,0.1,0.0,0.0,1112.0,1014.0,0.0,0.0,0.0,0.0,0.0,277.0,normal
2026-06-01T01:00:00Z,worker-1,longhorn-system,longhorn-csi-plugin-t8lpt,longhorn-liveness-probe,2.8,1.9,0.0,0.0,0.0,224.0,274.0,0.0,0.0,0.0,0.0,0.0,174.0,normal
2026-06-01T01:00:00Z,worker-1,longhorn-system,longhorn-csi-plugin-t8lpt,longhorn-csi-plugin,2.7,1.1,0.0,0.0,0.0,0.0,0.0,0.0,0.0,0.0,0.0,0.0,77.0,normal
2026-06-01T01:00:00Z,worker-1,longhorn-system,csi-resizer-7d9bff5787-242pl,csi-resizer,3.2,2.5,0.1,0.0,0.0,1129.0,996.0,0.0,0.0,0.0,0.0,0.0,216.0,normal
2026-06-01T01:00:00Z,worker-1,kube-system,kube-proxy-pdwww,kube-proxy,2.6,0.6,0.0,0.0,0.0,17163.0,96.0,0.0,0.0,0.0,0.0,0.0,111.0,normal
2026-06-01T01:00:00Z,worker-1,kube-system,tetragon-kl9tz,export-stdout,18.1,16.6,0.0,0.0,0.0,0.0,0.0,0.0,0.0,0.0,0.0,0.0,11.0,normal
2026-06-01T01:00:00Z,worker-1,kube-system,ovs-ovn-w75jd,openvswitch,102.3,61.2,38.0,0.0,0.0,38.0,41.0,0.0,0.0,0.0,52.0,88.0,1969.0,normal
2026-06-01T01:00:00Z,worker-1,gpu-operator,gpu-operator-1764036362-node-feature-discovery-worker-9v5dt,worker,0.7,0.4,0.0,0.0,0.0,261.0,227.0,0.0,0.0,0.0,0.0,0.0,101.0,normal
2026-06-01T01:00:00Z,worker-1,longhorn-system,csi-snapshotter-65884686fc-gjw5g,csi-snapshotter,12.3,12.0,0.0,0.0,0.0,1132.0,1034.0,0.0,0.0,0.0,0.0,0.0,848.0,normal
2026-06-01T01:00:00Z,worker-1,monitoring,my-monitoring-prometheus-node-exporter-829wk,node-exporter,0.4,0.2,0.0,0.0,0.0,208.0,3254.0,0.0,0.0,0.0,0.0,0.0,21.0,normal
2026-06-01T01:00:00Z,worker-1,node,system,containerd.service,397.6,159.0,191.4,0.0,0.0,0.0,0.0,0.0,0.0,0.0,32.0,290.0,15436.0,normal
2026-06-01T01:00:00Z,worker-1,longhorn-system,engine-image-ei-843accdd-tx99h,engine-image-ei-843accdd,13.9,1.2,15.1,0.0,0.0,0.0,0.0,0.0,0.0,0.0,10.0,39.0,940.0,normal
2026-06-01T01:00:00Z,worker-1,node,system,kubelet.service,352.5,37.5,113.3,1.2,0.0,43328.0,109249.0,0.0,0.0,0.0,0.0,0.0,6299.0,normal
2026-06-01T01:00:00Z,worker-1,kube-system,kube-ovn-cni-cf7cj,cni-server,327.7,23.3,363.7,0.3,0.0,204330.0,1335.0,0.0,0.0,0.0,134.0,175.0,4773.0,normal
2026-06-01T01:00:00Z,worker-1,longhorn-system,instance-manager-bacbca1a1c80c6ca28fd5f2d5fd0c24c,instance-manager,204.6,9.9,12.4,0.4,0.0,3811.0,3766.0,0.0,0.0,0.0,7.0,7.0,788.0,normal
2026-06-01T01:00:00Z,worker-1,longhorn-system,longhorn-csi-plugin-t8lpt,node-driver-registrar,0.1,0.1,0.0,0.0,0.0,0.0,0.0,0.0,0.0,0.0,0.0,0.0,9.0,normal
2026-06-01T01:00:00Z,worker-1,kube-system,kube-ovn-pinger-vfzmn,pinger,52.5,22.5,13.2,0.2,0.0,116237.0,1580.0,0.0,16384.0,0.05325266666666666,17.0,26.0,4211.0,normal
2026-06-01T01:00:00Z,worker-1,kube-system,tetragon-kl9tz,tetragon,8.1,5.9,0.4,0.0,0.0,17868.0,22052.0,0.0,0.0,0.0,0.0,0.0,12726.0,normal
2026-06-01T01:00:00Z,worker-1,longhorn-system,csi-provisioner-688964c44b-7hv5d,csi-provisioner,38.3,9.5,0.1,0.0,0.0,204988.0,2190.0,0.0,0.0,0.0,0.0,0.0,1394.0,normal
2026-06-01T01:00:00Z,worker-1,longhorn-system,longhorn-manager-fgsfc,longhorn-manager,171.6,46.9,14.9,0.3,0.0,478705.0,21762.0,0.0,0.0,0.0,2.0,11.0,5290.0,normal
2026-06-01T01:00:00Z,worker-1,ebpf-final,ebpf-collector-ch7gf,collector,158.0,0.8,147.1,0.1,0.0,217708.0,18537.0,0.0,0.0,0.0,0.0,0.0,163.0,normal
2026-06-01T01:00:00Z,worker-1,kube-system,nodelocaldns-zjml5,node-cache,13.7,4.9,0.4,1.1,0.0,5145.0,3785.0,0.0,0.0,0.0,0.0,0.0,829.0,normal
2026-06-01T01:00:00Z,worker-1,longhorn-system,engine-image-ei-3154f3aa-kvvkq,engine-image-ei-3154f3aa,12.8,1.0,14.4,0.0,0.0,0.0,0.0,0.0,0.0,0.0,10.0,40.0,1023.0,normal
2026-06-01T01:00:00Z,worker-1,node,system,multipathd.service,0.0,2.2,0.0,0.0,0.0,0.0,0.0,0.0,0.0,0.0,0.0,0.0,20.0,normal
2026-06-01T01:00:00Z,worker-1,unknown,pod-faa3887e,nginx-proxy,0.0,0.0,0.0,0.0,0.0,53878.0,53926.0,0.0,0.0,0.0,0.0,0.0,53.0,normal
2026-06-01T01:00:00Z,worker-1,node,system,cgroup,0.0,0.0,0.0,0.0,0.0,0.0,0.0,40.0,647168.0,0.10914351282051282,0.0,0.0,63267.0,normal
2026-06-01T01:00:00Z,worker-1,node,system,polkit.service,0.0,0.0,0.0,0.0,0.0,0.0,0.0,0.0,0.0,0.0,0.0,0.0,2.0,normal
2026-06-01T01:00:00Z,worker-1,node,system,wpa_supplicant.service,0.0,0.0,0.0,0.0,0.0,0.0,0.0,0.0,0.0,0.0,0.0,0.0,1.0,normal
2026-06-01T01:00:00Z,worker-1,node,system,udisks2.service,0.0,0.0,0.0,0.0,0.0,0.0,0.0,0.0,0.0,0.0,0.0,0.0,2.0,normal
2026-06-01T01:00:00Z,worker-1,node,system,rpcbind.service,0.0,0.0,0.0,0.0,0.0,0.0,0.0,0.0,0.0,0.0,0.0,0.0,1.0,normal
2026-06-01T01:00:10Z,worker-1,longhorn-system,csi-attacher-896ffc747-rxjjt,csi-attacher,2.9,2.6,0.0,0.0,0.0,1111.0,1013.0,0.0,0.0,0.0,0.0,0.0,260.0,normal
2026-06-01T01:00:10Z,worker-1,longhorn-system,longhorn-csi-plugin-t8lpt,longhorn-liveness-probe,3.3,2.2,0.0,0.0,0.0,224.0,274.0,0.0,0.0,0.0,0.0,0.0,200.0,normal
2026-06-01T01:00:10Z,worker-1,longhorn-system,longhorn-csi-plugin-t8lpt,longhorn-csi-plugin,2.7,1.4,0.0,0.0,0.0,0.0,0.0,0.0,0.0,0.0,0.0,0.0,108.0,normal
2026-06-01T01:00:10Z,worker-1,longhorn-system,csi-resizer-7d9bff5787-242pl,csi-resizer,2.7,2.5,0.0,0.0,0.0,1094.0,996.0,0.0,0.0,0.0,0.0,0.0,239.0,normal
2026-06-01T01:00:10Z,worker-1,kube-system,kube-proxy-pdwww,kube-proxy,54.6,3.6,159.2,0.0,0.0,17283.0,313.0,0.0,0.0,0.0,55.0,55.0,1176.0,normal
2026-06-01T01:00:10Z,worker-1,kube-system,tetragon-kl9tz,export-stdout,6.7,5.4,0.0,0.0,0.0,0.0,0.0,0.0,0.0,0.0,0.0,0.0,10.0,normal
2026-06-01T01:00:10Z,worker-1,kube-system,ovs-ovn-w75jd,openvswitch,101.7,61.6,37.9,0.0,0.0,38.0,41.0,0.0,0.0,0.0,52.0,88.0,1902.0,normal
2026-06-01T01:00:10Z,worker-1,gpu-operator,gpu-operator-1764036362-node-feature-discovery-worker-9v5dt,worker,0.5,0.2,0.0,0.0,0.0,222.0,188.0,0.0,0.0,0.0,0.0,0.0,33.0,normal
2026-06-01T01:00:10Z,worker-1,longhorn-system,csi-snapshotter-65884686fc-gjw5g,csi-snapshotter,10.5,10.5,0.0,0.0,0.0,1132.0,1034.0,0.0,0.0,0.0,0.0,0.0,814.0,normal
2026-06-01T01:00:10Z,worker-1,monitoring,my-monitoring-prometheus-node-exporter-829wk,node-exporter,0.3,0.2,0.0,0.0,0.0,208.0,3254.0,0.0,0.0,0.0,0.0,0.0,21.0,normal
2026-06-01T01:00:10Z,worker-1,node,system,containerd.service,447.9,147.5,320.3,0.0,0.0,0.0,0.0,0.0,0.0,0.0,32.0,288.0,16657.0,normal
2026-06-01T01:00:10Z,worker-1,longhorn-system,engine-image-ei-843accdd-tx99h,engine-image-ei-843accdd,12.7,1.0,14.3,0.0,0.0,0.0,0.0,0.0,0.0,0.0,10.0,38.0,939.0,normal
2026-06-01T01:00:10Z,worker-1,node,system,kubelet.service,473.6,41.1,164.2,1.2,0.0,48299.0,117416.0,0.0,0.0,0.0,0.0,0.0,6551.0,normal
2026-06-01T01:00:10Z,worker-1,kube-system,kube-ovn-cni-cf7cj,cni-server,322.9,23.3,360.7,0.3,0.0,203900.0,1200.0,0.0,0.0,0.0,131.0,171.0,4425.0,normal
2026-06-01T01:00:10Z,worker-1,longhorn-system,instance-manager-bacbca1a1c80c6ca28fd5f2d5fd0c24c,instance-manager,197.0,9.0,11.3,0.5,0.0,4107.0,4932.0,0.0,0.0,0.0,6.0,6.0,728.0,normal
2026-06-01T01:00:10Z,worker-1,longhorn-system,longhorn-csi-plugin-t8lpt,node-driver-registrar,0.1,0.1,0.0,0.0,0.0,0.0,0.0,0.0,0.0,0.0,0.0,0.0,9.0,normal
2026-06-01T01:00:10Z,worker-1,kube-system,kube-ovn-pinger-vfzmn,pinger,46.3,21.3,13.3,0.2,0.0,116178.0,1484.0,0.0,12288.0,0.0578655,17.0,26.0,3562.0,normal
2026-06-01T01:00:10Z,worker-1,kube-system,tetragon-kl9tz,tetragon,5.5,3.0,0.0,0.0,0.0,17632.0,239.0,0.0,0.0,0.0,0.0,0.0,13124.0,normal
2026-06-01T01:00:10Z,worker-1,longhorn-system,csi-provisioner-688964c44b-7hv5d,csi-provisioner,38.0,7.3,0.0,0.0,0.0,205265.0,2190.0,0.0,0.0,0.0,0.0,0.0,1304.0,normal
2026-06-01T01:00:10Z,worker-1,longhorn-system,longhorn-manager-fgsfc,longhorn-manager,118.1,42.9,0.1,0.1,0.0,469862.0,13854.0,0.0,0.0,0.0,0.0,0.0,4422.0,normal
2026-06-01T01:00:10Z,worker-1,ebpf-final,ebpf-collector-ch7gf,collector,0.2,0.7,0.3,0.1,0.0,11564.0,15681.0,0.0,0.0,0.0,0.0,0.0,13.0,normal
2026-06-01T01:00:10Z,worker-1,kube-system,nodelocaldns-zjml5,node-cache,13.0,4.7,0.3,1.0,0.0,4922.0,3562.0,0.0,0.0,0.0,0.0,0.0,674.0,normal
2026-06-01T01:00:10Z,worker-1,longhorn-system,engine-image-ei-3154f3aa-kvvkq,engine-image-ei-3154f3aa,12.7,1.0,14.3,0.0,0.0,0.0,0.0,0.0,0.0,0.0,10.0,40.0,1050.0,normal
2026-06-01T01:00:10Z,worker-1,node,system,multipathd.service,0.0,2.1,0.0,0.0,0.0,0.0,0.0,0.0,0.0,0.0,0.0,0.0,20.0,normal
2026-06-01T01:00:10Z,worker-1,unknown,pod-faa3887e,nginx-proxy,0.0,0.0,0.0,0.0,0.0,60240.0,60288.0,0.0,0.0,0.0,0.0,0.0,64.0,normal
2026-06-01T01:00:10Z,worker-1,node,system,cgroup,0.0,0.0,0.0,0.0,0.0,0.0,0.0,40.0,565248.0,0.13566930232558141,0.0,1.0,63738.0,normal
2026-06-01T01:00:10Z,worker-1,node,system,polkit.service,0.0,0.0,0.0,0.0,0.0,0.0,0.0,0.0,0.0,0.0,0.0,0.0,3.0,normal
2026-06-01T01:00:10Z,worker-1,node,system,wpa_supplicant.service,0.0,0.0,0.0,0.0,0.0,0.0,0.0,0.0,0.0,0.0,0.0,0.0,1.0,normal
2026-06-01T01:00:10Z,worker-1,node,system,udisks2.service,0.0,0.0,0.0,0.0,0.0,0.0,0.0,0.0,0.0,0.0,0.0,0.0,3.0,normal
2026-06-01T01:00:10Z,worker-1,node,system,cron.service,0.0,0.0,0.0,0.0,0.0,0.0,0.0,0.0,0.0,0.0,0.0,0.0,1.0,normal
2026-06-01T01:00:20Z,worker-1,longhorn-system,csi-attacher-896ffc747-rxjjt,csi-attacher,3.8,3.4,0.0,0.0,0.0,1145.0,1047.0,0.0,0.0,0.0,0.0,0.0,287.0,normal
2026-06-01T01:00:20Z,worker-1,longhorn-system,longhorn-csi-plugin-t8lpt,longhorn-liveness-probe,2.8,1.8,0.0,0.0,0.0,224.0,274.0,0.0,0.0,0.0,0.0,0.0,160.0,normal
2026-06-01T01:00:20Z,worker-1,unknown,unknown,unknown,18.1,2.8,12.0,0.0,0.0,0.0,0.0,0.0,0.0,0.0,2.0,0.0,1.0,normal
2026-06-01T01:00:20Z,worker-1,longhorn-system,longhorn-csi-plugin-t8lpt,longhorn-csi-plugin,3.1,1.5,0.0,0.0,0.0,0.0,0.0,0.0,0.0,0.0,0.0,0.0,85.0,normal
2026-06-01T01:00:20Z,worker-1,longhorn-system,csi-resizer-7d9bff5787-242pl,csi-resizer,2.9,2.5,0.0,0.0,0.0,1245.0,996.0,0.0,0.0,0.0,0.0,0.0,247.0,normal
2026-06-01T01:00:20Z,worker-1,kube-system,kube-proxy-pdwww,kube-proxy,3.0,0.4,0.0,0.0,0.0,17552.0,305.0,0.0,0.0,0.0,0.0,0.0,162.0,normal
2026-06-01T01:00:20Z,worker-1,kube-system,tetragon-kl9tz,export-stdout,6.1,4.8,0.0,0.0,0.0,0.0,0.0,0.0,0.0,0.0,0.0,0.0,10.0,normal
2026-06-01T01:00:20Z,worker-1,kube-system,ovs-ovn-w75jd,openvswitch,110.5,70.3,37.9,0.0,0.0,38.0,41.0,0.0,0.0,0.0,52.0,88.0,2103.0,normal
2026-06-01T01:00:20Z,worker-1,gpu-operator,gpu-operator-1764036362-node-feature-discovery-worker-9v5dt,worker,297.0,4.0,159.9,0.0,0.0,137995.0,1811.0,0.0,0.0,0.0,0.0,0.0,2162.0,normal
2026-06-01T01:00:20Z,worker-1,node,system,systemd-journald.service,2.6,0.1,2.0,0.0,0.0,0.0,0.0,0.0,0.0,0.0,0.0,0.0,7.0,normal
2026-06-01T01:00:20Z,worker-1,longhorn-system,csi-snapshotter-65884686fc-gjw5g,csi-snapshotter,11.6,11.0,0.1,0.0,0.0,1166.0,1034.0,0.0,0.0,0.0,0.0,0.0,831.0,normal
2026-06-01T01:00:20Z,worker-1,monitoring,my-monitoring-prometheus-node-exporter-829wk,node-exporter,181.9,0.8,158.2,0.0,0.0,573.0,26232.0,0.0,0.0,0.0,0.0,0.0,242.0,normal
2026-06-01T01:00:20Z,worker-1,node,system,containerd.service,613.0,160.6,349.5,0.0,0.0,0.0,0.0,0.0,0.0,0.0,32.0,290.0,18911.0,normal
2026-06-01T01:00:20Z,worker-1,longhorn-system,engine-image-ei-843accdd-tx99h,engine-image-ei-843accdd,12.5,1.0,14.1,0.0,0.0,0.0,0.0,0.0,0.0,0.0,10.0,32.0,780.0,normal
2026-06-01T01:00:20Z,worker-1,node,system,kubelet.service,468.2,42.0,175.5,1.2,0.0,47898.0,141613.0,0.0,0.0,0.0,0.0,0.0,6779.0,normal
2026-06-01T01:00:20Z,worker-1,kube-system,kube-ovn-cni-cf7cj,cni-server,372.0,27.7,440.9,0.3,0.0,170359.0,1008.0,0.0,0.0,0.0,170.0,208.0,4659.0,normal
2026-06-01T01:00:20Z,worker-1,node,system,systemd-networkd.service,0.2,0.1,0.3,0.0,0.0,0.0,0.0,0.0,0.0,0.0,0.0,0.0,1.0,normal
2026-06-01T01:00:20Z,worker-1,longhorn-system,instance-manager-bacbca1a1c80c6ca28fd5f2d5fd0c24c,instance-manager,192.9,7.6,11.3,0.4,0.0,2971.0,3145.0,0.0,0.0,0.0,6.0,6.0,676.0,normal
2026-06-01T01:00:20Z,worker-1,longhorn-system,longhorn-csi-plugin-t8lpt,node-driver-registrar,0.1,0.1,0.0,0.0,0.0,0.0,0.0,0.0,0.0,0.0,0.0,0.0,9.0,normal
2026-06-01T01:00:20Z,worker-1,kube-system,kube-ovn-pinger-vfzmn,pinger,50.9,20.5,13.2,0.2,0.0,116319.0,1580.0,0.0,16384.0,0.0622415,17.0,26.0,3563.0,normal
2026-06-01T01:00:20Z,worker-1,kube-system,tetragon-kl9tz,tetragon,5.6,3.1,0.0,0.0,0.0,17479.0,239.0,0.0,0.0,0.0,0.0,0.0,13597.0,normal
2026-06-01T01:00:20Z,worker-1,longhorn-system,csi-provisioner-688964c44b-7hv5d,csi-provisioner,31.4,7.1,0.0,0.0,0.0,171409.0,1997.0,0.0,0.0,0.0,0.0,0.0,1291.0,normal
2026-06-01T01:00:20Z,worker-1,longhorn-system,longhorn-manager-fgsfc,longhorn-manager,108.4,41.0,0.2,0.1,0.0,399275.0,11986.0,0.0,0.0,0.0,0.0,0.0,4390.0,normal
2026-06-01T01:00:20Z,worker-1,ebpf-final,ebpf-collector-ch7gf,collector,0.2,0.7,0.3,0.1,0.0,11556.0,15663.0,0.0,0.0,0.0,0.0,0.0,14.0,normal
2026-06-01T01:00:20Z,worker-1,node,system,init.scope,7.9,2.2,9.9,0.0,0.0,0.0,0.0,0.0,0.0,0.0,1.0,2.0,7.0,normal
2026-06-01T01:00:20Z,worker-1,kube-system,nodelocaldns-zjml5,node-cache,13.4,4.4,0.4,1.0,0.0,4922.0,3562.0,0.0,0.0,0.0,0.0,0.0,711.0,normal
2026-06-01T01:00:20Z,worker-1,longhorn-system,engine-image-ei-3154f3aa-kvvkq,engine-image-ei-3154f3aa,12.8,1.0,14.4,0.0,0.0,0.0,0.0,0.0,0.0,0.0,10.0,39.0,1010.0,normal
2026-06-01T01:00:20Z,worker-1,node,system,rsyslog.service,0.0,0.4,0.0,0.0,0.0,0.0,0.0,0.0,0.0,0.0,0.0,0.0,9.0,normal
2026-06-01T01:00:20Z,worker-1,node,system,multipathd.service,0.0,2.2,0.0,0.0,0.0,0.0,0.0,0.0,0.0,0.0,0.0,0.0,20.0,normal
2026-06-01T01:00:20Z,worker-1,unknown,pod-faa3887e,nginx-proxy,0.0,0.0,0.0,0.0,0.0,56803.0,56851.0,0.0,0.0,0.0,0.0,0.0,53.0,normal
2026-06-01T01:00:20Z,worker-1,node,system,cgroup,0.0,0.0,0.0,0.0,0.0,0.0,0.0,40.0,716800.0,0.237960693877551,0.0,1.0,67948.0,normal
2026-06-01T01:00:20Z,worker-1,node,system,polkit.service,0.0,0.0,0.0,0.0,0.0,0.0,0.0,0.0,0.0,0.0,0.0,0.0,2.0,normal
2026-06-01T01:00:20Z,worker-1,node,system,wpa_supplicant.service,0.0,0.0,0.0,0.0,0.0,0.0,0.0,0.0,0.0,0.0,0.0,0.0,1.0,normal
2026-06-01T01:00:20Z,worker-1,node,system,systemd-logind.service,0.0,0.0,0.0,0.0,0.0,0.0,0.0,0.0,0.0,0.0,0.0,0.0,16.0,normal
2026-06-01T01:00:20Z,worker-1,node,system,udisks2.service,0.0,0.0,0.0,0.0,0.0,0.0,0.0,0.0,0.0,0.0,0.0,0.0,2.0,normal
2026-06-01T01:00:20Z,worker-1,node,system,dbus.service,0.0,0.0,0.0,0.0,0.0,0.0,0.0,0.0,0.0,0.0,0.0,0.0,3.0,normal
2026-06-01T01:00:30Z,worker-1,longhorn-system,csi-attacher-896ffc747-rxjjt,csi-attacher,3.3,3.1,0.0,0.0,0.0,1111.0,1013.0,0.0,0.0,0.0,0.0,0.0,272.0,normal
2026-06-01T01:00:30Z,worker-1,longhorn-system,longhorn-csi-plugin-t8lpt,longhorn-liveness-probe,2.8,1.8,0.0,0.0,0.0,224.0,274.0,0.0,0.0,0.0,0.0,0.0,148.0,normal
2026-06-01T01:00:30Z,worker-1,longhorn-system,longhorn-csi-plugin-t8lpt,longhorn-csi-plugin,2.7,1.1,0.0,0.0,0.0,0.0,0.0,0.0,0.0,0.0,0.0,0.0,77.0,normal
2026-06-01T01:00:30Z,worker-1,longhorn-system,csi-resizer-7d9bff5787-242pl,csi-resizer,3.0,2.7,0.0,0.0,0.0,1098.0,996.0,0.0,0.0,0.0,0.0,0.0,250.0,normal
2026-06-01T01:00:30Z,worker-1,kube-system,kube-proxy-pdwww,kube-proxy,2.0,0.4,0.0,0.0,0.0,17041.0,96.0,0.0,0.0,0.0,0.0,0.0,87.0,normal
2026-06-01T01:00:30Z,worker-1,kube-system,tetragon-kl9tz,export-stdout,18.0,16.6,0.0,0.0,0.0,0.0,0.0,0.0,0.0,0.0,0.0,0.0,10.0,normal
2026-06-01T01:00:30Z,worker-1,kube-system,ovs-ovn-w75jd,openvswitch,109.2,69.8,38.3,0.0,0.0,38.0,41.0,0.0,0.0,0.0,52.0,88.0,2102.0,normal
2026-06-01T01:00:30Z,worker-1,gpu-operator,gpu-operator-1764036362-node-feature-discovery-worker-9v5dt,worker,0.5,0.2,0.0,0.0,0.0,222.0,188.0,0.0,0.0,0.0,0.0,0.0,32.0,normal
2026-06-01T01:00:30Z,worker-1,node,system,systemd-journald.service,1.4,0.0,1.0,0.0,0.0,0.0,0.0,0.0,0.0,0.0,0.0,0.0,2.0,normal
2026-06-01T01:00:30Z,worker-1,longhorn-system,csi-snapshotter-65884686fc-gjw5g,csi-snapshotter,11.4,10.9,0.1,0.0,0.0,1377.0,1071.0,0.0,0.0,0.0,0.0,0.0,808.0,normal
2026-06-01T01:00:30Z,worker-1,monitoring,my-monitoring-prometheus-node-exporter-829wk,node-exporter,0.2,0.2,0.0,0.0,0.0,208.0,3254.0,0.0,0.0,0.0,0.0,0.0,18.0,normal
2026-06-01T01:00:30Z,worker-1,node,system,containerd.service,377.5,149.5,187.2,0.0,0.0,0.0,0.0,0.0,0.0,0.0,30.0,270.0,14751.0,normal
2026-06-01T01:00:30Z,worker-1,longhorn-system,engine-image-ei-843accdd-tx99h,engine-image-ei-843accdd,12.6,1.0,14.2,0.0,0.0,0.0,0.0,0.0,0.0,0.0,10.0,33.0,935.0,normal
2026-06-01T01:00:30Z,worker-1,node,system,kubelet.service,340.3,39.8,115.5,1.2,0.0,43155.0,109150.0,0.0,0.0,0.0,0.0,0.0,5966.0,normal
2026-06-01T01:00:30Z,worker-1,kube-system,kube-ovn-cni-cf7cj,cni-server,329.4,22.6,362.9,0.2,0.0,227482.0,2450.0,0.0,0.0,0.0,133.0,159.0,4141.0,normal
2026-06-01T01:00:30Z,worker-1,longhorn-system,instance-manager-bacbca1a1c80c6ca28fd5f2d5fd0c24c,instance-manager,204.6,9.3,12.4,0.4,0.0,3801.0,3766.0,0.0,0.0,0.0,7.0,7.0,779.0,normal
2026-06-01T01:00:30Z,worker-1,longhorn-system,longhorn-csi-plugin-t8lpt,node-driver-registrar,0.1,0.1,0.0,0.0,0.0,0.0,0.0,0.0,0.0,0.0,0.0,0.0,9.0,normal
2026-06-01T01:00:30Z,worker-1,kube-system,kube-ovn-pinger-vfzmn,pinger,47.7,22.1,13.2,0.2,0.0,116260.0,1580.0,0.0,12288.0,0.0506345,17.0,26.0,3760.0,normal
2026-06-01T01:00:30Z,worker-1,kube-system,tetragon-kl9tz,tetragon,4.2,4.4,0.0,0.0,0.0,17332.0,239.0,0.0,0.0,0.0,0.0,0.0,12093.0,normal
2026-06-01T01:00:30Z,worker-1,longhorn-system,csi-provisioner-688964c44b-7hv5d,csi-provisioner,41.5,8.0,0.0,0.0,0.0,228291.0,2284.0,0.0,0.0,0.0,0.0,0.0,1441.0,normal
2026-06-01T01:00:30Z,worker-1,longhorn-system,longhorn-manager-fgsfc,longhorn-manager,173.8,48.1,14.7,0.3,0.0,525192.0,33225.0,0.0,0.0,0.0,2.0,11.0,5212.0,normal
2026-06-01T01:00:30Z,worker-1,ebpf-final,ebpf-collector-ch7gf,collector,158.8,0.9,147.0,0.1,0.0,218755.0,19965.0,0.0,0.0,0.0,0.0,0.0,171.0,normal
2026-06-01T01:00:30Z,worker-1,kube-system,nodelocaldns-zjml5,node-cache,13.7,5.1,0.3,1.0,0.0,4922.0,3562.0,0.0,0.0,0.0,0.0,0.0,757.0,normal
2026-06-01T01:00:30Z,worker-1,longhorn-system,engine-image-ei-3154f3aa-kvvkq,engine-image-ei-3154f3aa,12.8,1.0,14.4,0.0,0.0,0.0,0.0,0.0,0.0,0.0,10.0,40.0,1026.0,normal
2026-06-01T01:00:30Z,worker-1,node,system,init.scope,0.0,4.0,3.4,0.0,0.0,0.0,0.0,0.0,0.0,0.0,0.0,0.0,6.0,normal
2026-06-01T01:00:30Z,worker-1,node,system,rsyslog.service,0.0,0.1,0.0,0.0,0.0,0.0,0.0,0.0,0.0,0.0,0.0,0.0,2.0,normal
2026-06-01T01:00:30Z,worker-1,node,system,multipathd.service,0.0,2.2,0.0,0.0,0.0,0.0,0.0,0.0,0.0,0.0,0.0,0.0,22.0,normal
2026-06-01T01:00:30Z,worker-1,node,system,cgroup,0.0,0.0,0.0,0.0,0.3,0.0,0.0,40.0,675840.0,0.10239328571428571,0.0,0.0,60133.0,normal
2026-06-01T01:00:30Z,worker-1,unknown,pod-faa3887e,nginx-proxy,0.0,0.0,0.0,0.0,0.0,53555.0,53603.0,0.0,0.0,0.0,0.0,0.0,41.0,normal
2026-06-01T01:00:30Z,worker-1,node,system,polkit.service,0.0,0.0,0.0,0.0,0.0,0.0,0.0,0.0,0.0,0.0,0.0,0.0,3.0,normal
2026-06-01T01:00:30Z,worker-1,node,system,wpa_supplicant.service,0.0,0.0,0.0,0.0,0.0,0.0,0.0,0.0,0.0,0.0,0.0,0.0,1.0,normal
2026-06-01T01:00:30Z,worker-1,node,system,udisks2.service,0.0,0.0,0.0,0.0,0.0,0.0,0.0,0.0,0.0,0.0,0.0,0.0,3.0,normal
2026-06-01T01:00:30Z,worker-1,node,system,rpcbind.service,0.0,0.0,0.0,0.0,0.0,0.0,0.0,0.0,0.0,0.0,0.0,0.0,1.0,normal
2026-06-01T01:00:30Z,worker-1,node,system,dbus.service,0.0,0.0,0.0,0.0,0.0,0.0,0.0,0.0,0.0,0.0,0.0,0.0,9.0,normal
2026-06-01T01:00:40Z,worker-1,longhorn-system,csi-attacher-896ffc747-rxjjt,csi-attacher,3.8,2.8,0.0,0.0,0.0,1490.0,1014.0,0.0,0.0,0.0,0.0,0.0,343.0,normal
2026-06-01T01:00:40Z,worker-1,longhorn-system,longhorn-csi-plugin-t8lpt,longhorn-liveness-probe,2.6,1.7,0.0,0.0,0.0,224.0,274.0,0.0,0.0,0.0,0.0,0.0,163.0,normal
2026-06-01T01:00:40Z,worker-1,longhorn-system,longhorn-csi-plugin-t8lpt,longhorn-csi-plugin,2.8,1.3,0.0,0.0,0.0,0.0,0.0,0.0,0.0,0.0,0.0,0.0,76.0,normal
2026-06-01T01:00:40Z,worker-1,longhorn-system,csi-resizer-7d9bff5787-242pl,csi-resizer,2.6,2.6,0.0,0.0,0.0,1094.0,1031.0,0.0,0.0,0.0,0.0,0.0,235.0,normal
2026-06-01T01:00:40Z,worker-1,kube-system,kube-proxy-pdwww,kube-proxy,2.4,0.4,0.0,0.0,0.0,17041.0,96.0,0.0,0.0,0.0,0.0,0.0,100.0,normal
2026-06-01T01:00:40Z,worker-1,kube-system,tetragon-kl9tz,export-stdout,6.1,4.8,0.0,0.0,0.0,0.0,0.0,0.0,0.0,0.0,0.0,0.0,10.0,normal
2026-06-01T01:00:40Z,worker-1,kube-system,ovs-ovn-w75jd,openvswitch,104.4,63.8,37.9,0.0,0.0,38.0,41.0,0.0,0.0,0.0,52.0,88.0,2019.0,normal
2026-06-01T01:00:40Z,worker-1,gpu-operator,gpu-operator-1764036362-node-feature-discovery-worker-9v5dt,worker,0.4,0.2,0.0,0.0,0.0,222.0,188.0,0.0,0.0,0.0,0.0,0.0,33.0,normal
2026-06-01T01:00:40Z,worker-1,node,system,systemd-journald.service,1.4,0.0,1.0,0.0,0.0,0.0,0.0,0.0,0.0,0.0,0.0,0.0,2.0,normal
2026-06-01T01:00:40Z,worker-1,longhorn-system,csi-snapshotter-65884686fc-gjw5g,csi-snapshotter,10.8,10.7,0.0,0.0,0.0,1292.0,1106.0,0.0,0.0,0.0,0.0,0.0,853.0,normal
2026-06-01T01:00:40Z,worker-1,monitoring,my-monitoring-prometheus-node-exporter-829wk,node-exporter,0.2,0.2,0.0,0.0,0.0,208.0,3254.0,0.0,0.0,0.0,0.0,0.0,15.0,normal
2026-06-01T01:00:40Z,worker-1,node,system,containerd.service,455.7,151.7,247.7,0.0,0.0,0.0,0.0,0.0,0.0,0.0,34.0,306.0,17056.0,normal
2026-06-01T01:00:40Z,worker-1,longhorn-system,engine-image-ei-843accdd-tx99h,engine-image-ei-843accdd,12.6,1.0,14.2,0.0,0.0,0.0,0.0,0.0,0.0,0.0,10.0,34.0,1001.0,normal
2026-06-01T01:00:40Z,worker-1,node,system,kubelet.service,477.7,38.7,184.2,1.2,0.0,43485.0,115142.0,0.0,0.0,0.0,2.0,2.0,6982.0,normal
2026-06-01T01:00:40Z,worker-1,kube-system,kube-ovn-cni-cf7cj,cni-server,320.8,22.7,361.6,0.4,0.0,180863.0,1104.0,0.0,0.0,0.0,132.0,184.0,5088.0,normal
2026-06-01T01:00:40Z,worker-1,longhorn-system,instance-manager-bacbca1a1c80c6ca28fd5f2d5fd0c24c,instance-manager,194.1,7.4,11.3,0.4,0.0,3023.0,3196.0,0.0,0.0,0.0,6.0,6.0,693.0,normal
2026-06-01T01:00:40Z,worker-1,longhorn-system,longhorn-csi-plugin-t8lpt,node-driver-registrar,0.1,0.1,0.0,0.0,0.0,0.0,0.0,0.0,0.0,0.0,0.0,0.0,9.0,normal
2026-06-01T01:00:40Z,worker-1,kube-system,kube-ovn-pinger-vfzmn,pinger,46.7,17.3,13.2,0.2,0.0,116132.0,1580.0,0.0,8192.0,0.0578995,17.0,26.0,3745.0,normal
2026-06-01T01:00:40Z,worker-1,kube-system,tetragon-kl9tz,tetragon,6.1,3.3,0.1,0.0,0.0,17623.0,371.0,0.0,0.0,0.0,0.0,0.0,13476.0,normal
2026-06-01T01:00:40Z,worker-1,longhorn-system,csi-provisioner-688964c44b-7hv5d,csi-provisioner,35.6,8.4,0.0,0.0,0.0,182079.0,2092.0,0.0,0.0,0.0,0.0,0.0,1301.0,normal
2026-06-01T01:00:40Z,worker-1,longhorn-system,longhorn-manager-fgsfc,longhorn-manager,110.1,42.9,0.1,0.1,0.0,422135.0,11005.0,0.0,0.0,0.0,0.0,0.0,4500.0,normal
2026-06-01T01:00:40Z,worker-1,ebpf-final,ebpf-collector-ch7gf,collector,0.2,0.8,0.3,0.1,0.0,12951.0,17548.0,0.0,0.0,0.0,0.0,0.0,13.0,normal
2026-06-01T01:00:40Z,worker-1,kube-system,nodelocaldns-zjml5,node-cache,24.2,4.5,37.6,1.0,0.0,3059.0,2774.0,0.0,0.0,0.0,12.0,12.0,674.0,normal
2026-06-01T01:00:40Z,worker-1,longhorn-system,engine-image-ei-3154f3aa-kvvkq,engine-image-ei-3154f3aa,12.8,1.0,14.4,0.0,0.0,0.0,0.0,0.0,0.0,0.0,10.0,40.0,974.0,normal
2026-06-01T01:00:40Z,worker-1,node,system,rsyslog.service,0.0,0.1,0.0,0.0,0.0,0.0,0.0,0.0,0.0,0.0,0.0,0.0,2.0,normal
2026-06-01T01:00:40Z,worker-1,node,system,multipathd.service,0.0,2.1,0.0,0.0,0.0,0.0,0.0,0.0,0.0,0.0,0.0,0.0,20.0,normal
2026-06-01T01:00:40Z,worker-1,unknown,pod-faa3887e,nginx-proxy,0.0,0.0,0.0,0.0,0.0,53839.0,53887.0,0.0,0.0,0.0,0.0,0.0,51.0,normal
2026-06-01T01:00:40Z,worker-1,node,system,cgroup,0.0,0.0,0.0,0.0,0.0,0.0,0.0,40.0,434176.0,0.133221175,0.0,0.0,64621.0,normal
2026-06-01T01:00:40Z,worker-1,node,system,polkit.service,0.0,0.0,0.0,0.0,0.0,0.0,0.0,0.0,0.0,0.0,0.0,0.0,3.0,normal
2026-06-01T01:00:40Z,worker-1,node,system,wpa_supplicant.service,0.0,0.0,0.0,0.0,0.0,0.0,0.0,0.0,0.0,0.0,0.0,0.0,1.0,normal
2026-06-01T01:00:40Z,worker-1,node,system,udisks2.service,0.0,0.0,0.0,0.0,0.0,0.0,0.0,0.0,0.0,0.0,0.0,0.0,3.0,normal
2026-06-01T01:00:50Z,worker-1,longhorn-system,csi-attacher-896ffc747-rxjjt,csi-attacher,3.3,2.8,0.1,0.0,0.0,1113.0,1014.0,0.0,0.0,0.0,0.0,0.0,266.0,normal
2026-06-01T01:00:50Z,worker-1,longhorn-system,longhorn-csi-plugin-t8lpt,longhorn-liveness-probe,2.6,1.8,0.0,0.0,0.0,224.0,274.0,0.0,0.0,0.0,0.0,0.0,179.0,normal
2026-06-01T01:00:50Z,worker-1,longhorn-system,longhorn-csi-plugin-t8lpt,longhorn-csi-plugin,3.0,1.2,0.0,0.0,0.0,0.0,0.0,0.0,0.0,0.0,0.0,0.0,84.0,normal
2026-06-01T01:00:50Z,worker-1,longhorn-system,csi-resizer-7d9bff5787-242pl,csi-resizer,3.6,2.7,0.1,0.0,0.0,1254.0,996.0,0.0,0.0,0.0,0.0,0.0,288.0,normal
2026-06-01T01:00:50Z,worker-1,kube-system,kube-proxy-pdwww,kube-proxy,2.6,0.4,0.0,0.0,0.0,17166.0,96.0,0.0,0.0,0.0,0.0,0.0,110.0,normal
2026-06-01T01:00:50Z,worker-1,kube-system,tetragon-kl9tz,export-stdout,6.1,4.8,0.0,0.0,0.0,0.0,0.0,0.0,0.0,0.0,0.0,0.0,10.0,normal
2026-06-01T01:00:50Z,worker-1,kube-system,ovs-ovn-w75jd,openvswitch,100.6,61.0,38.1,0.0,0.0,38.0,41.0,0.0,0.0,0.0,52.0,88.0,1899.0,normal
2026-06-01T01:00:50Z,worker-1,gpu-operator,gpu-operator-1764036362-node-feature-discovery-worker-9v5dt,worker,0.6,0.3,0.0,0.0,0.0,261.0,227.0,0.0,0.0,0.0,0.0,0.0,96.0,normal
2026-06-01T01:00:50Z,worker-1,longhorn-system,csi-snapshotter-65884686fc-gjw5g,csi-snapshotter,11.1,11.1,0.0,0.0,0.0,1156.0,1032.0,0.0,0.0,0.0,0.0,0.0,820.0,normal
2026-06-01T01:00:50Z,worker-1,monitoring,my-monitoring-prometheus-node-exporter-829wk,node-exporter,181.9,0.8,158.2,0.0,0.0,573.0,26268.0,0.0,0.0,0.0,0.0,0.0,194.0,normal
2026-06-01T01:00:50Z,worker-1,node,system,containerd.service,592.9,152.4,345.5,0.0,0.0,0.0,0.0,0.0,0.0,0.0,30.0,270.0,17779.0,normal
2026-06-01T01:00:50Z,worker-1,longhorn-system,engine-image-ei-843accdd-tx99h,engine-image-ei-843accdd,12.5,1.0,14.1,0.0,0.0,0.0,0.0,0.0,0.0,0.0,10.0,32.0,761.0,normal
2026-06-01T01:00:50Z,worker-1,node,system,kubelet.service,467.1,42.7,174.4,1.2,0.0,43623.0,141194.0,0.0,0.0,0.0,0.0,0.0,6615.0,normal
2026-06-01T01:00:50Z,worker-1,kube-system,kube-ovn-cni-cf7cj,cni-server,321.0,21.0,364.1,0.2,0.0,174073.0,1008.0,0.0,0.0,0.0,134.0,162.0,3837.0,normal
2026-06-01T01:00:50Z,worker-1,node,system,systemd-networkd.service,0.2,0.1,0.3,0.0,0.0,0.0,0.0,0.0,0.0,0.0,0.0,0.0,1.0,normal
2026-06-01T01:00:50Z,worker-1,longhorn-system,instance-manager-bacbca1a1c80c6ca28fd5f2d5fd0c24c,instance-manager,193.1,7.4,11.3,0.4,0.0,2997.0,3171.0,0.0,0.0,0.0,6.0,6.0,661.0,normal
2026-06-01T01:00:50Z,worker-1,longhorn-system,longhorn-csi-plugin-t8lpt,node-driver-registrar,0.1,0.1,0.0,0.0,0.0,0.0,0.0,0.0,0.0,0.0,0.0,0.0,9.0,normal
2026-06-01T01:00:50Z,worker-1,kube-system,kube-ovn-pinger-vfzmn,pinger,49.8,19.1,13.2,0.2,0.0,116217.0,1580.0,0.0,12288.0,0.056994,17.0,26.0,3109.0,normal
2026-06-01T01:00:50Z,worker-1,kube-system,tetragon-kl9tz,tetragon,5.7,3.3,0.0,0.0,0.0,17332.0,239.0,0.0,0.0,0.0,0.0,0.0,12327.0,normal
2026-06-01T01:00:50Z,worker-1,longhorn-system,csi-provisioner-688964c44b-7hv5d,csi-provisioner,32.9,7.1,0.1,0.0,0.0,174436.0,1996.0,0.0,0.0,0.0,0.0,0.0,1278.0,normal
2026-06-01T01:00:50Z,worker-1,longhorn-system,longhorn-manager-fgsfc,longhorn-manager,110.8,41.6,0.3,0.1,0.0,429985.0,10951.0,0.0,0.0,0.0,0.0,0.0,4520.0,normal
2026-06-01T01:00:50Z,worker-1,ebpf-final,ebpf-collector-ch7gf,collector,0.2,0.7,0.3,0.1,0.0,11922.0,16132.0,0.0,0.0,0.0,0.0,0.0,13.0,normal
2026-06-01T01:00:50Z,worker-1,kube-system,nodelocaldns-zjml5,node-cache,12.5,4.3,0.3,1.2,0.0,4922.0,3562.0,0.0,0.0,0.0,0.0,0.0,692.0,normal
2026-06-01T01:00:50Z,worker-1,longhorn-system,engine-image-ei-3154f3aa-kvvkq,engine-image-ei-3154f3aa,12.8,1.0,14.4,0.0,0.0,0.0,0.0,0.0,0.0,0.0,10.0,42.0,1020.0,normal
2026-06-01T01:00:50Z,worker-1,node,system,multipathd.service,0.0,2.4,0.0,0.0,0.0,0.0,0.0,0.0,0.0,0.0,0.0,0.0,30.0,normal
2026-06-01T01:00:50Z,worker-1,unknown,pod-faa3887e,nginx-proxy,0.0,0.0,0.0,0.0,0.0,53763.0,53811.0,0.0,0.0,0.0,0.0,0.0,43.0,normal
2026-06-01T01:00:50Z,worker-1,node,system,cgroup,0.0,0.0,0.0,0.0,0.0,0.0,0.0,40.0,495616.0,0.12488350793650795,0.0,0.0,61368.0,normal
2026-06-01T01:00:50Z,worker-1,node,system,polkit.service,0.0,0.0,0.0,0.0,0.0,0.0,0.0,0.0,0.0,0.0,0.0,0.0,2.0,normal
2026-06-01T01:00:50Z,worker-1,node,system,wpa_supplicant.service,0.0,0.0,0.0,0.0,0.0,0.0,0.0,0.0,0.0,0.0,0.0,0.0,1.0,normal
2026-06-01T01:00:50Z,worker-1,node,system,udisks2.service,0.0,0.0,0.0,0.0,0.0,0.0,0.0,0.0,0.0,0.0,0.0,0.0,2.0,normal
2026-06-01T01:01:01Z,worker-1,longhorn-system,csi-attacher-896ffc747-rxjjt,csi-attacher,3.4,3.3,0.0,0.0,0.0,1253.0,1049.0,0.0,0.0,0.0,0.0,0.0,272.0,normal
2026-06-01T01:01:01Z,worker-1,longhorn-system,longhorn-csi-plugin-t8lpt,longhorn-liveness-probe,2.9,1.9,0.0,0.0,0.0,224.0,274.0,0.0,0.0,0.0,0.0,0.0,255.0,normal
2026-06-01T01:01:01Z,worker-1,node,system,systemd-resolved.service,0.1,0.0,0.0,0.0,0.0,0.0,0.0,0.0,0.0,0.0,0.0,0.0,1.0,normal
2026-06-01T01:01:01Z,worker-1,longhorn-system,longhorn-csi-plugin-t8lpt,longhorn-csi-plugin,2.7,1.0,0.0,0.0,0.0,0.0,0.0,0.0,0.0,0.0,0.0,0.0,81.0,normal
2026-06-01T01:01:01Z,worker-1,longhorn-system,csi-resizer-7d9bff5787-242pl,csi-resizer,2.6,2.4,0.0,0.0,0.0,1093.0,996.0,0.0,0.0,0.0,0.0,0.0,240.0,normal
2026-06-01T01:01:01Z,worker-1,kube-system,kube-proxy-pdwww,kube-proxy,2.6,0.4,0.0,0.0,0.0,17041.0,96.0,0.0,0.0,0.0,0.0,0.0,102.0,normal
2026-06-01T01:01:01Z,worker-1,kube-system,tetragon-kl9tz,export-stdout,18.0,16.6,0.0,0.0,0.0,0.0,0.0,0.0,0.0,0.0,0.0,0.0,10.0,normal
2026-06-01T01:01:01Z,worker-1,kube-system,ovs-ovn-w75jd,openvswitch,106.6,64.9,38.0,0.0,0.0,38.0,41.0,0.0,0.0,0.0,52.0,88.0,2138.0,normal
2026-06-01T01:01:01Z,worker-1,gpu-operator,gpu-operator-1764036362-node-feature-discovery-worker-9v5dt,worker,0.5,0.2,0.0,0.0,0.0,222.0,188.0,0.0,0.0,0.0,0.0,0.0,35.0,normal
2026-06-01T01:01:01Z,worker-1,node,system,systemd-journald.service,2.9,0.0,2.1,0.0,0.0,0.0,0.0,0.0,0.0,0.0,0.0,0.0,6.0,normal
2026-06-01T01:01:01Z,worker-1,longhorn-system,csi-snapshotter-65884686fc-gjw5g,csi-snapshotter,13.3,12.6,0.1,0.0,0.0,1694.0,1548.0,0.0,0.0,0.0,0.0,0.0,888.0,normal
2026-06-01T01:01:01Z,worker-1,monitoring,my-monitoring-prometheus-node-exporter-829wk,node-exporter,0.3,0.2,0.0,0.0,0.0,208.0,3254.0,0.0,0.0,0.0,0.0,0.0,15.0,normal
2026-06-01T01:01:01Z,worker-1,node,system,containerd.service,493.5,169.0,247.8,0.0,0.0,0.0,0.0,0.0,0.0,0.0,34.0,307.0,17532.0,normal
2026-06-01T01:01:01Z,worker-1,longhorn-system,engine-image-ei-843accdd-tx99h,engine-image-ei-843accdd,12.6,1.0,14.2,0.0,0.0,0.0,0.0,0.0,0.0,0.0,10.0,33.0,879.0,normal
2026-06-01T01:01:01Z,worker-1,node,system,kubelet.service,463.0,41.3,170.1,1.3,0.0,45623.0,113834.0,0.0,0.0,0.0,0.0,0.0,6857.0,normal
2026-06-01T01:01:01Z,worker-1,kube-system,kube-ovn-cni-cf7cj,cni-server,380.6,28.6,441.8,0.4,0.0,234032.0,1344.0,0.0,0.0,0.0,171.0,223.0,5910.0,normal
2026-06-01T01:01:01Z,worker-1,longhorn-system,instance-manager-bacbca1a1c80c6ca28fd5f2d5fd0c24c,instance-manager,204.9,9.2,12.4,0.4,0.0,3810.0,3766.0,0.0,0.0,0.0,7.0,7.0,775.0,normal
2026-06-01T01:01:01Z,worker-1,longhorn-system,longhorn-csi-plugin-t8lpt,node-driver-registrar,0.1,0.1,0.0,0.0,0.0,0.0,0.0,0.0,0.0,0.0,0.0,0.0,9.0,normal
2026-06-01T01:01:01Z,worker-1,kube-system,kube-ovn-pinger-vfzmn,pinger,49.8,18.8,13.3,0.2,0.0,116213.0,1580.0,0.0,12288.0,0.057758,17.0,26.0,3605.0,normal
2026-06-01T01:01:01Z,worker-1,kube-system,tetragon-kl9tz,tetragon,9.1,6.4,0.4,0.0,0.0,17988.0,22192.0,0.0,0.0,0.0,0.0,0.0,14319.0,normal
2026-06-01T01:01:01Z,worker-1,longhorn-system,csi-provisioner-688964c44b-7hv5d,csi-provisioner,41.8,7.3,0.0,0.0,0.0,235820.0,2380.0,0.0,0.0,0.0,0.0,0.0,1427.0,normal
2026-06-01T01:01:01Z,worker-1,longhorn-system,longhorn-manager-fgsfc,longhorn-manager,178.3,52.1,14.7,0.3,0.0,537682.0,21891.0,0.0,0.0,0.0,2.0,11.0,5527.0,normal
2026-06-01T01:01:01Z,worker-1,ebpf-final,ebpf-collector-ch7gf,collector,158.8,0.8,147.1,0.1,0.0,216679.0,17128.0,0.0,0.0,0.0,0.0,0.0,170.0,normal
2026-06-01T01:01:01Z,worker-1,node,system,init.scope,0.4,0.0,0.2,0.0,0.0,0.0,0.0,0.0,0.0,0.0,0.0,0.0,1.0,normal
2026-06-01T01:01:01Z,worker-1,kube-system,nodelocaldns-zjml5,node-cache,13.3,4.6,0.3,1.2,0.0,4922.0,3562.0,0.0,0.0,0.0,0.0,0.0,747.0,normal
2026-06-01T01:01:01Z,worker-1,node,system,udev,0.1,0.0,0.0,0.0,0.0,0.0,0.0,0.0,0.0,0.0,0.0,0.0,1.0,normal
2026-06-01T01:01:01Z,worker-1,longhorn-system,engine-image-ei-3154f3aa-kvvkq,engine-image-ei-3154f3aa,12.8,1.0,14.4,0.0,0.0,0.0,0.0,0.0,0.0,0.0,10.0,40.0,987.0,normal
2026-06-01T01:01:01Z,worker-1,node,system,rsyslog.service,0.0,0.3,0.0,0.0,0.0,0.0,0.0,0.0,0.0,0.0,0.0,0.0,6.0,normal
2026-06-01T01:01:01Z,worker-1,node,system,multipathd.service,0.0,2.2,0.0,0.0,0.0,0.0,0.0,0.0,0.0,0.0,0.0,0.0,29.0,normal
2026-06-01T01:01:01Z,worker-1,node,system,cgroup,0.0,0.0,0.0,0.0,0.1,0.0,0.0,40.0,405504.0,0.17220576666666668,0.0,0.0,68092.0,normal
2026-06-01T01:01:01Z,worker-1,unknown,pod-faa3887e,nginx-proxy,0.0,0.0,0.0,0.0,0.0,57223.0,57271.0,0.0,0.0,0.0,0.0,0.0,53.0,normal
2026-06-01T01:01:01Z,worker-1,node,system,polkit.service,0.0,0.0,0.0,0.0,0.0,0.0,0.0,0.0,0.0,0.0,0.0,0.0,3.0,normal
2026-06-01T01:01:01Z,worker-1,node,system,wpa_supplicant.service,0.0,0.0,0.0,0.0,0.0,0.0,0.0,0.0,0.0,0.0,0.0,0.0,1.0,normal
2026-06-01T01:01:01Z,worker-1,node,system,udisks2.service,0.0,0.0,0.0,0.0,0.0,0.0,0.0,0.0,0.0,0.0,0.0,0.0,3.0,normal
2026-06-01T01:01:01Z,worker-1,node,system,rpcbind.service,0.0,0.0,0.0,0.0,0.0,0.0,0.0,0.0,0.0,0.0,0.0,0.0,1.0,normal
2026-06-01T01:01:11Z,worker-1,longhorn-system,csi-attacher-896ffc747-rxjjt,csi-attacher,3.2,2.8,0.0,0.0,0.0,1147.0,1014.0,0.0,0.0,0.0,0.0,0.0,266.0,normal
2026-06-01T01:01:11Z,worker-1,longhorn-system,longhorn-csi-plugin-t8lpt,longhorn-liveness-probe,2.9,1.8,0.0,0.0,0.0,224.0,274.0,0.0,0.0,0.0,0.0,0.0,181.0,normal
2026-06-01T01:01:11Z,worker-1,longhorn-system,longhorn-csi-plugin-t8lpt,longhorn-csi-plugin,3.0,1.5,0.0,0.0,0.0,0.0,0.0,0.0,0.0,0.0,0.0,0.0,83.0,normal
2026-06-01T01:01:11Z,worker-1,longhorn-system,csi-resizer-7d9bff5787-242pl,csi-resizer,2.7,2.5,0.0,0.0,0.0,1094.0,996.0,0.0,0.0,0.0,0.0,0.0,240.0,normal
2026-06-01T01:01:11Z,worker-1,kube-system,kube-proxy-pdwww,kube-proxy,2.9,0.4,0.0,0.0,0.0,17302.0,96.0,0.0,0.0,0.0,0.0,0.0,133.0,normal
2026-06-01T01:01:11Z,worker-1,kube-system,tetragon-kl9tz,export-stdout,6.8,5.4,0.0,0.0,0.0,0.0,0.0,0.0,0.0,0.0,0.0,0.0,11.0,normal
2026-06-01T01:01:11Z,worker-1,kube-system,ovs-ovn-w75jd,openvswitch,99.0,58.6,37.9,0.0,0.0,38.0,41.0,0.0,0.0,0.0,52.0,88.0,1838.0,normal
2026-06-01T01:01:11Z,worker-1,gpu-operator,gpu-operator-1764036362-node-feature-discovery-worker-9v5dt,worker,0.5,0.2,0.0,0.0,0.0,222.0,188.0,0.0,0.0,0.0,0.0,0.0,36.0,normal
2026-06-01T01:01:11Z,worker-1,node,system,systemd-journald.service,1.4,0.0,1.0,0.0,0.0,0.0,0.0,0.0,0.0,0.0,0.0,0.0,4.0,normal
2026-06-01T01:01:11Z,worker-1,longhorn-system,csi-snapshotter-65884686fc-gjw5g,csi-snapshotter,12.7,12.5,0.0,0.0,0.0,722.0,1073.0,0.0,0.0,0.0,0.0,0.0,834.0,normal
2026-06-01T01:01:11Z,worker-1,monitoring,my-monitoring-prometheus-node-exporter-829wk,node-exporter,0.3,0.2,0.0,0.0,0.0,208.0,3254.0,0.0,0.0,0.0,0.0,0.0,16.0,normal
2026-06-01T01:01:11Z,worker-1,node,system,containerd.service,353.3,137.5,187.2,0.0,0.0,0.0,0.0,0.0,0.0,0.0,30.0,272.0,14488.0,normal
2026-06-01T01:01:11Z,worker-1,longhorn-system,engine-image-ei-843accdd-tx99h,engine-image-ei-843accdd,12.4,1.0,14.0,0.0,0.0,0.0,0.0,0.0,0.0,0.0,10.0,31.0,772.0,normal
2026-06-01T01:01:11Z,worker-1,node,system,kubelet.service,361.6,37.3,116.7,1.2,0.0,43537.0,112161.0,0.0,0.0,0.0,0.0,0.0,5986.0,normal
2026-06-01T01:01:11Z,worker-1,kube-system,kube-ovn-cni-cf7cj,cni-server,317.3,22.0,359.8,0.2,0.0,190489.0,1152.0,0.0,0.0,0.0,130.0,158.0,3885.0,normal
2026-06-01T01:01:11Z,worker-1,longhorn-system,instance-manager-bacbca1a1c80c6ca28fd5f2d5fd0c24c,instance-manager,196.1,9.1,11.3,0.5,0.0,4089.0,4915.0,0.0,0.0,0.0,6.0,6.0,846.0,normal
2026-06-01T01:01:11Z,worker-1,longhorn-system,longhorn-csi-plugin-t8lpt,node-driver-registrar,0.1,0.1,0.0,0.0,0.0,0.0,0.0,0.0,0.0,0.0,0.0,0.0,9.0,normal
2026-06-01T01:01:11Z,worker-1,kube-system,kube-ovn-pinger-vfzmn,pinger,39.7,18.5,13.2,0.2,0.0,83813.0,1109.0,0.0,12288.0,0.0535675,17.0,26.0,3158.0,normal
2026-06-01T01:01:11Z,worker-1,kube-system,tetragon-kl9tz,tetragon,5.6,3.0,0.0,0.0,0.0,17632.0,239.0,0.0,0.0,0.0,0.0,0.0,12438.0,normal
2026-06-01T01:01:11Z,worker-1,longhorn-system,csi-provisioner-688964c44b-7hv5d,csi-provisioner,36.4,7.4,0.1,0.0,0.0,191992.0,2222.0,0.0,0.0,0.0,0.0,0.0,1464.0,normal
2026-06-01T01:01:11Z,worker-1,longhorn-system,longhorn-manager-fgsfc,longhorn-manager,113.5,45.3,0.1,0.1,0.0,434331.0,13761.0,0.0,0.0,0.0,0.0,0.0,4461.0,normal
2026-06-01T01:01:11Z,worker-1,ebpf-final,ebpf-collector-ch7gf,collector,0.2,0.8,0.3,0.1,0.0,13294.0,18020.0,0.0,0.0,0.0,0.0,0.0,14.0,normal
2026-06-01T01:01:11Z,worker-1,kube-system,nodelocaldns-zjml5,node-cache,13.8,4.8,0.4,1.1,0.0,5145.0,3785.0,0.0,0.0,0.0,0.0,0.0,735.0,normal
2026-06-01T01:01:11Z,worker-1,longhorn-system,engine-image-ei-3154f3aa-kvvkq,engine-image-ei-3154f3aa,12.7,1.0,14.3,0.0,0.0,0.0,0.0,0.0,0.0,0.0,10.0,39.0,1005.0,normal
2026-06-01T01:01:11Z,worker-1,node,system,rsyslog.service,0.0,0.3,0.0,0.0,0.0,0.0,0.0,0.0,0.0,0.0,0.0,0.0,6.0,normal
2026-06-01T01:01:11Z,worker-1,node,system,multipathd.service,0.0,2.2,0.0,0.0,0.0,0.0,0.0,0.0,0.0,0.0,0.0,0.0,27.0,normal
2026-06-01T01:01:11Z,worker-1,unknown,pod-faa3887e,nginx-proxy,0.0,0.0,0.0,0.0,0.0,54129.0,54177.0,0.0,0.0,0.0,0.0,0.0,47.0,normal
2026-06-01T01:01:11Z,worker-1,node,system,cgroup,0.0,0.0,0.0,0.0,0.0,0.0,0.0,40.0,675840.0,0.13536771641791046,0.0,0.0,58158.0,normal
2026-06-01T01:01:11Z,worker-1,node,system,polkit.service,0.0,0.0,0.0,0.0,0.0,0.0,0.0,0.0,0.0,0.0,0.0,0.0,2.0,normal
2026-06-01T01:01:11Z,worker-1,node,system,wpa_supplicant.service,0.0,0.0,0.0,0.0,0.0,0.0,0.0,0.0,0.0,0.0,0.0,0.0,1.0,normal
2026-06-01T01:01:11Z,worker-1,node,system,udisks2.service,0.0,0.0,0.0,0.0,0.0,0.0,0.0,0.0,0.0,0.0,0.0,0.0,2.0,normal
2026-06-01T01:01:11Z,worker-1,node,system,cron.service,0.0,0.0,0.0,0.0,0.0,0.0,0.0,0.0,0.0,0.0,0.0,0.0,1.0,normal
2026-06-01T01:01:21Z,worker-1,longhorn-system,csi-attacher-896ffc747-rxjjt,csi-attacher,3.0,2.7,0.0,0.0,0.0,1112.0,1014.0,0.0,0.0,0.0,0.0,0.0,260.0,normal
2026-06-01T01:01:21Z,worker-1,longhorn-system,longhorn-csi-plugin-t8lpt,longhorn-liveness-probe,2.7,1.8,0.0,0.0,0.0,224.0,274.0,0.0,0.0,0.0,0.0,0.0,149.0,normal
2026-06-01T01:01:21Z,worker-1,longhorn-system,longhorn-csi-plugin-t8lpt,longhorn-csi-plugin,2.8,1.2,0.0,0.0,0.0,0.0,0.0,0.0,0.0,0.0,0.0,0.0,80.0,normal
2026-06-01T01:01:21Z,worker-1,longhorn-system,csi-resizer-7d9bff5787-242pl,csi-resizer,2.8,2.4,0.0,0.0,0.0,1219.0,996.0,0.0,0.0,0.0,0.0,0.0,244.0,normal
2026-06-01T01:01:21Z,worker-1,kube-system,kube-proxy-pdwww,kube-proxy,2.6,0.3,0.0,0.0,0.0,17167.0,96.0,0.0,0.0,0.0,0.0,0.0,132.0,normal
2026-06-01T01:01:21Z,worker-1,kube-system,tetragon-kl9tz,export-stdout,6.1,4.8,0.0,0.0,0.0,0.0,0.0,0.0,0.0,0.0,0.0,0.0,10.0,normal
2026-06-01T01:01:21Z,worker-1,kube-system,ovs-ovn-w75jd,openvswitch,96.7,57.0,38.0,0.0,0.0,38.0,41.0,0.0,0.0,0.0,52.0,88.0,1819.0,normal
2026-06-01T01:01:21Z,worker-1,gpu-operator,gpu-operator-1764036362-node-feature-discovery-worker-9v5dt,worker,297.4,4.1,159.9,0.0,0.0,137994.0,1811.0,0.0,0.0,0.0,0.0,0.0,1823.0,normal
2026-06-01T01:01:21Z,worker-1,node,system,systemd-journald.service,1.4,0.0,1.0,0.0,0.0,0.0,0.0,0.0,0.0,0.0,0.0,0.0,2.0,normal
2026-06-01T01:01:21Z,worker-1,longhorn-system,csi-snapshotter-65884686fc-gjw5g,csi-snapshotter,11.5,11.2,0.0,0.0,0.0,1263.0,1073.0,0.0,0.0,0.0,0.0,0.0,879.0,normal
2026-06-01T01:01:21Z,worker-1,monitoring,my-monitoring-prometheus-node-exporter-829wk,node-exporter,182.0,0.8,158.2,0.0,0.0,573.0,26261.0,0.0,0.0,0.0,0.0,0.0,119.0,normal
2026-06-01T01:01:21Z,worker-1,node,system,containerd.service,626.3,168.0,353.2,0.0,0.0,0.0,0.0,0.0,0.0,0.0,34.0,308.0,19437.0,normal
2026-06-01T01:01:21Z,worker-1,longhorn-system,engine-image-ei-843accdd-tx99h,engine-image-ei-843accdd,12.5,1.0,14.1,0.0,0.0,0.0,0.0,0.0,0.0,0.0,10.0,35.0,825.0,normal
2026-06-01T01:01:21Z,worker-1,node,system,kubelet.service,443.9,41.1,173.0,1.2,0.0,43869.0,141289.0,0.0,0.0,0.0,0.0,0.0,6919.0,normal
2026-06-01T01:01:21Z,worker-1,kube-system,kube-ovn-cni-cf7cj,cni-server,324.0,22.8,364.6,0.4,0.0,173372.0,1008.0,0.0,0.0,0.0,135.0,189.0,5100.0,normal
2026-06-01T01:01:21Z,worker-1,node,system,systemd-networkd.service,0.2,0.1,0.3,0.0,0.0,0.0,0.0,0.0,0.0,0.0,0.0,0.0,1.0,normal
2026-06-01T01:01:21Z,worker-1,longhorn-system,instance-manager-bacbca1a1c80c6ca28fd5f2d5fd0c24c,instance-manager,192.3,7.4,11.3,0.4,0.0,2972.0,3145.0,0.0,0.0,0.0,6.0,6.0,644.0,normal
2026-06-01T01:01:21Z,worker-1,longhorn-system,longhorn-csi-plugin-t8lpt,node-driver-registrar,0.1,0.1,0.0,0.0,0.0,0.0,0.0,0.0,0.0,0.0,0.0,0.0,9.0,normal
2026-06-01T01:01:21Z,worker-1,kube-system,kube-ovn-pinger-vfzmn,pinger,48.3,19.0,13.2,0.2,0.0,116330.0,1532.0,0.0,12288.0,0.2793815,17.0,26.0,3028.0,normal
2026-06-01T01:01:21Z,worker-1,kube-system,tetragon-kl9tz,tetragon,4.6,2.6,0.0,0.0,0.0,17479.0,239.0,0.0,0.0,0.0,0.0,0.0,12927.0,normal
2026-06-01T01:01:21Z,worker-1,longhorn-system,csi-provisioner-688964c44b-7hv5d,csi-provisioner,35.6,9.2,0.0,0.0,0.0,174654.0,2150.0,0.0,0.0,0.0,0.0,0.0,1368.0,normal
2026-06-01T01:01:21Z,worker-1,longhorn-system,longhorn-manager-fgsfc,longhorn-manager,109.5,42.6,0.2,0.1,0.0,412712.0,11941.0,0.0,0.0,0.0,0.0,0.0,4103.0,normal
2026-06-01T01:01:21Z,worker-1,ebpf-final,ebpf-collector-ch7gf,collector,0.2,0.7,0.3,0.1,0.0,12250.0,16601.0,0.0,0.0,0.0,0.0,0.0,13.0,normal
2026-06-01T01:01:21Z,worker-1,node,system,init.scope,0.2,0.0,0.1,0.0,0.0,0.0,0.0,0.0,0.0,0.0,0.0,0.0,1.0,normal
2026-06-01T01:01:21Z,worker-1,kube-system,nodelocaldns-zjml5,node-cache,12.4,4.2,0.3,1.0,0.0,4922.0,3562.0,0.0,0.0,0.0,0.0,0.0,775.0,normal
2026-06-01T01:01:21Z,worker-1,longhorn-system,engine-image-ei-3154f3aa-kvvkq,engine-image-ei-3154f3aa,12.8,1.0,14.4,0.0,0.0,0.0,0.0,0.0,0.0,0.0,10.0,42.0,1069.0,normal
2026-06-01T01:01:21Z,worker-1,node,system,rsyslog.service,0.0,0.2,0.0,0.0,0.0,0.0,0.0,0.0,0.0,0.0,0.0,0.0,4.0,normal
2026-06-01T01:01:21Z,worker-1,node,system,multipathd.service,0.0,2.1,0.0,0.0,0.0,0.0,0.0,0.0,0.0,0.0,0.0,0.0,28.0,normal
2026-06-01T01:01:21Z,worker-1,unknown,pod-faa3887e,nginx-proxy,0.0,0.0,0.0,0.0,0.0,53987.0,54035.0,0.0,0.0,0.0,0.0,0.0,54.0,normal
2026-06-01T01:01:21Z,worker-1,node,system,cgroup,0.0,0.0,0.0,0.0,0.0,0.0,0.0,40.0,573440.0,0.10032522388059702,0.0,0.0,66506.0,normal
2026-06-01T01:01:21Z,worker-1,node,system,polkit.service,0.0,0.0,0.0,0.0,0.0,0.0,0.0,0.0,0.0,0.0,0.0,0.0,3.0,normal
2026-06-01T01:01:21Z,worker-1,node,system,wpa_supplicant.service,0.0,0.0,0.0,0.0,0.0,0.0,0.0,0.0,0.0,0.0,0.0,0.0,1.0,normal
2026-06-01T01:01:21Z,worker-1,node,system,udisks2.service,0.0,0.0,0.0,0.0,0.0,0.0,0.0,0.0,0.0,0.0,0.0,0.0,3.0,normal
2026-06-01T01:01:31Z,worker-1,longhorn-system,csi-attacher-896ffc747-rxjjt,csi-attacher,2.8,2.6,0.0,0.0,0.0,1112.0,1014.0,0.0,0.0,0.0,0.0,0.0,321.0,normal
2026-06-01T01:01:31Z,worker-1,longhorn-system,longhorn-csi-plugin-t8lpt,longhorn-liveness-probe,2.5,1.6,0.0,0.0,0.0,224.0,274.0,0.0,0.0,0.0,0.0,0.0,189.0,normal
2026-06-01T01:01:31Z,worker-1,longhorn-system,longhorn-csi-plugin-t8lpt,longhorn-csi-plugin,2.5,0.9,0.0,0.0,0.0,0.0,0.0,0.0,0.0,0.0,0.0,0.0,138.0,normal
2026-06-01T01:01:31Z,worker-1,longhorn-system,csi-resizer-7d9bff5787-242pl,csi-resizer,2.5,2.5,0.0,0.0,0.0,1093.0,1031.0,0.0,0.0,0.0,0.0,0.0,230.0,normal
2026-06-01T01:01:31Z,worker-1,kube-system,kube-proxy-pdwww,kube-proxy,2.2,0.4,0.0,0.0,0.0,17041.0,96.0,0.0,0.0,0.0,0.0,0.0,94.0,normal
2026-06-01T01:01:31Z,worker-1,kube-system,tetragon-kl9tz,export-stdout,62.7,61.2,0.0,0.0,0.0,0.0,0.0,0.0,0.0,0.0,0.0,0.0,10.0,normal
2026-06-01T01:01:31Z,worker-1,kube-system,ovs-ovn-w75jd,openvswitch,105.5,64.5,38.2,0.0,0.0,38.0,41.0,0.0,0.0,0.0,52.0,88.0,2115.0,normal
2026-06-01T01:01:31Z,worker-1,gpu-operator,gpu-operator-1764036362-node-feature-discovery-worker-9v5dt,worker,0.7,0.3,0.0,0.0,0.0,333.0,282.0,0.0,0.0,0.0,0.0,0.0,44.0,normal
2026-06-01T01:01:31Z,worker-1,node,system,systemd-journald.service,4.2,0.0,3.0,0.0,0.0,0.0,0.0,0.0,0.0,0.0,0.0,0.0,6.0,normal
2026-06-01T01:01:31Z,worker-1,longhorn-system,csi-snapshotter-65884686fc-gjw5g,csi-snapshotter,11.8,11.4,0.0,0.0,0.0,1699.0,1069.0,0.0,0.0,0.0,0.0,0.0,806.0,normal
2026-06-01T01:01:31Z,worker-1,monitoring,my-monitoring-prometheus-node-exporter-829wk,node-exporter,0.3,0.2,0.0,0.0,0.0,208.0,3254.0,0.0,0.0,0.0,0.0,0.0,12.0,normal
2026-06-01T01:01:31Z,worker-1,node,system,containerd.service,533.7,205.2,240.0,0.0,0.0,0.0,0.0,0.0,0.0,0.0,30.0,268.0,16412.0,normal
2026-06-01T01:01:31Z,worker-1,longhorn-system,engine-image-ei-843accdd-tx99h,engine-image-ei-843accdd,12.4,1.0,14.0,0.0,0.0,0.0,0.0,0.0,0.0,0.0,10.0,24.0,669.0,normal
2026-06-01T01:01:31Z,worker-1,node,system,kubelet.service,436.9,41.5,160.9,1.3,0.0,43273.0,112045.0,0.0,0.0,0.0,0.0,0.0,6638.0,normal
2026-06-01T01:01:31Z,worker-1,kube-system,kube-ovn-cni-cf7cj,cni-server,372.5,26.7,440.1,0.2,0.0,204039.0,1200.0,0.0,0.0,0.0,169.0,202.0,4518.0,normal
2026-06-01T01:01:31Z,worker-1,longhorn-system,instance-manager-bacbca1a1c80c6ca28fd5f2d5fd0c24c,instance-manager,204.8,9.8,12.4,0.4,0.0,3810.0,3766.0,0.0,0.0,0.0,7.0,7.0,819.0,normal
2026-06-01T01:01:31Z,worker-1,longhorn-system,longhorn-csi-plugin-t8lpt,node-driver-registrar,0.1,0.1,0.0,0.0,0.0,0.0,0.0,0.0,0.0,0.0,0.0,0.0,9.0,normal
2026-06-01T01:01:31Z,worker-1,kube-system,kube-ovn-pinger-vfzmn,pinger,49.6,18.7,13.2,0.2,0.0,116280.0,1580.0,0.0,12288.0,0.0473965,17.0,26.0,3717.0,normal
2026-06-01T01:01:31Z,worker-1,kube-system,tetragon-kl9tz,tetragon,5.1,11.5,0.1,0.0,0.0,17613.0,364.0,0.0,0.0,0.0,0.0,0.0,13063.0,normal
2026-06-01T01:01:31Z,worker-1,longhorn-system,csi-provisioner-688964c44b-7hv5d,csi-provisioner,38.9,8.8,0.0,0.0,0.0,204988.0,2190.0,0.0,0.0,0.0,0.0,0.0,1353.0,normal
2026-06-01T01:01:31Z,worker-1,longhorn-system,longhorn-manager-fgsfc,longhorn-manager,361.6,52.3,186.1,0.3,0.0,513967.0,31385.0,0.0,0.0,0.0,17.0,22.0,5891.0,normal
2026-06-01T01:01:31Z,worker-1,ebpf-final,ebpf-collector-ch7gf,collector,158.8,0.8,147.0,0.1,0.0,217720.0,18552.0,0.0,0.0,0.0,0.0,0.0,170.0,normal
2026-06-01T01:01:31Z,worker-1,node,system,init.scope,0.2,4.0,3.5,0.0,0.0,0.0,0.0,0.0,0.0,0.0,0.0,0.0,7.0,normal
2026-06-01T01:01:31Z,worker-1,kube-system,nodelocaldns-zjml5,node-cache,13.2,4.5,0.4,1.0,0.0,4922.0,3562.0,0.0,0.0,0.0,0.0,0.0,710.0,normal
2026-06-01T01:01:31Z,worker-1,longhorn-system,engine-image-ei-3154f3aa-kvvkq,engine-image-ei-3154f3aa,12.8,1.0,14.4,0.0,0.0,0.0,0.0,0.0,0.0,0.0,10.0,44.0,1082.0,normal
2026-06-01T01:01:31Z,worker-1,node,system,rsyslog.service,0.0,0.3,0.0,0.0,0.0,0.0,0.0,0.0,0.0,0.0,0.0,0.0,6.0,normal
2026-06-01T01:01:31Z,worker-1,node,system,multipathd.service,0.0,2.2,0.0,0.0,0.0,0.0,0.0,0.0,0.0,0.0,0.0,0.0,27.0,normal
2026-06-01T01:01:31Z,worker-1,unknown,pod-faa3887e,nginx-proxy,0.0,0.0,0.0,0.0,0.0,53553.0,53601.0,0.0,0.0,0.0,0.0,0.0,40.0,normal
2026-06-01T01:01:31Z,worker-1,node,system,cgroup,0.0,0.0,0.0,0.0,0.0,0.0,0.0,40.0,1183744.0,0.12723084285714284,0.0,0.0,64345.0,normal
2026-06-01T01:01:31Z,worker-1,node,system,polkit.service,0.0,0.0,0.0,0.0,0.0,0.0,0.0,0.0,0.0,0.0,0.0,0.0,2.0,normal
2026-06-01T01:01:31Z,worker-1,node,system,wpa_supplicant.service,0.0,0.0,0.0,0.0,0.0,0.0,0.0,0.0,0.0,0.0,0.0,0.0,1.0,normal
2026-06-01T01:01:31Z,worker-1,node,system,udisks2.service,0.0,0.0,0.0,0.0,0.0,0.0,0.0,0.0,0.0,0.0,0.0,0.0,2.0,normal
2026-06-01T01:01:31Z,worker-1,node,system,rpcbind.service,0.0,0.0,0.0,0.0,0.0,0.0,0.0,0.0,0.0,0.0,0.0,0.0,1.0,normal
2026-06-01T01:01:31Z,worker-1,node,system,dbus.service,0.0,0.0,0.0,0.0,0.0,0.0,0.0,0.0,0.0,0.0,0.0,0.0,9.0,normal
2026-06-01T01:01:41Z,worker-1,longhorn-system,csi-attacher-896ffc747-rxjjt,csi-attacher,4.0,2.9,0.1,0.0,0.0,1490.0,1014.0,0.0,0.0,0.0,0.0,0.0,351.0,normal
2026-06-01T01:01:41Z,worker-1,longhorn-system,longhorn-csi-plugin-t8lpt,longhorn-liveness-probe,2.8,1.7,0.0,0.0,0.0,224.0,274.0,0.0,0.0,0.0,0.0,0.0,177.0,normal
2026-06-01T01:01:41Z,worker-1,longhorn-system,longhorn-csi-plugin-t8lpt,longhorn-csi-plugin,2.4,0.9,0.0,0.0,0.0,0.0,0.0,0.0,0.0,0.0,0.0,0.0,66.0,normal
2026-06-01T01:01:41Z,worker-1,longhorn-system,csi-resizer-7d9bff5787-242pl,csi-resizer,3.3,2.7,0.1,0.0,0.0,1246.0,994.0,0.0,0.0,0.0,0.0,0.0,254.0,normal
2026-06-01T01:01:41Z,worker-1,kube-system,kube-proxy-pdwww,kube-proxy,2.4,0.4,0.0,0.0,0.0,17041.0,96.0,0.0,0.0,0.0,0.0,0.0,96.0,normal
2026-06-01T01:01:41Z,worker-1,kube-system,tetragon-kl9tz,export-stdout,6.1,4.8,0.0,0.0,0.0,0.0,0.0,0.0,0.0,0.0,0.0,0.0,10.0,normal
2026-06-01T01:01:41Z,worker-1,kube-system,ovs-ovn-w75jd,openvswitch,102.1,63.0,37.5,0.0,0.0,38.0,41.0,0.0,0.0,0.0,52.0,88.0,1970.0,normal
2026-06-01T01:01:41Z,worker-1,gpu-operator,gpu-operator-1764036362-node-feature-discovery-worker-9v5dt,worker,0.4,0.2,0.0,0.0,0.0,222.0,188.0,0.0,0.0,0.0,0.0,0.0,28.0,normal
2026-06-01T01:01:41Z,worker-1,node,system,systemd-journald.service,1.4,0.0,1.1,0.0,0.0,0.0,0.0,0.0,0.0,0.0,0.0,0.0,3.0,normal
2026-06-01T01:01:41Z,worker-1,longhorn-system,csi-snapshotter-65884686fc-gjw5g,csi-snapshotter,11.9,11.7,0.0,0.0,0.0,1132.0,1034.0,0.0,0.0,0.0,0.0,0.0,823.0,normal
2026-06-01T01:01:41Z,worker-1,monitoring,my-monitoring-prometheus-node-exporter-829wk,node-exporter,0.2,0.2,0.0,0.0,0.0,208.0,3254.0,0.0,0.0,0.0,0.0,0.0,14.0,normal
2026-06-01T01:01:41Z,worker-1,node,system,containerd.service,359.6,141.1,191.0,0.0,0.0,0.0,0.0,0.0,0.0,0.0,32.0,288.0,14940.0,normal
2026-06-01T01:01:41Z,worker-1,longhorn-system,engine-image-ei-843accdd-tx99h,engine-image-ei-843accdd,12.7,1.0,14.3,0.0,0.0,0.0,0.0,0.0,0.0,0.0,10.0,37.0,1007.0,normal
2026-06-01T01:01:41Z,worker-1,node,system,kubelet.service,363.2,38.0,125.7,1.2,0.0,43417.0,111833.0,0.0,0.0,0.0,2.0,2.0,6290.0,normal
2026-06-01T01:01:41Z,worker-1,kube-system,kube-ovn-cni-cf7cj,cni-server,325.3,22.2,363.7,0.3,0.0,204194.0,1200.0,0.0,0.0,0.0,134.0,175.0,4440.0,normal
2026-06-01T01:01:41Z,worker-1,longhorn-system,instance-manager-bacbca1a1c80c6ca28fd5f2d5fd0c24c,instance-manager,194.5,8.0,11.3,0.4,0.0,3023.0,3196.0,0.0,0.0,0.0,6.0,6.0,642.0,normal
2026-06-01T01:01:41Z,worker-1,longhorn-system,longhorn-csi-plugin-t8lpt,node-driver-registrar,0.1,0.1,0.0,0.0,0.0,0.0,0.0,0.0,0.0,0.0,0.0,0.0,9.0,normal
2026-06-01T01:01:41Z,worker-1,kube-system,kube-ovn-pinger-vfzmn,pinger,17.0,14.5,0.0,0.0,0.0,32319.0,375.0,0.0,12288.0,0.055353,0.0,0.0,3074.0,normal
2026-06-01T01:01:41Z,worker-1,kube-system,tetragon-kl9tz,tetragon,5.8,3.2,0.0,0.0,0.0,17503.0,239.0,0.0,0.0,0.0,0.0,0.0,12396.0,normal
2026-06-01T01:01:41Z,worker-1,longhorn-system,csi-provisioner-688964c44b-7hv5d,csi-provisioner,38.9,8.2,0.1,0.0,0.0,205252.0,2190.0,0.0,0.0,0.0,0.0,0.0,1359.0,normal
2026-06-01T01:01:41Z,worker-1,longhorn-system,longhorn-manager-fgsfc,longhorn-manager,122.9,42.1,0.2,0.1,0.1,483784.0,11381.0,0.0,0.0,0.0,0.0,0.0,4638.0,normal
2026-06-01T01:01:41Z,worker-1,ebpf-final,ebpf-collector-ch7gf,collector,0.2,0.8,0.3,0.1,0.0,12947.0,17554.0,0.0,0.0,0.0,0.0,0.0,14.0,normal
2026-06-01T01:01:41Z,worker-1,kube-system,nodelocaldns-zjml5,node-cache,28.8,6.2,37.5,1.0,0.0,4922.0,3562.0,0.0,0.0,0.0,12.0,12.0,888.0,normal
2026-06-01T01:01:41Z,worker-1,longhorn-system,engine-image-ei-3154f3aa-kvvkq,engine-image-ei-3154f3aa,12.9,1.0,14.5,0.0,0.0,0.0,0.0,0.0,0.0,0.0,10.0,43.0,1033.0,normal
2026-06-01T01:01:41Z,worker-1,node,system,rsyslog.service,0.0,0.2,0.0,0.0,0.0,0.0,0.0,0.0,0.0,0.0,0.0,0.0,4.0,normal
2026-06-01T01:01:41Z,worker-1,node,system,multipathd.service,0.0,2.2,0.0,0.0,0.0,0.0,0.0,0.0,0.0,0.0,0.0,0.0,26.0,normal
2026-06-01T01:01:41Z,worker-1,unknown,pod-faa3887e,nginx-proxy,0.0,0.0,0.0,0.0,0.0,53806.0,53854.0,0.0,0.0,0.0,0.0,0.0,50.0,normal
2026-06-01T01:01:41Z,worker-1,node,system,cgroup,0.0,0.0,0.0,0.0,0.0,0.0,0.0,40.0,593920.0,0.1791938148148148,0.0,0.0,59660.0,normal
2026-06-01T01:01:41Z,worker-1,node,system,polkit.service,0.0,0.0,0.0,0.0,0.0,0.0,0.0,0.0,0.0,0.0,0.0,0.0,3.0,normal
2026-06-01T01:01:41Z,worker-1,node,system,wpa_supplicant.service,0.0,0.0,0.0,0.0,0.0,0.0,0.0,0.0,0.0,0.0,0.0,0.0,1.0,normal
2026-06-01T01:01:41Z,worker-1,node,system,udisks2.service,0.0,0.0,0.0,0.0,0.0,0.0,0.0,0.0,0.0,0.0,0.0,0.0,3.0,normal
2026-06-01T01:01:51Z,worker-1,longhorn-system,csi-attacher-896ffc747-rxjjt,csi-attacher,3.4,3.4,0.0,0.0,0.0,1111.0,1049.0,0.0,0.0,0.0,0.0,0.0,279.0,normal
2026-06-01T01:01:51Z,worker-1,longhorn-system,longhorn-csi-plugin-t8lpt,longhorn-liveness-probe,2.7,1.8,0.0,0.0,0.0,224.0,274.0,0.0,0.0,0.0,0.0,0.0,172.0,normal
2026-06-01T01:01:51Z,worker-1,longhorn-system,longhorn-csi-plugin-t8lpt,longhorn-csi-plugin,2.7,1.1,0.0,0.0,0.0,0.0,0.0,0.0,0.0,0.0,0.0,0.0,78.0,normal
2026-06-01T01:01:51Z,worker-1,longhorn-system,csi-resizer-7d9bff5787-242pl,csi-resizer,3.1,2.6,0.0,0.0,0.0,1216.0,994.0,0.0,0.0,0.0,0.0,0.0,263.0,normal
2026-06-01T01:01:51Z,worker-1,kube-system,kube-proxy-pdwww,kube-proxy,2.4,0.3,0.0,0.0,0.0,17166.0,96.0,0.0,0.0,0.0,0.0,0.0,107.0,normal
2026-06-01T01:01:51Z,worker-1,kube-system,tetragon-kl9tz,export-stdout,5.4,4.2,0.0,0.0,0.0,0.0,0.0,0.0,0.0,0.0,0.0,0.0,10.0,normal
2026-06-01T01:01:51Z,worker-1,kube-system,ovs-ovn-w75jd,openvswitch,103.7,65.7,38.1,0.0,0.0,38.0,41.0,0.0,0.0,0.0,52.0,88.0,2057.0,normal
2026-06-01T01:01:51Z,worker-1,gpu-operator,gpu-operator-1764036362-node-feature-discovery-worker-9v5dt,worker,0.7,0.3,0.0,0.0,0.0,261.0,227.0,0.0,0.0,0.0,0.0,0.0,92.0,normal
2026-06-01T01:01:51Z,worker-1,node,system,systemd-journald.service,1.4,0.0,1.0,0.0,0.0,0.0,0.0,0.0,0.0,0.0,0.0,0.0,2.0,normal
2026-06-01T01:01:51Z,worker-1,longhorn-system,csi-snapshotter-65884686fc-gjw5g,csi-snapshotter,11.7,11.2,0.2,0.0,0.0,1273.0,1073.0,0.0,0.0,0.0,0.0,0.0,852.0,normal
2026-06-01T01:01:51Z,worker-1,monitoring,my-monitoring-prometheus-node-exporter-829wk,node-exporter,181.9,0.8,158.2,0.0,0.0,573.0,26279.0,0.0,0.0,0.0,0.0,0.0,285.0,normal
2026-06-01T01:01:51Z,worker-1,node,system,containerd.service,599.3,156.0,344.2,0.0,0.0,0.0,0.0,0.0,0.0,0.0,30.0,269.0,17856.0,normal
2026-06-01T01:01:51Z,worker-1,longhorn-system,engine-image-ei-843accdd-tx99h,engine-image-ei-843accdd,12.5,1.0,14.2,0.0,0.0,0.0,0.0,0.0,0.0,0.0,10.0,30.0,763.0,normal
2026-06-01T01:01:51Z,worker-1,node,system,kubelet.service,444.2,40.5,199.6,1.2,0.0,43581.0,141355.0,0.0,0.0,0.0,0.0,0.0,6533.0,normal
2026-06-01T01:01:51Z,worker-1,kube-system,kube-ovn-cni-cf7cj,cni-server,322.8,22.9,362.0,0.3,0.0,203900.0,1200.0,0.0,0.0,0.0,132.0,173.0,4336.0,normal
2026-06-01T01:01:51Z,worker-1,node,system,systemd-networkd.service,0.2,0.1,0.3,0.0,0.0,0.0,0.0,0.0,0.0,0.0,0.0,0.0,1.0,normal
2026-06-01T01:01:51Z,worker-1,longhorn-system,instance-manager-bacbca1a1c80c6ca28fd5f2d5fd0c24c,instance-manager,26.2,6.5,1.2,0.0,0.0,2972.0,3085.0,0.0,0.0,0.0,1.0,1.0,552.0,normal
2026-06-01T01:01:51Z,worker-1,longhorn-system,longhorn-csi-plugin-t8lpt,node-driver-registrar,0.1,0.1,0.0,0.0,0.0,0.0,0.0,0.0,0.0,0.0,0.0,0.0,9.0,normal
2026-06-01T01:01:51Z,worker-1,kube-system,kube-ovn-pinger-vfzmn,pinger,49.5,21.7,13.2,0.2,0.0,116241.0,1580.0,0.0,12288.0,0.054192,17.0,26.0,3776.0,normal
2026-06-01T01:01:51Z,worker-1,kube-system,tetragon-kl9tz,tetragon,5.7,3.3,0.0,0.0,0.0,17332.0,239.0,0.0,0.0,0.0,0.0,0.0,13105.0,normal
2026-06-01T01:01:51Z,worker-1,longhorn-system,csi-provisioner-688964c44b-7hv5d,csi-provisioner,40.8,10.2,0.0,0.0,0.0,205147.0,2190.0,0.0,0.0,0.0,0.0,0.0,1396.0,normal
2026-06-01T01:01:51Z,worker-1,longhorn-system,longhorn-manager-fgsfc,longhorn-manager,116.9,41.1,0.1,0.1,0.0,466159.0,10888.0,0.0,0.0,0.0,0.0,0.0,4491.0,normal
2026-06-01T01:01:51Z,worker-1,ebpf-final,ebpf-collector-ch7gf,collector,0.2,0.7,0.3,0.1,0.0,11915.0,16133.0,0.0,0.0,0.0,0.0,0.0,11.0,normal
2026-06-01T01:01:51Z,worker-1,kube-system,nodelocaldns-zjml5,node-cache,14.1,5.1,0.4,1.0,0.0,4922.0,3489.0,0.0,0.0,0.0,0.0,0.0,734.0,normal
2026-06-01T01:01:51Z,worker-1,longhorn-system,engine-image-ei-3154f3aa-kvvkq,engine-image-ei-3154f3aa,12.8,1.0,14.4,0.0,0.0,0.0,0.0,0.0,0.0,0.0,10.0,41.0,989.0,normal
2026-06-01T01:01:51Z,worker-1,node,system,rsyslog.service,0.0,0.1,0.0,0.0,0.0,0.0,0.0,0.0,0.0,0.0,0.0,0.0,2.0,normal
2026-06-01T01:01:51Z,worker-1,node,system,multipathd.service,0.0,2.3,0.0,0.0,0.0,0.0,0.0,0.0,0.0,0.0,0.0,0.0,27.0,normal
2026-06-01T01:01:51Z,worker-1,unknown,pod-faa3887e,nginx-proxy,0.0,0.0,0.0,0.0,0.0,53738.0,53786.0,0.0,0.0,0.0,0.0,0.0,39.0,normal
2026-06-01T01:01:51Z,worker-1,node,system,cgroup,0.0,0.0,0.0,0.0,0.0,0.0,0.0,32.0,565248.0,0.11163787323943662,0.0,0.0,63670.0,normal
2026-06-01T01:01:51Z,worker-1,node,system,polkit.service,0.0,0.0,0.0,0.0,0.0,0.0,0.0,0.0,0.0,0.0,0.0,0.0,2.0,normal
2026-06-01T01:01:51Z,worker-1,node,system,wpa_supplicant.service,0.0,0.0,0.0,0.0,0.0,0.0,0.0,0.0,0.0,0.0,0.0,0.0,1.0,normal
2026-06-01T01:01:51Z,worker-1,node,system,udisks2.service,0.0,0.0,0.0,0.0,0.0,0.0,0.0,0.0,0.0,0.0,0.0,0.0,2.0,normal
2026-06-01T01:02:02Z,worker-1,longhorn-system,csi-attacher-896ffc747-rxjjt,csi-attacher,3.3,2.9,0.0,0.0,0.0,1150.0,1014.0,0.0,0.0,0.0,0.0,0.0,272.0,normal
2026-06-01T01:02:02Z,worker-1,longhorn-system,longhorn-csi-plugin-t8lpt,longhorn-liveness-probe,2.7,1.7,0.0,0.0,0.0,224.0,274.0,0.0,0.0,0.0,0.0,0.0,237.0,normal
2026-06-01T01:02:02Z,worker-1,longhorn-system,longhorn-csi-plugin-t8lpt,longhorn-csi-plugin,2.9,1.0,0.0,0.0,0.0,0.0,0.0,0.0,0.0,0.0,0.0,0.0,75.0,normal
2026-06-01T01:02:02Z,worker-1,longhorn-system,csi-resizer-7d9bff5787-242pl,csi-resizer,2.7,2.4,0.0,0.0,0.0,1092.0,994.0,0.0,0.0,0.0,0.0,0.0,294.0,normal
2026-06-01T01:02:02Z,worker-1,kube-system,kube-proxy-pdwww,kube-proxy,2.2,0.4,0.0,0.0,0.0,17041.0,96.0,0.0,0.0,0.0,0.0,0.0,102.0,normal
2026-06-01T01:02:02Z,worker-1,kube-system,tetragon-kl9tz,export-stdout,18.8,17.2,0.0,0.0,0.0,0.0,0.0,0.0,0.0,0.0,0.0,0.0,11.0,normal
2026-06-01T01:02:02Z,worker-1,kube-system,ovs-ovn-w75jd,openvswitch,114.2,74.8,38.0,0.0,0.0,38.0,41.0,0.0,0.0,0.0,52.0,88.0,2327.0,normal
2026-06-01T01:02:02Z,worker-1,gpu-operator,gpu-operator-1764036362-node-feature-discovery-worker-9v5dt,worker,0.5,0.2,0.0,0.0,0.0,222.0,188.0,0.0,0.0,0.0,0.0,0.0,32.0,normal
2026-06-01T01:02:02Z,worker-1,node,system,systemd-logind.service,0.1,0.0,0.0,0.0,0.0,0.0,0.0,0.0,0.0,0.0,0.0,0.0,1.0,normal
2026-06-01T01:02:02Z,worker-1,longhorn-system,csi-snapshotter-65884686fc-gjw5g,csi-snapshotter,11.7,11.3,0.0,0.0,0.0,1309.0,1073.0,0.0,0.0,0.0,0.0,0.0,876.0,normal
2026-06-01T01:02:02Z,worker-1,monitoring,my-monitoring-prometheus-node-exporter-829wk,node-exporter,0.4,0.3,0.0,0.0,0.0,312.0,4881.0,0.0,0.0,0.0,0.0,0.0,30.0,normal
2026-06-01T01:02:02Z,worker-1,node,system,containerd.service,464.9,158.9,244.0,0.0,0.0,0.0,0.0,0.0,0.0,0.0,32.0,290.0,16617.0,normal
2026-06-01T01:02:02Z,worker-1,longhorn-system,engine-image-ei-843accdd-tx99h,engine-image-ei-843accdd,12.7,1.0,14.3,0.0,0.0,0.0,0.0,0.0,0.0,0.0,10.0,36.0,999.0,normal
2026-06-01T01:02:02Z,worker-1,node,system,kubelet.service,571.5,42.0,216.7,1.3,0.0,46343.0,216679.0,0.0,0.0,0.0,0.0,0.0,7592.0,normal
2026-06-01T01:02:02Z,worker-1,kube-system,kube-ovn-cni-cf7cj,cni-server,373.7,27.0,440.9,0.3,0.0,204058.0,1200.0,0.0,0.0,0.0,170.0,207.0,5049.0,normal
2026-06-01T01:02:02Z,worker-1,longhorn-system,instance-manager-bacbca1a1c80c6ca28fd5f2d5fd0c24c,instance-manager,205.6,9.5,12.4,0.4,0.0,3811.0,3766.0,0.0,0.0,0.0,7.0,7.0,821.0,normal
2026-06-01T01:02:02Z,worker-1,longhorn-system,longhorn-csi-plugin-t8lpt,node-driver-registrar,0.1,0.1,0.0,0.0,0.0,0.0,0.0,0.0,0.0,0.0,0.0,0.0,9.0,normal
2026-06-01T01:02:02Z,worker-1,kube-system,kube-ovn-pinger-vfzmn,pinger,51.6,21.6,13.3,0.2,0.0,116352.0,1580.0,0.0,12288.0,0.059771,17.0,26.0,3227.0,normal
2026-06-01T01:02:02Z,worker-1,kube-system,tetragon-kl9tz,tetragon,7.6,5.7,0.4,0.0,0.0,17697.0,22034.0,0.0,0.0,0.0,0.0,0.0,14568.0,normal
2026-06-01T01:02:02Z,worker-1,longhorn-system,csi-provisioner-688964c44b-7hv5d,csi-provisioner,36.7,6.9,0.0,0.0,0.0,205095.0,2190.0,0.0,0.0,0.0,0.0,0.0,1351.0,normal
2026-06-01T01:02:02Z,worker-1,longhorn-system,longhorn-manager-fgsfc,longhorn-manager,176.5,51.2,14.9,0.3,0.0,481201.0,21867.0,0.0,0.0,0.0,2.0,12.0,5419.0,normal
2026-06-01T01:02:02Z,worker-1,ebpf-final,ebpf-collector-ch7gf,collector,158.6,0.8,147.1,0.1,0.0,217371.0,18075.0,0.0,0.0,0.0,0.0,0.0,169.0,normal
2026-06-01T01:02:02Z,worker-1,node,system,init.scope,0.2,0.0,0.1,0.0,0.0,0.0,0.0,0.0,0.0,0.0,0.0,0.0,1.0,normal
2026-06-01T01:02:02Z,worker-1,kube-system,nodelocaldns-zjml5,node-cache,13.1,4.7,0.3,1.1,0.0,5145.0,3785.0,0.0,0.0,0.0,0.0,0.0,631.0,normal
2026-06-01T01:02:02Z,worker-1,longhorn-system,engine-image-ei-3154f3aa-kvvkq,engine-image-ei-3154f3aa,12.7,1.0,14.3,0.0,0.0,0.0,0.0,0.0,0.0,0.0,10.0,38.0,1008.0,normal
2026-06-01T01:02:02Z,worker-1,node,system,multipathd.service,0.0,2.2,0.0,0.0,0.0,0.0,0.0,0.0,0.0,0.0,0.0,0.0,22.0,normal
2026-06-01T01:02:02Z,worker-1,unknown,pod-faa3887e,nginx-proxy,0.0,0.0,0.0,0.0,0.0,53870.0,53918.0,0.0,0.0,0.0,0.0,0.0,53.0,normal
2026-06-01T01:02:02Z,worker-1,node,system,cgroup,0.0,0.0,0.0,0.0,0.0,0.0,0.0,48.0,360448.0,0.12327052380952382,0.0,0.0,67254.0,normal
2026-06-01T01:02:02Z,worker-1,node,system,polkit.service,0.0,0.0,0.0,0.0,0.0,0.0,0.0,0.0,0.0,0.0,0.0,0.0,3.0,normal
2026-06-01T01:02:02Z,worker-1,node,system,wpa_supplicant.service,0.0,0.0,0.0,0.0,0.0,0.0,0.0,0.0,0.0,0.0,0.0,0.0,1.0,normal
2026-06-01T01:02:02Z,worker-1,node,system,udisks2.service,0.0,0.0,0.0,0.0,0.0,0.0,0.0,0.0,0.0,0.0,0.0,0.0,3.0,normal
2026-06-01T01:02:02Z,worker-1,node,system,rpcbind.service,0.0,0.0,0.0,0.0,0.0,0.0,0.0,0.0,0.0,0.0,0.0,0.0,1.0,normal
2026-06-01T01:02:02Z,worker-1,node,system,cron.service,0.0,0.0,0.0,0.0,0.0,0.0,0.0,0.0,0.0,0.0,0.0,0.0,1.0,normal
2026-06-01T01:02:12Z,worker-1,longhorn-system,csi-attacher-896ffc747-rxjjt,csi-attacher,3.0,2.8,0.0,0.0,0.0,1113.0,1014.0,0.0,0.0,0.0,0.0,0.0,266.0,normal
2026-06-01T01:02:12Z,worker-1,longhorn-system,longhorn-csi-plugin-t8lpt,longhorn-liveness-probe,2.8,1.8,0.0,0.0,0.0,224.0,274.0,0.0,0.0,0.0,0.0,0.0,176.0,normal
2026-06-01T01:02:12Z,worker-1,longhorn-system,longhorn-csi-plugin-t8lpt,longhorn-csi-plugin,3.1,1.4,0.0,0.0,0.0,0.0,0.0,0.0,0.0,0.0,0.0,0.0,74.0,normal
2026-06-01T01:02:12Z,worker-1,longhorn-system,csi-resizer-7d9bff5787-242pl,csi-resizer,2.7,2.5,0.0,0.0,0.0,1091.0,994.0,0.0,0.0,0.0,0.0,0.0,238.0,normal
2026-06-01T01:02:12Z,worker-1,kube-system,kube-proxy-pdwww,kube-proxy,2.9,0.5,0.0,0.0,0.0,17302.0,96.0,0.0,0.0,0.0,0.0,0.0,209.0,normal
2026-06-01T01:02:12Z,worker-1,kube-system,tetragon-kl9tz,export-stdout,6.7,5.4,0.0,0.0,0.0,0.0,0.0,0.0,0.0,0.0,0.0,0.0,10.0,normal
2026-06-01T01:02:12Z,worker-1,kube-system,ovs-ovn-w75jd,openvswitch,104.9,64.9,38.0,0.0,0.0,38.0,41.0,0.0,0.0,0.0,52.0,88.0,2052.0,normal
2026-06-01T01:02:12Z,worker-1,gpu-operator,gpu-operator-1764036362-node-feature-discovery-worker-9v5dt,worker,0.3,0.2,0.0,0.0,0.0,222.0,188.0,0.0,0.0,0.0,0.0,0.0,27.0,normal
2026-06-01T01:02:12Z,worker-1,node,system,systemd-journald.service,1.4,0.0,1.1,0.0,0.0,0.0,0.0,0.0,0.0,0.0,0.0,0.0,2.0,normal
2026-06-01T01:02:12Z,worker-1,longhorn-system,csi-snapshotter-65884686fc-gjw5g,csi-snapshotter,12.1,11.9,0.0,0.0,0.0,1235.0,1034.0,0.0,0.0,0.0,0.0,0.0,837.0,normal
2026-06-01T01:02:12Z,worker-1,monitoring,my-monitoring-prometheus-node-exporter-829wk,node-exporter,0.4,0.2,0.0,0.0,0.0,208.0,3254.0,0.0,0.0,0.0,0.0,0.0,22.0,normal
2026-06-01T01:02:12Z,worker-1,node,system,containerd.service,365.6,142.1,191.3,0.0,0.0,0.0,0.0,0.0,0.0,0.0,32.0,291.0,14998.0,normal
2026-06-01T01:02:12Z,worker-1,longhorn-system,engine-image-ei-843accdd-tx99h,engine-image-ei-843accdd,12.8,1.0,14.4,0.0,0.0,0.0,0.0,0.0,0.0,0.0,10.0,38.0,1001.0,normal
2026-06-01T01:02:12Z,worker-1,node,system,kubelet.service,371.4,37.3,115.8,1.2,0.0,45622.0,113526.0,0.0,0.0,0.0,0.0,0.0,5811.0,normal
2026-06-01T01:02:12Z,worker-1,kube-system,kube-ovn-cni-cf7cj,cni-server,325.9,22.4,363.7,0.3,0.0,204049.0,1200.0,0.0,0.0,0.0,134.0,175.0,4612.0,normal
2026-06-01T01:02:12Z,worker-1,longhorn-system,instance-manager-bacbca1a1c80c6ca28fd5f2d5fd0c24c,instance-manager,197.0,9.0,11.3,0.5,0.0,4107.0,4932.0,0.0,0.0,0.0,6.0,6.0,836.0,normal
2026-06-01T01:02:12Z,worker-1,longhorn-system,longhorn-csi-plugin-t8lpt,node-driver-registrar,0.1,0.1,0.0,0.0,0.0,0.0,0.0,0.0,0.0,0.0,0.0,0.0,9.0,normal
2026-06-01T01:02:12Z,worker-1,kube-system,kube-ovn-pinger-vfzmn,pinger,50.5,20.5,13.2,0.2,0.0,116296.0,1580.0,0.0,12288.0,0.0557305,17.0,26.0,3701.0,normal
2026-06-01T01:02:12Z,worker-1,kube-system,tetragon-kl9tz,tetragon,5.9,3.1,0.0,0.0,0.0,17618.0,239.0,0.0,0.0,0.0,0.0,0.0,12598.0,normal
2026-06-01T01:02:12Z,worker-1,longhorn-system,csi-provisioner-688964c44b-7hv5d,csi-provisioner,39.0,9.1,0.0,0.0,0.0,205230.0,2190.0,0.0,0.0,0.0,0.0,0.0,1321.0,normal
2026-06-01T01:02:12Z,worker-1,longhorn-system,longhorn-manager-fgsfc,longhorn-manager,122.8,45.2,0.1,0.1,0.0,469829.0,13979.0,0.0,0.0,0.0,0.0,0.0,4702.0,normal
2026-06-01T01:02:12Z,worker-1,ebpf-final,ebpf-collector-ch7gf,collector,0.2,0.7,0.3,0.1,0.0,12599.0,17078.0,0.0,0.0,0.0,0.0,0.0,14.0,normal
2026-06-01T01:02:12Z,worker-1,kube-system,nodelocaldns-zjml5,node-cache,13.0,4.4,0.3,1.0,0.0,4922.0,3562.0,0.0,0.0,0.0,0.0,0.0,666.0,normal
2026-06-01T01:02:12Z,worker-1,longhorn-system,engine-image-ei-3154f3aa-kvvkq,engine-image-ei-3154f3aa,12.7,1.0,14.3,0.0,0.0,0.0,0.0,0.0,0.0,0.0,10.0,39.0,1023.0,normal
2026-06-01T01:02:12Z,worker-1,node,system,rsyslog.service,0.0,0.1,0.0,0.0,0.0,0.0,0.0,0.0,0.0,0.0,0.0,0.0,2.0,normal
2026-06-01T01:02:12Z,worker-1,node,system,multipathd.service,0.0,2.2,0.0,0.0,0.0,0.0,0.0,0.0,0.0,0.0,0.0,0.0,21.0,normal
2026-06-01T01:02:12Z,worker-1,unknown,pod-faa3887e,nginx-proxy,0.0,0.0,0.0,0.0,0.0,57710.0,57758.0,0.0,0.0,0.0,0.0,0.0,54.0,normal
2026-06-01T01:02:12Z,worker-1,node,system,cgroup,0.0,0.0,0.0,0.0,0.0,0.0,0.0,40.0,655360.0,0.12315827692307692,0.0,0.0,60365.0,normal
2026-06-01T01:02:12Z,worker-1,node,system,polkit.service,0.0,0.0,0.0,0.0,0.0,0.0,0.0,0.0,0.0,0.0,0.0,0.0,2.0,normal
2026-06-01T01:02:12Z,worker-1,node,system,wpa_supplicant.service,0.0,0.0,0.0,0.0,0.0,0.0,0.0,0.0,0.0,0.0,0.0,0.0,1.0,normal
2026-06-01T01:02:12Z,worker-1,node,system,udisks2.service,0.0,0.0,0.0,0.0,0.0,0.0,0.0,0.0,0.0,0.0,0.0,0.0,2.0,normal
2026-06-01T01:02:22Z,worker-1,longhorn-system,csi-attacher-896ffc747-rxjjt,csi-attacher,3.0,2.7,0.0,0.0,0.0,1114.0,1012.0,0.0,0.0,0.0,0.0,0.0,278.0,normal
2026-06-01T01:02:22Z,worker-1,longhorn-system,longhorn-csi-plugin-t8lpt,longhorn-liveness-probe,2.9,1.8,0.0,0.0,0.0,224.0,274.0,0.0,0.0,0.0,0.0,0.0,150.0,normal
2026-06-01T01:02:22Z,worker-1,longhorn-system,longhorn-csi-plugin-t8lpt,longhorn-csi-plugin,3.0,1.2,0.0,0.0,0.0,0.0,0.0,0.0,0.0,0.0,0.0,0.0,91.0,normal
2026-06-01T01:02:22Z,worker-1,longhorn-system,csi-resizer-7d9bff5787-242pl,csi-resizer,2.9,2.6,0.0,0.0,0.0,1219.0,1031.0,0.0,0.0,0.0,0.0,0.0,255.0,normal
2026-06-01T01:02:22Z,worker-1,kube-system,kube-proxy-pdwww,kube-proxy,3.0,0.3,0.0,0.0,0.0,17445.0,96.0,0.0,0.0,0.0,0.0,0.0,137.0,normal
2026-06-01T01:02:22Z,worker-1,kube-system,tetragon-kl9tz,export-stdout,5.2,4.1,0.0,0.0,0.0,0.0,0.0,0.0,0.0,0.0,0.0,0.0,10.0,normal
2026-06-01T01:02:22Z,worker-1,kube-system,ovs-ovn-w75jd,openvswitch,112.7,70.8,38.0,0.0,0.0,38.0,41.0,0.0,0.0,0.0,52.0,88.0,2302.0,normal
2026-06-01T01:02:22Z,worker-1,gpu-operator,gpu-operator-1764036362-node-feature-discovery-worker-9v5dt,worker,297.2,4.3,159.9,0.0,0.0,138033.0,1850.0,0.0,0.0,0.0,0.0,0.0,1911.0,normal
2026-06-01T01:02:22Z,worker-1,longhorn-system,csi-snapshotter-65884686fc-gjw5g,csi-snapshotter,11.6,11.4,0.0,0.0,0.0,1131.0,1069.0,0.0,0.0,0.0,0.0,0.0,826.0,normal
2026-06-01T01:02:22Z,worker-1,monitoring,my-monitoring-prometheus-node-exporter-829wk,node-exporter,182.0,0.8,158.2,0.0,0.0,573.0,26287.0,0.0,0.0,0.0,0.0,0.0,270.0,normal
2026-06-01T01:02:22Z,worker-1,node,system,containerd.service,605.5,156.0,345.4,0.0,0.0,0.0,0.0,0.0,0.0,0.0,30.0,270.0,17730.0,normal
2026-06-01T01:02:22Z,worker-1,longhorn-system,engine-image-ei-843accdd-tx99h,engine-image-ei-843accdd,12.6,1.0,14.2,0.0,0.0,0.0,0.0,0.0,0.0,0.0,10.0,30.0,832.0,normal
2026-06-01T01:02:22Z,worker-1,node,system,kubelet.service,459.8,40.3,174.5,1.2,0.0,43983.0,141241.0,0.0,0.0,0.0,0.0,0.0,6329.0,normal
2026-06-01T01:02:22Z,worker-1,kube-system,kube-ovn-cni-cf7cj,cni-server,318.2,21.6,359.8,0.2,0.0,204049.0,1200.0,0.0,0.0,0.0,130.0,158.0,3821.0,normal
2026-06-01T01:02:22Z,worker-1,node,system,systemd-networkd.service,0.3,0.1,0.3,0.0,0.0,0.0,0.0,0.0,0.0,0.0,0.0,0.0,2.0,normal
2026-06-01T01:02:22Z,worker-1,longhorn-system,instance-manager-bacbca1a1c80c6ca28fd5f2d5fd0c24c,instance-manager,198.9,9.6,11.3,0.4,0.0,4159.0,4425.0,0.0,0.0,0.0,6.0,6.0,806.0,normal
2026-06-01T01:02:22Z,worker-1,longhorn-system,longhorn-csi-plugin-t8lpt,node-driver-registrar,0.1,0.1,0.0,0.0,0.0,0.0,0.0,0.0,0.0,0.0,0.0,0.0,9.0,normal
2026-06-01T01:02:22Z,worker-1,kube-system,kube-ovn-pinger-vfzmn,pinger,50.1,21.3,13.2,0.2,0.0,116375.0,1580.0,0.0,12288.0,0.0579105,17.0,26.0,3419.0,normal
2026-06-01T01:02:22Z,worker-1,kube-system,tetragon-kl9tz,tetragon,5.0,2.8,0.0,0.0,0.0,17332.0,239.0,0.0,0.0,0.0,0.0,0.0,12368.0,normal
2026-06-01T01:02:22Z,worker-1,longhorn-system,csi-provisioner-688964c44b-7hv5d,csi-provisioner,41.6,9.9,0.0,0.0,0.0,205371.0,2190.0,0.0,0.0,0.0,0.0,0.0,1434.0,normal
2026-06-01T01:02:22Z,worker-1,longhorn-system,longhorn-manager-fgsfc,longhorn-manager,124.8,47.3,0.2,0.1,0.1,466685.0,11076.0,0.0,0.0,0.0,0.0,0.0,4569.0,normal
2026-06-01T01:02:22Z,worker-1,ebpf-final,ebpf-collector-ch7gf,collector,0.2,0.7,0.3,0.1,0.0,11911.0,16138.0,0.0,0.0,0.0,0.0,0.0,12.0,normal
2026-06-01T01:02:22Z,worker-1,node,system,init.scope,0.2,0.0,0.1,0.0,0.0,0.0,0.0,0.0,0.0,0.0,0.0,0.0,1.0,normal
2026-06-01T01:02:22Z,worker-1,kube-system,nodelocaldns-zjml5,node-cache,12.8,4.4,0.4,1.0,0.0,4922.0,3562.0,0.0,0.0,0.0,0.0,0.0,777.0,normal
2026-06-01T01:02:22Z,worker-1,longhorn-system,engine-image-ei-3154f3aa-kvvkq,engine-image-ei-3154f3aa,12.8,1.0,14.4,0.0,0.0,0.0,0.0,0.0,0.0,0.0,10.0,42.0,1040.0,normal
2026-06-01T01:02:22Z,worker-1,node,system,multipathd.service,0.0,2.1,0.0,0.0,0.0,0.0,0.0,0.0,0.0,0.0,0.0,0.0,20.0,normal
2026-06-01T01:02:22Z,worker-1,unknown,pod-faa3887e,nginx-proxy,0.0,0.0,0.0,0.0,0.0,54380.0,54428.0,0.0,0.0,0.0,0.0,0.0,53.0,normal
2026-06-01T01:02:22Z,worker-1,node,system,cgroup,0.0,0.0,0.0,0.0,0.0,0.0,0.0,32.0,368640.0,0.10057283333333333,0.0,0.0,64250.0,normal
2026-06-01T01:02:22Z,worker-1,node,system,polkit.service,0.0,0.0,0.0,0.0,0.0,0.0,0.0,0.0,0.0,0.0,0.0,0.0,3.0,normal
2026-06-01T01:02:22Z,worker-1,node,system,wpa_supplicant.service,0.0,0.0,0.0,0.0,0.0,0.0,0.0,0.0,0.0,0.0,0.0,0.0,2.0,normal
2026-06-01T01:02:22Z,worker-1,node,system,udisks2.service,0.0,0.0,0.0,0.0,0.0,0.0,0.0,0.0,0.0,0.0,0.0,0.0,3.0,normal
2026-06-01T01:02:32Z,worker-1,longhorn-system,csi-attacher-896ffc747-rxjjt,csi-attacher,3.2,2.8,0.1,0.0,0.0,1109.0,1012.0,0.0,0.0,0.0,0.0,0.0,266.0,normal
2026-06-01T01:02:32Z,worker-1,longhorn-system,longhorn-csi-plugin-t8lpt,longhorn-liveness-probe,2.9,1.9,0.0,0.0,0.0,224.0,274.0,0.0,0.0,0.0,0.0,0.0,163.0,normal
2026-06-01T01:02:32Z,worker-1,longhorn-system,longhorn-csi-plugin-t8lpt,longhorn-csi-plugin,2.8,1.2,0.0,0.0,0.0,0.0,0.0,0.0,0.0,0.0,0.0,0.0,72.0,normal
2026-06-01T01:02:32Z,worker-1,longhorn-system,csi-resizer-7d9bff5787-242pl,csi-resizer,3.3,2.7,0.1,0.0,0.0,1155.0,996.0,0.0,0.0,0.0,0.0,0.0,243.0,normal
2026-06-01T01:02:32Z,worker-1,kube-system,kube-proxy-pdwww,kube-proxy,3.2,0.6,0.1,0.0,0.0,17161.0,369.0,0.0,0.0,0.0,0.0,0.0,126.0,normal
2026-06-01T01:02:32Z,worker-1,kube-system,tetragon-kl9tz,export-stdout,17.7,16.5,0.0,0.0,0.0,0.0,0.0,0.0,0.0,0.0,0.0,0.0,10.0,normal
2026-06-01T01:02:32Z,worker-1,kube-system,ovs-ovn-w75jd,openvswitch,125.2,74.4,46.9,0.0,0.0,38.0,41.0,0.0,0.0,0.0,65.0,110.0,2451.0,normal
2026-06-01T01:02:32Z,worker-1,gpu-operator,gpu-operator-1764036362-node-feature-discovery-worker-9v5dt,worker,0.4,0.2,0.0,0.0,0.0,222.0,188.0,0.0,0.0,0.0,0.0,0.0,33.0,normal
2026-06-01T01:02:32Z,worker-1,node,system,systemd-journald.service,2.8,0.0,2.0,0.0,0.0,0.0,0.0,0.0,8192.0,0.055459,0.0,1.0,11.0,normal
2026-06-01T01:02:32Z,worker-1,longhorn-system,csi-snapshotter-65884686fc-gjw5g,csi-snapshotter,12.6,12.3,0.0,0.0,0.0,1461.0,1112.0,0.0,0.0,0.0,0.0,0.0,918.0,normal
2026-06-01T01:02:32Z,worker-1,monitoring,my-monitoring-prometheus-node-exporter-829wk,node-exporter,0.3,0.2,0.0,0.0,0.0,208.0,3254.0,0.0,0.0,0.0,0.0,0.0,14.0,normal
2026-06-01T01:02:32Z,worker-1,node,system,containerd.service,515.5,181.6,255.4,0.0,0.0,0.0,0.0,0.0,0.0,0.0,38.0,342.0,18589.0,normal
2026-06-01T01:02:32Z,worker-1,longhorn-system,engine-image-ei-843accdd-tx99h,engine-image-ei-843accdd,15.4,1.2,17.4,0.0,0.0,0.0,0.0,0.0,0.0,0.0,12.0,38.0,1018.0,normal
2026-06-01T01:02:32Z,worker-1,node,system,kubelet.service,449.2,40.8,164.8,1.2,0.0,43130.0,112173.0,0.0,0.0,0.0,1.0,1.0,6762.0,normal
2026-06-01T01:02:32Z,worker-1,kube-system,kube-ovn-cni-cf7cj,cni-server,323.7,22.6,361.6,0.4,0.0,204039.0,1200.0,0.0,0.0,0.0,132.0,186.0,5143.0,normal
2026-06-01T01:02:32Z,worker-1,longhorn-system,instance-manager-bacbca1a1c80c6ca28fd5f2d5fd0c24c,instance-manager,204.6,9.6,12.4,0.4,0.0,3836.0,3792.0,0.0,0.0,0.0,7.0,7.0,839.0,normal
2026-06-01T01:02:32Z,worker-1,longhorn-system,longhorn-csi-plugin-t8lpt,node-driver-registrar,0.1,0.1,0.0,0.0,0.0,0.0,0.0,0.0,0.0,0.0,0.0,0.0,9.0,normal
2026-06-01T01:02:32Z,worker-1,kube-system,kube-ovn-pinger-vfzmn,pinger,46.6,17.6,13.2,0.2,0.0,116325.0,1580.0,0.0,12288.0,0.0519535,17.0,26.0,3598.0,normal
2026-06-01T01:02:32Z,worker-1,kube-system,tetragon-kl9tz,tetragon,5.2,4.8,0.0,0.0,0.0,17493.0,239.0,0.0,0.0,0.0,0.0,0.0,14055.0,normal
2026-06-01T01:02:32Z,worker-1,longhorn-system,csi-provisioner-688964c44b-7hv5d,csi-provisioner,37.8,7.2,0.1,0.0,0.0,204988.0,2190.0,0.0,0.0,0.0,0.0,0.0,1362.0,normal
2026-06-01T01:02:32Z,worker-1,longhorn-system,longhorn-manager-fgsfc,longhorn-manager,170.9,47.0,14.9,0.3,0.0,479389.0,21667.0,0.0,0.0,0.0,2.0,8.0,5323.0,normal
2026-06-01T01:02:32Z,worker-1,ebpf-final,ebpf-collector-ch7gf,collector,158.6,0.8,147.0,0.1,0.0,217014.0,17605.0,0.0,0.0,0.0,0.0,0.0,160.0,normal
2026-06-01T01:02:32Z,worker-1,kube-system,nodelocaldns-zjml5,node-cache,9.2,3.2,0.3,1.0,0.0,3059.0,2774.0,0.0,0.0,0.0,0.0,0.0,532.0,normal
2026-06-01T01:02:32Z,worker-1,longhorn-system,engine-image-ei-3154f3aa-kvvkq,engine-image-ei-3154f3aa,12.9,1.0,14.5,0.0,0.0,0.0,0.0,0.0,0.0,0.0,10.0,43.0,1026.0,normal
2026-06-01T01:02:32Z,worker-1,node,system,init.scope,0.0,4.0,3.4,0.0,0.0,0.0,0.0,0.0,0.0,0.0,0.0,0.0,6.0,normal
2026-06-01T01:02:32Z,worker-1,node,system,rsyslog.service,0.0,0.7,0.0,0.0,0.0,0.0,0.0,0.0,0.0,0.0,0.0,0.0,14.0,normal
2026-06-01T01:02:32Z,worker-1,node,system,multipathd.service,0.0,2.4,0.0,0.0,0.0,0.0,0.0,0.0,0.0,0.0,0.0,0.0,22.0,normal
2026-06-01T01:02:32Z,worker-1,unknown,pod-faa3887e,nginx-proxy,0.0,0.0,0.0,0.0,0.0,53858.0,53906.0,0.0,0.0,0.0,0.0,0.0,55.0,normal
2026-06-01T01:02:32Z,worker-1,node,system,cgroup,0.0,0.0,0.0,0.0,0.0,0.0,0.0,40.0,921600.0,0.15335438095238094,0.0,1.0,68300.0,normal
2026-06-01T01:02:32Z,worker-1,node,system,polkit.service,0.0,0.0,0.0,0.0,0.0,0.0,0.0,0.0,0.0,0.0,0.0,0.0,3.0,normal
2026-06-01T01:02:32Z,worker-1,node,system,wpa_supplicant.service,0.0,0.0,0.0,0.0,0.0,0.0,0.0,0.0,0.0,0.0,0.0,0.0,1.0,normal
2026-06-01T01:02:32Z,worker-1,node,system,udisks2.service,0.0,0.0,0.0,0.0,0.0,0.0,0.0,0.0,0.0,0.0,0.0,0.0,3.0,normal
2026-06-01T01:02:32Z,worker-1,node,system,rpcbind.service,0.0,0.0,0.0,0.0,0.0,0.0,0.0,0.0,0.0,0.0,0.0,0.0,1.0,normal
2026-06-01T01:02:32Z,worker-1,node,system,dbus.service,0.0,0.0,0.0,0.0,0.0,0.0,0.0,0.0,0.0,0.0,0.0,0.0,9.0,normal
2026-06-01T01:02:43Z,worker-1,node,system,ModemManager.service,0.1,0.2,0.0,0.0,0.0,0.0,0.0,0.0,0.0,0.0,0.0,0.0,1.0,normal
2026-06-01T01:02:43Z,worker-1,longhorn-system,csi-attacher-896ffc747-rxjjt,csi-attacher,3.8,3.1,0.0,0.0,0.0,1488.0,1047.0,0.0,0.0,0.0,0.0,0.0,351.0,normal
2026-06-01T01:02:43Z,worker-1,longhorn-system,longhorn-csi-plugin-t8lpt,longhorn-liveness-probe,4.0,2.7,0.0,0.0,0.0,336.0,411.0,0.0,0.0,0.0,0.0,0.0,272.0,normal
2026-06-01T01:02:43Z,worker-1,node,system,systemd-resolved.service,1.9,0.6,2.0,0.0,0.0,0.0,0.0,0.0,0.0,0.0,0.0,0.0,6.0,normal
2026-06-01T01:02:43Z,worker-1,longhorn-system,longhorn-csi-plugin-t8lpt,longhorn-csi-plugin,4.0,1.8,0.0,0.0,0.0,0.0,0.0,0.0,0.0,0.0,0.0,0.0,125.0,normal
2026-06-01T01:02:43Z,worker-1,longhorn-system,csi-resizer-7d9bff5787-242pl,csi-resizer,2.8,2.5,0.0,0.0,0.0,1098.0,996.0,0.0,0.0,0.0,0.0,0.0,250.0,normal
2026-06-01T01:02:43Z,worker-1,kube-system,kube-proxy-pdwww,kube-proxy,1.7,0.4,0.0,0.0,0.0,17166.0,96.0,0.0,0.0,0.0,0.0,0.0,94.0,normal
2026-06-01T01:02:43Z,worker-1,kube-system,tetragon-kl9tz,export-stdout,8.5,7.3,0.0,0.0,0.0,0.0,0.0,0.0,0.0,0.0,0.0,0.0,10.0,normal
2026-06-01T01:02:43Z,worker-1,kube-system,ovs-ovn-w75jd,openvswitch,117.0,86.8,39.5,0.0,0.0,1698.0,2818.0,0.0,0.0,0.0,52.0,89.0,2280.0,normal
2026-06-01T01:02:43Z,worker-1,gpu-operator,gpu-operator-1764036362-node-feature-discovery-worker-9v5dt,worker,0.5,0.3,0.0,0.0,0.0,222.0,188.0,0.0,0.0,0.0,0.0,0.0,33.0,normal
2026-06-01T01:02:43Z,worker-1,node,system,systemd-journald.service,12.4,0.0,9.1,0.0,0.0,0.0,0.0,0.0,0.0,0.0,0.0,0.0,27.0,normal
2026-06-01T01:02:43Z,worker-1,longhorn-system,csi-snapshotter-65884686fc-gjw5g,csi-snapshotter,12.4,12.1,0.1,0.0,0.0,1134.0,1032.0,0.0,0.0,0.0,0.0,0.0,833.0,normal
2026-06-01T01:02:43Z,worker-1,monitoring,my-monitoring-prometheus-node-exporter-829wk,node-exporter,0.4,0.2,0.0,0.0,0.0,208.0,3254.0,0.0,0.0,0.0,0.0,0.0,21.0,normal
2026-06-01T01:02:43Z,worker-1,node,system,containerd.service,397.2,155.2,195.4,0.0,0.0,0.0,0.0,0.0,61440.0,0.0844352142857143,40.0,333.0,16376.0,normal
2026-06-01T01:02:43Z,worker-1,longhorn-system,engine-image-ei-843accdd-tx99h,engine-image-ei-843accdd,12.4,1.0,14.1,0.0,0.0,0.0,0.0,0.0,0.0,0.0,10.0,28.0,668.0,normal
2026-06-01T01:02:43Z,worker-1,node,system,kubelet.service,445.5,45.6,167.5,1.3,0.0,78324.0,111217.0,0.0,4096.0,0.097258,2.0,2.0,7278.0,normal
2026-06-01T01:02:43Z,worker-1,node,system,rsyslog.service,0.1,3.5,0.0,0.0,0.0,0.0,0.0,0.0,0.0,0.0,0.0,0.0,67.0,normal
2026-06-01T01:02:43Z,worker-1,kube-system,kube-ovn-cni-cf7cj,cni-server,498.8,28.2,558.0,0.2,0.0,217885.0,1366.0,0.0,4096.0,0.063725,179.0,205.0,4934.0,normal
2026-06-01T01:02:43Z,worker-1,node,system,systemd-networkd.service,0.6,0.5,1.5,0.0,0.0,0.0,0.0,0.0,0.0,0.0,0.0,0.0,7.0,normal
2026-06-01T01:02:43Z,worker-1,longhorn-system,instance-manager-bacbca1a1c80c6ca28fd5f2d5fd0c24c,instance-manager,194.1,7.6,11.3,0.4,0.0,3023.0,3179.0,0.0,0.0,0.0,6.0,6.0,643.0,normal
2026-06-01T01:02:43Z,worker-1,longhorn-system,longhorn-csi-plugin-t8lpt,node-driver-registrar,0.1,0.1,0.0,0.0,0.0,0.0,0.0,0.0,0.0,0.0,0.0,0.0,9.0,normal
2026-06-01T01:02:43Z,worker-1,node,system,udisks2.service,27.5,2.5,2.0,0.0,0.0,0.0,0.0,0.0,0.0,0.0,0.0,0.0,7.0,normal
2026-06-01T01:02:43Z,worker-1,node,system,networkd-dispatcher.service,3.8,0.9,4.5,0.0,0.0,0.0,0.0,0.0,0.0,0.0,3.0,3.0,15.0,normal
2026-06-01T01:02:43Z,worker-1,kube-system,kube-ovn-pinger-vfzmn,pinger,43.0,18.3,13.2,0.2,0.0,116198.0,1436.0,0.0,12288.0,0.0469305,17.0,26.0,2858.0,normal
2026-06-01T01:02:43Z,worker-1,kube-system,tetragon-kl9tz,tetragon,6.6,3.6,0.0,0.0,0.0,27580.0,335.0,0.0,0.0,0.0,0.0,0.0,15153.0,normal
2026-06-01T01:02:43Z,worker-1,longhorn-system,csi-provisioner-688964c44b-7hv5d,csi-provisioner,38.1,7.5,0.1,0.0,0.0,205536.0,2320.0,0.0,0.0,0.0,0.0,0.0,1435.0,normal
2026-06-01T01:02:43Z,worker-1,longhorn-system,longhorn-manager-fgsfc,longhorn-manager,119.8,40.7,0.1,0.1,0.0,486815.0,12151.0,0.0,0.0,0.0,0.0,0.0,4534.0,normal
2026-06-01T01:02:43Z,worker-1,node,system,dbus.service,2.6,0.0,1.0,0.0,0.0,0.0,0.0,0.0,0.0,0.0,0.0,0.0,75.0,normal
2026-06-01T01:02:43Z,worker-1,node,system,NetworkManager.service,1.4,1.7,0.0,0.0,0.0,0.0,0.0,0.0,0.0,0.0,0.0,0.0,16.0,normal
2026-06-01T01:02:43Z,worker-1,node,system,polkit.service,3.0,5.0,0.0,0.0,0.0,0.0,0.0,0.0,0.0,0.0,0.0,0.0,22.0,normal
2026-06-01T01:02:43Z,worker-1,ebpf-final,ebpf-collector-ch7gf,collector,0.2,0.8,0.3,0.1,0.0,12954.0,17560.0,0.0,0.0,0.0,0.0,0.0,13.0,normal
2026-06-01T01:02:43Z,worker-1,node,system,init.scope,31.9,6.2,23.4,0.0,0.0,0.0,0.0,0.0,0.0,0.0,0.0,0.0,29.0,normal
2026-06-01T01:02:43Z,worker-1,kube-system,nodelocaldns-zjml5,node-cache,28.1,5.4,37.6,1.2,0.0,4765.0,3562.0,0.0,0.0,0.0,12.0,12.0,944.0,normal
2026-06-01T01:02:43Z,worker-1,node,system,udev,1.5,0.5,53.6,0.0,0.0,0.0,0.0,0.0,0.0,0.0,1.0,3.0,9.0,normal
2026-06-01T01:02:43Z,worker-1,longhorn-system,engine-image-ei-3154f3aa-kvvkq,engine-image-ei-3154f3aa,12.8,1.0,14.4,0.0,0.0,0.0,0.0,0.0,0.0,0.0,10.0,40.0,994.0,normal
2026-06-01T01:02:43Z,worker-1,node,system,multipathd.service,0.0,2.2,0.0,0.0,0.0,0.0,0.0,0.0,0.0,0.0,0.0,0.0,20.0,normal
2026-06-01T01:02:43Z,worker-1,unknown,pod-faa3887e,nginx-proxy,0.0,0.0,0.0,0.0,0.0,90648.0,90696.0,0.0,0.0,0.0,0.0,0.0,81.0,normal
2026-06-01T01:02:43Z,worker-1,node,system,cgroup,0.0,0.0,0.0,0.0,0.0,0.0,0.0,40.0,1507328.0,0.10771251269035534,0.0,8.0,66015.0,normal
2026-06-01T01:02:43Z,worker-1,node,system,chrony.service,0.0,0.0,0.0,0.0,0.0,0.0,0.0,0.0,0.0,0.0,0.0,0.0,1.0,normal
2026-06-01T01:02:43Z,worker-1,node,system,wpa_supplicant.service,0.0,0.0,0.0,0.0,0.0,0.0,0.0,0.0,0.0,0.0,0.0,0.0,1.0,normal
2026-06-01T01:02:43Z,worker-1,node,system,systemd-logind.service,0.0,0.0,0.0,0.0,0.0,0.0,0.0,0.0,0.0,0.0,0.0,0.0,34.0,normal
2026-06-01T00:58:31Z,worker-2,kube-system,tetragon-5m9b8,tetragon,4.6,1801.6,2.7,0.0,0.0,17829.0,222.0,0.0,0.0,0.0,0.0,0.0,71371.0,normal
2026-06-01T00:58:31Z,worker-2,ebpf-final,ebpf-collector-kqqj9,collector,0.2,0.7,0.3,0.1,0.0,12331.0,16661.0,0.0,0.0,0.0,0.0,0.0,6.0,normal
2026-06-01T00:58:31Z,worker-2,longhorn-system,longhorn-csi-plugin-wc52g,longhorn-csi-plugin,3.0,1.5,0.0,0.0,0.0,0.0,0.0,0.0,0.0,0.0,0.0,0.0,118.0,normal
2026-06-01T00:58:31Z,worker-2,kube-system,nodelocaldns-qnb6m,node-cache,13.2,4.4,0.3,1.0,0.0,4922.0,3562.0,0.0,0.0,0.0,0.0,0.0,753.0,normal
2026-06-01T00:58:31Z,worker-2,longhorn-system,engine-image-ei-843accdd-m8hd2,engine-image-ei-843accdd,12.8,1.0,13.2,0.0,0.0,0.0,0.0,0.0,0.0,0.0,10.0,38.0,1279.0,normal
2026-06-01T00:58:31Z,worker-2,ebpf-final,ebpf-detector-64c4475bb6-2hth7,detector,5.7,2.9,0.0,0.0,0.0,147877.0,109573.0,0.0,0.0,0.0,0.0,1.0,255.0,normal
2026-06-01T00:58:31Z,worker-2,kube-system,ovs-ovn-5dqk6,openvswitch,102.2,65.3,38.2,0.0,0.0,2258.0,0.0,0.0,0.0,0.0,52.0,88.0,1789.0,normal
2026-06-01T00:58:31Z,worker-2,longhorn-system,longhorn-csi-plugin-wc52g,node-driver-registrar,0.2,0.2,0.0,0.0,0.0,0.0,0.0,0.0,0.0,0.0,0.0,0.0,10.0,normal
2026-06-01T00:58:31Z,worker-2,node,system,containerd.service,14734.0,9861.3,266.8,0.0,0.0,0.0,0.0,0.0,0.0,0.0,32.0,290.0,56117.0,normal
2026-06-01T00:58:31Z,worker-2,longhorn-system,csi-attacher-896ffc747-nsbx9,csi-attacher,1.7,1.4,0.1,0.0,0.0,555.0,39.0,0.0,0.0,0.0,0.0,0.0,130.0,normal
2026-06-01T00:58:31Z,worker-2,longhorn-system,longhorn-csi-plugin-wc52g,longhorn-liveness-probe,2.9,2.0,0.0,0.0,0.0,224.0,274.0,0.0,0.0,0.0,0.0,0.0,259.0,normal
2026-06-01T00:58:31Z,worker-2,kube-system,kube-proxy-zlsrr,kube-proxy,2.5,0.5,0.0,0.0,0.0,17660.0,96.0,0.0,0.0,0.0,0.0,0.0,122.0,normal
2026-06-01T00:58:31Z,worker-2,longhorn-system,instance-manager-92da8f029806607ba3e99ef8c4ba622e,instance-manager,193.7,4.5,11.7,0.4,0.0,1297.0,1004.0,0.0,0.0,0.0,7.0,7.0,487.0,normal
2026-06-01T00:58:31Z,worker-2,kube-system,tetragon-operator-79c87675d6-l458l,tetragon-operator,0.1,0.1,0.0,0.0,0.0,110.0,170.0,0.0,0.0,0.0,0.0,0.0,66.0,normal
2026-06-01T00:58:31Z,worker-2,longhorn-system,csi-provisioner-688964c44b-42sdq,csi-provisioner,7.0,6.9,0.0,0.0,0.0,544.0,39.0,0.0,0.0,0.0,0.0,0.0,388.0,normal
2026-06-01T00:58:31Z,worker-2,monitoring,my-monitoring-prometheus-node-exporter-jcwww,node-exporter,0.3,0.2,0.0,0.0,0.0,208.0,3254.0,0.0,0.0,0.0,0.0,0.0,17.0,normal
2026-06-01T00:58:31Z,worker-2,longhorn-system,engine-image-ei-3154f3aa-brh95,engine-image-ei-3154f3aa,12.8,1.0,13.2,0.0,0.0,0.0,0.0,0.0,0.0,0.0,10.0,41.0,1318.0,normal
2026-06-01T00:58:31Z,worker-2,longhorn-system,csi-resizer-7d9bff5787-lf2nb,csi-resizer,2.5,2.3,0.0,0.0,0.0,1095.0,78.0,0.0,0.0,0.0,0.0,0.0,146.0,normal
2026-06-01T00:58:31Z,worker-2,gpu-operator,gpu-operator-1764036362-node-feature-discovery-worker-bjsfj,worker,0.5,0.2,0.0,0.0,0.0,222.0,188.0,0.0,0.0,0.0,0.0,0.0,35.0,normal
2026-06-01T00:58:31Z,worker-2,kube-system,kube-ovn-pinger-djcdq,pinger,41.9,21.4,13.2,0.2,0.0,116461.0,1532.0,0.0,12288.0,0.713436,17.0,26.0,3350.0,normal
2026-06-01T00:58:31Z,worker-2,longhorn-system,csi-snapshotter-65884686fc-ht9td,csi-snapshotter,1.8,1.4,0.1,0.0,0.0,566.0,39.0,0.0,0.0,0.0,0.0,0.0,124.0,normal
2026-06-01T00:58:31Z,worker-2,node,system,kubelet.service,783.2,967.9,191.1,1.5,0.0,45462.0,136675.0,0.0,0.0,0.0,0.0,0.0,7329.0,normal
2026-06-01T00:58:31Z,worker-2,kube-system,tetragon-5m9b8,export-stdout,8585.1,8582.5,0.8,0.0,0.0,0.0,0.0,0.0,0.0,0.0,0.0,0.0,22.0,normal
2026-06-01T00:58:31Z,worker-2,longhorn-system,longhorn-manager-prnm4,longhorn-manager,140.5,47.8,9.6,0.3,0.0,478818.0,15084.0,0.0,0.0,0.0,3.0,24.0,5525.0,normal
2026-06-01T00:58:31Z,worker-2,kube-system,kube-ovn-cni-5n9nh,cni-server,343.6,22.0,381.5,0.3,0.0,203900.0,1200.0,0.0,0.0,0.0,134.0,180.0,4649.0,normal
2026-06-01T00:58:31Z,worker-2,node,system,multipathd.service,0.0,2.1,0.0,0.0,0.0,0.0,0.0,0.0,0.0,0.0,0.0,0.0,21.0,normal
2026-06-01T00:58:31Z,worker-2,unknown,pod-b48b5e10,nginx-proxy,0.0,0.0,0.0,0.0,0.0,55327.0,55375.0,0.0,0.0,0.0,0.0,0.0,41.0,normal
2026-06-01T00:58:31Z,worker-2,node,system,cgroup,0.0,0.0,0.0,0.0,0.0,0.0,0.0,0.0,77602816.0,1.6658386517719568,0.0,1.0,202020.0,normal
2026-06-01T00:58:31Z,worker-2,node,system,iscsid.service,0.0,0.0,0.0,0.0,0.0,0.0,0.0,0.0,0.0,0.0,0.0,0.0,10.0,normal
2026-06-01T00:58:31Z,worker-2,longhorn-system,longhorn-driver-deployer-57b9669d9b-9nxfp,longhorn-driver-deployer,0.0,0.0,0.0,0.0,0.0,0.0,0.0,0.0,0.0,0.0,0.0,0.0,18.0,normal
2026-06-01T00:58:31Z,worker-2,node,system,udisks2.service,0.0,0.0,0.0,0.0,0.0,0.0,0.0,0.0,0.0,0.0,0.0,0.0,2.0,normal
2026-06-01T00:58:31Z,worker-2,node,system,polkit.service,0.0,0.0,0.0,0.0,0.0,0.0,0.0,0.0,0.0,0.0,0.0,0.0,2.0,normal
2026-06-01T00:58:31Z,worker-2,node,system,fwupd.service,0.0,0.0,0.0,0.0,0.0,0.0,0.0,0.0,0.0,0.0,0.0,0.0,8.0,normal
2026-06-01T00:58:42Z,worker-2,kube-system,tetragon-5m9b8,tetragon,5.3,1846.4,2.7,0.0,0.0,18139.0,239.0,0.0,0.0,0.0,0.0,0.0,74382.0,normal
2026-06-01T00:58:42Z,worker-2,ebpf-final,ebpf-collector-kqqj9,collector,169.5,0.8,163.6,0.1,0.0,245286.0,18652.0,0.0,0.0,0.0,0.0,0.0,102.0,normal
2026-06-01T00:58:42Z,worker-2,longhorn-system,longhorn-csi-plugin-wc52g,longhorn-csi-plugin,2.6,1.3,0.0,0.0,0.0,0.0,0.0,0.0,0.0,0.0,0.0,0.0,71.0,normal
2026-06-01T00:58:42Z,worker-2,kube-system,nodelocaldns-qnb6m,node-cache,28.3,5.4,35.2,1.0,0.0,4922.0,3562.0,0.0,0.0,0.0,12.0,12.0,855.0,normal
2026-06-01T00:58:42Z,worker-2,longhorn-system,engine-image-ei-843accdd-m8hd2,engine-image-ei-843accdd,15.4,1.2,15.9,0.0,0.0,0.0,0.0,0.0,0.0,0.0,12.0,38.0,1198.0,normal
2026-06-01T00:58:42Z,worker-2,ebpf-final,ebpf-detector-64c4475bb6-2hth7,detector,5.4,2.8,0.0,0.0,0.0,147869.0,109382.0,0.0,0.0,0.0,0.0,1.0,485.0,normal
2026-06-01T00:58:42Z,worker-2,kube-system,ovs-ovn-5dqk6,openvswitch,98.0,58.4,37.9,0.0,0.0,38.0,41.0,0.0,0.0,0.0,52.0,88.0,1745.0,normal
2026-06-01T00:58:42Z,worker-2,longhorn-system,longhorn-csi-plugin-wc52g,node-driver-registrar,0.2,0.2,0.0,0.0,0.0,0.0,0.0,0.0,0.0,0.0,0.0,0.0,10.0,normal
2026-06-01T00:58:42Z,worker-2,node,system,containerd.service,14570.7,10540.7,326.0,0.0,0.0,0.0,0.0,0.0,0.0,0.0,32.0,290.0,60017.0,normal
2026-06-01T00:58:42Z,worker-2,longhorn-system,csi-attacher-896ffc747-nsbx9,csi-attacher,1.5,1.3,0.0,0.0,0.0,1110.0,78.0,0.0,0.0,0.0,0.0,0.0,129.0,normal
2026-06-01T00:58:42Z,worker-2,longhorn-system,longhorn-csi-plugin-wc52g,longhorn-liveness-probe,2.7,1.8,0.0,0.0,0.0,224.0,274.0,0.0,0.0,0.0,0.0,0.0,174.0,normal
2026-06-01T00:58:42Z,worker-2,kube-system,kube-proxy-zlsrr,kube-proxy,2.5,0.5,0.0,0.0,0.0,17677.0,96.0,0.0,0.0,0.0,0.0,0.0,54.0,normal
2026-06-01T00:58:42Z,worker-2,longhorn-system,instance-manager-92da8f029806607ba3e99ef8c4ba622e,instance-manager,185.4,4.3,10.4,0.5,0.0,968.0,960.0,0.0,0.0,0.0,6.0,6.0,351.0,normal
2026-06-01T00:58:42Z,worker-2,kube-system,tetragon-operator-79c87675d6-l458l,tetragon-operator,0.7,0.4,0.0,0.0,0.0,221.0,340.0,0.0,0.0,0.0,0.0,0.0,34.0,normal
2026-06-01T00:58:42Z,worker-2,longhorn-system,csi-provisioner-688964c44b-42sdq,csi-provisioner,6.0,5.6,0.0,0.0,0.0,1088.0,78.0,0.0,0.0,0.0,0.0,0.0,396.0,normal
2026-06-01T00:58:42Z,worker-2,monitoring,my-monitoring-prometheus-node-exporter-jcwww,node-exporter,236.9,0.9,198.9,0.0,0.0,573.0,31382.0,0.0,0.0,0.0,0.0,0.0,327.0,normal
2026-06-01T00:58:42Z,worker-2,longhorn-system,engine-image-ei-3154f3aa-brh95,engine-image-ei-3154f3aa,12.8,1.0,13.2,0.0,0.0,0.0,0.0,0.0,0.0,0.0,10.0,43.0,1308.0,normal
2026-06-01T00:58:42Z,worker-2,longhorn-system,csi-resizer-7d9bff5787-lf2nb,csi-resizer,2.5,2.4,0.0,0.0,0.0,547.0,39.0,0.0,0.0,0.0,0.0,0.0,142.0,normal
2026-06-01T00:58:42Z,worker-2,gpu-operator,gpu-operator-1764036362-node-feature-discovery-worker-bjsfj,worker,0.7,0.3,0.0,0.0,0.0,261.0,227.0,0.0,0.0,0.0,0.0,0.0,68.0,normal
2026-06-01T00:58:42Z,worker-2,kube-system,kube-ovn-pinger-djcdq,pinger,43.1,21.4,13.3,0.2,0.0,116269.0,1580.0,0.0,16384.0,0.677135,17.0,26.0,3663.0,normal
2026-06-01T00:58:42Z,worker-2,longhorn-system,csi-snapshotter-65884686fc-ht9td,csi-snapshotter,1.9,1.8,0.0,0.0,0.0,565.0,39.0,0.0,0.0,0.0,0.0,0.0,178.0,normal
2026-06-01T00:58:42Z,worker-2,node,system,kubelet.service,794.8,868.3,226.1,1.5,0.0,45798.0,161283.0,0.0,0.0,0.0,2.0,2.0,6847.0,normal
2026-06-01T00:58:42Z,worker-2,kube-system,tetragon-5m9b8,export-stdout,9443.8,9440.8,1.0,0.0,0.0,0.0,0.0,0.0,0.0,0.0,0.0,0.0,35.0,normal
2026-06-01T00:58:42Z,worker-2,longhorn-system,longhorn-manager-prnm4,longhorn-manager,120.2,49.1,0.2,0.1,0.1,469395.0,10782.0,0.0,0.0,0.0,0.0,0.0,4881.0,normal
2026-06-01T00:58:42Z,worker-2,kube-system,kube-ovn-cni-5n9nh,cni-server,392.2,26.7,455.9,0.2,0.0,203900.0,1200.0,0.0,0.0,0.0,170.0,200.0,5041.0,normal
2026-06-01T00:58:42Z,worker-2,node,system,multipathd.service,0.0,2.2,0.0,0.0,0.0,0.0,0.0,0.0,0.0,0.0,0.0,0.0,21.0,normal
2026-06-01T00:58:42Z,worker-2,unknown,pod-b48b5e10,nginx-proxy,0.0,0.0,0.0,0.0,0.0,55793.0,55841.0,0.0,0.0,0.0,0.0,0.0,46.0,normal
2026-06-01T00:58:42Z,worker-2,node,system,cgroup,0.0,0.0,0.0,0.0,0.0,0.0,0.0,0.0,2334720.0,0.826976568627451,0.0,1.0,210114.0,normal
2026-06-01T00:58:42Z,worker-2,node,system,iscsid.service,0.0,0.0,0.0,0.0,0.0,0.0,0.0,0.0,0.0,0.0,0.0,0.0,10.0,normal
2026-06-01T00:58:42Z,worker-2,node,system,udisks2.service,0.0,0.0,0.0,0.0,0.0,0.0,0.0,0.0,0.0,0.0,0.0,0.0,3.0,normal
2026-06-01T00:58:42Z,worker-2,node,system,polkit.service,0.0,0.0,0.0,0.0,0.0,0.0,0.0,0.0,0.0,0.0,0.0,0.0,3.0,normal
2026-06-01T00:58:42Z,worker-2,node,system,rpcbind.service,0.0,0.0,0.0,0.0,0.0,0.0,0.0,0.0,0.0,0.0,0.0,0.0,1.0,normal
2026-06-01T00:58:42Z,worker-2,node,system,fwupd.service,0.0,0.0,0.0,0.0,0.0,0.0,0.0,0.0,0.0,0.0,0.0,0.0,7.0,normal
2026-06-01T00:58:52Z,worker-2,kube-system,tetragon-5m9b8,tetragon,4.8,1790.0,2.7,0.0,0.0,17829.0,239.0,0.0,0.0,0.0,0.0,0.0,70894.0,normal
2026-06-01T00:58:52Z,worker-2,ebpf-final,ebpf-collector-kqqj9,collector,0.2,0.7,0.3,0.1,0.0,12692.0,17149.0,0.0,0.0,0.0,0.0,0.0,7.0,normal
2026-06-01T00:58:52Z,worker-2,longhorn-system,longhorn-csi-plugin-wc52g,longhorn-csi-plugin,3.0,1.4,0.0,0.0,0.0,0.0,0.0,0.0,0.0,0.0,0.0,0.0,74.0,normal
2026-06-01T00:58:52Z,worker-2,kube-system,nodelocaldns-qnb6m,node-cache,12.8,4.1,0.3,1.0,0.0,4922.0,3489.0,0.0,0.0,0.0,0.0,0.0,609.0,normal
2026-06-01T00:58:52Z,worker-2,longhorn-system,engine-image-ei-843accdd-m8hd2,engine-image-ei-843accdd,12.6,1.0,13.0,0.0,0.0,0.0,0.0,0.0,0.0,0.0,10.0,30.0,1030.0,normal
2026-06-01T00:58:52Z,worker-2,ebpf-final,ebpf-detector-64c4475bb6-2hth7,detector,5.6,2.8,0.0,0.0,0.0,150689.0,111670.0,0.0,0.0,0.0,0.0,1.0,763.0,normal
2026-06-01T00:58:52Z,worker-2,kube-system,ovs-ovn-5dqk6,openvswitch,112.8,76.2,38.6,0.0,0.0,1616.0,41.0,0.0,0.0,0.0,52.0,88.0,2223.0,normal
2026-06-01T00:58:52Z,worker-2,longhorn-system,longhorn-csi-plugin-wc52g,node-driver-registrar,0.2,0.2,0.0,0.0,0.0,0.0,0.0,0.0,0.0,0.0,0.0,0.0,10.0,normal
2026-06-01T00:58:52Z,worker-2,node,system,containerd.service,13047.4,9544.2,270.8,0.0,0.0,0.0,0.0,0.0,0.0,0.0,34.0,309.0,52390.0,normal
2026-06-01T00:58:52Z,worker-2,longhorn-system,csi-attacher-896ffc747-nsbx9,csi-attacher,1.5,1.3,0.0,0.0,0.0,1110.0,78.0,0.0,0.0,0.0,0.0,0.0,143.0,normal
2026-06-01T00:58:52Z,worker-2,node,system,init.scope,0.2,4.0,3.5,0.0,0.0,0.0,0.0,0.0,0.0,0.0,0.0,0.0,7.0,normal
2026-06-01T00:58:52Z,worker-2,longhorn-system,longhorn-csi-plugin-wc52g,longhorn-liveness-probe,3.3,2.2,0.0,0.0,0.0,224.0,274.0,0.0,0.0,0.0,0.0,0.0,209.0,normal
2026-06-01T00:58:52Z,worker-2,kube-system,kube-proxy-zlsrr,kube-proxy,1.8,0.4,0.0,0.0,0.0,17538.0,96.0,0.0,0.0,0.0,0.0,0.0,98.0,normal
2026-06-01T00:58:52Z,worker-2,longhorn-system,instance-manager-92da8f029806607ba3e99ef8c4ba622e,instance-manager,182.0,2.3,10.4,0.4,0.0,467.0,455.0,0.0,0.0,0.0,6.0,6.0,276.0,normal
2026-06-01T00:58:52Z,worker-2,kube-system,tetragon-operator-79c87675d6-l458l,tetragon-operator,0.4,0.2,0.0,0.0,0.0,110.0,170.0,0.0,0.0,0.0,0.0,0.0,17.0,normal
2026-06-01T00:58:52Z,worker-2,longhorn-system,csi-provisioner-688964c44b-42sdq,csi-provisioner,4.2,4.1,0.0,0.0,0.0,544.0,39.0,0.0,0.0,0.0,0.0,0.0,407.0,normal
2026-06-01T00:58:52Z,worker-2,monitoring,my-monitoring-prometheus-node-exporter-jcwww,node-exporter,0.4,0.2,0.0,0.0,0.0,208.0,3254.0,0.0,0.0,0.0,0.0,0.0,21.0,normal
2026-06-01T00:58:52Z,worker-2,longhorn-system,engine-image-ei-3154f3aa-brh95,engine-image-ei-3154f3aa,12.8,1.0,13.2,0.0,0.0,0.0,0.0,0.0,0.0,0.0,10.0,42.0,1302.0,normal
2026-06-01T00:58:52Z,worker-2,longhorn-system,csi-resizer-7d9bff5787-lf2nb,csi-resizer,2.7,2.4,0.1,0.0,0.0,546.0,39.0,0.0,0.0,0.0,0.0,0.0,183.0,normal
2026-06-01T00:58:52Z,worker-2,gpu-operator,gpu-operator-1764036362-node-feature-discovery-worker-bjsfj,worker,0.4,0.2,0.0,0.0,0.0,222.0,188.0,0.0,0.0,0.0,0.0,0.0,39.0,normal
2026-06-01T00:58:52Z,worker-2,kube-system,kube-ovn-pinger-djcdq,pinger,41.8,20.5,13.2,0.2,0.0,116274.0,1580.0,0.0,12288.0,0.7119925,17.0,26.0,3376.0,normal
2026-06-01T00:58:52Z,worker-2,longhorn-system,csi-snapshotter-65884686fc-ht9td,csi-snapshotter,2.3,2.2,0.0,0.0,0.0,566.0,39.0,0.0,0.0,0.0,0.0,0.0,180.0,normal
2026-06-01T00:58:52Z,worker-2,node,system,kubelet.service,772.9,883.5,198.4,1.5,0.0,47719.0,134410.0,0.0,0.0,0.0,0.0,0.0,7302.0,normal
2026-06-01T00:58:52Z,worker-2,kube-system,tetragon-5m9b8,export-stdout,8532.1,8529.5,0.8,0.0,0.0,0.0,0.0,0.0,0.0,0.0,0.0,0.0,32.0,normal
2026-06-01T00:58:52Z,worker-2,longhorn-system,longhorn-manager-prnm4,longhorn-manager,131.5,44.6,6.3,0.1,0.0,487823.0,10520.0,0.0,0.0,0.0,0.0,0.0,4519.0,normal
2026-06-01T00:58:52Z,worker-2,kube-system,kube-ovn-cni-5n9nh,cni-server,341.2,22.6,379.4,0.4,0.0,207932.0,1248.0,0.0,0.0,0.0,132.0,193.0,5407.0,normal
2026-06-01T00:58:52Z,worker-2,node,system,multipathd.service,0.0,2.2,0.0,0.0,0.0,0.0,0.0,0.0,0.0,0.0,0.0,0.0,21.0,normal
2026-06-01T00:58:52Z,worker-2,unknown,pod-b48b5e10,nginx-proxy,0.0,0.0,0.0,0.0,0.0,59030.0,59078.0,0.0,0.0,0.0,0.0,0.0,40.0,normal
2026-06-01T00:58:52Z,worker-2,node,system,cgroup,0.0,0.0,0.0,0.0,0.0,0.0,0.0,0.0,32960512.0,1.0614257209302327,0.0,0.0,197351.0,normal
2026-06-01T00:58:52Z,worker-2,node,system,systemd-networkd.service,0.0,0.0,0.0,0.0,0.0,0.0,0.0,0.0,0.0,0.0,0.0,0.0,2.0,normal
2026-06-01T00:58:52Z,worker-2,node,system,iscsid.service,0.0,0.0,0.0,0.0,0.0,0.0,0.0,0.0,0.0,0.0,0.0,0.0,10.0,normal
2026-06-01T00:58:52Z,worker-2,node,system,udisks2.service,0.0,0.0,0.0,0.0,0.0,0.0,0.0,0.0,0.0,0.0,0.0,0.0,2.0,normal
2026-06-01T00:58:52Z,worker-2,node,system,polkit.service,0.0,0.0,0.0,0.0,0.0,0.0,0.0,0.0,0.0,0.0,0.0,0.0,2.0,normal
2026-06-01T00:58:52Z,worker-2,node,system,fwupd.service,0.0,0.0,0.0,0.0,0.0,0.0,0.0,0.0,0.0,0.0,0.0,0.0,8.0,normal
2026-06-01T00:58:52Z,worker-2,node,system,dbus.service,0.0,0.0,0.0,0.0,0.0,0.0,0.0,0.0,0.0,0.0,0.0,0.0,9.0,normal
2026-06-01T00:59:02Z,worker-2,kube-system,tetragon-5m9b8,tetragon,4.6,1805.8,2.7,0.0,0.0,17829.0,239.0,0.0,0.0,0.0,0.0,0.0,69920.0,normal
2026-06-01T00:59:02Z,worker-2,ebpf-final,ebpf-collector-kqqj9,collector,0.2,0.8,0.3,0.1,0.0,13384.0,18078.0,0.0,0.0,0.0,0.0,0.0,7.0,normal
2026-06-01T00:59:02Z,worker-2,longhorn-system,longhorn-csi-plugin-wc52g,longhorn-csi-plugin,2.6,1.2,0.0,0.0,0.0,0.0,0.0,0.0,0.0,0.0,0.0,0.0,74.0,normal
2026-06-01T00:59:02Z,worker-2,kube-system,nodelocaldns-qnb6m,node-cache,12.9,4.2,0.3,1.0,0.0,4922.0,3562.0,0.0,0.0,0.0,0.0,0.0,688.0,normal
2026-06-01T00:59:02Z,worker-2,longhorn-system,engine-image-ei-843accdd-m8hd2,engine-image-ei-843accdd,12.6,1.0,13.0,0.0,0.0,0.0,0.0,0.0,0.0,0.0,10.0,31.0,993.0,normal
2026-06-01T00:59:02Z,worker-2,ebpf-final,ebpf-detector-64c4475bb6-2hth7,detector,6.0,2.8,0.0,0.0,0.0,149572.0,110584.0,0.0,0.0,0.0,0.0,1.0,733.0,normal
2026-06-01T00:59:02Z,worker-2,kube-system,ovs-ovn-5dqk6,openvswitch,97.4,59.1,37.9,0.0,0.0,38.0,41.0,0.0,0.0,0.0,52.0,88.0,1886.0,normal
2026-06-01T00:59:02Z,worker-2,longhorn-system,longhorn-csi-plugin-wc52g,node-driver-registrar,0.2,0.2,0.0,0.0,0.0,0.0,0.0,0.0,0.0,0.0,0.0,0.0,10.0,normal
2026-06-01T00:59:02Z,worker-2,node,system,containerd.service,16474.2,11024.8,262.7,0.0,0.0,0.0,0.0,0.0,0.0,0.0,30.0,270.0,60048.0,normal
2026-06-01T00:59:02Z,worker-2,longhorn-system,csi-attacher-896ffc747-nsbx9,csi-attacher,1.3,1.3,0.0,0.0,0.0,556.0,74.0,0.0,0.0,0.0,0.0,0.0,152.0,normal
2026-06-01T00:59:02Z,worker-2,longhorn-system,longhorn-csi-plugin-wc52g,longhorn-liveness-probe,2.7,1.8,0.0,0.0,0.0,224.0,274.0,0.0,0.0,0.0,0.0,0.0,189.0,normal
2026-06-01T00:59:02Z,worker-2,kube-system,kube-proxy-zlsrr,kube-proxy,2.3,0.5,0.0,0.0,0.0,17663.0,96.0,0.0,0.0,0.0,0.0,0.0,110.0,normal
2026-06-01T00:59:02Z,worker-2,longhorn-system,instance-manager-92da8f029806607ba3e99ef8c4ba622e,instance-manager,193.4,4.3,11.7,0.4,0.0,1298.0,1076.0,0.0,0.0,0.0,7.0,7.0,491.0,normal
2026-06-01T00:59:02Z,worker-2,kube-system,tetragon-operator-79c87675d6-l458l,tetragon-operator,0.6,0.3,0.0,0.0,0.0,221.0,340.0,0.0,0.0,0.0,0.0,0.0,32.0,normal
2026-06-01T00:59:02Z,worker-2,longhorn-system,csi-provisioner-688964c44b-42sdq,csi-provisioner,7.1,6.6,0.1,0.0,0.0,1087.0,113.0,0.0,0.0,0.0,0.0,0.0,492.0,normal
2026-06-01T00:59:02Z,worker-2,monitoring,my-monitoring-prometheus-node-exporter-jcwww,node-exporter,0.4,0.2,0.0,0.0,0.0,208.0,3254.0,0.0,0.0,0.0,0.0,0.0,19.0,normal
2026-06-01T00:59:02Z,worker-2,longhorn-system,engine-image-ei-3154f3aa-brh95,engine-image-ei-3154f3aa,12.7,1.0,13.1,0.0,0.0,0.0,0.0,0.0,0.0,0.0,10.0,41.0,1295.0,normal
2026-06-01T00:59:02Z,worker-2,longhorn-system,csi-resizer-7d9bff5787-lf2nb,csi-resizer,2.5,2.4,0.0,0.0,0.0,1094.0,113.0,0.0,0.0,0.0,0.0,0.0,137.0,normal
2026-06-01T00:59:02Z,worker-2,gpu-operator,gpu-operator-1764036362-node-feature-discovery-worker-bjsfj,worker,0.6,0.2,0.0,0.0,0.0,222.0,188.0,0.0,0.0,0.0,0.0,0.0,31.0,normal
2026-06-01T00:59:02Z,worker-2,kube-system,kube-ovn-pinger-djcdq,pinger,44.1,21.2,13.2,0.2,0.0,116497.0,1580.0,0.0,12288.0,0.712783,17.0,26.0,3690.0,normal
2026-06-01T00:59:02Z,worker-2,longhorn-system,csi-snapshotter-65884686fc-ht9td,csi-snapshotter,2.7,2.6,0.0,0.0,0.0,1132.0,113.0,0.0,0.0,0.0,0.0,0.0,147.0,normal
2026-06-01T00:59:02Z,worker-2,node,system,kubelet.service,684.1,966.4,144.1,1.5,0.0,46800.0,136937.0,0.0,0.0,0.0,0.0,0.0,5841.0,normal
2026-06-01T00:59:02Z,worker-2,kube-system,tetragon-5m9b8,export-stdout,9566.2,9563.4,0.9,0.0,0.0,0.0,0.0,0.0,0.0,0.0,0.0,0.0,24.0,normal
2026-06-01T00:59:02Z,worker-2,longhorn-system,longhorn-manager-prnm4,longhorn-manager,123.8,51.0,3.3,0.3,0.0,480157.0,17009.0,0.0,0.0,0.0,3.0,23.0,5645.0,normal
2026-06-01T00:59:02Z,worker-2,kube-system,kube-ovn-cni-5n9nh,cni-server,343.2,21.5,380.6,0.2,0.0,204186.0,1200.0,0.0,0.0,0.0,133.0,162.0,4292.0,normal
2026-06-01T00:59:02Z,worker-2,node,system,multipathd.service,0.0,2.1,0.0,0.0,0.0,0.0,0.0,0.0,0.0,0.0,0.0,0.0,20.0,normal
2026-06-01T00:59:02Z,worker-2,unknown,pod-b48b5e10,nginx-proxy,0.0,0.0,0.0,0.0,0.0,57184.0,57232.0,0.0,0.0,0.0,0.0,0.0,37.0,normal
2026-06-01T00:59:02Z,worker-2,node,system,cgroup,0.0,0.0,0.0,0.0,0.0,0.0,0.0,0.0,147681280.0,1.506721774834437,0.0,0.0,203645.0,normal
2026-06-01T00:59:02Z,worker-2,node,system,iscsid.service,0.0,0.0,0.0,0.0,0.0,0.0,0.0,0.0,0.0,0.0,0.0,0.0,10.0,normal
2026-06-01T00:59:02Z,worker-2,node,system,udisks2.service,0.0,0.0,0.0,0.0,0.0,0.0,0.0,0.0,0.0,0.0,0.0,0.0,3.0,normal
2026-06-01T00:59:02Z,worker-2,node,system,polkit.service,0.0,0.0,0.0,0.0,0.0,0.0,0.0,0.0,0.0,0.0,0.0,0.0,3.0,normal
2026-06-01T00:59:02Z,worker-2,node,system,cron.service,0.0,0.0,0.0,0.0,0.0,0.0,0.0,0.0,0.0,0.0,0.0,0.0,1.0,normal
2026-06-01T00:59:02Z,worker-2,node,system,fwupd.service,0.0,0.0,0.0,0.0,0.0,0.0,0.0,0.0,0.0,0.0,0.0,0.0,7.0,normal
2026-06-01T00:59:12Z,worker-2,kube-system,tetragon-5m9b8,tetragon,7.3,1870.0,2.7,0.0,0.0,17976.0,239.0,0.0,0.0,0.0,0.0,0.0,74652.0,normal
2026-06-01T00:59:12Z,worker-2,ebpf-final,ebpf-collector-kqqj9,collector,168.0,0.8,163.5,0.1,0.0,245229.0,18595.0,0.0,0.0,0.0,0.0,0.0,93.0,normal
2026-06-01T00:59:12Z,worker-2,longhorn-system,longhorn-csi-plugin-wc52g,longhorn-csi-plugin,2.6,1.3,0.0,0.0,0.0,0.0,0.0,0.0,0.0,0.0,0.0,0.0,62.0,normal
2026-06-01T00:59:12Z,worker-2,kube-system,nodelocaldns-qnb6m,node-cache,9.8,2.9,0.4,1.1,0.0,3282.0,2997.0,0.0,0.0,0.0,0.0,0.0,473.0,normal
2026-06-01T00:59:12Z,worker-2,longhorn-system,engine-image-ei-843accdd-m8hd2,engine-image-ei-843accdd,12.6,1.0,13.0,0.0,0.0,0.0,0.0,0.0,0.0,0.0,10.0,32.0,1007.0,normal
2026-06-01T00:59:12Z,worker-2,ebpf-final,ebpf-detector-64c4475bb6-2hth7,detector,5.7,2.9,0.0,0.0,0.2,147399.0,109299.0,0.0,0.0,0.0,0.0,1.0,571.0,normal
2026-06-01T00:59:12Z,worker-2,kube-system,ovs-ovn-5dqk6,openvswitch,114.6,65.1,46.8,0.0,0.1,38.0,41.0,0.0,0.0,0.0,65.0,111.0,2100.0,normal
2026-06-01T00:59:12Z,worker-2,longhorn-system,longhorn-csi-plugin-wc52g,node-driver-registrar,0.2,0.2,0.0,0.0,0.0,0.0,0.0,0.0,0.0,0.0,0.0,0.0,10.0,normal
2026-06-01T00:59:12Z,worker-2,node,system,containerd.service,15251.6,10697.4,333.9,0.0,0.0,0.0,0.0,0.0,0.0,0.0,36.0,326.0,58344.0,normal
2026-06-01T00:59:12Z,worker-2,longhorn-system,csi-attacher-896ffc747-nsbx9,csi-attacher,1.6,1.5,0.0,0.0,0.0,555.0,39.0,0.0,0.0,0.0,0.0,0.0,160.0,normal
2026-06-01T00:59:12Z,worker-2,longhorn-system,longhorn-csi-plugin-wc52g,longhorn-liveness-probe,2.7,1.7,0.0,0.0,0.0,224.0,274.0,0.0,0.0,0.0,0.0,0.0,186.0,normal
2026-06-01T00:59:12Z,worker-2,kube-system,kube-proxy-zlsrr,kube-proxy,1.7,0.4,0.0,0.0,0.0,17664.0,96.0,0.0,0.0,0.0,0.0,0.0,131.0,normal
2026-06-01T00:59:12Z,worker-2,longhorn-system,instance-manager-92da8f029806607ba3e99ef8c4ba622e,instance-manager,182.6,2.4,10.4,0.4,0.0,519.0,489.0,0.0,0.0,0.0,6.0,6.0,399.0,normal
2026-06-01T00:59:12Z,worker-2,kube-system,tetragon-operator-79c87675d6-l458l,tetragon-operator,3.0,0.6,0.4,0.0,0.0,586.0,2715.0,0.0,0.0,0.0,0.0,0.0,70.0,normal
2026-06-01T00:59:12Z,worker-2,longhorn-system,csi-provisioner-688964c44b-42sdq,csi-provisioner,6.4,6.3,0.0,0.0,0.0,544.0,39.0,0.0,0.0,0.0,0.0,0.0,388.0,normal
2026-06-01T00:59:12Z,worker-2,monitoring,my-monitoring-prometheus-node-exporter-jcwww,node-exporter,235.1,0.9,198.0,0.0,0.0,573.0,31341.0,0.0,0.0,0.0,0.0,0.0,442.0,normal
2026-06-01T00:59:12Z,worker-2,longhorn-system,engine-image-ei-3154f3aa-brh95,engine-image-ei-3154f3aa,12.7,1.0,13.1,0.0,0.0,0.0,0.0,0.0,0.0,0.0,10.0,40.0,1349.0,normal
2026-06-01T00:59:12Z,worker-2,longhorn-system,csi-resizer-7d9bff5787-lf2nb,csi-resizer,2.6,2.5,0.0,0.0,0.0,547.0,39.0,0.0,0.0,0.0,0.0,0.0,136.0,normal
2026-06-01T00:59:12Z,worker-2,gpu-operator,gpu-operator-1764036362-node-feature-discovery-worker-bjsfj,worker,259.9,4.2,145.5,0.0,0.0,137956.0,1905.0,0.0,0.0,0.0,0.0,0.0,1927.0,normal
2026-06-01T00:59:12Z,worker-2,kube-system,kube-ovn-pinger-djcdq,pinger,38.0,17.5,13.2,0.2,0.0,116476.0,1580.0,0.0,8192.0,0.6719435,17.0,26.0,2752.0,normal
2026-06-01T00:59:12Z,worker-2,longhorn-system,csi-snapshotter-65884686fc-ht9td,csi-snapshotter,2.2,2.1,0.0,0.0,0.0,565.0,39.0,0.0,0.0,0.0,0.0,0.0,155.0,normal
2026-06-01T00:59:12Z,worker-2,node,system,kubelet.service,793.6,883.8,212.1,1.7,0.0,48489.0,162576.0,0.0,0.0,0.0,0.0,0.0,7217.0,normal
2026-06-01T00:59:12Z,worker-2,kube-system,tetragon-5m9b8,export-stdout,9432.0,9429.0,1.0,0.0,0.0,0.0,0.0,0.0,0.0,0.0,0.0,0.0,168.0,normal
2026-06-01T00:59:12Z,worker-2,longhorn-system,longhorn-manager-prnm4,longhorn-manager,112.6,43.7,0.1,0.1,0.0,468087.0,10679.0,0.0,0.0,0.0,0.0,0.0,4703.0,normal
2026-06-01T00:59:12Z,worker-2,kube-system,kube-ovn-cni-5n9nh,cni-server,394.6,27.5,456.4,0.4,0.0,204049.0,1200.0,0.0,0.0,0.0,171.0,228.0,5901.0,normal
2026-06-01T00:59:12Z,worker-2,node,system,multipathd.service,0.0,2.4,0.0,0.0,0.0,0.0,0.0,0.0,0.0,0.0,0.0,0.0,23.0,normal
2026-06-01T00:59:12Z,worker-2,unknown,pod-b48b5e10,nginx-proxy,0.0,0.0,0.0,0.0,0.0,59322.0,59370.0,0.0,0.0,0.0,0.0,0.0,36.0,normal
2026-06-01T00:59:12Z,worker-2,node,system,cgroup,0.0,0.0,0.0,0.0,0.0,0.0,0.0,0.0,2379776.0,0.9631410392156863,0.0,1.0,211236.0,normal
2026-06-01T00:59:12Z,worker-2,node,system,iscsid.service,0.0,0.0,0.0,0.0,0.0,0.0,0.0,0.0,0.0,0.0,0.0,0.0,11.0,normal
2026-06-01T00:59:12Z,worker-2,node,system,udisks2.service,0.0,0.0,0.0,0.0,0.0,0.0,0.0,0.0,0.0,0.0,0.0,0.0,3.0,normal
2026-06-01T00:59:12Z,worker-2,node,system,polkit.service,0.0,0.0,0.0,0.0,0.0,0.0,0.0,0.0,0.0,0.0,0.0,0.0,3.0,normal
2026-06-01T00:59:12Z,worker-2,node,system,rpcbind.service,0.0,0.0,0.0,0.0,0.0,0.0,0.0,0.0,0.0,0.0,0.0,0.0,1.0,normal
2026-06-01T00:59:12Z,worker-2,node,system,fwupd.service,0.0,0.0,0.0,0.0,0.0,0.0,0.0,0.0,0.0,0.0,0.0,0.0,8.0,normal
2026-06-01T00:59:22Z,worker-2,node,system,systemd-journald.service,0.1,0.0,0.0,0.0,0.0,0.0,0.0,0.0,0.0,0.0,0.0,0.0,1.0,normal
2026-06-01T00:59:22Z,worker-2,kube-system,tetragon-5m9b8,tetragon,7.0,1799.9,3.1,0.0,0.0,18355.0,22833.0,0.0,0.0,0.0,0.0,0.0,71567.0,normal
2026-06-01T00:59:22Z,worker-2,ebpf-final,ebpf-collector-kqqj9,collector,0.2,0.7,0.3,0.1,0.0,12691.0,17158.0,0.0,0.0,0.0,0.0,0.0,7.0,normal
2026-06-01T00:59:22Z,worker-2,longhorn-system,longhorn-csi-plugin-wc52g,longhorn-csi-plugin,2.6,1.3,0.0,0.0,0.0,0.0,0.0,0.0,0.0,0.0,0.0,0.0,82.0,normal
2026-06-01T00:59:22Z,worker-2,kube-system,nodelocaldns-qnb6m,node-cache,13.1,4.4,0.3,1.2,0.0,4922.0,3562.0,0.0,0.0,0.0,0.0,0.0,687.0,normal
2026-06-01T00:59:22Z,worker-2,longhorn-system,engine-image-ei-843accdd-m8hd2,engine-image-ei-843accdd,12.6,1.0,13.0,0.0,0.0,0.0,0.0,0.0,0.0,0.0,10.0,33.0,1175.0,normal
2026-06-01T00:59:22Z,worker-2,ebpf-final,ebpf-detector-64c4475bb6-2hth7,detector,4.4,2.5,0.0,0.0,0.0,143858.0,95680.0,0.0,0.0,0.0,0.0,0.0,574.0,normal
2026-06-01T00:59:22Z,worker-2,kube-system,ovs-ovn-5dqk6,openvswitch,98.0,61.1,37.9,0.0,0.0,38.0,41.0,0.0,0.0,0.0,52.0,88.0,1784.0,normal
2026-06-01T00:59:22Z,worker-2,longhorn-system,longhorn-csi-plugin-wc52g,node-driver-registrar,0.2,0.2,0.0,0.0,0.0,0.0,0.0,0.0,0.0,0.0,0.0,0.0,10.0,normal
2026-06-01T00:59:22Z,worker-2,node,system,containerd.service,12906.7,9562.0,259.0,0.0,0.0,0.0,0.0,0.0,0.0,0.0,28.0,254.0,52600.0,normal
2026-06-01T00:59:22Z,worker-2,longhorn-system,csi-attacher-896ffc747-nsbx9,csi-attacher,1.6,1.3,0.1,0.0,0.0,556.0,39.0,0.0,0.0,0.0,0.0,0.0,134.0,normal
2026-06-01T00:59:22Z,worker-2,node,system,init.scope,0.8,0.0,0.4,0.0,0.0,0.0,0.0,0.0,0.0,0.0,0.0,0.0,1.0,normal
2026-06-01T00:59:22Z,worker-2,longhorn-system,longhorn-csi-plugin-wc52g,longhorn-liveness-probe,2.4,1.9,0.0,0.0,0.0,224.0,274.0,0.0,0.0,0.0,0.0,0.0,252.0,normal
2026-06-01T00:59:22Z,worker-2,kube-system,kube-proxy-zlsrr,kube-proxy,2.0,0.4,0.0,0.0,0.0,17538.0,96.0,0.0,0.0,0.0,0.0,0.0,92.0,normal
2026-06-01T00:59:22Z,worker-2,longhorn-system,instance-manager-92da8f029806607ba3e99ef8c4ba622e,instance-manager,14.7,1.3,1.4,0.0,0.0,468.0,395.0,0.0,0.0,0.0,1.0,1.0,207.0,normal
2026-06-01T00:59:22Z,worker-2,kube-system,tetragon-operator-79c87675d6-l458l,tetragon-operator,0.3,0.2,0.0,0.0,0.0,110.0,170.0,0.0,0.0,0.0,0.0,0.0,15.0,normal
2026-06-01T00:59:22Z,worker-2,longhorn-system,csi-provisioner-688964c44b-42sdq,csi-provisioner,5.6,5.4,0.0,0.0,0.0,1191.0,78.0,0.0,0.0,0.0,0.0,0.0,480.0,normal
2026-06-01T00:59:22Z,worker-2,monitoring,my-monitoring-prometheus-node-exporter-jcwww,node-exporter,0.4,0.2,0.0,0.0,0.0,208.0,3254.0,0.0,0.0,0.0,0.0,0.0,17.0,normal
2026-06-01T00:59:22Z,worker-2,longhorn-system,engine-image-ei-3154f3aa-brh95,engine-image-ei-3154f3aa,12.8,1.0,13.2,0.0,0.0,0.0,0.0,0.0,0.0,0.0,10.0,45.0,1369.0,normal
2026-06-01T00:59:22Z,worker-2,node,system,udev,0.1,0.0,0.0,0.0,0.0,0.0,0.0,0.0,0.0,0.0,0.0,0.0,1.0,normal
2026-06-01T00:59:22Z,worker-2,longhorn-system,csi-resizer-7d9bff5787-lf2nb,csi-resizer,2.5,2.4,0.0,0.0,0.0,551.0,39.0,0.0,0.0,0.0,0.0,0.0,140.0,normal
2026-06-01T00:59:22Z,worker-2,gpu-operator,gpu-operator-1764036362-node-feature-discovery-worker-bjsfj,worker,0.6,0.2,0.0,0.0,0.0,222.0,188.0,0.0,0.0,0.0,0.0,0.0,41.0,normal
2026-06-01T00:59:22Z,worker-2,kube-system,kube-ovn-pinger-djcdq,pinger,37.2,18.6,13.2,0.2,0.0,116313.0,1436.0,0.0,12288.0,0.6844995,17.0,26.0,2958.0,normal
2026-06-01T00:59:22Z,worker-2,longhorn-system,csi-snapshotter-65884686fc-ht9td,csi-snapshotter,2.4,2.3,0.0,0.0,0.0,566.0,39.0,0.0,0.0,0.0,0.0,0.0,181.0,normal
2026-06-01T00:59:22Z,worker-2,node,system,systemd-logind.service,0.1,0.0,0.0,0.0,0.0,0.0,0.0,0.0,0.0,0.0,0.0,0.0,1.0,normal
2026-06-01T00:59:22Z,worker-2,node,system,kubelet.service,796.2,953.9,196.6,1.4,0.0,45391.0,133254.0,0.0,0.0,0.0,0.0,0.0,6998.0,normal
2026-06-01T00:59:22Z,worker-2,kube-system,tetragon-5m9b8,export-stdout,8559.6,8557.1,0.8,0.0,0.0,0.0,0.0,0.0,0.0,0.0,0.0,0.0,57.0,normal
2026-06-01T00:59:22Z,worker-2,node,system,systemd-resolved.service,0.1,0.0,0.0,0.0,0.0,0.0,0.0,0.0,0.0,0.0,0.0,0.0,1.0,normal
2026-06-01T00:59:22Z,worker-2,longhorn-system,longhorn-manager-prnm4,longhorn-manager,131.0,42.8,6.4,0.1,0.0,466302.0,10262.0,0.0,0.0,0.0,0.0,0.0,4596.0,normal
2026-06-01T00:59:22Z,worker-2,kube-system,kube-ovn-cni-5n9nh,cni-server,341.7,21.6,380.6,0.2,0.0,203900.0,1200.0,0.0,0.0,0.0,133.0,162.0,4018.0,normal
2026-06-01T00:59:22Z,worker-2,node,system,multipathd.service,0.0,2.2,0.0,0.0,0.0,0.0,0.0,0.0,0.0,0.0,0.0,0.0,22.0,normal
2026-06-01T00:59:22Z,worker-2,unknown,pod-b48b5e10,nginx-proxy,0.0,0.0,0.0,0.0,0.0,55758.0,55806.0,0.0,0.0,0.0,0.0,0.0,46.0,normal
2026-06-01T00:59:22Z,worker-2,node,system,cgroup,0.0,0.0,0.0,0.0,0.0,0.0,0.0,0.0,52944896.0,1.4703315905172414,0.0,0.0,195745.0,normal
2026-06-01T00:59:22Z,worker-2,node,system,iscsid.service,0.0,0.0,0.0,0.0,0.0,0.0,0.0,0.0,0.0,0.0,0.0,0.0,10.0,normal
2026-06-01T00:59:22Z,worker-2,longhorn-system,longhorn-driver-deployer-57b9669d9b-9nxfp,longhorn-driver-deployer,0.0,0.0,0.0,0.0,0.0,0.0,0.0,0.0,0.0,0.0,0.0,0.0,3.0,normal
2026-06-01T00:59:22Z,worker-2,node,system,udisks2.service,0.0,0.0,0.0,0.0,0.0,0.0,0.0,0.0,0.0,0.0,0.0,0.0,2.0,normal
2026-06-01T00:59:22Z,worker-2,node,system,polkit.service,0.0,0.0,0.0,0.0,0.0,0.0,0.0,0.0,0.0,0.0,0.0,0.0,2.0,normal
2026-06-01T00:59:22Z,worker-2,node,system,fwupd.service,0.0,0.0,0.0,0.0,0.0,0.0,0.0,0.0,0.0,0.0,0.0,0.0,7.0,normal
2026-06-01T00:59:32Z,worker-2,kube-system,tetragon-5m9b8,tetragon,7.4,1804.2,2.4,0.0,0.0,17829.0,239.0,0.0,0.0,0.0,0.0,0.0,71323.0,normal
2026-06-01T00:59:32Z,worker-2,ebpf-final,ebpf-collector-kqqj9,collector,0.2,0.8,0.3,0.1,0.0,14492.0,19547.0,0.0,0.0,0.0,0.0,0.0,7.0,normal
2026-06-01T00:59:32Z,worker-2,longhorn-system,longhorn-csi-plugin-wc52g,longhorn-csi-plugin,2.8,1.2,0.0,0.0,0.0,0.0,0.0,0.0,0.0,0.0,0.0,0.0,70.0,normal
2026-06-01T00:59:32Z,worker-2,kube-system,nodelocaldns-qnb6m,node-cache,12.8,4.1,0.3,1.0,0.0,4922.0,3562.0,0.0,0.0,0.0,0.0,0.0,635.0,normal
2026-06-01T00:59:32Z,worker-2,longhorn-system,engine-image-ei-843accdd-m8hd2,engine-image-ei-843accdd,12.7,1.0,13.1,0.0,0.0,0.0,0.0,0.0,0.0,0.0,10.0,31.0,1053.0,normal
2026-06-01T00:59:32Z,worker-2,ebpf-final,ebpf-detector-64c4475bb6-2hth7,detector,5.4,2.9,0.0,0.0,0.0,147480.0,108641.0,0.0,0.0,0.0,0.0,0.0,518.0,normal
2026-06-01T00:59:32Z,worker-2,kube-system,ovs-ovn-5dqk6,openvswitch,96.5,57.8,37.9,0.0,0.0,38.0,41.0,0.0,0.0,0.0,52.0,88.0,1707.0,normal
2026-06-01T00:59:32Z,worker-2,longhorn-system,longhorn-csi-plugin-wc52g,node-driver-registrar,0.2,0.2,0.0,0.0,0.0,0.0,0.0,0.0,0.0,0.0,0.0,0.0,10.0,normal
2026-06-01T00:59:32Z,worker-2,node,system,containerd.service,14656.5,10657.8,266.8,0.0,0.0,0.0,0.0,0.0,0.0,0.0,32.0,290.0,55323.0,normal
2026-06-01T00:59:32Z,worker-2,longhorn-system,csi-attacher-896ffc747-nsbx9,csi-attacher,1.3,1.2,0.0,0.0,0.0,559.0,39.0,0.0,0.0,0.0,0.0,0.0,117.0,normal
2026-06-01T00:59:32Z,worker-2,longhorn-system,longhorn-csi-plugin-wc52g,longhorn-liveness-probe,2.7,1.9,0.0,0.0,0.0,224.0,274.0,0.0,0.0,0.0,0.0,0.0,235.0,normal
2026-06-01T00:59:32Z,worker-2,kube-system,kube-proxy-zlsrr,kube-proxy,1.8,0.5,0.0,0.0,0.0,17660.0,96.0,0.0,0.0,0.0,0.0,0.0,123.0,normal
2026-06-01T00:59:32Z,worker-2,longhorn-system,instance-manager-92da8f029806607ba3e99ef8c4ba622e,instance-manager,194.3,4.4,11.7,0.4,0.0,1298.0,1061.0,0.0,0.0,0.0,7.0,7.0,475.0,normal
2026-06-01T00:59:32Z,worker-2,kube-system,tetragon-operator-79c87675d6-l458l,tetragon-operator,0.5,0.4,0.0,0.0,0.0,221.0,340.0,0.0,0.0,0.0,0.0,0.0,35.0,normal
2026-06-01T00:59:32Z,worker-2,longhorn-system,csi-provisioner-688964c44b-42sdq,csi-provisioner,6.9,6.8,0.0,0.0,0.0,582.0,39.0,0.0,0.0,0.0,0.0,0.0,390.0,normal
2026-06-01T00:59:32Z,worker-2,monitoring,my-monitoring-prometheus-node-exporter-jcwww,node-exporter,0.4,0.3,0.0,0.0,0.0,312.0,4881.0,0.0,0.0,0.0,0.0,0.0,24.0,normal
2026-06-01T00:59:32Z,worker-2,longhorn-system,engine-image-ei-3154f3aa-brh95,engine-image-ei-3154f3aa,12.8,1.0,13.2,0.0,0.0,0.0,0.0,0.0,0.0,0.0,10.0,42.0,1335.0,normal
2026-06-01T00:59:32Z,worker-2,longhorn-system,csi-resizer-7d9bff5787-lf2nb,csi-resizer,2.3,2.2,0.0,0.0,0.0,687.0,39.0,0.0,0.0,0.0,0.0,0.0,185.0,normal
2026-06-01T00:59:32Z,worker-2,gpu-operator,gpu-operator-1764036362-node-feature-discovery-worker-bjsfj,worker,0.5,0.2,0.0,0.0,0.0,222.0,188.0,0.0,0.0,0.0,0.0,0.0,32.0,normal
2026-06-01T00:59:32Z,worker-2,kube-system,kube-ovn-pinger-djcdq,pinger,41.9,19.0,13.3,0.2,0.0,116522.0,2620.0,0.0,12288.0,8.2427355,17.0,26.0,3234.0,normal
2026-06-01T00:59:32Z,worker-2,longhorn-system,csi-snapshotter-65884686fc-ht9td,csi-snapshotter,2.9,2.5,0.1,0.0,0.0,1132.0,78.0,0.0,0.0,0.0,0.0,0.0,191.0,normal
2026-06-01T00:59:32Z,worker-2,node,system,kubelet.service,672.1,890.4,140.2,1.7,0.0,47254.0,136482.0,0.0,0.0,0.0,0.0,0.0,5880.0,normal
2026-06-01T00:59:32Z,worker-2,kube-system,tetragon-5m9b8,export-stdout,9473.7,9470.9,0.9,0.0,0.0,0.0,0.0,0.0,0.0,0.0,0.0,0.0,47.0,normal
2026-06-01T00:59:32Z,worker-2,longhorn-system,longhorn-manager-prnm4,longhorn-manager,114.4,43.6,3.3,0.3,0.0,471415.0,15820.0,0.0,0.0,0.0,3.0,19.0,5236.0,normal
2026-06-01T00:59:32Z,worker-2,kube-system,kube-ovn-cni-5n9nh,cni-server,340.0,22.7,378.6,0.3,0.0,204336.0,2296.0,0.0,0.0,0.0,131.0,175.0,5012.0,normal
2026-06-01T00:59:32Z,worker-2,node,system,multipathd.service,0.0,2.1,0.0,0.0,0.0,0.0,0.0,0.0,0.0,0.0,0.0,0.0,24.0,normal
2026-06-01T00:59:32Z,worker-2,unknown,pod-b48b5e10,nginx-proxy,0.0,0.0,0.0,0.0,0.0,55321.0,55369.0,0.0,0.0,0.0,0.0,0.0,35.0,normal
2026-06-01T00:59:32Z,worker-2,node,system,cgroup,0.0,0.0,0.0,0.0,0.0,0.0,0.0,0.0,130564096.0,1.4724663483455882,0.0,0.0,199719.0,normal
2026-06-01T00:59:32Z,worker-2,node,system,iscsid.service,0.0,0.0,0.0,0.0,0.0,0.0,0.0,0.0,0.0,0.0,0.0,0.0,10.0,normal
2026-06-01T00:59:32Z,worker-2,node,system,udisks2.service,0.0,0.0,0.0,0.0,0.0,0.0,0.0,0.0,0.0,0.0,0.0,0.0,3.0,normal
2026-06-01T00:59:32Z,worker-2,node,system,polkit.service,0.0,0.0,0.0,0.0,0.0,0.0,0.0,0.0,0.0,0.0,0.0,0.0,3.0,normal
2026-06-01T00:59:32Z,worker-2,node,system,fwupd.service,0.0,0.0,0.0,0.0,0.0,0.0,0.0,0.0,0.0,0.0,0.0,0.0,8.0,normal
2026-06-01T00:59:43Z,worker-2,kube-system,tetragon-5m9b8,tetragon,4.9,1855.0,3.0,0.0,0.0,18139.0,239.0,0.0,0.0,0.0,0.0,0.0,72527.0,normal
2026-06-01T00:59:43Z,worker-2,ebpf-final,ebpf-collector-kqqj9,collector,168.6,0.8,163.6,0.1,0.0,244890.0,18126.0,0.0,0.0,0.0,0.0,0.0,99.0,normal
2026-06-01T00:59:43Z,worker-2,longhorn-system,longhorn-csi-plugin-wc52g,longhorn-csi-plugin,4.3,2.1,0.0,0.0,0.0,0.0,0.0,0.0,0.0,0.0,0.0,0.0,114.0,normal
2026-06-01T00:59:43Z,worker-2,kube-system,nodelocaldns-qnb6m,node-cache,28.6,5.7,35.1,1.0,0.0,5033.0,3699.0,0.0,0.0,0.0,12.0,12.0,880.0,normal
2026-06-01T00:59:43Z,worker-2,longhorn-system,engine-image-ei-843accdd-m8hd2,engine-image-ei-843accdd,12.6,1.0,13.0,0.0,0.0,0.0,0.0,0.0,0.0,0.0,10.0,33.0,1046.0,normal
2026-06-01T00:59:43Z,worker-2,ebpf-final,ebpf-detector-64c4475bb6-2hth7,detector,5.7,3.1,0.0,0.0,0.0,147600.0,120594.0,0.0,0.0,0.0,0.0,0.0,465.0,normal
2026-06-01T00:59:43Z,worker-2,kube-system,ovs-ovn-5dqk6,openvswitch,100.9,60.9,38.0,0.0,0.3,38.0,41.0,0.0,0.0,0.0,52.0,88.0,1836.0,normal
2026-06-01T00:59:43Z,worker-2,longhorn-system,longhorn-csi-plugin-wc52g,node-driver-registrar,0.2,0.2,0.0,0.0,0.0,0.0,0.0,0.0,0.0,0.0,0.0,0.0,10.0,normal
2026-06-01T00:59:43Z,worker-2,node,system,containerd.service,14925.1,10675.4,330.0,0.0,0.0,0.0,0.0,0.0,0.0,0.0,34.0,308.0,56908.0,normal
2026-06-01T00:59:43Z,worker-2,longhorn-system,csi-attacher-896ffc747-nsbx9,csi-attacher,1.6,1.4,0.0,0.0,0.0,1112.0,78.0,0.0,0.0,0.0,0.0,0.0,209.0,normal
2026-06-01T00:59:43Z,worker-2,longhorn-system,longhorn-csi-plugin-wc52g,longhorn-liveness-probe,4.6,3.2,0.0,0.0,0.0,336.0,411.0,0.0,0.0,0.0,0.0,0.0,269.0,normal
2026-06-01T00:59:43Z,worker-2,kube-system,kube-proxy-zlsrr,kube-proxy,1.6,0.4,0.0,0.0,0.0,17677.0,96.0,0.0,0.0,0.0,0.0,0.0,132.0,normal
2026-06-01T00:59:43Z,worker-2,longhorn-system,instance-manager-92da8f029806607ba3e99ef8c4ba622e,instance-manager,185.1,4.0,10.4,0.5,0.0,928.0,961.0,0.0,0.0,0.0,6.0,6.0,467.0,normal
2026-06-01T00:59:43Z,worker-2,kube-system,tetragon-operator-79c87675d6-l458l,tetragon-operator,0.4,0.2,0.0,0.0,0.0,110.0,170.0,0.0,0.0,0.0,0.0,0.0,10.0,normal
2026-06-01T00:59:43Z,worker-2,longhorn-system,csi-provisioner-688964c44b-42sdq,csi-provisioner,6.4,6.1,0.0,0.0,0.0,548.0,39.0,0.0,0.0,0.0,0.0,0.0,386.0,normal
2026-06-01T00:59:43Z,worker-2,monitoring,my-monitoring-prometheus-node-exporter-jcwww,node-exporter,236.7,0.9,198.7,0.0,0.0,573.0,31322.0,0.0,0.0,0.0,0.0,0.0,243.0,normal
2026-06-01T00:59:43Z,worker-2,longhorn-system,engine-image-ei-3154f3aa-brh95,engine-image-ei-3154f3aa,15.7,1.2,16.2,0.0,0.0,0.0,0.0,0.0,0.0,0.0,12.0,51.0,1635.0,normal
2026-06-01T00:59:43Z,worker-2,longhorn-system,csi-resizer-7d9bff5787-lf2nb,csi-resizer,2.7,2.4,0.1,0.0,0.0,546.0,39.0,0.0,0.0,0.0,0.0,0.0,180.0,normal
2026-06-01T00:59:43Z,worker-2,gpu-operator,gpu-operator-1764036362-node-feature-discovery-worker-bjsfj,worker,0.8,0.4,0.0,0.0,0.0,261.0,227.0,0.0,0.0,0.0,0.0,0.0,93.0,normal
2026-06-01T00:59:43Z,worker-2,kube-system,kube-ovn-pinger-djcdq,pinger,39.1,19.0,13.2,0.2,0.0,84017.0,1221.0,0.0,12288.0,0.6792065,17.0,26.0,3182.0,normal
2026-06-01T00:59:43Z,worker-2,longhorn-system,csi-snapshotter-65884686fc-ht9td,csi-snapshotter,1.8,1.7,0.0,0.0,0.0,566.0,39.0,0.0,0.0,0.0,0.0,0.0,177.0,normal
2026-06-01T00:59:43Z,worker-2,node,system,kubelet.service,991.6,1167.9,286.2,1.6,0.0,46059.0,161084.0,0.0,0.0,0.0,2.0,2.0,7929.0,normal
2026-06-01T00:59:43Z,worker-2,kube-system,tetragon-5m9b8,export-stdout,9475.6,9472.9,0.9,0.0,0.0,0.0,0.0,0.0,0.0,0.0,0.0,0.0,25.0,normal
2026-06-01T00:59:43Z,worker-2,longhorn-system,longhorn-manager-prnm4,longhorn-manager,110.7,41.3,0.1,0.1,0.1,468614.0,10535.0,0.0,0.0,0.0,0.0,0.0,4687.0,normal
2026-06-01T00:59:43Z,worker-2,kube-system,kube-ovn-cni-5n9nh,cni-server,340.2,22.6,379.8,0.3,0.0,203900.0,1200.0,0.0,0.0,0.0,132.0,174.0,4814.0,normal
2026-06-01T00:59:43Z,worker-2,node,system,init.scope,0.0,4.0,3.4,0.0,0.0,0.0,0.0,0.0,0.0,0.0,0.0,0.0,6.0,normal
2026-06-01T00:59:43Z,worker-2,node,system,multipathd.service,0.0,2.2,0.0,0.0,0.0,0.0,0.0,0.0,0.0,0.0,0.0,0.0,20.0,normal
2026-06-01T00:59:43Z,worker-2,unknown,pod-b48b5e10,nginx-proxy,0.0,0.0,0.0,0.0,0.0,55760.0,55808.0,0.0,0.0,0.0,0.0,0.0,37.0,normal
2026-06-01T00:59:43Z,worker-2,node,system,cgroup,0.0,0.0,0.0,0.0,0.0,0.0,0.0,0.0,2387968.0,0.8732272600000001,0.0,3.0,205910.0,normal
2026-06-01T00:59:43Z,worker-2,node,system,iscsid.service,0.0,0.0,0.0,0.0,0.0,0.0,0.0,0.0,0.0,0.0,0.0,0.0,10.0,normal
2026-06-01T00:59:43Z,worker-2,node,system,udisks2.service,0.0,0.0,0.0,0.0,0.0,0.0,0.0,0.0,0.0,0.0,0.0,0.0,2.0,normal
2026-06-01T00:59:43Z,worker-2,node,system,polkit.service,0.0,0.0,0.0,0.0,0.0,0.0,0.0,0.0,0.0,0.0,0.0,0.0,2.0,normal
2026-06-01T00:59:43Z,worker-2,node,system,rpcbind.service,0.0,0.0,0.0,0.0,0.0,0.0,0.0,0.0,0.0,0.0,0.0,0.0,1.0,normal
2026-06-01T00:59:43Z,worker-2,node,system,fwupd.service,0.0,0.0,0.0,0.0,0.0,0.0,0.0,0.0,0.0,0.0,0.0,0.0,8.0,normal
2026-06-01T00:59:43Z,worker-2,node,system,dbus.service,0.0,0.0,0.0,0.0,0.0,0.0,0.0,0.0,0.0,0.0,0.0,0.0,9.0,normal
2026-06-01T00:59:53Z,worker-2,kube-system,tetragon-5m9b8,tetragon,4.8,1815.4,2.4,0.0,0.0,17829.0,239.0,0.0,0.0,0.0,0.0,0.0,71644.0,normal
2026-06-01T00:59:53Z,worker-2,ebpf-final,ebpf-collector-kqqj9,collector,0.2,0.8,0.3,0.1,0.0,13365.0,18084.0,0.0,0.0,0.0,0.0,0.0,7.0,normal
2026-06-01T00:59:53Z,worker-2,longhorn-system,longhorn-csi-plugin-wc52g,longhorn-csi-plugin,2.9,1.3,0.0,0.0,0.0,0.0,0.0,0.0,0.0,0.0,0.0,0.0,77.0,normal
2026-06-01T00:59:53Z,worker-2,kube-system,nodelocaldns-qnb6m,node-cache,13.1,3.9,0.4,1.0,0.0,4922.0,3431.0,0.0,0.0,0.0,0.0,0.0,661.0,normal
2026-06-01T00:59:53Z,worker-2,longhorn-system,engine-image-ei-843accdd-m8hd2,engine-image-ei-843accdd,12.7,1.0,13.1,0.0,0.0,0.0,0.0,0.0,0.0,0.0,10.0,35.0,1139.0,normal
2026-06-01T00:59:53Z,worker-2,ebpf-final,ebpf-detector-64c4475bb6-2hth7,detector,5.5,2.6,0.0,0.0,0.0,131797.0,97777.0,0.0,0.0,0.0,0.0,0.0,253.0,normal
2026-06-01T00:59:53Z,worker-2,kube-system,ovs-ovn-5dqk6,openvswitch,98.8,60.3,38.4,0.0,0.0,38.0,41.0,0.0,0.0,0.0,52.0,88.0,1845.0,normal
2026-06-01T00:59:53Z,worker-2,longhorn-system,longhorn-csi-plugin-wc52g,node-driver-registrar,0.2,0.2,0.0,0.0,0.0,0.0,0.0,0.0,0.0,0.0,0.0,0.0,10.0,normal
2026-06-01T00:59:53Z,worker-2,node,system,containerd.service,14413.8,9878.6,266.7,0.0,0.0,0.0,0.0,0.0,0.0,0.0,32.0,289.0,54716.0,normal
2026-06-01T00:59:53Z,worker-2,longhorn-system,csi-attacher-896ffc747-nsbx9,csi-attacher,2.2,2.1,0.0,0.0,0.0,556.0,39.0,0.0,0.0,0.0,0.0,0.0,125.0,normal
2026-06-01T00:59:53Z,worker-2,longhorn-system,longhorn-csi-plugin-wc52g,longhorn-liveness-probe,3.4,2.2,0.0,0.0,0.0,224.0,274.0,0.0,0.0,0.0,0.0,0.0,221.0,normal
2026-06-01T00:59:53Z,worker-2,kube-system,kube-proxy-zlsrr,kube-proxy,1.3,0.3,0.0,0.0,0.0,17538.0,96.0,0.0,0.0,0.0,0.0,0.0,92.0,normal
2026-06-01T00:59:53Z,worker-2,longhorn-system,instance-manager-92da8f029806607ba3e99ef8c4ba622e,instance-manager,193.9,4.6,11.7,0.4,0.0,1306.0,1076.0,0.0,0.0,0.0,7.0,7.0,436.0,normal
2026-06-01T00:59:53Z,worker-2,kube-system,tetragon-operator-79c87675d6-l458l,tetragon-operator,0.8,0.4,0.0,0.0,0.0,221.0,340.0,0.0,0.0,0.0,0.0,0.0,34.0,normal
2026-06-01T00:59:53Z,worker-2,longhorn-system,csi-provisioner-688964c44b-42sdq,csi-provisioner,3.9,3.8,0.0,0.0,0.0,544.0,39.0,0.0,0.0,0.0,0.0,0.0,348.0,normal
2026-06-01T00:59:53Z,worker-2,monitoring,my-monitoring-prometheus-node-exporter-jcwww,node-exporter,0.4,0.2,0.0,0.0,0.0,208.0,3254.0,0.0,0.0,0.0,0.0,0.0,17.0,normal
2026-06-01T00:59:53Z,worker-2,longhorn-system,engine-image-ei-3154f3aa-brh95,engine-image-ei-3154f3aa,12.5,1.0,12.9,0.0,0.0,0.0,0.0,0.0,0.0,0.0,10.0,34.0,1357.0,normal
2026-06-01T00:59:53Z,worker-2,longhorn-system,csi-resizer-7d9bff5787-lf2nb,csi-resizer,2.5,2.3,0.0,0.0,0.0,1094.0,78.0,0.0,0.0,0.0,0.0,0.0,143.0,normal
2026-06-01T00:59:53Z,worker-2,gpu-operator,gpu-operator-1764036362-node-feature-discovery-worker-bjsfj,worker,0.5,0.2,0.0,0.0,0.0,222.0,188.0,0.0,0.0,0.0,0.0,0.0,39.0,normal
2026-06-01T00:59:53Z,worker-2,kube-system,kube-ovn-pinger-djcdq,pinger,39.5,18.0,13.2,0.2,0.0,116501.0,1580.0,0.0,12288.0,0.683903,17.0,26.0,3500.0,normal
2026-06-01T00:59:53Z,worker-2,longhorn-system,csi-snapshotter-65884686fc-ht9td,csi-snapshotter,1.3,1.2,0.0,0.0,0.0,566.0,39.0,0.0,0.0,0.0,0.0,0.0,121.0,normal
2026-06-01T00:59:53Z,worker-2,node,system,kubelet.service,810.6,990.5,197.4,1.6,0.0,46936.0,133719.0,0.0,0.0,0.0,0.0,0.0,7334.0,normal
2026-06-01T00:59:53Z,worker-2,kube-system,tetragon-5m9b8,export-stdout,8590.8,8588.1,0.9,0.0,0.0,0.0,0.0,0.0,0.0,0.0,0.0,0.0,281.0,normal
2026-06-01T00:59:53Z,worker-2,longhorn-system,longhorn-manager-prnm4,longhorn-manager,138.9,45.2,9.5,0.3,0.0,470388.0,15209.0,0.0,0.0,0.0,3.0,23.0,5408.0,normal
2026-06-01T00:59:53Z,worker-2,kube-system,kube-ovn-cni-5n9nh,cni-server,396.6,27.3,458.5,0.3,0.0,204196.0,1200.0,0.0,0.0,0.0,173.0,217.0,5505.0,normal
2026-06-01T00:59:53Z,worker-2,node,system,multipathd.service,0.0,2.4,0.0,0.0,0.0,0.0,0.0,0.0,0.0,0.0,0.0,0.0,28.0,normal
2026-06-01T00:59:53Z,worker-2,unknown,pod-b48b5e10,nginx-proxy,0.0,0.0,0.0,0.0,0.0,57437.0,57485.0,0.0,0.0,0.0,0.0,0.0,37.0,normal
2026-06-01T00:59:53Z,worker-2,node,system,cgroup,0.0,0.0,0.0,0.0,0.0,0.0,0.0,0.0,69734400.0,1.132935744425386,0.0,0.0,200647.0,normal
2026-06-01T00:59:53Z,worker-2,node,system,iscsid.service,0.0,0.0,0.0,0.0,0.0,0.0,0.0,0.0,0.0,0.0,0.0,0.0,11.0,normal
2026-06-01T00:59:53Z,worker-2,node,system,udisks2.service,0.0,0.0,0.0,0.0,0.0,0.0,0.0,0.0,0.0,0.0,0.0,0.0,3.0,normal
2026-06-01T00:59:53Z,worker-2,node,system,polkit.service,0.0,0.0,0.0,0.0,0.0,0.0,0.0,0.0,0.0,0.0,0.0,0.0,3.0,normal
2026-06-01T00:59:53Z,worker-2,node,system,fwupd.service,0.0,0.0,0.0,0.0,0.0,0.0,0.0,0.0,0.0,0.0,0.0,0.0,8.0,normal
2026-06-01T00:59:53Z,worker-2,node,system,chrony.service,0.0,0.0,0.0,0.0,0.0,0.0,0.0,0.0,0.0,0.0,0.0,0.0,4.0,normal
2026-06-01T01:00:03Z,worker-2,kube-system,tetragon-5m9b8,tetragon,8.3,1811.4,2.7,0.0,0.0,17829.0,239.0,0.0,0.0,0.0,0.0,0.0,72406.0,normal
2026-06-01T01:00:03Z,worker-2,ebpf-final,ebpf-collector-kqqj9,collector,0.2,0.7,0.3,0.1,0.0,12690.0,17134.0,0.0,0.0,0.0,0.0,0.0,7.0,normal
2026-06-01T01:00:03Z,worker-2,longhorn-system,longhorn-csi-plugin-wc52g,longhorn-csi-plugin,3.3,1.6,0.0,0.0,0.0,0.0,0.0,0.0,0.0,0.0,0.0,0.0,84.0,normal
2026-06-01T01:00:03Z,worker-2,kube-system,nodelocaldns-qnb6m,node-cache,13.4,4.4,0.3,1.1,0.0,5145.0,3785.0,0.0,0.0,0.0,0.0,0.0,686.0,normal
2026-06-01T01:00:03Z,worker-2,longhorn-system,engine-image-ei-843accdd-m8hd2,engine-image-ei-843accdd,12.8,1.0,13.2,0.0,0.0,0.0,0.0,0.0,0.0,0.0,10.0,45.0,1302.0,normal
2026-06-01T01:00:03Z,worker-2,ebpf-final,ebpf-detector-64c4475bb6-2hth7,detector,4.8,2.8,0.0,0.0,0.0,145774.0,107770.0,0.0,0.0,0.0,0.0,0.0,308.0,normal
2026-06-01T01:00:03Z,worker-2,kube-system,ovs-ovn-5dqk6,openvswitch,98.5,59.6,37.5,0.0,0.0,38.0,41.0,0.0,0.0,0.0,52.0,88.0,1917.0,normal
2026-06-01T01:00:03Z,worker-2,longhorn-system,longhorn-csi-plugin-wc52g,node-driver-registrar,0.2,0.2,0.0,0.0,0.0,0.0,0.0,0.0,0.0,0.0,0.0,0.0,10.0,normal
2026-06-01T01:00:03Z,worker-2,node,system,containerd.service,14432.3,10596.8,266.4,0.0,0.0,0.0,0.0,0.0,0.0,0.0,32.0,277.0,56523.0,normal
2026-06-01T01:00:03Z,worker-2,longhorn-system,csi-attacher-896ffc747-nsbx9,csi-attacher,2.5,2.3,0.0,0.0,0.0,1253.0,78.0,0.0,0.0,0.0,0.0,0.0,135.0,normal
2026-06-01T01:00:03Z,worker-2,longhorn-system,longhorn-csi-plugin-wc52g,longhorn-liveness-probe,3.3,2.1,0.0,0.0,0.0,224.0,274.0,0.0,0.0,0.0,0.0,0.0,207.0,normal
2026-06-01T01:00:03Z,worker-2,kube-system,kube-proxy-zlsrr,kube-proxy,2.3,0.3,0.0,0.0,0.0,17789.0,96.0,0.0,0.0,0.0,0.0,0.0,139.0,normal
2026-06-01T01:00:03Z,worker-2,longhorn-system,instance-manager-92da8f029806607ba3e99ef8c4ba622e,instance-manager,181.7,2.3,10.4,0.4,0.0,468.0,455.0,0.0,0.0,0.0,6.0,6.0,301.0,normal
2026-06-01T01:00:03Z,worker-2,kube-system,tetragon-operator-79c87675d6-l458l,tetragon-operator,0.3,0.1,0.0,0.0,0.0,110.0,170.0,0.0,0.0,0.0,0.0,0.0,15.0,normal
2026-06-01T01:00:03Z,worker-2,longhorn-system,csi-provisioner-688964c44b-42sdq,csi-provisioner,6.7,6.3,0.1,0.0,0.0,1088.0,78.0,0.0,0.0,0.0,0.0,0.0,440.0,normal
2026-06-01T01:00:03Z,worker-2,monitoring,my-monitoring-prometheus-node-exporter-jcwww,node-exporter,0.2,0.2,0.0,0.0,0.0,208.0,3254.0,0.0,0.0,0.0,0.0,0.0,15.0,normal
2026-06-01T01:00:03Z,worker-2,longhorn-system,engine-image-ei-3154f3aa-brh95,engine-image-ei-3154f3aa,12.8,1.0,13.2,0.0,0.0,0.0,0.0,0.0,0.0,0.0,10.0,45.0,1302.0,normal
2026-06-01T01:00:03Z,worker-2,longhorn-system,csi-resizer-7d9bff5787-lf2nb,csi-resizer,2.3,2.3,0.0,0.0,0.0,547.0,39.0,0.0,0.0,0.0,0.0,0.0,161.0,normal
2026-06-01T01:00:03Z,worker-2,gpu-operator,gpu-operator-1764036362-node-feature-discovery-worker-bjsfj,worker,0.5,0.2,0.0,0.0,0.0,222.0,188.0,0.0,0.0,0.0,0.0,0.0,43.0,normal
2026-06-01T01:00:03Z,worker-2,kube-system,kube-ovn-pinger-djcdq,pinger,13.6,13.4,0.0,0.0,0.0,32412.0,375.0,0.0,12288.0,0.6921295,0.0,0.0,2798.0,normal
2026-06-01T01:00:03Z,worker-2,longhorn-system,csi-snapshotter-65884686fc-ht9td,csi-snapshotter,1.5,1.3,0.0,0.0,0.0,1136.0,78.0,0.0,0.0,0.0,0.0,0.0,158.0,normal
2026-06-01T01:00:03Z,worker-2,node,system,kubelet.service,699.5,991.9,143.7,1.4,0.0,44840.0,136114.0,0.0,0.0,0.0,0.0,0.0,5879.0,normal
2026-06-01T01:00:03Z,worker-2,kube-system,tetragon-5m9b8,export-stdout,9563.6,9560.8,0.9,0.0,0.0,0.0,0.0,0.0,0.0,0.0,0.0,0.0,47.0,normal
2026-06-01T01:00:03Z,worker-2,longhorn-system,longhorn-manager-prnm4,longhorn-manager,111.8,46.0,0.3,0.1,0.0,467731.0,11813.0,0.0,0.0,0.0,0.0,0.0,4780.0,normal
2026-06-01T01:00:03Z,worker-2,kube-system,kube-ovn-cni-5n9nh,cni-server,339.2,22.0,378.5,0.3,0.0,204604.0,1327.0,0.0,0.0,0.0,131.0,173.0,4875.0,normal
2026-06-01T01:00:03Z,worker-2,node,system,multipathd.service,0.0,2.2,0.0,0.0,0.0,0.0,0.0,0.0,0.0,0.0,0.0,0.0,24.0,normal
2026-06-01T01:00:03Z,worker-2,unknown,pod-b48b5e10,nginx-proxy,0.0,0.0,0.0,0.0,0.0,55191.0,55239.0,0.0,0.0,0.0,0.0,0.0,37.0,normal
2026-06-01T01:00:03Z,worker-2,node,system,cgroup,0.0,0.0,0.0,0.0,0.0,0.0,0.0,0.0,67260416.0,1.2951995,0.0,1.0,200847.0,normal
2026-06-01T01:00:03Z,worker-2,node,system,iscsid.service,0.0,0.0,0.0,0.0,0.0,0.0,0.0,0.0,0.0,0.0,0.0,0.0,10.0,normal
2026-06-01T01:00:03Z,worker-2,node,system,udisks2.service,0.0,0.0,0.0,0.0,0.0,0.0,0.0,0.0,0.0,0.0,0.0,0.0,2.0,normal
2026-06-01T01:00:03Z,worker-2,node,system,polkit.service,0.0,0.0,0.0,0.0,0.0,0.0,0.0,0.0,0.0,0.0,0.0,0.0,2.0,normal
2026-06-01T01:00:03Z,worker-2,node,system,cron.service,0.0,0.0,0.0,0.0,0.0,0.0,0.0,0.0,0.0,0.0,0.0,0.0,1.0,normal
2026-06-01T01:00:03Z,worker-2,node,system,fwupd.service,0.0,0.0,0.0,0.0,0.0,0.0,0.0,0.0,0.0,0.0,0.0,0.0,8.0,normal
2026-06-01T01:00:13Z,worker-2,kube-system,tetragon-5m9b8,tetragon,5.0,1859.8,2.7,0.0,0.0,17976.0,239.0,0.0,0.0,0.0,0.0,0.0,74039.0,normal
2026-06-01T01:00:13Z,worker-2,ebpf-final,ebpf-collector-kqqj9,collector,168.4,0.8,163.5,0.1,0.0,245210.0,18577.0,0.0,0.0,0.0,0.0,0.0,93.0,normal
2026-06-01T01:00:13Z,worker-2,longhorn-system,longhorn-csi-plugin-wc52g,longhorn-csi-plugin,2.7,1.1,0.0,0.0,0.0,0.0,0.0,0.0,0.0,0.0,0.0,0.0,75.0,normal
2026-06-01T01:00:13Z,worker-2,kube-system,nodelocaldns-qnb6m,node-cache,13.1,4.3,0.3,1.0,0.0,4922.0,3562.0,0.0,0.0,0.0,0.0,0.0,734.0,normal
2026-06-01T01:00:13Z,worker-2,longhorn-system,engine-image-ei-843accdd-m8hd2,engine-image-ei-843accdd,12.6,1.0,13.0,0.0,0.0,0.0,0.0,0.0,0.0,0.0,10.0,34.0,1012.0,normal
2026-06-01T01:00:13Z,worker-2,ebpf-final,ebpf-detector-64c4475bb6-2hth7,detector,6.0,2.9,0.0,0.0,0.0,145522.0,107861.0,0.0,0.0,0.0,0.0,0.0,276.0,normal
2026-06-01T01:00:13Z,worker-2,kube-system,ovs-ovn-5dqk6,openvswitch,100.3,61.6,38.0,0.0,0.2,38.0,41.0,0.0,0.0,0.0,52.0,88.0,1857.0,normal
2026-06-01T01:00:13Z,worker-2,longhorn-system,longhorn-csi-plugin-wc52g,node-driver-registrar,0.1,0.1,0.0,0.0,0.0,0.0,0.0,0.0,0.0,0.0,0.0,0.0,29.0,normal
2026-06-01T01:00:13Z,worker-2,node,system,containerd.service,12985.1,9511.1,326.2,0.0,0.0,0.0,0.0,0.0,0.0,0.0,32.0,290.0,54834.0,normal
2026-06-01T01:00:13Z,worker-2,longhorn-system,csi-attacher-896ffc747-nsbx9,csi-attacher,2.6,2.3,0.1,0.0,0.0,560.0,39.0,0.0,0.0,0.0,0.0,0.0,131.0,normal
2026-06-01T01:00:13Z,worker-2,longhorn-system,longhorn-csi-plugin-wc52g,longhorn-liveness-probe,3.3,2.1,0.0,0.0,0.0,224.0,274.0,0.0,0.0,0.0,0.0,0.0,213.0,normal
2026-06-01T01:00:13Z,worker-2,kube-system,kube-proxy-zlsrr,kube-proxy,53.1,3.1,147.9,0.0,0.0,17538.0,96.0,0.0,0.0,0.0,55.0,55.0,1077.0,normal
2026-06-01T01:00:13Z,worker-2,longhorn-system,instance-manager-92da8f029806607ba3e99ef8c4ba622e,instance-manager,182.3,2.4,10.4,0.4,0.0,519.0,506.0,0.0,0.0,0.0,6.0,6.0,344.0,normal
2026-06-01T01:00:13Z,worker-2,kube-system,tetragon-operator-79c87675d6-l458l,tetragon-operator,3.0,0.6,0.4,0.0,0.0,696.0,2890.0,0.0,0.0,0.0,0.0,0.0,80.0,normal
2026-06-01T01:00:13Z,worker-2,longhorn-system,csi-provisioner-688964c44b-42sdq,csi-provisioner,4.2,4.1,0.0,0.0,0.0,543.0,39.0,0.0,0.0,0.0,0.0,0.0,364.0,normal
2026-06-01T01:00:13Z,worker-2,monitoring,my-monitoring-prometheus-node-exporter-jcwww,node-exporter,234.2,0.9,197.6,0.0,0.0,573.0,31334.0,0.0,0.0,0.0,0.0,0.0,363.0,normal
2026-06-01T01:00:13Z,worker-2,longhorn-system,engine-image-ei-3154f3aa-brh95,engine-image-ei-3154f3aa,12.9,1.0,13.3,0.0,0.0,0.0,0.0,0.0,0.0,0.0,10.0,42.0,1279.0,normal
2026-06-01T01:00:13Z,worker-2,longhorn-system,csi-resizer-7d9bff5787-lf2nb,csi-resizer,2.4,2.3,0.0,0.0,0.0,551.0,39.0,0.0,0.0,0.0,0.0,0.0,162.0,normal
2026-06-01T01:00:13Z,worker-2,gpu-operator,gpu-operator-1764036362-node-feature-discovery-worker-bjsfj,worker,260.1,4.1,145.5,0.0,0.0,137845.0,1811.0,0.0,0.0,0.0,0.0,0.0,1868.0,normal
2026-06-01T01:00:13Z,worker-2,kube-system,kube-ovn-pinger-djcdq,pinger,41.0,20.7,13.2,0.2,0.0,116338.0,1580.0,0.0,12288.0,0.6740895,17.0,26.0,4140.0,normal
2026-06-01T01:00:13Z,worker-2,longhorn-system,csi-snapshotter-65884686fc-ht9td,csi-snapshotter,1.2,1.1,0.0,0.0,0.0,707.0,39.0,0.0,0.0,0.0,0.0,0.0,147.0,normal
2026-06-01T01:00:13Z,worker-2,node,system,kubelet.service,917.9,1373.6,207.8,1.7,0.0,51139.0,163185.0,0.0,0.0,0.0,0.0,0.0,7486.0,normal
2026-06-01T01:00:13Z,worker-2,kube-system,tetragon-5m9b8,export-stdout,8522.2,8519.7,0.8,0.0,0.0,0.0,0.0,0.0,0.0,0.0,0.0,0.0,28.0,normal
2026-06-01T01:00:13Z,worker-2,longhorn-system,longhorn-manager-prnm4,longhorn-manager,116.5,45.8,0.2,0.1,0.1,468299.0,10681.0,0.0,0.0,0.0,0.0,0.0,4560.0,normal
2026-06-01T01:00:13Z,worker-2,kube-system,kube-ovn-cni-5n9nh,cni-server,343.7,22.3,381.6,0.3,0.0,204159.0,1387.0,0.0,0.0,0.0,134.0,178.0,4860.0,normal
2026-06-01T01:00:13Z,worker-2,node,system,multipathd.service,0.0,2.1,0.0,0.0,0.0,0.0,0.0,0.0,0.0,0.0,0.0,0.0,23.0,normal
2026-06-01T01:00:13Z,worker-2,unknown,pod-b48b5e10,nginx-proxy,0.0,0.0,0.0,0.0,0.0,61395.0,61443.0,0.0,0.0,0.0,0.0,0.0,48.0,normal
2026-06-01T01:00:13Z,worker-2,node,system,cgroup,0.0,0.0,0.0,0.0,0.0,0.0,0.0,0.0,2600960.0,0.6188748461538461,0.0,1.0,207845.0,normal
2026-06-01T01:00:13Z,worker-2,node,system,iscsid.service,0.0,0.0,0.0,0.0,0.0,0.0,0.0,0.0,0.0,0.0,0.0,0.0,10.0,normal
2026-06-01T01:00:13Z,worker-2,node,system,udisks2.service,0.0,0.0,0.0,0.0,0.0,0.0,0.0,0.0,0.0,0.0,0.0,0.0,3.0,normal
2026-06-01T01:00:13Z,worker-2,node,system,polkit.service,0.0,0.0,0.0,0.0,0.0,0.0,0.0,0.0,0.0,0.0,0.0,0.0,3.0,normal
2026-06-01T01:00:13Z,worker-2,node,system,rpcbind.service,0.0,0.0,0.0,0.0,0.0,0.0,0.0,0.0,0.0,0.0,0.0,0.0,1.0,normal
2026-06-01T01:00:13Z,worker-2,node,system,fwupd.service,0.0,0.0,0.0,0.0,0.0,0.0,0.0,0.0,0.0,0.0,0.0,0.0,7.0,normal
2026-06-01T01:00:23Z,worker-2,node,system,systemd-journald.service,1.2,0.1,1.0,0.0,0.0,0.0,0.0,0.0,0.0,0.0,0.0,0.0,5.0,normal
2026-06-01T01:00:23Z,worker-2,kube-system,tetragon-5m9b8,tetragon,6.6,1807.9,3.1,0.0,0.0,18355.0,22829.0,0.0,0.0,0.0,0.0,0.0,72016.0,normal
2026-06-01T01:00:23Z,worker-2,ebpf-final,ebpf-collector-kqqj9,collector,0.2,0.7,0.3,0.1,0.0,12695.0,17164.0,0.0,0.0,0.0,0.0,0.0,7.0,normal
2026-06-01T01:00:23Z,worker-2,longhorn-system,longhorn-csi-plugin-wc52g,longhorn-csi-plugin,2.8,1.3,0.0,0.0,0.0,0.0,0.0,0.0,0.0,0.0,0.0,0.0,77.0,normal
2026-06-01T01:00:23Z,worker-2,kube-system,nodelocaldns-qnb6m,node-cache,13.3,4.2,0.4,1.0,0.0,4922.0,3489.0,0.0,0.0,0.0,0.0,0.0,621.0,normal
2026-06-01T01:00:23Z,worker-2,longhorn-system,engine-image-ei-843accdd-m8hd2,engine-image-ei-843accdd,12.7,1.0,13.1,0.0,0.0,0.0,0.0,0.0,0.0,0.0,10.0,31.0,1064.0,normal
2026-06-01T01:00:23Z,worker-2,ebpf-final,ebpf-detector-64c4475bb6-2hth7,detector,5.3,2.8,0.0,0.0,0.0,150972.0,111594.0,0.0,0.0,0.0,0.0,0.0,443.0,normal
2026-06-01T01:00:23Z,worker-2,unknown,unknown,unknown,20.1,2.8,13.4,0.0,0.0,0.0,0.0,0.0,0.0,0.0,2.0,0.0,1.0,normal
2026-06-01T01:00:23Z,worker-2,kube-system,ovs-ovn-5dqk6,openvswitch,100.8,61.5,37.9,0.0,0.0,38.0,41.0,0.0,0.0,0.0,52.0,88.0,1916.0,normal
2026-06-01T01:00:23Z,worker-2,longhorn-system,longhorn-csi-plugin-wc52g,node-driver-registrar,0.1,0.1,0.0,0.0,0.0,0.0,0.0,0.0,0.0,0.0,0.0,0.0,10.0,normal
2026-06-01T01:00:23Z,worker-2,node,system,containerd.service,15017.4,10700.4,266.9,0.0,0.0,0.0,0.0,0.0,0.0,0.0,32.0,289.0,61594.0,normal
2026-06-01T01:00:23Z,worker-2,longhorn-system,csi-attacher-896ffc747-nsbx9,csi-attacher,2.5,2.5,0.0,0.0,0.0,555.0,74.0,0.0,0.0,0.0,0.0,0.0,133.0,normal
2026-06-01T01:00:23Z,worker-2,node,system,init.scope,8.4,2.2,9.9,0.0,0.0,0.0,0.0,0.0,0.0,0.0,1.0,2.0,9.0,normal
2026-06-01T01:00:23Z,worker-2,longhorn-system,longhorn-csi-plugin-wc52g,longhorn-liveness-probe,3.1,2.1,0.0,0.0,0.0,224.0,274.0,0.0,0.0,0.0,0.0,0.0,266.0,normal
2026-06-01T01:00:23Z,worker-2,kube-system,kube-proxy-zlsrr,kube-proxy,1.8,0.4,0.0,0.0,0.0,17538.0,96.0,0.0,0.0,0.0,0.0,0.0,115.0,normal
2026-06-01T01:00:23Z,worker-2,longhorn-system,instance-manager-92da8f029806607ba3e99ef8c4ba622e,instance-manager,193.8,4.6,11.7,0.4,0.0,1297.0,1076.0,0.0,0.0,0.0,7.0,7.0,490.0,normal
2026-06-01T01:00:23Z,worker-2,kube-system,tetragon-operator-79c87675d6-l458l,tetragon-operator,0.3,0.2,0.0,0.0,0.0,110.0,170.0,0.0,0.0,0.0,0.0,0.0,14.0,normal
2026-06-01T01:00:23Z,worker-2,longhorn-system,csi-provisioner-688964c44b-42sdq,csi-provisioner,5.5,5.5,0.0,0.0,0.0,543.0,74.0,0.0,0.0,0.0,0.0,0.0,442.0,normal
2026-06-01T01:00:23Z,worker-2,monitoring,my-monitoring-prometheus-node-exporter-jcwww,node-exporter,0.3,0.2,0.0,0.0,0.0,208.0,3254.0,0.0,0.0,0.0,0.0,0.0,15.0,normal
2026-06-01T01:00:23Z,worker-2,longhorn-system,engine-image-ei-3154f3aa-brh95,engine-image-ei-3154f3aa,12.9,1.0,13.3,0.0,0.0,0.0,0.0,0.0,0.0,0.0,10.0,41.0,1328.0,normal
2026-06-01T01:00:23Z,worker-2,longhorn-system,csi-resizer-7d9bff5787-lf2nb,csi-resizer,2.2,2.1,0.0,0.0,0.0,1094.0,113.0,0.0,0.0,0.0,0.0,0.0,160.0,normal
2026-06-01T01:00:23Z,worker-2,gpu-operator,gpu-operator-1764036362-node-feature-discovery-worker-bjsfj,worker,0.4,0.2,0.0,0.0,0.0,222.0,188.0,0.0,0.0,0.0,0.0,0.0,40.0,normal
2026-06-01T01:00:23Z,worker-2,kube-system,kube-ovn-pinger-djcdq,pinger,41.8,21.8,13.2,0.2,0.0,116424.0,1580.0,0.0,12288.0,0.6986655,17.0,26.0,3659.0,normal
2026-06-01T01:00:23Z,worker-2,node,system,systemd-networkd.service,0.1,0.0,0.0,0.0,0.0,0.0,0.0,0.0,0.0,0.0,0.0,0.0,1.0,normal
2026-06-01T01:00:23Z,worker-2,longhorn-system,csi-snapshotter-65884686fc-ht9td,csi-snapshotter,1.6,1.3,0.1,0.0,0.0,1135.0,113.0,0.0,0.0,0.0,0.0,0.0,126.0,normal
2026-06-01T01:00:23Z,worker-2,node,system,kubelet.service,820.1,889.0,198.1,1.4,0.0,45102.0,132846.0,0.0,0.0,0.0,0.0,0.0,7518.0,normal
2026-06-01T01:00:23Z,worker-2,kube-system,tetragon-5m9b8,export-stdout,9565.5,9562.5,1.0,0.0,0.0,0.0,0.0,0.0,0.0,0.0,0.0,0.0,53.0,normal
2026-06-01T01:00:23Z,worker-2,longhorn-system,longhorn-manager-prnm4,longhorn-manager,137.0,49.6,9.4,0.3,0.0,472223.0,15397.0,0.0,0.0,0.0,3.0,24.0,5365.0,normal
2026-06-01T01:00:23Z,worker-2,kube-system,kube-ovn-cni-5n9nh,cni-server,339.1,22.3,378.5,0.3,0.0,203900.0,1200.0,0.0,0.0,0.0,131.0,178.0,4716.0,normal
2026-06-01T01:00:23Z,worker-2,node,system,multipathd.service,0.0,2.2,0.0,0.0,0.0,0.0,0.0,0.0,0.0,0.0,0.0,0.0,26.0,normal
2026-06-01T01:00:23Z,worker-2,node,system,rsyslog.service,0.0,0.3,0.0,0.0,0.0,0.0,0.0,0.0,0.0,0.0,0.0,0.0,6.0,normal
2026-06-01T01:00:23Z,worker-2,unknown,pod-b48b5e10,nginx-proxy,0.0,0.0,0.0,0.0,0.0,55298.0,55346.0,0.0,0.0,0.0,0.0,0.0,35.0,normal
2026-06-01T01:00:23Z,worker-2,node,system,cgroup,0.0,0.0,0.0,0.0,0.0,0.0,0.0,0.0,86454272.0,1.4180079273670558,0.0,2.0,208814.0,normal
2026-06-01T01:00:23Z,worker-2,node,system,iscsid.service,0.0,0.0,0.0,0.0,0.0,0.0,0.0,0.0,0.0,0.0,0.0,0.0,10.0,normal
2026-06-01T01:00:23Z,worker-2,longhorn-system,longhorn-driver-deployer-57b9669d9b-9nxfp,longhorn-driver-deployer,0.0,0.0,0.0,0.0,0.0,0.0,0.0,0.0,0.0,0.0,0.0,0.0,19.0,normal
2026-06-01T01:00:23Z,worker-2,node,system,udisks2.service,0.0,0.0,0.0,0.0,0.0,0.0,0.0,0.0,0.0,0.0,0.0,0.0,2.0,normal
2026-06-01T01:00:23Z,worker-2,node,system,polkit.service,0.0,0.0,0.0,0.0,0.0,0.0,0.0,0.0,0.0,0.0,0.0,0.0,2.0,normal
2026-06-01T01:00:23Z,worker-2,node,system,fwupd.service,0.0,0.0,0.0,0.0,0.0,0.0,0.0,0.0,0.0,0.0,0.0,0.0,8.0,normal
2026-06-01T01:00:23Z,worker-2,node,system,systemd-logind.service,0.0,0.0,0.0,0.0,0.0,0.0,0.0,0.0,0.0,0.0,0.0,0.0,11.0,normal
2026-06-01T01:00:23Z,worker-2,node,system,dbus.service,0.0,0.0,0.0,0.0,0.0,0.0,0.0,0.0,0.0,0.0,0.0,0.0,4.0,normal
2026-06-01T01:00:34Z,worker-2,kube-system,tetragon-5m9b8,tetragon,8.5,1805.0,2.7,0.0,0.0,17968.0,239.0,0.0,0.0,0.0,0.0,0.0,70911.0,normal
2026-06-01T01:00:34Z,worker-2,ebpf-final,ebpf-collector-kqqj9,collector,0.2,0.8,0.3,0.1,0.0,15194.0,20507.0,0.0,0.0,0.0,0.0,0.0,7.0,normal
2026-06-01T01:00:34Z,worker-2,longhorn-system,longhorn-csi-plugin-wc52g,longhorn-csi-plugin,2.5,1.1,0.0,0.0,0.0,0.0,0.0,0.0,0.0,0.0,0.0,0.0,127.0,normal
2026-06-01T01:00:34Z,worker-2,kube-system,nodelocaldns-qnb6m,node-cache,12.8,4.1,0.3,1.0,0.0,4922.0,3489.0,0.0,0.0,0.0,0.0,0.0,675.0,normal
2026-06-01T01:00:34Z,worker-2,longhorn-system,engine-image-ei-843accdd-m8hd2,engine-image-ei-843accdd,12.5,1.0,12.9,0.0,0.0,0.0,0.0,0.0,0.0,0.0,10.0,31.0,944.0,normal
2026-06-01T01:00:34Z,worker-2,ebpf-final,ebpf-detector-64c4475bb6-2hth7,detector,6.1,2.9,0.0,0.0,0.0,154067.0,114150.0,0.0,0.0,0.0,0.0,0.0,340.0,normal
2026-06-01T01:00:34Z,worker-2,kube-system,ovs-ovn-5dqk6,openvswitch,96.0,58.1,37.8,0.0,0.0,38.0,41.0,0.0,0.0,0.0,52.0,88.0,1682.0,normal
2026-06-01T01:00:34Z,worker-2,longhorn-system,longhorn-csi-plugin-wc52g,node-driver-registrar,0.2,0.2,0.0,0.0,0.0,0.0,0.0,0.0,0.0,0.0,0.0,0.0,10.0,normal
2026-06-01T01:00:34Z,worker-2,node,system,containerd.service,13828.1,9543.1,262.8,0.0,0.0,0.0,0.0,0.0,0.0,0.0,30.0,272.0,56168.0,normal
2026-06-01T01:00:34Z,worker-2,longhorn-system,csi-attacher-896ffc747-nsbx9,csi-attacher,2.0,1.8,0.0,0.0,0.0,1111.0,78.0,0.0,0.0,0.0,0.0,0.0,185.0,normal
2026-06-01T01:00:34Z,worker-2,longhorn-system,longhorn-csi-plugin-wc52g,longhorn-liveness-probe,2.8,1.9,0.0,0.0,0.0,224.0,274.0,0.0,0.0,0.0,0.0,0.0,192.0,normal
2026-06-01T01:00:34Z,worker-2,kube-system,kube-proxy-zlsrr,kube-proxy,2.8,0.6,0.0,0.0,0.0,17660.0,96.0,0.0,0.0,0.0,0.0,0.0,142.0,normal
2026-06-01T01:00:34Z,worker-2,longhorn-system,instance-manager-92da8f029806607ba3e99ef8c4ba622e,instance-manager,181.8,2.4,10.4,0.4,0.0,468.0,455.0,0.0,0.0,0.0,6.0,6.0,319.0,normal
2026-06-01T01:00:34Z,worker-2,kube-system,tetragon-operator-79c87675d6-l458l,tetragon-operator,0.5,0.2,0.0,0.0,0.0,221.0,340.0,0.0,0.0,0.0,0.0,0.0,85.0,normal
2026-06-01T01:00:34Z,worker-2,longhorn-system,csi-provisioner-688964c44b-42sdq,csi-provisioner,5.2,5.1,0.0,0.0,0.0,543.0,39.0,0.0,0.0,0.0,0.0,0.0,360.0,normal
2026-06-01T01:00:34Z,worker-2,monitoring,my-monitoring-prometheus-node-exporter-jcwww,node-exporter,0.3,0.2,0.0,0.0,0.0,208.0,3254.0,0.0,0.0,0.0,0.0,0.0,17.0,normal
2026-06-01T01:00:34Z,worker-2,longhorn-system,engine-image-ei-3154f3aa-brh95,engine-image-ei-3154f3aa,12.6,1.0,13.0,0.0,0.0,0.0,0.0,0.0,0.0,0.0,10.0,37.0,1304.0,normal
2026-06-01T01:00:34Z,worker-2,longhorn-system,csi-resizer-7d9bff5787-lf2nb,csi-resizer,2.6,2.3,0.1,0.0,0.0,547.0,39.0,0.0,0.0,0.0,0.0,0.0,177.0,normal
2026-06-01T01:00:34Z,worker-2,gpu-operator,gpu-operator-1764036362-node-feature-discovery-worker-bjsfj,worker,0.6,0.2,0.0,0.0,0.0,222.0,188.0,0.0,0.0,0.0,0.0,0.0,28.0,normal
2026-06-01T01:00:34Z,worker-2,kube-system,kube-ovn-pinger-djcdq,pinger,43.3,21.7,13.3,0.2,0.0,116456.0,1580.0,0.0,12288.0,0.647173,17.0,26.0,4159.0,normal
2026-06-01T01:00:34Z,worker-2,longhorn-system,csi-snapshotter-65884686fc-ht9td,csi-snapshotter,1.4,1.3,0.0,0.0,0.0,565.0,39.0,0.0,0.0,0.0,0.0,0.0,142.0,normal
2026-06-01T01:00:34Z,worker-2,node,system,kubelet.service,686.4,955.1,144.2,1.6,0.0,46643.0,136570.0,0.0,0.0,0.0,0.0,0.0,6327.0,normal
2026-06-01T01:00:34Z,worker-2,kube-system,tetragon-5m9b8,export-stdout,8558.9,8556.4,0.8,0.0,0.0,0.0,0.0,0.0,0.0,0.0,0.0,0.0,35.0,normal
2026-06-01T01:00:34Z,worker-2,longhorn-system,longhorn-manager-prnm4,longhorn-manager,115.2,51.4,0.1,0.1,0.0,426995.0,10204.0,0.0,0.0,0.0,0.0,0.0,4719.0,normal
2026-06-01T01:00:34Z,worker-2,kube-system,kube-ovn-cni-5n9nh,cni-server,388.3,25.8,454.6,0.2,0.0,185519.0,1104.0,0.0,0.0,0.0,169.0,200.0,4780.0,normal
2026-06-01T01:00:34Z,worker-2,node,system,multipathd.service,0.0,2.2,0.0,0.0,0.0,0.0,0.0,0.0,0.0,0.0,0.0,0.0,24.0,normal
2026-06-01T01:00:34Z,worker-2,unknown,pod-b48b5e10,nginx-proxy,0.0,0.0,0.0,0.0,0.0,55288.0,55336.0,0.0,0.0,0.0,0.0,0.0,37.0,normal
2026-06-01T01:00:34Z,worker-2,node,system,cgroup,0.0,0.0,0.0,0.0,0.0,0.0,0.0,0.0,59092992.0,1.2734887984189724,0.0,1.0,200758.0,normal
2026-06-01T01:00:34Z,worker-2,node,system,iscsid.service,0.0,0.0,0.0,0.0,0.0,0.0,0.0,0.0,0.0,0.0,0.0,0.0,10.0,normal
2026-06-01T01:00:34Z,worker-2,node,system,udisks2.service,0.0,0.0,0.0,0.0,0.0,0.0,0.0,0.0,0.0,0.0,0.0,0.0,3.0,normal
2026-06-01T01:00:34Z,worker-2,node,system,polkit.service,0.0,0.0,0.0,0.0,0.0,0.0,0.0,0.0,0.0,0.0,0.0,0.0,3.0,normal
2026-06-01T01:00:34Z,worker-2,node,system,fwupd.service,0.0,0.0,0.0,0.0,0.0,0.0,0.0,0.0,0.0,0.0,0.0,0.0,7.0,normal
2026-06-01T01:00:34Z,worker-2,node,system,rsyslog.service,0.0,0.0,0.0,0.0,0.0,0.0,0.0,0.0,0.0,0.0,0.0,0.0,1.0,normal
2026-06-01T01:00:44Z,worker-2,kube-system,tetragon-5m9b8,tetragon,4.7,1864.1,2.7,0.0,0.0,18000.0,239.0,0.0,0.0,0.0,0.0,0.0,73512.0,normal
2026-06-01T01:00:44Z,worker-2,ebpf-final,ebpf-collector-kqqj9,collector,169.1,0.8,163.6,0.1,0.0,245212.0,18590.0,0.0,0.0,0.0,0.0,0.0,100.0,normal
2026-06-01T01:00:44Z,worker-2,longhorn-system,longhorn-csi-plugin-wc52g,longhorn-csi-plugin,2.5,1.0,0.0,0.0,0.0,0.0,0.0,0.0,0.0,0.0,0.0,0.0,74.0,normal
2026-06-01T01:00:44Z,worker-2,kube-system,nodelocaldns-qnb6m,node-cache,29.2,5.9,35.1,1.1,0.0,5145.0,3785.0,0.0,0.0,0.0,12.0,12.0,883.0,normal
2026-06-01T01:00:44Z,worker-2,longhorn-system,engine-image-ei-843accdd-m8hd2,engine-image-ei-843accdd,12.5,1.0,12.9,0.0,0.0,0.0,0.0,0.0,0.0,0.0,10.0,29.0,933.0,normal
2026-06-01T01:00:44Z,worker-2,ebpf-final,ebpf-detector-64c4475bb6-2hth7,detector,7.0,2.9,0.0,0.0,0.0,150624.0,111637.0,0.0,0.0,0.0,0.0,0.0,436.0,normal
2026-06-01T01:00:44Z,worker-2,kube-system,ovs-ovn-5dqk6,openvswitch,103.5,65.1,38.0,0.0,0.3,38.0,41.0,0.0,0.0,0.0,52.0,88.0,1956.0,normal
2026-06-01T01:00:44Z,worker-2,longhorn-system,longhorn-csi-plugin-wc52g,node-driver-registrar,0.2,0.2,0.0,0.0,0.0,0.0,0.0,0.0,0.0,0.0,0.0,0.0,10.0,normal
2026-06-01T01:00:44Z,worker-2,node,system,containerd.service,17580.1,11104.6,329.9,0.0,0.0,0.0,0.0,0.0,0.0,0.0,34.0,306.0,65598.0,normal
2026-06-01T01:00:44Z,worker-2,longhorn-system,csi-attacher-896ffc747-nsbx9,csi-attacher,1.5,1.4,0.0,0.0,0.0,555.0,39.0,0.0,0.0,0.0,0.0,0.0,117.0,normal
2026-06-01T01:00:44Z,worker-2,longhorn-system,longhorn-csi-plugin-wc52g,longhorn-liveness-probe,2.8,1.9,0.0,0.0,0.0,224.0,274.0,0.0,0.0,0.0,0.0,0.0,209.0,normal
2026-06-01T01:00:44Z,worker-2,kube-system,kube-proxy-zlsrr,kube-proxy,1.8,0.4,0.0,0.0,0.0,17677.0,96.0,0.0,0.0,0.0,0.0,0.0,140.0,normal
2026-06-01T01:00:44Z,worker-2,longhorn-system,instance-manager-92da8f029806607ba3e99ef8c4ba622e,instance-manager,185.4,4.2,10.4,0.5,0.0,969.0,961.0,0.0,0.0,0.0,6.0,6.0,465.0,normal
2026-06-01T01:00:44Z,worker-2,kube-system,tetragon-operator-79c87675d6-l458l,tetragon-operator,0.2,0.2,0.0,0.0,0.0,110.0,170.0,0.0,0.0,0.0,0.0,0.0,17.0,normal
2026-06-01T01:00:44Z,worker-2,longhorn-system,csi-provisioner-688964c44b-42sdq,csi-provisioner,5.0,4.9,0.0,0.0,0.0,543.0,39.0,0.0,0.0,0.0,0.0,0.0,442.0,normal
2026-06-01T01:00:44Z,worker-2,monitoring,my-monitoring-prometheus-node-exporter-jcwww,node-exporter,238.8,0.9,199.8,0.0,0.0,573.0,31371.0,0.0,0.0,0.0,0.0,0.0,301.0,normal
2026-06-01T01:00:44Z,worker-2,longhorn-system,engine-image-ei-3154f3aa-brh95,engine-image-ei-3154f3aa,12.9,1.0,13.3,0.0,0.0,0.0,0.0,0.0,0.0,0.0,10.0,43.0,1310.0,normal
2026-06-01T01:00:44Z,worker-2,longhorn-system,csi-resizer-7d9bff5787-lf2nb,csi-resizer,2.4,2.3,0.0,0.0,0.0,547.0,39.0,0.0,0.0,0.0,0.0,0.0,190.0,normal
2026-06-01T01:00:44Z,worker-2,gpu-operator,gpu-operator-1764036362-node-feature-discovery-worker-bjsfj,worker,0.7,0.3,0.0,0.0,0.0,261.0,227.0,0.0,0.0,0.0,0.0,0.0,79.0,normal
2026-06-01T01:00:44Z,worker-2,kube-system,kube-ovn-pinger-djcdq,pinger,42.4,20.9,13.2,0.2,0.0,116337.0,1580.0,0.0,12288.0,0.7076495,17.0,26.0,3530.0,normal
2026-06-01T01:00:44Z,worker-2,longhorn-system,csi-snapshotter-65884686fc-ht9td,csi-snapshotter,1.6,1.5,0.0,0.0,0.0,565.0,39.0,0.0,0.0,0.0,0.0,0.0,166.0,normal
2026-06-01T01:00:44Z,worker-2,node,system,kubelet.service,814.0,902.6,230.8,1.5,0.0,47186.0,160840.0,0.0,0.0,0.0,2.0,2.0,7809.0,normal
2026-06-01T01:00:44Z,worker-2,kube-system,tetragon-5m9b8,export-stdout,9558.0,9555.2,0.9,0.0,0.0,0.0,0.0,0.0,0.0,0.0,0.0,0.0,26.0,normal
2026-06-01T01:00:44Z,worker-2,longhorn-system,longhorn-manager-prnm4,longhorn-manager,127.8,51.6,0.2,0.1,0.0,505066.0,10861.0,0.0,0.0,0.0,0.0,0.0,4918.0,normal
2026-06-01T01:00:44Z,worker-2,kube-system,kube-ovn-cni-5n9nh,cni-server,348.0,22.3,383.7,0.4,0.0,222439.0,1296.0,0.0,0.0,0.0,136.0,197.0,5269.0,normal
2026-06-01T01:00:44Z,worker-2,node,system,init.scope,0.0,4.0,3.4,0.0,0.0,0.0,0.0,0.0,0.0,0.0,0.0,0.0,7.0,normal
2026-06-01T01:00:44Z,worker-2,node,system,multipathd.service,0.0,2.3,0.0,0.0,0.0,0.0,0.0,0.0,0.0,0.0,0.0,0.0,24.0,normal
2026-06-01T01:00:44Z,worker-2,unknown,pod-b48b5e10,nginx-proxy,0.0,0.0,0.0,0.0,0.0,55791.0,55839.0,0.0,0.0,0.0,0.0,0.0,38.0,normal
2026-06-01T01:00:44Z,worker-2,node,system,cgroup,0.0,0.0,0.0,0.0,0.0,0.0,0.0,0.0,2498560.0,0.7898512619047618,0.0,1.0,216032.0,normal
2026-06-01T01:00:44Z,worker-2,node,system,iscsid.service,0.0,0.0,0.0,0.0,0.0,0.0,0.0,0.0,0.0,0.0,0.0,0.0,11.0,normal
2026-06-01T01:00:44Z,worker-2,node,system,udisks2.service,0.0,0.0,0.0,0.0,0.0,0.0,0.0,0.0,0.0,0.0,0.0,0.0,3.0,normal
2026-06-01T01:00:44Z,worker-2,node,system,polkit.service,0.0,0.0,0.0,0.0,0.0,0.0,0.0,0.0,0.0,0.0,0.0,0.0,3.0,normal
2026-06-01T01:00:44Z,worker-2,node,system,rpcbind.service,0.0,0.0,0.0,0.0,0.0,0.0,0.0,0.0,0.0,0.0,0.0,0.0,1.0,normal
2026-06-01T01:00:44Z,worker-2,node,system,fwupd.service,0.0,0.0,0.0,0.0,0.0,0.0,0.0,0.0,0.0,0.0,0.0,0.0,8.0,normal
2026-06-01T01:00:44Z,worker-2,node,system,dbus.service,0.0,0.0,0.0,0.0,0.0,0.0,0.0,0.0,0.0,0.0,0.0,0.0,9.0,normal
2026-06-01T01:00:54Z,worker-2,kube-system,tetragon-5m9b8,tetragon,4.2,1796.6,2.7,0.0,0.0,17829.0,239.0,0.0,0.0,0.0,0.0,0.0,71663.0,normal
2026-06-01T01:00:54Z,worker-2,ebpf-final,ebpf-collector-kqqj9,collector,0.2,0.8,0.3,0.1,0.0,13377.0,18082.0,0.0,0.0,0.0,0.0,0.0,7.0,normal
2026-06-01T01:00:54Z,worker-2,longhorn-system,longhorn-csi-plugin-wc52g,longhorn-csi-plugin,3.0,1.3,0.0,0.0,0.0,0.0,0.0,0.0,0.0,0.0,0.0,0.0,85.0,normal
2026-06-01T01:00:54Z,worker-2,kube-system,nodelocaldns-qnb6m,node-cache,13.2,4.5,0.4,1.0,0.0,4922.0,3562.0,0.0,0.0,0.0,0.0,0.0,701.0,normal
2026-06-01T01:00:54Z,worker-2,longhorn-system,engine-image-ei-843accdd-m8hd2,engine-image-ei-843accdd,12.7,1.0,13.1,0.0,0.0,0.0,0.0,0.0,0.0,0.0,10.0,36.0,1021.0,normal
2026-06-01T01:00:54Z,worker-2,ebpf-final,ebpf-detector-64c4475bb6-2hth7,detector,5.3,2.9,0.0,0.0,0.0,146368.0,108533.0,0.0,0.0,0.0,0.0,0.0,376.0,normal
2026-06-01T01:00:54Z,worker-2,kube-system,ovs-ovn-5dqk6,openvswitch,103.4,62.4,38.3,0.0,0.0,38.0,41.0,0.0,0.0,0.0,52.0,88.0,1968.0,normal
2026-06-01T01:00:54Z,worker-2,longhorn-system,longhorn-csi-plugin-wc52g,node-driver-registrar,0.2,0.2,0.0,0.0,0.0,0.0,0.0,0.0,0.0,0.0,0.0,0.0,10.0,normal
2026-06-01T01:00:54Z,worker-2,node,system,containerd.service,15393.1,10702.3,262.6,0.0,0.0,0.0,0.0,0.0,0.0,0.0,30.0,261.0,64019.0,normal
2026-06-01T01:00:54Z,worker-2,longhorn-system,csi-attacher-896ffc747-nsbx9,csi-attacher,1.8,1.4,0.0,0.0,0.0,1113.0,78.0,0.0,0.0,0.0,0.0,0.0,200.0,normal
2026-06-01T01:00:54Z,worker-2,longhorn-system,longhorn-csi-plugin-wc52g,longhorn-liveness-probe,2.8,2.0,0.0,0.0,0.0,224.0,274.0,0.0,0.0,0.0,0.0,0.0,212.0,normal
2026-06-01T01:00:54Z,worker-2,kube-system,kube-proxy-zlsrr,kube-proxy,1.8,0.4,0.0,0.0,0.0,17538.0,96.0,0.0,0.0,0.0,0.0,0.0,90.0,normal
2026-06-01T01:00:54Z,worker-2,longhorn-system,instance-manager-92da8f029806607ba3e99ef8c4ba622e,instance-manager,194.1,4.4,11.7,0.4,0.0,1298.0,1076.0,0.0,0.0,0.0,7.0,7.0,412.0,normal
2026-06-01T01:00:54Z,worker-2,kube-system,tetragon-operator-79c87675d6-l458l,tetragon-operator,0.3,0.2,0.0,0.0,0.0,221.0,340.0,0.0,0.0,0.0,0.0,0.0,32.0,normal
2026-06-01T01:00:54Z,worker-2,longhorn-system,csi-provisioner-688964c44b-42sdq,csi-provisioner,5.7,5.3,0.1,0.0,0.0,1086.0,78.0,0.0,0.0,0.0,0.0,0.0,376.0,normal
2026-06-01T01:00:54Z,worker-2,monitoring,my-monitoring-prometheus-node-exporter-jcwww,node-exporter,0.3,0.2,0.0,0.0,0.0,208.0,3254.0,0.0,0.0,0.0,0.0,0.0,16.0,normal
2026-06-01T01:00:54Z,worker-2,longhorn-system,engine-image-ei-3154f3aa-brh95,engine-image-ei-3154f3aa,12.9,1.0,13.3,0.0,0.0,0.0,0.0,0.0,0.0,0.0,10.0,46.0,1339.0,normal
2026-06-01T01:00:54Z,worker-2,longhorn-system,csi-resizer-7d9bff5787-lf2nb,csi-resizer,2.4,2.2,0.0,0.0,0.0,1094.0,78.0,0.0,0.0,0.0,0.0,0.0,183.0,normal
2026-06-01T01:00:54Z,worker-2,gpu-operator,gpu-operator-1764036362-node-feature-discovery-worker-bjsfj,worker,0.6,0.2,0.0,0.0,0.0,222.0,188.0,0.0,0.0,0.0,0.0,0.0,38.0,normal
2026-06-01T01:00:54Z,worker-2,kube-system,kube-ovn-pinger-djcdq,pinger,42.8,21.0,13.2,0.2,0.0,116438.0,1580.0,0.0,12288.0,0.685462,17.0,26.0,3899.0,normal
2026-06-01T01:00:54Z,worker-2,longhorn-system,csi-snapshotter-65884686fc-ht9td,csi-snapshotter,2.0,1.9,0.0,0.0,0.0,565.0,39.0,0.0,0.0,0.0,0.0,0.0,126.0,normal
2026-06-01T01:00:54Z,worker-2,node,system,kubelet.service,802.1,976.2,195.9,1.6,0.0,47619.0,134662.0,0.0,0.0,0.0,0.0,0.0,6858.0,normal
2026-06-01T01:00:54Z,worker-2,kube-system,tetragon-5m9b8,export-stdout,9541.4,9538.4,1.0,0.0,0.0,0.0,0.0,0.0,0.0,0.0,0.0,0.0,46.0,normal
2026-06-01T01:00:54Z,worker-2,longhorn-system,longhorn-manager-prnm4,longhorn-manager,150.3,56.6,9.3,0.3,0.0,470866.0,15610.0,0.0,0.0,0.0,3.0,20.0,5614.0,normal
2026-06-01T01:00:54Z,worker-2,kube-system,kube-ovn-cni-5n9nh,cni-server,336.5,21.5,377.6,0.2,0.0,204196.0,1200.0,0.0,0.0,0.0,130.0,159.0,3990.0,normal
2026-06-01T01:00:54Z,worker-2,node,system,multipathd.service,0.0,2.2,0.0,0.0,0.0,0.0,0.0,0.0,0.0,0.0,0.0,0.0,23.0,normal
2026-06-01T01:00:54Z,worker-2,unknown,pod-b48b5e10,nginx-proxy,0.0,0.0,0.0,0.0,0.0,58736.0,58784.0,0.0,0.0,0.0,0.0,0.0,39.0,normal
2026-06-01T01:00:54Z,worker-2,node,system,cgroup,0.0,0.0,0.0,0.0,0.0,0.0,0.0,0.0,94711808.0,1.2648346793893128,0.0,1.0,209617.0,normal
2026-06-01T01:00:54Z,worker-2,node,system,iscsid.service,0.0,0.0,0.0,0.0,0.0,0.0,0.0,0.0,0.0,0.0,0.0,0.0,10.0,normal
2026-06-01T01:00:54Z,worker-2,node,system,udisks2.service,0.0,0.0,0.0,0.0,0.0,0.0,0.0,0.0,0.0,0.0,0.0,0.0,2.0,normal
2026-06-01T01:00:54Z,worker-2,node,system,polkit.service,0.0,0.0,0.0,0.0,0.0,0.0,0.0,0.0,0.0,0.0,0.0,0.0,2.0,normal
2026-06-01T01:00:54Z,worker-2,node,system,fwupd.service,0.0,0.0,0.0,0.0,0.0,0.0,0.0,0.0,0.0,0.0,0.0,0.0,7.0,normal
2026-06-01T01:01:04Z,worker-2,kube-system,tetragon-5m9b8,tetragon,7.1,1807.3,2.7,0.0,0.0,17829.0,239.0,0.0,0.0,0.0,0.0,0.0,71306.0,normal
2026-06-01T01:01:04Z,worker-2,ebpf-final,ebpf-collector-kqqj9,collector,0.2,0.7,0.3,0.1,0.0,12339.0,16670.0,0.0,0.0,0.0,0.0,0.0,7.0,normal
2026-06-01T01:01:04Z,worker-2,longhorn-system,longhorn-csi-plugin-wc52g,longhorn-csi-plugin,2.4,1.0,0.0,0.0,0.0,0.0,0.0,0.0,0.0,0.0,0.0,0.0,78.0,normal
2026-06-01T01:01:04Z,worker-2,kube-system,nodelocaldns-qnb6m,node-cache,9.6,3.1,0.3,1.0,0.0,3059.0,2701.0,0.0,0.0,0.0,0.0,0.0,568.0,normal
2026-06-01T01:01:04Z,worker-2,longhorn-system,engine-image-ei-843accdd-m8hd2,engine-image-ei-843accdd,12.6,1.0,13.0,0.0,0.0,0.0,0.0,0.0,0.0,0.0,10.0,30.0,1028.0,normal
2026-06-01T01:01:04Z,worker-2,ebpf-final,ebpf-detector-64c4475bb6-2hth7,detector,5.5,2.8,0.0,0.0,0.0,148584.0,109872.0,0.0,0.0,0.0,0.0,1.0,371.0,normal
2026-06-01T01:01:04Z,worker-2,kube-system,ovs-ovn-5dqk6,openvswitch,97.4,58.0,37.9,0.0,0.0,38.0,41.0,0.0,0.0,0.0,52.0,88.0,1818.0,normal
2026-06-01T01:01:04Z,worker-2,longhorn-system,longhorn-csi-plugin-wc52g,node-driver-registrar,0.2,0.2,0.0,0.0,0.0,0.0,0.0,0.0,0.0,0.0,0.0,0.0,10.0,normal
2026-06-01T01:01:04Z,worker-2,node,system,containerd.service,14451.2,9892.4,270.5,0.0,0.0,0.0,0.0,0.0,0.0,0.0,34.0,308.0,55652.0,normal
2026-06-01T01:01:04Z,worker-2,longhorn-system,csi-attacher-896ffc747-nsbx9,csi-attacher,1.4,1.1,0.1,0.0,0.0,556.0,39.0,0.0,0.0,0.0,0.0,0.0,202.0,normal
2026-06-01T01:01:04Z,worker-2,longhorn-system,longhorn-csi-plugin-wc52g,longhorn-liveness-probe,2.6,1.9,0.0,0.0,0.0,224.0,274.0,0.0,0.0,0.0,0.0,0.0,202.0,normal
2026-06-01T01:01:04Z,worker-2,kube-system,kube-proxy-zlsrr,kube-proxy,3.7,0.6,0.1,0.0,0.0,18035.0,343.0,0.0,0.0,0.0,0.0,0.0,131.0,normal
2026-06-01T01:01:04Z,worker-2,longhorn-system,instance-manager-92da8f029806607ba3e99ef8c4ba622e,instance-manager,181.9,2.4,10.4,0.4,0.0,467.0,455.0,0.0,0.0,0.0,6.0,6.0,317.0,normal
2026-06-01T01:01:04Z,worker-2,kube-system,tetragon-operator-79c87675d6-l458l,tetragon-operator,0.2,0.1,0.0,0.0,0.0,110.0,170.0,0.0,0.0,0.0,0.0,0.0,15.0,normal
2026-06-01T01:01:04Z,worker-2,longhorn-system,csi-provisioner-688964c44b-42sdq,csi-provisioner,7.3,7.2,0.0,0.0,0.0,543.0,39.0,0.0,0.0,0.0,0.0,0.0,444.0,normal
2026-06-01T01:01:04Z,worker-2,monitoring,my-monitoring-prometheus-node-exporter-jcwww,node-exporter,0.3,0.2,0.0,0.0,0.0,208.0,3254.0,0.0,0.0,0.0,0.0,0.0,13.0,normal
2026-06-01T01:01:04Z,worker-2,longhorn-system,engine-image-ei-3154f3aa-brh95,engine-image-ei-3154f3aa,12.8,1.0,13.2,0.0,0.0,0.0,0.0,0.0,0.0,0.0,10.0,41.0,1312.0,normal
2026-06-01T01:01:04Z,worker-2,longhorn-system,csi-resizer-7d9bff5787-lf2nb,csi-resizer,2.4,2.3,0.0,0.0,0.0,547.0,39.0,0.0,0.0,0.0,0.0,0.0,129.0,normal
2026-06-01T01:01:04Z,worker-2,gpu-operator,gpu-operator-1764036362-node-feature-discovery-worker-bjsfj,worker,19.7,0.3,19.9,0.0,0.0,222.0,188.0,0.0,0.0,0.0,0.0,0.0,348.0,normal
2026-06-01T01:01:04Z,worker-2,kube-system,kube-ovn-pinger-djcdq,pinger,38.1,17.6,13.2,0.2,0.0,116462.0,1580.0,0.0,12288.0,0.62888,17.0,26.0,3077.0,normal
2026-06-01T01:01:04Z,worker-2,longhorn-system,csi-snapshotter-65884686fc-ht9td,csi-snapshotter,1.6,1.5,0.0,0.0,0.0,565.0,39.0,0.0,0.0,0.0,0.0,0.0,196.0,normal
2026-06-01T01:01:04Z,worker-2,node,system,kubelet.service,640.9,880.1,142.5,1.4,0.0,45002.0,136420.0,0.0,0.0,0.0,0.0,0.0,6743.0,normal
2026-06-01T01:01:04Z,worker-2,kube-system,tetragon-5m9b8,export-stdout,8647.9,8645.2,0.8,0.0,0.0,0.0,0.0,0.0,0.0,0.0,0.0,0.0,42.0,normal
2026-06-01T01:01:04Z,worker-2,longhorn-system,longhorn-manager-prnm4,longhorn-manager,114.5,46.8,0.2,0.1,0.0,450513.0,10190.0,0.0,0.0,0.0,0.0,0.0,4639.0,normal
2026-06-01T01:01:04Z,worker-2,kube-system,kube-ovn-cni-5n9nh,cni-server,338.4,21.9,379.4,0.4,0.0,185657.0,1104.0,0.0,0.0,0.0,132.0,195.0,5294.0,normal
2026-06-01T01:01:04Z,worker-2,node,system,multipathd.service,0.0,2.2,0.0,0.0,0.0,0.0,0.0,0.0,0.0,0.0,0.0,0.0,24.0,normal
2026-06-01T01:01:04Z,worker-2,unknown,pod-b48b5e10,nginx-proxy,0.0,0.0,0.0,0.0,0.0,55672.0,55720.0,0.0,0.0,0.0,0.0,0.0,42.0,normal
2026-06-01T01:01:04Z,worker-2,node,system,cgroup,0.0,0.0,0.0,0.0,0.0,0.0,0.0,0.0,44687360.0,1.2845150508474577,0.0,1.0,200360.0,normal
2026-06-01T01:01:04Z,worker-2,node,system,iscsid.service,0.0,0.0,0.0,0.0,0.0,0.0,0.0,0.0,0.0,0.0,0.0,0.0,10.0,normal
2026-06-01T01:01:04Z,worker-2,node,system,udisks2.service,0.0,0.0,0.0,0.0,0.0,0.0,0.0,0.0,0.0,0.0,0.0,0.0,3.0,normal
2026-06-01T01:01:04Z,worker-2,node,system,polkit.service,0.0,0.0,0.0,0.0,0.0,0.0,0.0,0.0,0.0,0.0,0.0,0.0,3.0,normal
2026-06-01T01:01:04Z,worker-2,node,system,cron.service,0.0,0.0,0.0,0.0,0.0,0.0,0.0,0.0,0.0,0.0,0.0,0.0,1.0,normal
2026-06-01T01:01:04Z,worker-2,node,system,fwupd.service,0.0,0.0,0.0,0.0,0.0,0.0,0.0,0.0,0.0,0.0,0.0,0.0,8.0,normal
2026-06-01T01:01:15Z,worker-2,kube-system,tetragon-5m9b8,tetragon,4.9,1879.6,2.7,0.0,0.0,18137.0,239.0,0.0,0.0,0.0,0.0,0.0,74294.0,normal
2026-06-01T01:01:15Z,worker-2,ebpf-final,ebpf-collector-kqqj9,collector,168.4,0.8,163.5,0.1,0.0,245226.0,18588.0,0.0,0.0,0.0,0.0,0.0,100.0,normal
2026-06-01T01:01:15Z,worker-2,longhorn-system,longhorn-csi-plugin-wc52g,longhorn-csi-plugin,3.1,1.4,0.0,0.0,0.0,0.0,0.0,0.0,0.0,0.0,0.0,0.0,85.0,normal
2026-06-01T01:01:15Z,worker-2,kube-system,nodelocaldns-qnb6m,node-cache,12.5,4.0,0.3,1.2,0.0,4922.0,3562.0,0.0,0.0,0.0,0.0,0.0,677.0,normal
2026-06-01T01:01:15Z,worker-2,longhorn-system,engine-image-ei-843accdd-m8hd2,engine-image-ei-843accdd,12.8,1.0,13.2,0.0,0.0,0.0,0.0,0.0,0.0,0.0,10.0,35.0,1142.0,normal
2026-06-01T01:01:15Z,worker-2,ebpf-final,ebpf-detector-64c4475bb6-2hth7,detector,5.3,2.9,0.0,0.0,0.0,148305.0,109874.0,0.0,0.0,0.0,0.0,0.0,339.0,normal
2026-06-01T01:01:15Z,worker-2,kube-system,ovs-ovn-5dqk6,openvswitch,97.3,58.6,38.2,0.0,0.2,38.0,41.0,0.0,0.0,0.0,52.0,88.0,1752.0,normal
2026-06-01T01:01:15Z,worker-2,longhorn-system,longhorn-csi-plugin-wc52g,node-driver-registrar,0.3,0.3,0.0,0.0,0.0,0.0,0.0,0.0,0.0,0.0,0.0,0.0,15.0,normal
2026-06-01T01:01:15Z,worker-2,node,system,containerd.service,15455.1,10816.2,321.9,0.0,0.0,0.0,0.0,0.0,0.0,0.0,30.0,271.0,61572.0,normal
2026-06-01T01:01:15Z,worker-2,longhorn-system,csi-attacher-896ffc747-nsbx9,csi-attacher,2.0,1.9,0.0,0.0,0.0,556.0,39.0,0.0,0.0,0.0,0.0,0.0,129.0,normal
2026-06-01T01:01:15Z,worker-2,longhorn-system,longhorn-csi-plugin-wc52g,longhorn-liveness-probe,2.9,2.1,0.0,0.0,0.0,224.0,274.0,0.0,0.0,0.0,0.0,0.0,291.0,normal
2026-06-01T01:01:15Z,worker-2,kube-system,kube-proxy-zlsrr,kube-proxy,2.6,0.5,0.0,0.0,0.0,17784.0,301.0,0.0,0.0,0.0,0.0,0.0,124.0,normal
2026-06-01T01:01:15Z,worker-2,longhorn-system,instance-manager-92da8f029806607ba3e99ef8c4ba622e,instance-manager,183.0,2.8,10.4,0.4,0.0,519.0,506.0,0.0,0.0,0.0,6.0,6.0,409.0,normal
2026-06-01T01:01:15Z,worker-2,kube-system,tetragon-operator-79c87675d6-l458l,tetragon-operator,3.1,0.6,0.4,0.0,0.0,586.0,2713.0,0.0,0.0,0.0,0.0,0.0,81.0,normal
2026-06-01T01:01:15Z,worker-2,longhorn-system,csi-provisioner-688964c44b-42sdq,csi-provisioner,6.4,6.2,0.0,0.0,0.0,1088.0,78.0,0.0,0.0,0.0,0.0,0.0,386.0,normal
2026-06-01T01:01:15Z,worker-2,monitoring,my-monitoring-prometheus-node-exporter-jcwww,node-exporter,234.2,0.9,197.5,0.0,0.0,573.0,31357.0,0.0,0.0,0.0,0.0,0.0,327.0,normal
2026-06-01T01:01:15Z,worker-2,longhorn-system,engine-image-ei-3154f3aa-brh95,engine-image-ei-3154f3aa,12.6,1.0,13.0,0.0,0.0,0.0,0.0,0.0,0.0,0.0,10.0,38.0,1331.0,normal
2026-06-01T01:01:15Z,worker-2,longhorn-system,csi-resizer-7d9bff5787-lf2nb,csi-resizer,2.5,2.3,0.0,0.0,0.0,1094.0,78.0,0.0,0.0,0.0,0.0,0.0,149.0,normal
2026-06-01T01:01:15Z,worker-2,gpu-operator,gpu-operator-1764036362-node-feature-discovery-worker-bjsfj,worker,234.9,4.2,124.3,0.0,0.0,137884.0,1850.0,0.0,0.0,0.0,0.0,0.0,1146.0,normal
2026-06-01T01:01:15Z,worker-2,kube-system,kube-ovn-pinger-djcdq,pinger,41.0,18.5,13.2,0.2,0.0,116518.0,1580.0,0.0,12288.0,0.409425,17.0,26.0,3717.0,normal
2026-06-01T01:01:15Z,worker-2,longhorn-system,csi-snapshotter-65884686fc-ht9td,csi-snapshotter,1.8,1.5,0.1,0.0,0.0,566.0,39.0,0.0,0.0,0.0,0.0,0.0,158.0,normal
2026-06-01T01:01:15Z,worker-2,node,system,kubelet.service,807.1,889.1,209.8,1.6,0.0,46183.0,160904.0,0.0,0.0,0.0,0.0,0.0,6722.0,normal
2026-06-01T01:01:15Z,worker-2,kube-system,tetragon-5m9b8,export-stdout,9461.5,9458.6,0.9,0.0,0.0,0.0,0.0,0.0,0.0,0.0,0.0,0.0,39.0,normal
2026-06-01T01:01:15Z,worker-2,longhorn-system,longhorn-manager-prnm4,longhorn-manager,106.2,40.4,0.1,0.1,0.0,481980.0,10373.0,0.0,0.0,0.0,0.0,0.0,4631.0,normal
2026-06-01T01:01:15Z,worker-2,kube-system,kube-ovn-cni-5n9nh,cni-server,396.1,26.3,457.6,0.2,0.0,215406.0,1248.0,0.0,0.0,0.0,172.0,197.0,4776.0,normal
2026-06-01T01:01:15Z,worker-2,node,system,multipathd.service,0.0,2.1,0.0,0.0,0.0,0.0,0.0,0.0,0.0,0.0,0.0,0.0,23.0,normal
2026-06-01T01:01:15Z,worker-2,unknown,pod-b48b5e10,nginx-proxy,0.0,0.0,0.0,0.0,0.0,55963.0,56011.0,0.0,0.0,0.0,0.0,0.0,45.0,normal
2026-06-01T01:01:15Z,worker-2,node,system,cgroup,0.0,0.0,0.0,0.0,0.0,0.0,0.0,0.0,2179072.0,1.1656531499999998,0.0,0.0,211998.0,normal
2026-06-01T01:01:15Z,worker-2,node,system,iscsid.service,0.0,0.0,0.0,0.0,0.0,0.0,0.0,0.0,0.0,0.0,0.0,0.0,10.0,normal
2026-06-01T01:01:15Z,worker-2,node,system,udisks2.service,0.0,0.0,0.0,0.0,0.0,0.0,0.0,0.0,0.0,0.0,0.0,0.0,2.0,normal
2026-06-01T01:01:15Z,worker-2,node,system,polkit.service,0.0,0.0,0.0,0.0,0.0,0.0,0.0,0.0,0.0,0.0,0.0,0.0,2.0,normal
2026-06-01T01:01:15Z,worker-2,node,system,rpcbind.service,0.0,0.0,0.0,0.0,0.0,0.0,0.0,0.0,0.0,0.0,0.0,0.0,1.0,normal
2026-06-01T01:01:15Z,worker-2,node,system,fwupd.service,0.0,0.0,0.0,0.0,0.0,0.0,0.0,0.0,0.0,0.0,0.0,0.0,8.0,normal
2026-06-01T01:01:25Z,worker-2,kube-system,tetragon-5m9b8,tetragon,6.9,1813.9,3.1,0.0,0.0,18194.0,22843.0,0.0,0.0,0.0,0.0,0.0,71895.0,normal
2026-06-01T01:01:25Z,worker-2,ebpf-final,ebpf-collector-kqqj9,collector,0.2,0.7,0.3,0.1,0.0,12688.0,17160.0,0.0,0.0,0.0,0.0,0.0,8.0,normal
2026-06-01T01:01:25Z,worker-2,longhorn-system,longhorn-csi-plugin-wc52g,longhorn-csi-plugin,3.0,1.3,0.0,0.0,0.0,0.0,0.0,0.0,0.0,0.0,0.0,0.0,83.0,normal
2026-06-01T01:01:25Z,worker-2,kube-system,nodelocaldns-qnb6m,node-cache,13.3,4.2,0.3,1.0,0.0,4922.0,3489.0,0.0,0.0,0.0,0.0,0.0,665.0,normal
2026-06-01T01:01:25Z,worker-2,longhorn-system,engine-image-ei-843accdd-m8hd2,engine-image-ei-843accdd,12.6,1.0,13.0,0.0,0.0,0.0,0.0,0.0,0.0,0.0,10.0,31.0,1020.0,normal
2026-06-01T01:01:25Z,worker-2,ebpf-final,ebpf-detector-64c4475bb6-2hth7,detector,4.7,2.8,0.0,0.0,0.0,142948.0,105721.0,0.0,0.0,0.0,0.0,1.0,347.0,normal
2026-06-01T01:01:25Z,worker-2,kube-system,ovs-ovn-5dqk6,openvswitch,98.6,59.6,38.0,0.0,0.0,38.0,41.0,0.0,0.0,0.0,52.0,88.0,1699.0,normal
2026-06-01T01:01:25Z,worker-2,longhorn-system,longhorn-csi-plugin-wc52g,node-driver-registrar,0.2,0.2,0.0,0.0,0.0,0.0,0.0,0.0,0.0,0.0,0.0,0.0,10.0,normal
2026-06-01T01:01:25Z,worker-2,node,system,containerd.service,13886.4,9780.3,271.4,0.0,0.0,0.0,0.0,0.0,0.0,0.0,35.0,313.0,56801.0,normal
2026-06-01T01:01:25Z,worker-2,longhorn-system,csi-attacher-896ffc747-nsbx9,csi-attacher,2.5,2.3,0.0,0.0,0.0,1112.0,78.0,0.0,0.0,0.0,0.0,0.0,159.0,normal
2026-06-01T01:01:25Z,worker-2,node,system,init.scope,0.4,0.0,0.2,0.0,0.0,0.0,0.0,0.0,0.0,0.0,0.0,0.0,1.0,normal
2026-06-01T01:01:25Z,worker-2,longhorn-system,longhorn-csi-plugin-wc52g,longhorn-liveness-probe,3.1,2.1,0.0,0.0,0.0,224.0,274.0,0.0,0.0,0.0,0.0,0.0,211.0,normal
2026-06-01T01:01:25Z,worker-2,kube-system,kube-proxy-zlsrr,kube-proxy,2.2,0.4,0.0,0.0,0.0,17660.0,96.0,0.0,0.0,0.0,0.0,0.0,115.0,normal
2026-06-01T01:01:25Z,worker-2,longhorn-system,instance-manager-92da8f029806607ba3e99ef8c4ba622e,instance-manager,193.9,4.3,11.7,0.4,0.0,1306.0,1076.0,0.0,0.0,0.0,7.0,7.0,455.0,normal
2026-06-01T01:01:25Z,worker-2,kube-system,tetragon-operator-79c87675d6-l458l,tetragon-operator,0.3,0.1,0.0,0.0,0.0,110.0,170.0,0.0,0.0,0.0,0.0,0.0,14.0,normal
2026-06-01T01:01:25Z,worker-2,longhorn-system,csi-provisioner-688964c44b-42sdq,csi-provisioner,6.2,6.1,0.0,0.0,0.0,545.0,39.0,0.0,0.0,0.0,0.0,0.0,418.0,normal
2026-06-01T01:01:25Z,worker-2,monitoring,my-monitoring-prometheus-node-exporter-jcwww,node-exporter,0.4,0.2,0.0,0.0,0.0,208.0,3254.0,0.0,0.0,0.0,0.0,0.0,17.0,normal
2026-06-01T01:01:25Z,worker-2,longhorn-system,engine-image-ei-3154f3aa-brh95,engine-image-ei-3154f3aa,12.7,1.0,13.1,0.0,0.0,0.0,0.0,0.0,0.0,0.0,10.0,40.0,1289.0,normal
2026-06-01T01:01:25Z,worker-2,node,system,udev,0.1,0.0,0.0,0.0,0.0,0.0,0.0,0.0,0.0,0.0,0.0,0.0,1.0,normal
2026-06-01T01:01:25Z,worker-2,longhorn-system,csi-resizer-7d9bff5787-lf2nb,csi-resizer,2.3,2.2,0.0,0.0,0.0,547.0,39.0,0.0,0.0,0.0,0.0,0.0,131.0,normal
2026-06-01T01:01:25Z,worker-2,gpu-operator,gpu-operator-1764036362-node-feature-discovery-worker-bjsfj,worker,0.5,0.2,0.0,0.0,0.0,222.0,188.0,0.0,0.0,0.0,0.0,0.0,33.0,normal
2026-06-01T01:01:25Z,worker-2,kube-system,kube-ovn-pinger-djcdq,pinger,37.5,17.3,13.3,0.2,0.0,84016.0,1205.0,0.0,12288.0,0.68231,17.0,26.0,2854.0,normal
2026-06-01T01:01:25Z,worker-2,longhorn-system,csi-snapshotter-65884686fc-ht9td,csi-snapshotter,1.3,1.2,0.0,0.0,0.0,566.0,39.0,0.0,0.0,0.0,0.0,0.0,123.0,normal
2026-06-01T01:01:25Z,worker-2,node,system,kubelet.service,782.9,968.8,196.4,1.4,0.0,45104.0,132797.0,0.0,0.0,0.0,0.0,0.0,6913.0,normal
2026-06-01T01:01:25Z,worker-2,kube-system,tetragon-5m9b8,export-stdout,8584.2,8581.5,0.9,0.0,0.0,0.0,0.0,0.0,0.0,0.0,0.0,0.0,23.0,normal
2026-06-01T01:01:25Z,worker-2,node,system,systemd-resolved.service,0.1,0.0,0.0,0.0,0.0,0.0,0.0,0.0,0.0,0.0,0.0,0.0,1.0,normal
2026-06-01T01:01:25Z,worker-2,longhorn-system,longhorn-manager-prnm4,longhorn-manager,364.3,46.7,221.2,0.3,0.0,447135.0,19252.0,0.0,0.0,0.0,18.0,32.0,5500.0,normal
2026-06-01T01:01:25Z,worker-2,kube-system,kube-ovn-cni-5n9nh,cni-server,338.1,21.6,379.4,0.4,0.0,189062.0,1104.0,0.0,0.0,0.0,132.0,190.0,5718.0,normal
2026-06-01T01:01:25Z,worker-2,node,system,multipathd.service,0.0,2.2,0.0,0.0,0.0,0.0,0.0,0.0,0.0,0.0,0.0,0.0,29.0,normal
2026-06-01T01:01:25Z,worker-2,unknown,pod-b48b5e10,nginx-proxy,0.0,0.0,0.0,0.0,0.0,55399.0,55447.0,0.0,0.0,0.0,0.0,0.0,38.0,normal
2026-06-01T01:01:25Z,worker-2,node,system,cgroup,0.0,0.0,0.0,0.0,0.0,0.0,0.0,0.0,52731904.0,1.0764204921700222,0.0,4.0,203132.0,normal
2026-06-01T01:01:25Z,worker-2,node,system,iscsid.service,0.0,0.0,0.0,0.0,0.0,0.0,0.0,0.0,0.0,0.0,0.0,0.0,10.0,normal
2026-06-01T01:01:25Z,worker-2,longhorn-system,longhorn-driver-deployer-57b9669d9b-9nxfp,longhorn-driver-deployer,0.0,0.0,0.0,0.0,0.0,0.0,0.0,0.0,0.0,0.0,0.0,0.0,3.0,normal
2026-06-01T01:01:25Z,worker-2,node,system,udisks2.service,0.0,0.0,0.0,0.0,0.0,0.0,0.0,0.0,0.0,0.0,0.0,0.0,3.0,normal
2026-06-01T01:01:25Z,worker-2,node,system,polkit.service,0.0,0.0,0.0,0.0,0.0,0.0,0.0,0.0,0.0,0.0,0.0,0.0,3.0,normal
2026-06-01T01:01:25Z,worker-2,node,system,fwupd.service,0.0,0.0,0.0,0.0,0.0,0.0,0.0,0.0,0.0,0.0,0.0,0.0,8.0,normal
2026-06-01T01:01:35Z,worker-2,kube-system,tetragon-5m9b8,tetragon,8.6,1800.7,2.7,0.0,0.0,17968.0,239.0,0.0,0.0,0.0,0.0,0.0,70594.0,normal
2026-06-01T01:01:35Z,worker-2,ebpf-final,ebpf-collector-kqqj9,collector,0.2,0.8,0.3,0.1,0.0,13773.0,18598.0,0.0,0.0,0.0,0.0,0.0,6.0,normal
2026-06-01T01:01:35Z,worker-2,longhorn-system,longhorn-csi-plugin-wc52g,longhorn-csi-plugin,2.8,1.2,0.0,0.0,0.0,0.0,0.0,0.0,0.0,0.0,0.0,0.0,79.0,normal
2026-06-01T01:01:35Z,worker-2,kube-system,nodelocaldns-qnb6m,node-cache,12.9,4.0,0.4,1.0,0.0,4922.0,3489.0,0.0,0.0,0.0,0.0,0.0,704.0,normal
2026-06-01T01:01:35Z,worker-2,longhorn-system,engine-image-ei-843accdd-m8hd2,engine-image-ei-843accdd,12.6,1.0,13.0,0.0,0.0,0.0,0.0,0.0,0.0,0.0,10.0,31.0,1013.0,normal
2026-06-01T01:01:35Z,worker-2,ebpf-final,ebpf-detector-64c4475bb6-2hth7,detector,6.1,2.9,0.0,0.0,0.0,147944.0,109647.0,0.0,0.0,0.0,0.0,0.0,302.0,normal
2026-06-01T01:01:35Z,worker-2,kube-system,ovs-ovn-5dqk6,openvswitch,108.2,59.3,46.6,0.0,0.0,38.0,41.0,0.0,0.0,0.0,65.0,110.0,1760.0,normal
2026-06-01T01:01:35Z,worker-2,longhorn-system,longhorn-csi-plugin-wc52g,node-driver-registrar,0.2,0.2,0.0,0.0,0.0,0.0,0.0,0.0,0.0,0.0,0.0,0.0,10.0,normal
2026-06-01T01:01:35Z,worker-2,node,system,containerd.service,14234.6,10737.2,261.9,0.0,0.0,0.0,0.0,0.0,0.0,0.0,29.0,264.0,51313.0,normal
2026-06-01T01:01:35Z,worker-2,longhorn-system,csi-attacher-896ffc747-nsbx9,csi-attacher,2.5,2.5,0.0,0.0,0.0,556.0,74.0,0.0,0.0,0.0,0.0,0.0,157.0,normal
2026-06-01T01:01:35Z,worker-2,longhorn-system,longhorn-csi-plugin-wc52g,longhorn-liveness-probe,3.3,2.2,0.0,0.0,0.0,224.0,274.0,0.0,0.0,0.0,0.0,0.0,201.0,normal
2026-06-01T01:01:35Z,worker-2,kube-system,kube-proxy-zlsrr,kube-proxy,2.2,0.4,0.0,0.0,0.0,17677.0,96.0,0.0,0.0,0.0,0.0,0.0,123.0,normal
2026-06-01T01:01:35Z,worker-2,longhorn-system,instance-manager-92da8f029806607ba3e99ef8c4ba622e,instance-manager,14.7,1.5,1.4,0.0,0.0,467.0,395.0,0.0,0.0,0.0,1.0,1.0,183.0,normal
2026-06-01T01:01:35Z,worker-2,kube-system,tetragon-operator-79c87675d6-l458l,tetragon-operator,0.7,0.4,0.0,0.0,0.0,221.0,340.0,0.0,0.0,0.0,0.0,0.0,30.0,normal
2026-06-01T01:01:35Z,worker-2,longhorn-system,csi-provisioner-688964c44b-42sdq,csi-provisioner,5.6,5.3,0.1,0.0,0.0,1089.0,113.0,0.0,0.0,0.0,0.0,0.0,364.0,normal
2026-06-01T01:01:35Z,worker-2,monitoring,my-monitoring-prometheus-node-exporter-jcwww,node-exporter,0.3,0.2,0.0,0.0,0.0,208.0,3254.0,0.0,0.0,0.0,0.0,0.0,16.0,normal
2026-06-01T01:01:35Z,worker-2,longhorn-system,engine-image-ei-3154f3aa-brh95,engine-image-ei-3154f3aa,12.8,1.0,13.2,0.0,0.0,0.0,0.0,0.0,0.0,0.0,10.0,40.0,1371.0,normal
2026-06-01T01:01:35Z,worker-2,longhorn-system,csi-resizer-7d9bff5787-lf2nb,csi-resizer,2.6,2.3,0.1,0.0,0.0,547.0,39.0,0.0,0.0,0.0,0.0,0.0,136.0,normal
2026-06-01T01:01:35Z,worker-2,gpu-operator,gpu-operator-1764036362-node-feature-discovery-worker-bjsfj,worker,0.7,0.4,0.0,0.0,0.0,261.0,227.0,0.0,0.0,0.0,0.0,0.0,94.0,normal
2026-06-01T01:01:35Z,worker-2,kube-system,kube-ovn-pinger-djcdq,pinger,38.7,18.7,13.2,0.2,0.0,116416.0,1436.0,0.0,12288.0,0.388172,17.0,26.0,2878.0,normal
2026-06-01T01:01:35Z,worker-2,longhorn-system,csi-snapshotter-65884686fc-ht9td,csi-snapshotter,1.4,1.2,0.0,0.0,0.0,1132.0,78.0,0.0,0.0,0.0,0.0,0.0,149.0,normal
2026-06-01T01:01:35Z,worker-2,node,system,kubelet.service,691.2,887.7,142.2,1.6,0.0,45936.0,136645.0,0.0,0.0,0.0,0.0,0.0,6989.0,normal
2026-06-01T01:01:35Z,worker-2,kube-system,tetragon-5m9b8,export-stdout,9453.8,9450.9,0.9,0.0,0.0,0.0,0.0,0.0,0.0,0.0,0.0,0.0,24.0,normal
2026-06-01T01:01:35Z,worker-2,longhorn-system,longhorn-manager-prnm4,longhorn-manager,116.9,46.6,0.2,0.1,0.0,481140.0,11492.0,0.0,0.0,0.0,0.0,0.0,4688.0,normal
2026-06-01T01:01:35Z,worker-2,kube-system,kube-ovn-cni-5n9nh,cni-server,341.0,22.0,380.6,0.2,0.0,192691.0,1152.0,0.0,0.0,0.0,133.0,160.0,4154.0,normal
2026-06-01T01:01:35Z,worker-2,node,system,multipathd.service,0.0,2.2,0.0,0.0,0.0,0.0,0.0,0.0,0.0,0.0,0.0,0.0,25.0,normal
2026-06-01T01:01:35Z,worker-2,unknown,pod-b48b5e10,nginx-proxy,0.0,0.0,0.0,0.0,0.0,55607.0,55655.0,0.0,0.0,0.0,0.0,0.0,43.0,normal
2026-06-01T01:01:35Z,worker-2,node,system,cgroup,0.0,0.0,0.0,0.0,0.0,0.0,0.0,0.0,90284032.0,1.2726662242090783,0.0,1.0,193386.0,normal
2026-06-01T01:01:35Z,worker-2,node,system,iscsid.service,0.0,0.0,0.0,0.0,0.0,0.0,0.0,0.0,0.0,0.0,0.0,0.0,10.0,normal
2026-06-01T01:01:35Z,worker-2,node,system,udisks2.service,0.0,0.0,0.0,0.0,0.0,0.0,0.0,0.0,0.0,0.0,0.0,0.0,2.0,normal
2026-06-01T01:01:35Z,worker-2,node,system,polkit.service,0.0,0.0,0.0,0.0,0.0,0.0,0.0,0.0,0.0,0.0,0.0,0.0,2.0,normal
2026-06-01T01:01:35Z,worker-2,node,system,fwupd.service,0.0,0.0,0.0,0.0,0.0,0.0,0.0,0.0,0.0,0.0,0.0,0.0,7.0,normal
2026-06-01T01:01:45Z,worker-2,kube-system,tetragon-5m9b8,tetragon,4.4,1891.5,2.7,0.0,0.0,18000.0,239.0,0.0,0.0,0.0,0.0,0.0,73174.0,normal
2026-06-01T01:01:45Z,worker-2,ebpf-final,ebpf-collector-kqqj9,collector,169.6,0.8,163.6,0.1,0.0,244868.0,18123.0,0.0,0.0,0.0,0.0,0.0,102.0,normal
2026-06-01T01:01:45Z,worker-2,longhorn-system,longhorn-csi-plugin-wc52g,longhorn-csi-plugin,2.6,1.1,0.0,0.0,0.0,0.0,0.0,0.0,0.0,0.0,0.0,0.0,83.0,normal
2026-06-01T01:01:45Z,worker-2,kube-system,nodelocaldns-qnb6m,node-cache,28.4,5.4,35.1,1.1,0.0,5145.0,3785.0,0.0,0.0,0.0,12.0,12.0,916.0,normal
2026-06-01T01:01:45Z,worker-2,longhorn-system,engine-image-ei-843accdd-m8hd2,engine-image-ei-843accdd,12.7,1.0,13.1,0.0,0.0,0.0,0.0,0.0,0.0,0.0,10.0,34.0,1150.0,normal
2026-06-01T01:01:45Z,worker-2,ebpf-final,ebpf-detector-64c4475bb6-2hth7,detector,6.1,2.8,0.0,0.0,0.0,146744.0,108519.0,0.0,0.0,0.0,0.0,0.0,387.0,normal
2026-06-01T01:01:45Z,worker-2,kube-system,ovs-ovn-5dqk6,openvswitch,98.5,59.3,38.0,0.0,0.3,38.0,41.0,0.0,0.0,0.0,52.0,88.0,1836.0,normal
2026-06-01T01:01:45Z,worker-2,longhorn-system,longhorn-csi-plugin-wc52g,node-driver-registrar,0.2,0.2,0.0,0.0,0.0,0.0,0.0,0.0,0.0,0.0,0.0,0.0,10.0,normal
2026-06-01T01:01:45Z,worker-2,node,system,containerd.service,14517.8,10536.4,411.8,0.0,0.0,0.0,0.0,0.0,0.0,0.0,32.0,289.0,57112.0,normal
2026-06-01T01:01:45Z,worker-2,longhorn-system,csi-attacher-896ffc747-nsbx9,csi-attacher,1.7,1.6,0.0,0.0,0.0,556.0,39.0,0.0,0.0,0.0,0.0,0.0,143.0,normal
2026-06-01T01:01:45Z,worker-2,longhorn-system,longhorn-csi-plugin-wc52g,longhorn-liveness-probe,2.9,1.9,0.0,0.0,0.0,224.0,274.0,0.0,0.0,0.0,0.0,0.0,270.0,normal
2026-06-01T01:01:45Z,worker-2,kube-system,kube-proxy-zlsrr,kube-proxy,2.0,0.4,0.0,0.0,0.0,17538.0,96.0,0.0,0.0,0.0,0.0,0.0,113.0,normal
2026-06-01T01:01:45Z,worker-2,longhorn-system,instance-manager-92da8f029806607ba3e99ef8c4ba622e,instance-manager,196.1,4.6,11.8,0.5,0.0,951.0,961.0,0.0,0.0,0.0,7.0,7.0,543.0,normal
2026-06-01T01:01:45Z,worker-2,kube-system,tetragon-operator-79c87675d6-l458l,tetragon-operator,0.3,0.2,0.0,0.0,0.0,110.0,170.0,0.0,0.0,0.0,0.0,0.0,19.0,normal
2026-06-01T01:01:45Z,worker-2,longhorn-system,csi-provisioner-688964c44b-42sdq,csi-provisioner,5.8,5.7,0.0,0.0,0.0,544.0,39.0,0.0,0.0,0.0,0.0,0.0,436.0,normal
2026-06-01T01:01:45Z,worker-2,monitoring,my-monitoring-prometheus-node-exporter-jcwww,node-exporter,234.7,0.9,197.8,0.0,0.0,573.0,31364.0,0.0,0.0,0.0,0.0,0.0,278.0,normal
2026-06-01T01:01:45Z,worker-2,longhorn-system,engine-image-ei-3154f3aa-brh95,engine-image-ei-3154f3aa,12.7,1.0,13.1,0.0,0.0,0.0,0.0,0.0,0.0,0.0,10.0,40.0,1267.0,normal
2026-06-01T01:01:45Z,worker-2,longhorn-system,csi-resizer-7d9bff5787-lf2nb,csi-resizer,2.6,2.5,0.0,0.0,0.0,1092.0,113.0,0.0,0.0,0.0,0.0,0.0,150.0,normal
2026-06-01T01:01:45Z,worker-2,gpu-operator,gpu-operator-1764036362-node-feature-discovery-worker-bjsfj,worker,0.4,0.2,0.0,0.0,0.0,222.0,188.0,0.0,0.0,0.0,0.0,0.0,38.0,normal
2026-06-01T01:01:45Z,worker-2,kube-system,kube-ovn-pinger-djcdq,pinger,41.3,19.4,13.2,0.2,0.0,116291.0,1580.0,0.0,20480.0,0.6708283333333334,17.0,26.0,3146.0,normal
2026-06-01T01:01:45Z,worker-2,longhorn-system,csi-snapshotter-65884686fc-ht9td,csi-snapshotter,1.4,1.3,0.0,0.0,0.0,566.0,74.0,0.0,0.0,0.0,0.0,0.0,149.0,normal
2026-06-01T01:01:45Z,worker-2,node,system,kubelet.service,826.7,964.6,227.0,1.4,0.0,45475.0,160669.0,0.0,0.0,0.0,2.0,2.0,7398.0,normal
2026-06-01T01:01:45Z,worker-2,kube-system,tetragon-5m9b8,export-stdout,9466.7,9463.8,0.9,0.0,0.0,0.0,0.0,0.0,0.0,0.0,0.0,0.0,47.0,normal
2026-06-01T01:01:45Z,worker-2,longhorn-system,longhorn-manager-prnm4,longhorn-manager,117.1,46.1,0.2,0.1,0.0,480477.0,10701.0,0.0,0.0,0.0,0.0,0.0,4838.0,normal
2026-06-01T01:01:45Z,worker-2,kube-system,kube-ovn-cni-5n9nh,cni-server,339.5,21.7,379.8,0.3,0.0,204047.0,1200.0,0.0,0.0,0.0,132.0,175.0,4858.0,normal
2026-06-01T01:01:45Z,worker-2,node,system,init.scope,0.0,4.0,3.4,0.0,0.0,0.0,0.0,0.0,0.0,0.0,0.0,0.0,7.0,normal
2026-06-01T01:01:45Z,worker-2,node,system,multipathd.service,0.0,2.4,0.0,0.0,0.0,0.0,0.0,0.0,0.0,0.0,0.0,0.0,24.0,normal
2026-06-01T01:01:45Z,worker-2,unknown,pod-b48b5e10,nginx-proxy,0.0,0.0,0.0,0.0,0.0,55310.0,55358.0,0.0,0.0,0.0,0.0,0.0,31.0,normal
2026-06-01T01:01:45Z,worker-2,node,system,cgroup,0.0,0.0,0.0,0.0,0.0,0.0,0.0,0.0,2306048.0,1.3545141818181818,0.0,0.0,206541.0,normal
2026-06-01T01:01:45Z,worker-2,node,system,iscsid.service,0.0,0.0,0.0,0.0,0.0,0.0,0.0,0.0,0.0,0.0,0.0,0.0,11.0,normal
2026-06-01T01:01:45Z,worker-2,node,system,udisks2.service,0.0,0.0,0.0,0.0,0.0,0.0,0.0,0.0,0.0,0.0,0.0,0.0,3.0,normal
2026-06-01T01:01:45Z,worker-2,node,system,polkit.service,0.0,0.0,0.0,0.0,0.0,0.0,0.0,0.0,0.0,0.0,0.0,0.0,3.0,normal
2026-06-01T01:01:45Z,worker-2,node,system,rpcbind.service,0.0,0.0,0.0,0.0,0.0,0.0,0.0,0.0,0.0,0.0,0.0,0.0,1.0,normal
2026-06-01T01:01:45Z,worker-2,node,system,fwupd.service,0.0,0.0,0.0,0.0,0.0,0.0,0.0,0.0,0.0,0.0,0.0,0.0,8.0,normal
2026-06-01T01:01:45Z,worker-2,node,system,dbus.service,0.0,0.0,0.0,0.0,0.0,0.0,0.0,0.0,0.0,0.0,0.0,0.0,9.0,normal
2026-06-01T01:01:55Z,worker-2,kube-system,tetragon-5m9b8,tetragon,4.5,1804.1,2.7,0.0,0.0,17829.0,239.0,0.0,0.0,0.0,0.0,0.0,70959.0,normal
2026-06-01T01:01:55Z,worker-2,ebpf-final,ebpf-collector-kqqj9,collector,0.2,0.8,0.3,0.1,0.0,13404.0,18093.0,0.0,0.0,0.0,0.0,0.0,7.0,normal
2026-06-01T01:01:55Z,worker-2,longhorn-system,longhorn-csi-plugin-wc52g,longhorn-csi-plugin,2.6,1.0,0.0,0.0,0.0,0.0,0.0,0.0,0.0,0.0,0.0,0.0,78.0,normal
2026-06-01T01:01:55Z,worker-2,kube-system,nodelocaldns-qnb6m,node-cache,13.7,4.6,0.3,1.0,0.0,4922.0,3489.0,0.0,0.0,0.0,0.0,0.0,800.0,normal
2026-06-01T01:01:55Z,worker-2,longhorn-system,engine-image-ei-843accdd-m8hd2,engine-image-ei-843accdd,12.5,1.0,12.9,0.0,0.0,0.0,0.0,0.0,0.0,0.0,10.0,26.0,847.0,normal
2026-06-01T01:01:55Z,worker-2,ebpf-final,ebpf-detector-64c4475bb6-2hth7,detector,4.8,2.9,0.0,0.0,0.0,143509.0,106427.0,0.0,0.0,0.0,0.0,0.0,302.0,normal
2026-06-01T01:01:55Z,worker-2,kube-system,ovs-ovn-5dqk6,openvswitch,108.1,70.5,37.9,0.0,0.0,38.0,41.0,0.0,0.0,0.0,52.0,88.0,2145.0,normal
2026-06-01T01:01:55Z,worker-2,longhorn-system,longhorn-csi-plugin-wc52g,node-driver-registrar,0.2,0.2,0.0,0.0,0.0,0.0,0.0,0.0,0.0,0.0,0.0,0.0,10.0,normal
2026-06-01T01:01:55Z,worker-2,node,system,containerd.service,13838.3,10525.6,266.8,0.0,0.0,0.0,0.0,0.0,0.0,0.0,32.0,290.0,54788.0,normal
2026-06-01T01:01:55Z,worker-2,longhorn-system,csi-attacher-896ffc747-nsbx9,csi-attacher,1.7,1.4,0.1,0.0,0.0,556.0,39.0,0.0,0.0,0.0,0.0,0.0,118.0,normal
2026-06-01T01:01:55Z,worker-2,node,system,init.scope,0.2,0.0,0.1,0.0,0.0,0.0,0.0,0.0,0.0,0.0,0.0,0.0,1.0,normal
2026-06-01T01:01:55Z,worker-2,longhorn-system,longhorn-csi-plugin-wc52g,longhorn-liveness-probe,3.1,2.1,0.0,0.0,0.0,224.0,274.0,0.0,0.0,0.0,0.0,0.0,208.0,normal
2026-06-01T01:01:55Z,worker-2,kube-system,kube-proxy-zlsrr,kube-proxy,2.0,0.4,0.0,0.0,0.0,17538.0,96.0,0.0,0.0,0.0,0.0,0.0,103.0,normal
2026-06-01T01:01:55Z,worker-2,longhorn-system,instance-manager-92da8f029806607ba3e99ef8c4ba622e,instance-manager,193.1,3.8,11.7,0.4,0.0,1298.0,1076.0,0.0,0.0,0.0,7.0,7.0,411.0,normal
2026-06-01T01:01:55Z,worker-2,kube-system,tetragon-operator-79c87675d6-l458l,tetragon-operator,0.6,0.3,0.0,0.0,0.0,221.0,340.0,0.0,0.0,0.0,0.0,0.0,29.0,normal
2026-06-01T01:01:55Z,worker-2,longhorn-system,csi-provisioner-688964c44b-42sdq,csi-provisioner,5.1,4.8,0.0,0.0,0.0,544.0,39.0,0.0,0.0,0.0,0.0,0.0,357.0,normal
2026-06-01T01:01:55Z,worker-2,monitoring,my-monitoring-prometheus-node-exporter-jcwww,node-exporter,0.2,0.2,0.0,0.0,0.0,208.0,3254.0,0.0,0.0,0.0,0.0,0.0,14.0,normal
2026-06-01T01:01:55Z,worker-2,longhorn-system,engine-image-ei-3154f3aa-brh95,engine-image-ei-3154f3aa,12.9,1.0,13.3,0.0,0.0,0.0,0.0,0.0,0.0,0.0,10.0,42.0,1274.0,normal
2026-06-01T01:01:55Z,worker-2,longhorn-system,csi-resizer-7d9bff5787-lf2nb,csi-resizer,2.4,2.3,0.0,0.0,0.0,545.0,39.0,0.0,0.0,0.0,0.0,0.0,144.0,normal
2026-06-01T01:01:55Z,worker-2,gpu-operator,gpu-operator-1764036362-node-feature-discovery-worker-bjsfj,worker,0.5,0.2,0.0,0.0,0.0,222.0,188.0,0.0,0.0,0.0,0.0,0.0,32.0,normal
2026-06-01T01:01:55Z,worker-2,kube-system,kube-ovn-pinger-djcdq,pinger,13.7,14.0,0.0,0.0,0.0,32406.0,375.0,0.0,8192.0,0.516394,0.0,0.0,3163.0,normal
2026-06-01T01:01:55Z,worker-2,longhorn-system,csi-snapshotter-65884686fc-ht9td,csi-snapshotter,1.6,1.4,0.0,0.0,0.0,1132.0,78.0,0.0,0.0,0.0,0.0,0.0,133.0,normal
2026-06-01T01:01:55Z,worker-2,node,system,kubelet.service,770.9,874.4,197.6,1.6,0.0,45527.0,136634.0,0.0,0.0,0.0,0.0,0.0,7219.0,normal
2026-06-01T01:01:55Z,worker-2,kube-system,tetragon-5m9b8,export-stdout,9410.6,9427.1,1.0,0.0,0.0,0.0,0.0,0.0,0.0,0.0,0.0,0.0,38.0,normal
2026-06-01T01:01:55Z,worker-2,longhorn-system,longhorn-manager-prnm4,longhorn-manager,141.6,48.2,9.5,0.3,0.0,469285.0,15107.0,0.0,0.0,0.0,3.0,23.0,5424.0,normal
2026-06-01T01:01:55Z,worker-2,kube-system,kube-ovn-cni-5n9nh,cni-server,392.7,26.1,456.9,0.3,0.0,204049.0,1200.0,0.0,0.0,0.0,171.0,216.0,5643.0,normal
2026-06-01T01:01:55Z,worker-2,node,system,multipathd.service,0.0,2.1,0.0,0.0,0.0,0.0,0.0,0.0,0.0,0.0,0.0,0.0,20.0,normal
2026-06-01T01:01:55Z,worker-2,unknown,pod-b48b5e10,nginx-proxy,0.0,0.0,0.0,0.0,0.0,55171.0,55219.0,0.0,0.0,0.0,0.0,0.0,39.0,normal
2026-06-01T01:01:55Z,worker-2,node,system,cgroup,0.0,0.0,0.0,0.0,0.0,0.0,0.0,0.0,61227008.0,1.3322826848484848,0.0,4.0,200582.0,normal
2026-06-01T01:01:55Z,worker-2,node,system,systemd-networkd.service,0.0,0.0,0.0,0.0,0.0,0.0,0.0,0.0,0.0,0.0,0.0,0.0,1.0,normal
2026-06-01T01:01:55Z,worker-2,node,system,iscsid.service,0.0,0.0,0.0,0.0,0.0,0.0,0.0,0.0,0.0,0.0,0.0,0.0,10.0,normal
2026-06-01T01:01:55Z,worker-2,node,system,udisks2.service,0.0,0.0,0.0,0.0,0.0,0.0,0.0,0.0,0.0,0.0,0.0,0.0,2.0,normal
2026-06-01T01:01:55Z,worker-2,node,system,polkit.service,0.0,0.0,0.0,0.0,0.0,0.0,0.0,0.0,0.0,0.0,0.0,0.0,2.0,normal
2026-06-01T01:01:55Z,worker-2,node,system,fwupd.service,0.0,0.0,0.0,0.0,0.0,0.0,0.0,0.0,0.0,0.0,0.0,0.0,8.0,normal
2026-06-01T01:02:06Z,worker-2,kube-system,tetragon-5m9b8,tetragon,7.7,1798.8,2.4,0.0,0.0,17829.0,239.0,0.0,0.0,0.0,0.0,0.0,70908.0,normal
2026-06-01T01:02:06Z,worker-2,ebpf-final,ebpf-collector-kqqj9,collector,0.2,0.8,0.3,0.1,0.0,13041.0,17606.0,0.0,0.0,0.0,0.0,0.0,7.0,normal
2026-06-01T01:02:06Z,worker-2,longhorn-system,longhorn-csi-plugin-wc52g,longhorn-csi-plugin,2.7,1.3,0.0,0.0,0.0,0.0,0.0,0.0,0.0,0.0,0.0,0.0,84.0,normal
2026-06-01T01:02:06Z,worker-2,kube-system,nodelocaldns-qnb6m,node-cache,13.2,4.5,0.4,1.0,0.0,4922.0,3562.0,0.0,0.0,0.0,0.0,0.0,738.0,normal
2026-06-01T01:02:06Z,worker-2,longhorn-system,engine-image-ei-843accdd-m8hd2,engine-image-ei-843accdd,12.7,1.0,13.1,0.0,0.0,0.0,0.0,0.0,0.0,0.0,10.0,31.0,994.0,normal
2026-06-01T01:02:06Z,worker-2,ebpf-final,ebpf-detector-64c4475bb6-2hth7,detector,6.0,2.8,0.0,0.0,0.0,145324.0,107482.0,0.0,0.0,0.0,0.0,0.0,574.0,normal
2026-06-01T01:02:06Z,worker-2,kube-system,ovs-ovn-5dqk6,openvswitch,102.8,67.2,37.9,0.0,0.0,76.0,82.0,0.0,0.0,0.0,52.0,88.0,1991.0,normal
2026-06-01T01:02:06Z,worker-2,longhorn-system,longhorn-csi-plugin-wc52g,node-driver-registrar,0.2,0.2,0.0,0.0,0.0,0.0,0.0,0.0,0.0,0.0,0.0,0.0,10.0,normal
2026-06-01T01:02:06Z,worker-2,node,system,containerd.service,14305.3,9726.4,385.5,0.0,0.0,0.0,0.0,0.0,0.0,0.0,32.0,288.0,61721.0,normal
2026-06-01T01:02:06Z,worker-2,longhorn-system,csi-attacher-896ffc747-nsbx9,csi-attacher,1.5,1.3,0.0,0.0,0.0,1113.0,78.0,0.0,0.0,0.0,0.0,0.0,153.0,normal
2026-06-01T01:02:06Z,worker-2,longhorn-system,longhorn-csi-plugin-wc52g,longhorn-liveness-probe,3.2,2.2,0.0,0.0,0.0,224.0,274.0,0.0,0.0,0.0,0.0,0.0,202.0,normal
2026-06-01T01:02:06Z,worker-2,kube-system,kube-proxy-zlsrr,kube-proxy,1.8,0.4,0.0,0.0,0.0,17664.0,96.0,0.0,0.0,0.0,0.0,0.0,100.0,normal
2026-06-01T01:02:06Z,worker-2,longhorn-system,instance-manager-92da8f029806607ba3e99ef8c4ba622e,instance-manager,182.0,2.4,10.4,0.4,0.0,467.0,455.0,0.0,0.0,0.0,6.0,6.0,372.0,normal
2026-06-01T01:02:06Z,worker-2,kube-system,tetragon-operator-79c87675d6-l458l,tetragon-operator,0.3,0.1,0.0,0.0,0.0,110.0,170.0,0.0,0.0,0.0,0.0,0.0,17.0,normal
2026-06-01T01:02:06Z,worker-2,longhorn-system,csi-provisioner-688964c44b-42sdq,csi-provisioner,5.8,5.5,0.0,0.0,0.0,1088.0,78.0,0.0,0.0,0.0,0.0,0.0,446.0,normal
2026-06-01T01:02:06Z,worker-2,monitoring,my-monitoring-prometheus-node-exporter-jcwww,node-exporter,0.3,0.2,0.0,0.0,0.0,208.0,3254.0,0.0,0.0,0.0,0.0,0.0,21.0,normal
2026-06-01T01:02:06Z,worker-2,longhorn-system,engine-image-ei-3154f3aa-brh95,engine-image-ei-3154f3aa,12.9,1.0,13.3,0.0,0.0,0.0,0.0,0.0,0.0,0.0,10.0,41.0,1341.0,normal
2026-06-01T01:02:06Z,worker-2,longhorn-system,csi-resizer-7d9bff5787-lf2nb,csi-resizer,2.3,2.2,0.0,0.0,0.0,546.0,39.0,0.0,0.0,0.0,0.0,0.0,162.0,normal
2026-06-01T01:02:06Z,worker-2,gpu-operator,gpu-operator-1764036362-node-feature-discovery-worker-bjsfj,worker,259.7,4.2,145.5,0.0,0.0,137884.0,1850.0,0.0,0.0,0.0,0.0,0.0,1666.0,normal
2026-06-01T01:02:06Z,worker-2,kube-system,kube-ovn-pinger-djcdq,pinger,43.0,21.3,13.2,0.2,0.0,116465.0,1580.0,0.0,16384.0,0.6748805,17.0,26.0,3619.0,normal
2026-06-01T01:02:06Z,worker-2,longhorn-system,csi-snapshotter-65884686fc-ht9td,csi-snapshotter,1.6,1.3,0.1,0.0,0.0,566.0,39.0,0.0,0.0,0.0,0.0,0.0,122.0,normal
2026-06-01T01:02:06Z,worker-2,node,system,kubelet.service,813.3,969.1,214.6,1.4,0.0,45211.0,164355.0,0.0,0.0,0.0,0.0,0.0,7532.0,normal
2026-06-01T01:02:06Z,worker-2,kube-system,tetragon-5m9b8,export-stdout,8592.2,8554.9,0.8,0.0,0.0,0.0,0.0,0.0,0.0,0.0,0.0,0.0,22.0,normal
2026-06-01T01:02:06Z,worker-2,longhorn-system,longhorn-manager-prnm4,longhorn-manager,120.9,49.0,0.2,0.1,0.0,467624.0,10604.0,0.0,0.0,0.0,0.0,0.0,4646.0,normal
2026-06-01T01:02:06Z,worker-2,kube-system,kube-ovn-cni-5n9nh,cni-server,343.8,22.4,381.5,0.3,0.0,204196.0,1200.0,0.0,0.0,0.0,134.0,182.0,4868.0,normal
2026-06-01T01:02:06Z,worker-2,node,system,multipathd.service,0.0,2.2,0.0,0.0,0.0,0.0,0.0,0.0,0.0,0.0,0.0,0.0,24.0,normal
2026-06-01T01:02:06Z,worker-2,unknown,pod-b48b5e10,nginx-proxy,0.0,0.0,0.0,0.0,0.0,55122.0,55170.0,0.0,0.0,0.0,0.0,0.0,35.0,normal
2026-06-01T01:02:06Z,worker-2,node,system,cgroup,0.0,0.0,0.0,0.0,0.0,0.0,0.0,0.0,99811328.0,1.4944984659498208,0.0,1.0,208735.0,normal
2026-06-01T01:02:06Z,worker-2,node,system,iscsid.service,0.0,0.0,0.0,0.0,0.0,0.0,0.0,0.0,0.0,0.0,0.0,0.0,10.0,normal
2026-06-01T01:02:06Z,worker-2,node,system,udisks2.service,0.0,0.0,0.0,0.0,0.0,0.0,0.0,0.0,0.0,0.0,0.0,0.0,3.0,normal
2026-06-01T01:02:06Z,worker-2,node,system,polkit.service,0.0,0.0,0.0,0.0,0.0,0.0,0.0,0.0,0.0,0.0,0.0,0.0,3.0,normal
2026-06-01T01:02:06Z,worker-2,node,system,cron.service,0.0,0.0,0.0,0.0,0.0,0.0,0.0,0.0,0.0,0.0,0.0,0.0,1.0,normal
2026-06-01T01:02:06Z,worker-2,node,system,fwupd.service,0.0,0.0,0.0,0.0,0.0,0.0,0.0,0.0,0.0,0.0,0.0,0.0,7.0,normal
2026-06-01T01:02:16Z,worker-2,kube-system,tetragon-5m9b8,tetragon,4.8,1857.7,2.7,0.0,0.0,18137.0,239.0,0.0,0.0,0.0,0.0,0.0,73869.0,normal
2026-06-01T01:02:16Z,worker-2,ebpf-final,ebpf-collector-kqqj9,collector,168.5,0.8,163.5,0.1,0.0,245226.0,18599.0,0.0,0.0,0.0,0.0,0.0,97.0,normal
2026-06-01T01:02:16Z,worker-2,longhorn-system,longhorn-csi-plugin-wc52g,longhorn-csi-plugin,2.5,1.1,0.0,0.0,0.0,0.0,0.0,0.0,0.0,0.0,0.0,0.0,71.0,normal
2026-06-01T01:02:16Z,worker-2,kube-system,nodelocaldns-qnb6m,node-cache,13.8,4.9,0.6,1.1,0.0,5145.0,3785.0,0.0,0.0,0.0,0.0,0.0,768.0,normal
2026-06-01T01:02:16Z,worker-2,longhorn-system,engine-image-ei-843accdd-m8hd2,engine-image-ei-843accdd,14.8,1.2,15.8,0.0,0.0,0.0,0.0,0.0,0.0,0.0,13.0,36.0,1172.0,normal
2026-06-01T01:02:16Z,worker-2,ebpf-final,ebpf-detector-64c4475bb6-2hth7,detector,5.9,2.9,0.0,0.0,0.0,146341.0,108454.0,0.0,0.0,0.0,0.0,1.0,444.0,normal
2026-06-01T01:02:16Z,worker-2,kube-system,ovs-ovn-5dqk6,openvswitch,101.4,66.0,38.2,0.0,0.0,38.0,41.0,0.0,0.0,0.0,52.0,88.0,1880.0,normal
2026-06-01T01:02:16Z,worker-2,node,system,containerd.service,14488.2,10596.8,273.9,0.0,0.0,0.0,0.0,0.0,0.0,0.0,36.0,324.0,56761.0,normal
2026-06-01T01:02:16Z,worker-2,longhorn-system,csi-attacher-896ffc747-nsbx9,csi-attacher,1.4,1.3,0.0,0.0,0.0,556.0,39.0,0.0,0.0,0.0,0.0,0.0,145.0,normal
2026-06-01T01:02:16Z,worker-2,longhorn-system,longhorn-csi-plugin-wc52g,longhorn-liveness-probe,2.8,2.1,0.0,0.0,0.0,224.0,274.0,0.0,0.0,0.0,0.0,0.0,254.0,normal
2026-06-01T01:02:16Z,worker-2,kube-system,kube-proxy-zlsrr,kube-proxy,2.2,0.6,0.0,0.0,0.0,17663.0,96.0,0.0,0.0,0.0,0.0,0.0,212.0,normal
2026-06-01T01:02:16Z,worker-2,longhorn-system,instance-manager-92da8f029806607ba3e99ef8c4ba622e,instance-manager,182.2,2.4,10.4,0.4,0.0,519.0,489.0,0.0,0.0,0.0,6.0,6.0,362.0,normal
2026-06-01T01:02:16Z,worker-2,kube-system,tetragon-operator-79c87675d6-l458l,tetragon-operator,3.0,0.6,0.4,0.0,0.0,586.0,2712.0,0.0,0.0,0.0,0.0,0.0,83.0,normal
2026-06-01T01:02:16Z,worker-2,longhorn-system,csi-provisioner-688964c44b-42sdq,csi-provisioner,7.0,6.9,0.0,0.0,0.0,544.0,39.0,0.0,0.0,0.0,0.0,0.0,406.0,normal
2026-06-01T01:02:16Z,worker-2,monitoring,my-monitoring-prometheus-node-exporter-jcwww,node-exporter,237.2,0.9,199.1,0.0,0.0,573.0,31310.0,0.0,0.0,0.0,0.0,0.0,263.0,normal
2026-06-01T01:02:16Z,worker-2,longhorn-system,engine-image-ei-3154f3aa-brh95,engine-image-ei-3154f3aa,15.4,1.2,16.2,0.0,0.0,0.0,0.0,0.0,0.0,0.0,13.0,47.0,1458.0,normal
2026-06-01T01:02:16Z,worker-2,longhorn-system,csi-resizer-7d9bff5787-lf2nb,csi-resizer,2.6,2.4,0.0,0.0,0.0,1093.0,78.0,0.0,0.0,0.0,0.0,0.0,206.0,normal
2026-06-01T01:02:16Z,worker-2,gpu-operator,gpu-operator-1764036362-node-feature-discovery-worker-bjsfj,worker,0.4,0.2,0.0,0.0,0.0,222.0,188.0,0.0,0.0,0.0,0.0,0.0,36.0,normal
2026-06-01T01:02:16Z,worker-2,kube-system,kube-ovn-pinger-djcdq,pinger,40.0,20.4,13.2,0.2,0.0,116474.0,1484.0,0.0,12288.0,0.688672,17.0,26.0,3956.0,normal
2026-06-01T01:02:16Z,worker-2,longhorn-system,csi-snapshotter-65884686fc-ht9td,csi-snapshotter,1.4,1.2,0.0,0.0,0.0,1132.0,78.0,0.0,0.0,0.0,0.0,0.0,135.0,normal
2026-06-01T01:02:16Z,worker-2,node,system,kubelet.service,802.5,877.8,205.4,1.7,0.0,46556.0,133627.0,0.0,0.0,0.0,0.0,0.0,7776.0,normal
2026-06-01T01:02:16Z,worker-2,kube-system,tetragon-5m9b8,export-stdout,9486.7,9483.8,0.9,0.0,0.0,0.0,0.0,0.0,0.0,0.0,0.0,0.0,48.0,normal
2026-06-01T01:02:16Z,worker-2,longhorn-system,longhorn-manager-prnm4,longhorn-manager,116.5,47.8,0.1,0.1,0.1,468745.0,10257.0,0.0,0.0,0.0,0.0,0.0,4748.0,normal
2026-06-01T01:02:16Z,worker-2,kube-system,kube-ovn-cni-5n9nh,cni-server,339.8,21.9,378.5,0.3,0.0,204039.0,1200.0,0.0,0.0,0.0,131.0,181.0,4951.0,normal
2026-06-01T01:02:16Z,worker-2,node,system,multipathd.service,0.0,2.4,0.0,0.0,0.0,0.0,0.0,0.0,0.0,0.0,0.0,0.0,23.0,normal
2026-06-01T01:02:16Z,worker-2,unknown,pod-b48b5e10,nginx-proxy,0.0,0.0,0.0,0.0,0.0,56710.0,56782.0,0.0,0.0,0.0,0.0,0.0,52.0,normal
2026-06-01T01:02:16Z,worker-2,node,system,cgroup,0.0,0.0,0.0,0.0,0.0,0.0,0.0,0.0,2383872.0,1.4630847142857144,0.0,1.0,206850.0,normal
2026-06-01T01:02:16Z,worker-2,node,system,iscsid.service,0.0,0.0,0.0,0.0,0.0,0.0,0.0,0.0,0.0,0.0,0.0,0.0,11.0,normal
2026-06-01T01:02:16Z,worker-2,node,system,udisks2.service,0.0,0.0,0.0,0.0,0.0,0.0,0.0,0.0,0.0,0.0,0.0,0.0,3.0,normal
2026-06-01T01:02:16Z,worker-2,node,system,polkit.service,0.0,0.0,0.0,0.0,0.0,0.0,0.0,0.0,0.0,0.0,0.0,0.0,3.0,normal
2026-06-01T01:02:16Z,worker-2,node,system,rpcbind.service,0.0,0.0,0.0,0.0,0.0,0.0,0.0,0.0,0.0,0.0,0.0,0.0,1.0,normal
2026-06-01T01:02:16Z,worker-2,node,system,fwupd.service,0.0,0.0,0.0,0.0,0.0,0.0,0.0,0.0,0.0,0.0,0.0,0.0,8.0,normal
2026-06-01T01:02:16Z,worker-2,longhorn-system,longhorn-csi-plugin-wc52g,node-driver-registrar,0.0,0.0,0.0,0.0,0.0,0.0,0.0,0.0,0.0,0.0,0.0,0.0,21.0,normal
2026-06-01T01:02:26Z,worker-2,node,system,systemd-journald.service,1.6,0.0,1.1,0.0,0.0,0.0,0.0,0.0,8192.0,0.387568,0.0,1.0,12.0,normal
2026-06-01T01:02:26Z,worker-2,kube-system,tetragon-5m9b8,tetragon,6.7,1804.8,3.1,0.0,0.0,18194.0,22842.0,0.0,0.0,0.0,0.0,0.0,71192.0,normal
2026-06-01T01:02:26Z,worker-2,ebpf-final,ebpf-collector-kqqj9,collector,0.2,0.7,0.3,0.1,0.0,12699.0,17149.0,0.0,0.0,0.0,0.0,0.0,7.0,normal
2026-06-01T01:02:26Z,worker-2,longhorn-system,longhorn-csi-plugin-wc52g,longhorn-csi-plugin,2.4,1.3,0.0,0.0,0.0,0.0,0.0,0.0,0.0,0.0,0.0,0.0,73.0,normal
2026-06-01T01:02:26Z,worker-2,kube-system,nodelocaldns-qnb6m,node-cache,13.2,4.3,0.3,1.0,0.0,4922.0,3489.0,0.0,0.0,0.0,0.0,0.0,712.0,normal
2026-06-01T01:02:26Z,worker-2,longhorn-system,engine-image-ei-843accdd-m8hd2,engine-image-ei-843accdd,13.6,1.1,13.7,0.0,0.0,0.0,0.0,0.0,0.0,0.0,10.0,37.0,1201.0,normal
2026-06-01T01:02:26Z,worker-2,ebpf-final,ebpf-detector-64c4475bb6-2hth7,detector,5.1,2.8,0.0,0.0,0.0,141493.0,104684.0,0.0,0.0,0.0,0.0,0.0,260.0,normal
2026-06-01T01:02:26Z,worker-2,kube-system,ovs-ovn-5dqk6,openvswitch,100.1,61.3,37.9,0.0,0.0,38.0,41.0,0.0,0.0,0.0,52.0,88.0,1833.0,normal
2026-06-01T01:02:26Z,worker-2,longhorn-system,longhorn-csi-plugin-wc52g,node-driver-registrar,0.1,0.1,0.0,0.0,0.0,0.0,0.0,0.0,0.0,0.0,0.0,0.0,10.0,normal
2026-06-01T01:02:26Z,worker-2,node,system,containerd.service,12661.1,9445.7,207.7,0.0,0.0,0.0,0.0,0.0,0.0,0.0,32.0,290.0,53899.0,normal
2026-06-01T01:02:26Z,worker-2,longhorn-system,csi-attacher-896ffc747-nsbx9,csi-attacher,1.6,1.4,0.0,0.0,0.0,1110.0,78.0,0.0,0.0,0.0,0.0,0.0,131.0,normal
2026-06-01T01:02:26Z,worker-2,node,system,init.scope,0.4,0.0,0.2,0.0,0.0,0.0,0.0,0.0,0.0,0.0,0.0,0.0,1.0,normal
2026-06-01T01:02:26Z,worker-2,longhorn-system,longhorn-csi-plugin-wc52g,longhorn-liveness-probe,2.9,1.8,0.0,0.0,0.0,224.0,274.0,0.0,0.0,0.0,0.0,0.0,221.0,normal
2026-06-01T01:02:26Z,worker-2,kube-system,kube-proxy-zlsrr,kube-proxy,2.3,0.5,0.0,0.0,0.0,17660.0,96.0,0.0,0.0,0.0,0.0,0.0,88.0,normal
2026-06-01T01:02:26Z,worker-2,longhorn-system,instance-manager-92da8f029806607ba3e99ef8c4ba622e,instance-manager,194.5,4.7,11.7,0.4,0.0,1298.0,1076.0,0.0,0.0,0.0,7.0,7.0,429.0,normal
2026-06-01T01:02:26Z,worker-2,kube-system,tetragon-operator-79c87675d6-l458l,tetragon-operator,0.3,0.2,0.0,0.0,0.0,110.0,170.0,0.0,0.0,0.0,0.0,0.0,16.0,normal
2026-06-01T01:02:26Z,worker-2,longhorn-system,csi-provisioner-688964c44b-42sdq,csi-provisioner,5.9,5.8,0.0,0.0,0.0,544.0,39.0,0.0,0.0,0.0,0.0,0.0,419.0,normal
2026-06-01T01:02:26Z,worker-2,monitoring,my-monitoring-prometheus-node-exporter-jcwww,node-exporter,0.3,0.2,0.0,0.0,0.0,208.0,3254.0,0.0,0.0,0.0,0.0,0.0,15.0,normal
2026-06-01T01:02:26Z,worker-2,longhorn-system,engine-image-ei-3154f3aa-brh95,engine-image-ei-3154f3aa,13.5,1.1,13.8,0.0,0.0,0.0,0.0,0.0,0.0,0.0,10.0,44.0,1477.0,normal
2026-06-01T01:02:26Z,worker-2,longhorn-system,csi-resizer-7d9bff5787-lf2nb,csi-resizer,2.4,2.1,0.1,0.0,0.0,547.0,39.0,0.0,0.0,0.0,0.0,0.0,210.0,normal
2026-06-01T01:02:26Z,worker-2,gpu-operator,gpu-operator-1764036362-node-feature-discovery-worker-bjsfj,worker,0.3,0.2,0.0,0.0,0.0,222.0,188.0,0.0,0.0,0.0,0.0,0.0,32.0,normal
2026-06-01T01:02:26Z,worker-2,kube-system,kube-ovn-pinger-djcdq,pinger,44.3,22.3,13.3,0.2,0.0,116579.0,1580.0,0.0,12288.0,0.6921345,17.0,26.0,3925.0,normal
2026-06-01T01:02:26Z,worker-2,longhorn-system,csi-snapshotter-65884686fc-ht9td,csi-snapshotter,1.6,1.2,0.0,0.0,0.0,1131.0,78.0,0.0,0.0,0.0,0.0,0.0,190.0,normal
2026-06-01T01:02:26Z,worker-2,node,system,systemd-logind.service,0.1,0.0,0.0,0.0,0.0,0.0,0.0,0.0,0.0,0.0,0.0,0.0,1.0,normal
2026-06-01T01:02:26Z,worker-2,node,system,kubelet.service,685.1,939.5,140.6,1.5,0.0,47631.0,134803.0,0.0,0.0,0.0,0.0,0.0,6207.0,normal
2026-06-01T01:02:26Z,worker-2,kube-system,tetragon-5m9b8,export-stdout,8555.3,8552.6,0.9,0.0,0.0,0.0,0.0,0.0,0.0,0.0,0.0,0.0,59.0,normal
2026-06-01T01:02:26Z,worker-2,longhorn-system,longhorn-manager-prnm4,longhorn-manager,140.5,48.4,9.4,0.3,0.1,469695.0,15414.0,0.0,0.0,0.0,3.0,19.0,5483.0,normal
2026-06-01T01:02:26Z,worker-2,kube-system,kube-ovn-cni-5n9nh,cni-server,343.7,22.6,381.5,0.3,0.0,204049.0,1200.0,0.0,0.0,0.0,134.0,177.0,4888.0,normal
2026-06-01T01:02:26Z,worker-2,node,system,multipathd.service,0.0,2.1,0.0,0.0,0.0,0.0,0.0,0.0,0.0,0.0,0.0,0.0,20.0,normal
2026-06-01T01:02:26Z,worker-2,node,system,rsyslog.service,0.0,0.4,0.0,0.0,0.0,0.0,0.0,0.0,0.0,0.0,0.0,0.0,8.0,normal
2026-06-01T01:02:26Z,worker-2,unknown,pod-b48b5e10,nginx-proxy,0.0,0.0,0.0,0.0,0.0,59530.0,59602.0,0.0,0.0,0.0,0.0,0.0,46.0,normal
2026-06-01T01:02:26Z,worker-2,node,system,cgroup,0.0,0.0,0.0,0.0,0.0,0.0,0.0,0.0,2260992.0,1.0223384583333335,0.0,2.0,199391.0,normal
2026-06-01T01:02:26Z,worker-2,node,system,iscsid.service,0.0,0.0,0.0,0.0,0.0,0.0,0.0,0.0,0.0,0.0,0.0,0.0,10.0,normal
2026-06-01T01:02:26Z,worker-2,longhorn-system,longhorn-driver-deployer-57b9669d9b-9nxfp,longhorn-driver-deployer,0.0,0.0,0.0,0.0,0.0,0.0,0.0,0.0,0.0,0.0,0.0,0.0,17.0,normal
2026-06-01T01:02:26Z,worker-2,node,system,udisks2.service,0.0,0.0,0.0,0.0,0.0,0.0,0.0,0.0,0.0,0.0,0.0,0.0,2.0,normal
2026-06-01T01:02:26Z,worker-2,node,system,polkit.service,0.0,0.0,0.0,0.0,0.0,0.0,0.0,0.0,0.0,0.0,0.0,0.0,2.0,normal
2026-06-01T01:02:26Z,worker-2,node,system,fwupd.service,0.0,0.0,0.0,0.0,0.0,0.0,0.0,0.0,0.0,0.0,0.0,0.0,7.0,normal
2026-06-01T01:02:36Z,worker-2,kube-system,tetragon-5m9b8,tetragon,9.5,1798.8,2.8,0.0,0.0,18382.0,374.0,0.0,0.0,0.0,0.0,0.0,73006.0,normal
2026-06-01T01:02:36Z,worker-2,ebpf-final,ebpf-collector-kqqj9,collector,0.2,0.8,0.3,0.1,0.0,14134.0,19096.0,0.0,0.0,0.0,0.0,0.0,7.0,normal
2026-06-01T01:02:36Z,worker-2,longhorn-system,longhorn-csi-plugin-wc52g,longhorn-csi-plugin,2.7,1.3,0.0,0.0,0.0,0.0,0.0,0.0,0.0,0.0,0.0,0.0,115.0,normal
2026-06-01T01:02:36Z,worker-2,kube-system,nodelocaldns-qnb6m,node-cache,28.2,5.4,35.2,1.0,0.0,4922.0,3562.0,0.0,0.0,0.0,12.0,12.0,996.0,normal
2026-06-01T01:02:36Z,worker-2,longhorn-system,engine-image-ei-843accdd-m8hd2,engine-image-ei-843accdd,12.6,1.0,13.0,0.0,0.0,0.0,0.0,0.0,0.0,0.0,10.0,31.0,1009.0,normal
2026-06-01T01:02:36Z,worker-2,ebpf-final,ebpf-detector-64c4475bb6-2hth7,detector,6.2,2.9,0.0,0.0,0.0,149827.0,111044.0,0.0,0.0,0.0,0.0,0.0,323.0,normal
2026-06-01T01:02:36Z,worker-2,kube-system,ovs-ovn-5dqk6,openvswitch,97.4,58.1,37.9,0.0,0.0,38.0,41.0,0.0,0.0,0.0,52.0,88.0,1672.0,normal
2026-06-01T01:02:36Z,worker-2,longhorn-system,longhorn-csi-plugin-wc52g,node-driver-registrar,0.2,0.2,0.0,0.0,0.0,0.0,0.0,0.0,0.0,0.0,0.0,0.0,10.0,normal
2026-06-01T01:02:36Z,worker-2,node,system,containerd.service,15385.9,10696.0,385.2,0.0,0.0,0.0,0.0,0.0,0.0,0.0,32.0,289.0,62535.0,normal
2026-06-01T01:02:36Z,worker-2,longhorn-system,csi-attacher-896ffc747-nsbx9,csi-attacher,1.3,1.2,0.0,0.0,0.0,554.0,39.0,0.0,0.0,0.0,0.0,0.0,170.0,normal
2026-06-01T01:02:36Z,worker-2,longhorn-system,longhorn-csi-plugin-wc52g,longhorn-liveness-probe,3.0,2.1,0.0,0.0,0.0,224.0,274.0,0.0,0.0,0.0,0.0,0.0,208.0,normal
2026-06-01T01:02:36Z,worker-2,kube-system,kube-proxy-zlsrr,kube-proxy,2.6,0.4,0.0,0.0,0.0,17677.0,96.0,0.0,0.0,0.0,0.0,0.0,102.0,normal
2026-06-01T01:02:36Z,worker-2,longhorn-system,instance-manager-92da8f029806607ba3e99ef8c4ba622e,instance-manager,182.3,2.5,10.4,0.4,0.0,467.0,455.0,0.0,0.0,0.0,6.0,6.0,354.0,normal
2026-06-01T01:02:36Z,worker-2,kube-system,tetragon-operator-79c87675d6-l458l,tetragon-operator,0.6,0.3,0.0,0.0,0.0,221.0,340.0,0.0,0.0,0.0,0.0,0.0,80.0,normal
2026-06-01T01:02:36Z,worker-2,longhorn-system,csi-provisioner-688964c44b-42sdq,csi-provisioner,4.6,4.2,0.1,0.0,0.0,1088.0,78.0,0.0,0.0,0.0,0.0,0.0,355.0,normal
2026-06-01T01:02:36Z,worker-2,monitoring,my-monitoring-prometheus-node-exporter-jcwww,node-exporter,0.4,0.2,0.0,0.0,0.0,208.0,3254.0,0.0,0.0,0.0,0.0,0.0,23.0,normal
2026-06-01T01:02:36Z,worker-2,longhorn-system,engine-image-ei-3154f3aa-brh95,engine-image-ei-3154f3aa,12.8,1.0,13.2,0.0,0.0,0.0,0.0,0.0,0.0,0.0,10.0,42.0,1344.0,normal
2026-06-01T01:02:36Z,worker-2,longhorn-system,csi-resizer-7d9bff5787-lf2nb,csi-resizer,2.3,2.2,0.0,0.0,0.0,547.0,39.0,0.0,0.0,0.0,0.0,0.0,145.0,normal
2026-06-01T01:02:36Z,worker-2,gpu-operator,gpu-operator-1764036362-node-feature-discovery-worker-bjsfj,worker,0.8,0.4,0.0,0.0,0.0,261.0,227.0,0.0,0.0,0.0,0.0,0.0,82.0,normal
2026-06-01T01:02:36Z,worker-2,kube-system,kube-ovn-pinger-djcdq,pinger,41.4,20.4,13.2,0.2,0.0,116419.0,1580.0,0.0,12288.0,0.6776625,17.0,26.0,4132.0,normal
2026-06-01T01:02:36Z,worker-2,longhorn-system,csi-snapshotter-65884686fc-ht9td,csi-snapshotter,1.4,1.3,0.0,0.0,0.0,566.0,39.0,0.0,0.0,0.0,0.0,0.0,121.0,normal
2026-06-01T01:02:36Z,worker-2,node,system,kubelet.service,777.9,906.4,207.3,1.6,0.0,46098.0,164496.0,0.0,0.0,0.0,0.0,0.0,7145.0,normal
2026-06-01T01:02:36Z,worker-2,kube-system,tetragon-5m9b8,export-stdout,9472.8,9469.9,0.9,0.0,0.0,0.0,0.0,0.0,0.0,0.0,0.0,0.0,53.0,normal
2026-06-01T01:02:36Z,worker-2,longhorn-system,longhorn-manager-prnm4,longhorn-manager,117.2,45.8,0.3,0.1,0.0,467849.0,10598.0,0.0,0.0,0.0,0.0,0.0,4745.0,normal
2026-06-01T01:02:36Z,worker-2,kube-system,kube-ovn-cni-5n9nh,cni-server,392.4,26.0,455.6,0.3,0.0,204178.0,1328.0,0.0,0.0,0.0,170.0,215.0,5378.0,normal
2026-06-01T01:02:36Z,worker-2,node,system,multipathd.service,0.0,2.2,0.0,0.0,0.0,0.0,0.0,0.0,0.0,0.0,0.0,0.0,20.0,normal
2026-06-01T01:02:36Z,worker-2,unknown,pod-b48b5e10,nginx-proxy,0.0,0.0,0.0,0.0,0.0,55508.0,55556.0,0.0,0.0,0.0,0.0,0.0,41.0,normal
2026-06-01T01:02:36Z,worker-2,node,system,cgroup,0.0,0.0,0.0,0.0,0.0,0.0,0.0,0.0,174030848.0,1.4190750791808875,0.0,1.0,210473.0,normal
2026-06-01T01:02:36Z,worker-2,node,system,iscsid.service,0.0,0.0,0.0,0.0,0.0,0.0,0.0,0.0,0.0,0.0,0.0,0.0,10.0,normal
2026-06-01T01:02:36Z,worker-2,node,system,udisks2.service,0.0,0.0,0.0,0.0,0.0,0.0,0.0,0.0,0.0,0.0,0.0,0.0,3.0,normal
2026-06-01T01:02:36Z,worker-2,node,system,polkit.service,0.0,0.0,0.0,0.0,0.0,0.0,0.0,0.0,0.0,0.0,0.0,0.0,3.0,normal
2026-06-01T01:02:36Z,worker-2,node,system,fwupd.service,0.0,0.0,0.0,0.0,0.0,0.0,0.0,0.0,0.0,0.0,0.0,0.0,8.0,normal
2026-06-01T00:58:24Z,worker-3,monitoring,my-monitoring-kube-state-metrics-cb8fc4474-7b8jn,kube-state-metrics,46.4,3.9,0.4,0.0,0.0,230093.0,1914.0,0.0,0.0,0.0,0.0,0.0,1035.0,normal
2026-06-01T00:58:24Z,worker-3,longhorn-system,csi-resizer-7d9bff5787-5x45s,csi-resizer,1.6,1.4,0.0,0.0,0.0,546.0,39.0,0.0,0.0,0.0,0.0,0.0,124.0,normal
2026-06-01T00:58:24Z,worker-3,longhorn-system,csi-attacher-896ffc747-ph5gc,csi-attacher,1.4,1.2,0.0,0.0,0.0,556.0,39.0,0.0,0.0,0.0,0.0,0.0,194.0,normal
2026-06-01T00:58:24Z,worker-3,longhorn-system,csi-provisioner-688964c44b-c6hh5,csi-provisioner,5.6,5.5,0.0,0.0,0.0,1088.0,113.0,0.0,0.0,0.0,0.0,0.0,440.0,normal
2026-06-01T00:58:24Z,worker-3,kube-system,dns-autoscaler-5594cbb9c4-2d42r,autoscaler,33.7,2.9,0.1,0.0,0.0,204703.0,1372.0,0.0,0.0,0.0,0.0,0.0,665.0,normal
2026-06-01T00:58:24Z,worker-3,monitoring,my-monitoring-kube-prometh-operator-5598576fd7-b679t,kube-prometheus-stack,6.3,5.0,0.0,0.0,0.0,3678.0,4055.0,0.0,0.0,0.0,0.0,0.0,679.0,normal
2026-06-01T00:58:24Z,worker-3,gpu-operator,gpu-operator-1764036362-node-feature-discovery-worker-5pb7x,worker,234.6,11.0,111.8,0.0,0.0,275994.0,477133.0,0.0,0.0,0.0,0.0,0.0,2155.0,normal
2026-06-01T00:58:24Z,worker-3,kube-system,kube-ovn-pinger-ftt47,pinger,15.6,12.8,0.0,0.0,0.0,32276.0,375.0,0.0,12288.0,0.3527,0.0,0.0,3136.0,normal
2026-06-01T00:58:24Z,worker-3,longhorn-system,engine-image-ei-3154f3aa-qnht4,engine-image-ei-3154f3aa,12.8,1.0,15.6,0.0,0.0,0.0,0.0,0.0,0.0,0.0,10.0,45.0,1064.0,normal
2026-06-01T00:58:24Z,worker-3,longhorn-system,csi-snapshotter-65884686fc-2txm9,csi-snapshotter,2.3,2.1,0.0,0.0,0.0,565.0,39.0,0.0,0.0,0.0,0.0,0.0,131.0,normal
2026-06-01T00:58:24Z,worker-3,longhorn-system,instance-manager-f29dc489575bdbeaa022ffe3d5167334,instance-manager,186.6,4.1,12.4,0.5,0.0,953.0,960.0,0.0,0.0,0.0,6.0,6.0,393.0,normal
2026-06-01T00:58:24Z,worker-3,longhorn-system,longhorn-manager-tvpsm,longhorn-manager,118.9,40.5,0.1,0.1,0.0,475257.0,10596.0,0.0,0.0,0.0,0.0,0.0,4614.0,normal
2026-06-01T00:58:24Z,worker-3,kube-system,tetragon-k4mpw,export-stdout,12.2,10.6,0.0,0.0,0.0,0.0,0.0,0.0,0.0,0.0,0.0,0.0,10.0,normal
2026-06-01T00:58:24Z,worker-3,kube-system,metrics-server-7c987796d6-7dfbh,metrics-server,45.3,14.4,0.1,0.0,0.0,245148.0,13870.0,0.0,0.0,0.0,0.0,0.0,2095.0,normal
2026-06-01T00:58:24Z,worker-3,kube-system,coredns-64b5cc5cbc-4qds2,coredns,32.1,12.4,0.0,1.0,0.0,6825.0,12873.0,0.0,0.0,0.0,0.0,0.0,1128.0,normal
2026-06-01T00:58:24Z,worker-3,gpu-operator,gpu-operator-1764036362-node-feature-discovery-gc-5577c78cghmp2,gc,21.5,2.6,0.0,0.0,0.0,130630.0,1340.0,0.0,0.0,0.0,0.0,0.0,428.0,normal
2026-06-01T00:58:24Z,worker-3,monitoring,my-monitoring-prometheus-node-exporter-bc6t2,node-exporter,0.4,0.2,0.0,0.0,0.0,208.0,3254.0,0.0,0.0,0.0,0.0,0.0,20.0,normal
2026-06-01T00:58:24Z,worker-3,longhorn-system,longhorn-csi-plugin-982sm,longhorn-liveness-probe,2.9,1.9,0.0,0.0,0.0,224.0,274.0,0.0,0.0,0.0,0.0,0.0,152.0,normal
2026-06-01T00:58:24Z,worker-3,kube-system,kube-ovn-controller-667d7fd768-w8whr,kube-ovn-controller,8.9,2.2,4.6,0.4,0.0,546.0,39.0,0.0,0.0,0.0,5.0,98.0,2755.0,normal
2026-06-01T00:58:24Z,worker-3,kube-system,kube-proxy-7jlgx,kube-proxy,2.9,0.4,0.0,0.0,0.0,18661.0,96.0,0.0,0.0,0.0,0.0,0.0,150.0,normal
2026-06-01T00:58:24Z,worker-3,node,system,kubelet.service,605.1,53.5,221.2,2.3,0.0,63438.0,301364.0,0.0,0.0,0.0,0.0,0.0,8442.0,normal
2026-06-01T00:58:24Z,worker-3,kube-system,kube-ovn-cni-kc97p,cni-server,333.0,22.4,458.2,0.2,0.0,204167.0,1326.0,0.0,0.0,0.0,131.0,165.0,3962.0,normal
2026-06-01T00:58:24Z,worker-3,node,system,init.scope,0.4,4.0,3.5,0.0,0.0,0.0,0.0,0.0,0.0,0.0,0.0,0.0,7.0,normal
2026-06-01T00:58:24Z,worker-3,longhorn-system,longhorn-csi-plugin-982sm,node-driver-registrar,0.1,0.1,0.0,0.0,0.0,0.0,0.0,0.0,0.0,0.0,0.0,0.0,9.0,normal
2026-06-01T00:58:24Z,worker-3,longhorn-system,longhorn-csi-plugin-982sm,longhorn-csi-plugin,2.7,1.1,0.0,0.0,0.0,0.0,0.0,0.0,0.0,0.0,0.0,0.0,73.0,normal
2026-06-01T00:58:24Z,worker-3,kube-system,tetragon-k4mpw,tetragon,5.9,4.3,0.0,0.0,0.0,18830.0,239.0,0.0,0.0,0.0,0.0,0.0,14406.0,normal
2026-06-01T00:58:24Z,worker-3,node,system,containerd.service,782.6,198.5,470.3,0.0,0.0,0.0,0.0,0.0,0.0,0.0,40.0,355.0,23218.0,normal
2026-06-01T00:58:24Z,worker-3,longhorn-system,engine-image-ei-843accdd-jdjd8,engine-image-ei-843accdd,12.6,1.0,15.4,0.0,0.0,0.0,0.0,0.0,0.0,0.0,10.0,34.0,870.0,normal
2026-06-01T00:58:24Z,worker-3,kube-system,nodelocaldns-pknk6,node-cache,12.6,4.5,0.3,1.0,0.0,4922.0,3562.0,0.0,0.0,0.0,0.0,0.0,749.0,normal
2026-06-01T00:58:24Z,worker-3,ebpf-final,ebpf-collector-dn4xc,collector,0.2,0.8,0.3,0.1,0.0,14627.0,19784.0,0.0,0.0,0.0,0.0,0.0,15.0,normal
2026-06-01T00:58:24Z,worker-3,kube-system,ovs-ovn-rnnnf,openvswitch,109.3,69.8,37.5,0.0,0.0,2296.0,41.0,0.0,0.0,0.0,52.0,88.0,2597.0,normal
2026-06-01T00:58:24Z,worker-3,node,system,multipathd.service,0.0,2.4,0.0,0.0,0.0,0.0,0.0,0.0,0.0,0.0,0.0,0.0,33.0,normal
2026-06-01T00:58:24Z,worker-3,unknown,pod-64b429dc,nginx-proxy,0.0,0.0,0.0,0.0,0.0,62464.0,62512.0,0.0,0.0,0.0,0.0,0.0,61.0,normal
2026-06-01T00:58:24Z,worker-3,node,system,cgroup,0.0,0.0,0.0,0.0,0.0,0.0,0.0,2261032.0,1537945600.0,0.43644841206694457,0.0,4.0,564041.0,normal
2026-06-01T00:58:24Z,worker-3,node,system,dbus.service,0.0,0.0,0.0,0.0,0.0,0.0,0.0,0.0,0.0,0.0,0.0,0.0,9.0,normal
2026-06-01T00:58:24Z,worker-3,node,system,fwupd.service,0.0,0.0,0.0,0.0,0.0,0.0,0.0,0.0,0.0,0.0,0.0,0.0,8.0,normal
2026-06-01T00:58:24Z,worker-3,node,system,udisks2.service,0.0,0.0,0.0,0.0,0.0,0.0,0.0,0.0,0.0,0.0,0.0,0.0,3.0,normal
2026-06-01T00:58:24Z,worker-3,node,system,polkit.service,0.0,0.0,0.0,0.0,0.0,0.0,0.0,0.0,0.0,0.0,0.0,0.0,3.0,normal
2026-06-01T00:58:35Z,worker-3,monitoring,my-monitoring-kube-state-metrics-cb8fc4474-7b8jn,kube-state-metrics,46.9,3.7,0.4,0.0,0.0,230765.0,1793.0,0.0,0.0,0.0,0.0,0.0,1002.0,normal
2026-06-01T00:58:35Z,worker-3,longhorn-system,csi-resizer-7d9bff5787-5x45s,csi-resizer,2.2,1.9,0.0,0.0,0.0,1095.0,113.0,0.0,0.0,0.0,0.0,0.0,235.0,normal
2026-06-01T00:58:35Z,worker-3,longhorn-system,csi-attacher-896ffc747-ph5gc,csi-attacher,2.4,1.8,0.1,0.0,0.0,1110.0,78.0,0.0,0.0,0.0,0.0,0.0,193.0,normal
2026-06-01T00:58:35Z,worker-3,longhorn-system,csi-provisioner-688964c44b-c6hh5,csi-provisioner,5.8,5.5,0.0,0.0,0.0,544.0,39.0,0.0,0.0,0.0,0.0,0.0,380.0,normal
2026-06-01T00:58:35Z,worker-3,kube-system,dns-autoscaler-5594cbb9c4-2d42r,autoscaler,33.7,3.0,0.0,0.0,0.0,204703.0,1372.0,0.0,0.0,0.0,0.0,0.0,667.0,normal
2026-06-01T00:58:35Z,worker-3,node,system,systemd-journald.service,0.1,0.0,0.0,0.0,0.0,0.0,0.0,0.0,0.0,0.0,0.0,0.0,1.0,normal
2026-06-01T00:58:35Z,worker-3,monitoring,my-monitoring-kube-prometh-operator-5598576fd7-b679t,kube-prometheus-stack,10.0,5.9,0.4,0.0,0.0,4962.0,14158.0,0.0,0.0,0.0,0.0,0.0,980.0,normal
2026-06-01T00:58:35Z,worker-3,gpu-operator,gpu-operator-1764036362-node-feature-discovery-worker-5pb7x,worker,0.4,0.2,0.0,0.0,0.0,222.0,188.0,0.0,0.0,0.0,0.0,0.0,30.0,normal
2026-06-01T00:58:35Z,worker-3,kube-system,kube-ovn-pinger-ftt47,pinger,40.2,19.7,13.2,0.2,0.0,116562.0,1436.0,0.0,12288.0,0.2793825,17.0,26.0,3186.0,normal
2026-06-01T00:58:35Z,worker-3,longhorn-system,engine-image-ei-3154f3aa-qnht4,engine-image-ei-3154f3aa,16.3,1.2,19.8,0.0,0.0,0.0,0.0,0.0,0.0,0.0,13.0,54.0,1330.0,normal
2026-06-01T00:58:35Z,worker-3,longhorn-system,csi-snapshotter-65884686fc-2txm9,csi-snapshotter,2.4,2.2,0.0,0.0,0.0,566.0,39.0,0.0,0.0,0.0,0.0,0.0,134.0,normal
2026-06-01T00:58:35Z,worker-3,longhorn-system,instance-manager-f29dc489575bdbeaa022ffe3d5167334,instance-manager,197.2,4.6,13.5,0.4,0.0,1298.0,1076.0,0.0,0.0,0.0,7.0,7.0,408.0,normal
2026-06-01T00:58:35Z,worker-3,longhorn-system,longhorn-manager-tvpsm,longhorn-manager,149.8,46.1,8.4,0.3,0.0,484771.0,19726.0,0.0,0.0,0.0,2.0,8.0,5432.0,normal
2026-06-01T00:58:35Z,worker-3,kube-system,tetragon-k4mpw,export-stdout,26.9,25.2,0.0,0.0,0.0,0.0,0.0,0.0,0.0,0.0,0.0,0.0,11.0,normal
2026-06-01T00:58:35Z,worker-3,kube-system,metrics-server-7c987796d6-7dfbh,metrics-server,52.5,15.0,0.0,0.0,0.0,246002.0,15121.0,0.0,0.0,0.0,0.0,0.0,2118.0,normal
2026-06-01T00:58:35Z,worker-3,kube-system,coredns-64b5cc5cbc-4qds2,coredns,34.7,12.6,0.5,1.0,0.0,8693.0,18451.0,0.0,0.0,0.0,0.0,0.0,1248.0,normal
2026-06-01T00:58:35Z,worker-3,gpu-operator,gpu-operator-1764036362-node-feature-discovery-gc-5577c78cghmp2,gc,21.0,2.8,0.0,0.0,0.0,130504.0,1340.0,0.0,0.0,0.0,0.0,0.0,476.0,normal
2026-06-01T00:58:35Z,worker-3,monitoring,my-monitoring-prometheus-node-exporter-bc6t2,node-exporter,189.9,0.8,167.8,0.0,0.0,573.0,27675.0,0.0,0.0,0.0,0.0,0.0,233.0,normal
2026-06-01T00:58:35Z,worker-3,longhorn-system,longhorn-csi-plugin-982sm,longhorn-liveness-probe,3.5,2.3,0.0,0.0,0.0,224.0,274.0,0.0,0.0,0.0,0.0,0.0,160.0,normal
2026-06-01T00:58:35Z,worker-3,kube-system,kube-ovn-controller-667d7fd768-w8whr,kube-ovn-controller,8.9,2.3,4.4,0.5,0.0,683.0,39.0,0.0,0.0,0.0,5.0,85.0,2580.0,normal
2026-06-01T00:58:35Z,worker-3,kube-system,kube-proxy-7jlgx,kube-proxy,2.4,0.4,0.0,0.0,0.0,18539.0,96.0,0.0,0.0,0.0,0.0,0.0,87.0,normal
2026-06-01T00:58:35Z,worker-3,node,system,kubelet.service,498.6,50.1,159.2,2.3,0.0,60547.0,270663.0,0.0,0.0,0.0,2.0,2.0,7661.0,normal
2026-06-01T00:58:35Z,worker-3,kube-system,kube-ovn-cni-kc97p,cni-server,392.3,27.4,570.6,0.4,0.0,204047.0,1200.0,0.0,0.0,0.0,174.0,248.0,5745.0,normal
2026-06-01T00:58:35Z,worker-3,node,system,init.scope,0.6,0.0,0.2,0.0,0.0,0.0,0.0,0.0,0.0,0.0,0.0,0.0,2.0,normal
2026-06-01T00:58:35Z,worker-3,longhorn-system,longhorn-csi-plugin-982sm,node-driver-registrar,0.1,0.1,0.0,0.0,0.0,0.0,0.0,0.0,0.0,0.0,0.0,0.0,13.0,normal
2026-06-01T00:58:35Z,worker-3,longhorn-system,longhorn-csi-plugin-982sm,longhorn-csi-plugin,3.2,1.4,0.0,0.0,0.0,0.0,0.0,0.0,0.0,0.0,0.0,0.0,130.0,normal
2026-06-01T00:58:35Z,worker-3,kube-system,tetragon-k4mpw,tetragon,7.2,7.0,0.1,0.0,0.0,19237.0,374.0,0.0,0.0,0.0,0.0,0.0,17073.0,normal
2026-06-01T00:58:35Z,worker-3,node,system,containerd.service,636.8,220.7,452.6,0.0,0.0,0.0,0.0,0.0,0.0,0.0,46.0,409.0,22352.0,normal
2026-06-01T00:58:35Z,worker-3,longhorn-system,engine-image-ei-843accdd-jdjd8,engine-image-ei-843accdd,12.6,1.0,15.4,0.0,0.0,0.0,0.0,0.0,0.0,0.0,10.0,36.0,861.0,normal
2026-06-01T00:58:35Z,worker-3,kube-system,nodelocaldns-pknk6,node-cache,12.2,4.6,0.3,1.0,0.0,4922.0,3562.0,0.0,0.0,0.0,0.0,0.0,698.0,normal
2026-06-01T00:58:35Z,worker-3,ebpf-final,ebpf-collector-dn4xc,collector,210.0,0.9,192.2,0.1,0.0,292627.0,21247.0,0.0,0.0,0.0,0.0,0.0,233.0,normal
2026-06-01T00:58:35Z,worker-3,kube-system,ovs-ovn-rnnnf,openvswitch,112.6,70.8,38.2,0.0,0.0,38.0,41.0,0.0,0.0,0.0,52.0,88.0,2863.0,normal
2026-06-01T00:58:35Z,worker-3,node,system,multipathd.service,0.0,2.1,0.0,0.0,0.0,0.0,0.0,0.0,0.0,0.0,0.0,0.0,21.0,normal
2026-06-01T00:58:35Z,worker-3,node,system,cgroup,0.0,0.0,0.0,0.0,0.2,0.0,0.0,2363440.0,1578672128.0,0.45437471086218056,0.0,0.0,586224.0,normal
2026-06-01T00:58:35Z,worker-3,unknown,pod-64b429dc,nginx-proxy,0.0,0.0,0.0,0.0,0.0,58626.0,58674.0,0.0,0.0,0.0,0.0,0.0,60.0,normal
2026-06-01T00:58:35Z,worker-3,node,system,fwupd.service,0.0,0.0,0.0,0.0,0.0,0.0,0.0,0.0,0.0,0.0,0.0,0.0,7.0,normal
2026-06-01T00:58:35Z,worker-3,node,system,udisks2.service,0.0,0.0,0.0,0.0,0.0,0.0,0.0,0.0,0.0,0.0,0.0,0.0,2.0,normal
2026-06-01T00:58:35Z,worker-3,node,system,polkit.service,0.0,0.0,0.0,0.0,0.0,0.0,0.0,0.0,0.0,0.0,0.0,0.0,2.0,normal
2026-06-01T00:58:45Z,worker-3,monitoring,my-monitoring-kube-state-metrics-cb8fc4474-7b8jn,kube-state-metrics,48.7,63.6,0.4,0.0,0.0,236326.0,2412571.0,0.0,0.0,0.0,0.0,0.0,1155.0,normal
2026-06-01T00:58:45Z,worker-3,longhorn-system,csi-resizer-7d9bff5787-5x45s,csi-resizer,1.7,1.3,0.0,0.0,0.0,1094.0,78.0,0.0,0.0,0.0,0.0,0.0,190.0,normal
2026-06-01T00:58:45Z,worker-3,longhorn-system,csi-attacher-896ffc747-ph5gc,csi-attacher,1.7,1.4,0.0,0.0,0.0,555.0,39.0,0.0,0.0,0.0,0.0,0.0,175.0,normal
2026-06-01T00:58:45Z,worker-3,longhorn-system,csi-provisioner-688964c44b-c6hh5,csi-provisioner,6.4,6.2,0.0,0.0,0.0,544.0,39.0,0.0,0.0,0.0,0.0,0.0,367.0,normal
2026-06-01T00:58:45Z,worker-3,kube-system,dns-autoscaler-5594cbb9c4-2d42r,autoscaler,33.5,2.9,0.0,0.0,0.0,204703.0,1372.0,0.0,0.0,0.0,0.0,0.0,678.0,normal
2026-06-01T00:58:45Z,worker-3,monitoring,my-monitoring-kube-prometh-operator-5598576fd7-b679t,kube-prometheus-stack,7.5,5.7,0.0,0.0,0.0,4089.0,4228.0,0.0,0.0,0.0,0.0,0.0,763.0,normal
2026-06-01T00:58:45Z,worker-3,gpu-operator,gpu-operator-1764036362-node-feature-discovery-worker-5pb7x,worker,0.5,0.2,0.0,0.0,0.0,222.0,188.0,0.0,0.0,0.0,0.0,0.0,28.0,normal
2026-06-01T00:58:45Z,worker-3,kube-system,kube-ovn-pinger-ftt47,pinger,50.5,20.0,13.2,0.2,0.0,116688.0,1580.0,0.0,12288.0,0.506418,17.0,26.0,3930.0,normal
2026-06-01T00:58:45Z,worker-3,longhorn-system,engine-image-ei-3154f3aa-qnht4,engine-image-ei-3154f3aa,12.8,1.1,15.6,0.0,0.0,0.0,0.0,0.0,0.0,0.0,10.0,45.0,1106.0,normal
2026-06-01T00:58:45Z,worker-3,longhorn-system,csi-snapshotter-65884686fc-2txm9,csi-snapshotter,2.5,2.2,0.0,0.0,0.0,566.0,39.0,0.0,0.0,0.0,0.0,0.0,189.0,normal
2026-06-01T00:58:45Z,worker-3,longhorn-system,instance-manager-f29dc489575bdbeaa022ffe3d5167334,instance-manager,183.8,2.5,12.4,0.4,0.0,467.0,455.0,0.0,0.0,0.0,6.0,6.0,377.0,normal
2026-06-01T00:58:45Z,worker-3,longhorn-system,longhorn-manager-tvpsm,longhorn-manager,116.9,40.3,0.1,0.1,0.0,477092.0,10416.0,0.0,0.0,0.0,0.0,0.0,4603.0,normal
2026-06-01T00:58:45Z,worker-3,kube-system,tetragon-k4mpw,export-stdout,8.6,7.4,0.0,0.0,0.0,0.0,0.0,0.0,0.0,0.0,0.0,0.0,10.0,normal
2026-06-01T00:58:45Z,worker-3,kube-system,metrics-server-7c987796d6-7dfbh,metrics-server,44.7,12.1,0.1,0.0,0.0,212322.0,53101.0,0.0,0.0,0.0,0.0,0.0,1750.0,normal
2026-06-01T00:58:45Z,worker-3,kube-system,coredns-64b5cc5cbc-4qds2,coredns,30.9,11.8,0.0,1.1,0.0,6905.0,12642.0,0.0,0.0,0.0,0.0,0.0,1166.0,normal
2026-06-01T00:58:45Z,worker-3,gpu-operator,gpu-operator-1764036362-node-feature-discovery-gc-5577c78cghmp2,gc,20.7,2.6,0.0,0.0,0.0,130504.0,1340.0,0.0,0.0,0.0,0.0,0.0,432.0,normal
2026-06-01T00:58:45Z,worker-3,monitoring,my-monitoring-prometheus-node-exporter-bc6t2,node-exporter,0.5,0.3,0.0,0.0,0.0,312.0,4881.0,0.0,0.0,0.0,0.0,0.0,23.0,normal
2026-06-01T00:58:45Z,worker-3,longhorn-system,longhorn-csi-plugin-982sm,longhorn-liveness-probe,3.0,1.9,0.0,0.0,0.0,224.0,274.0,0.0,0.0,0.0,0.0,0.0,204.0,normal
2026-06-01T00:58:45Z,worker-3,kube-system,kube-ovn-controller-667d7fd768-w8whr,kube-ovn-controller,7.8,2.1,3.8,0.5,0.0,543.0,39.0,0.0,0.0,0.0,4.0,87.0,2635.0,normal
2026-06-01T00:58:45Z,worker-3,kube-system,kube-proxy-7jlgx,kube-proxy,2.7,0.4,0.0,0.0,0.0,18539.0,96.0,0.0,0.0,0.0,0.0,0.0,95.0,normal
2026-06-01T00:58:45Z,worker-3,node,system,kubelet.service,448.6,49.0,144.6,2.5,0.0,62328.0,270875.0,0.0,0.0,0.0,0.0,0.0,7069.0,normal
2026-06-01T00:58:45Z,worker-3,kube-system,kube-ovn-cni-kc97p,cni-server,331.0,22.0,456.8,0.2,0.0,204346.0,1200.0,0.0,0.0,0.0,130.0,167.0,4032.0,normal
2026-06-01T00:58:45Z,worker-3,node,system,init.scope,0.8,0.0,0.2,0.0,0.0,0.0,0.0,0.0,0.0,0.0,0.0,0.0,2.0,normal
2026-06-01T00:58:45Z,worker-3,longhorn-system,longhorn-csi-plugin-982sm,node-driver-registrar,0.1,0.1,0.0,0.0,0.0,0.0,0.0,0.0,0.0,0.0,0.0,0.0,9.0,normal
2026-06-01T00:58:45Z,worker-3,longhorn-system,longhorn-csi-plugin-982sm,longhorn-csi-plugin,2.8,1.2,0.0,0.0,0.0,0.0,0.0,0.0,0.0,0.0,0.0,0.0,82.0,normal
2026-06-01T00:58:45Z,worker-3,kube-system,tetragon-k4mpw,tetragon,8.4,4.9,0.4,0.0,0.0,19195.0,23926.0,0.0,0.0,0.0,0.0,0.0,14794.0,normal
2026-06-01T00:58:45Z,worker-3,node,system,containerd.service,459.8,177.6,256.1,0.0,0.0,0.0,0.0,0.0,0.0,0.0,38.0,342.0,18030.0,normal
2026-06-01T00:58:45Z,worker-3,longhorn-system,engine-image-ei-843accdd-jdjd8,engine-image-ei-843accdd,12.7,1.0,15.5,0.0,0.0,0.0,0.0,0.0,0.0,0.0,10.0,38.0,852.0,normal
2026-06-01T00:58:45Z,worker-3,kube-system,nodelocaldns-pknk6,node-cache,13.5,4.6,0.3,1.1,0.0,5145.0,3785.0,0.0,0.0,0.0,0.0,0.0,829.0,normal
2026-06-01T00:58:45Z,worker-3,ebpf-final,ebpf-collector-dn4xc,collector,0.2,0.8,0.3,0.1,0.0,14625.0,19814.0,0.0,0.0,0.0,0.0,0.0,14.0,normal
2026-06-01T00:58:45Z,worker-3,kube-system,ovs-ovn-rnnnf,openvswitch,106.7,62.7,37.9,0.0,0.0,38.0,41.0,0.0,0.0,0.0,52.0,88.0,2485.0,normal
2026-06-01T00:58:45Z,worker-3,node,system,multipathd.service,0.0,2.2,0.0,0.0,0.0,0.0,0.0,0.0,0.0,0.0,0.0,0.0,24.0,normal
2026-06-01T00:58:45Z,worker-3,unknown,pod-64b429dc,nginx-proxy,0.0,0.0,0.0,0.0,0.0,58428.0,58476.0,0.0,0.0,0.0,0.0,0.0,60.0,normal
2026-06-01T00:58:45Z,worker-3,node,system,cgroup,0.0,0.0,0.0,0.0,0.0,0.0,0.0,2650152.0,1335791616.0,0.6144623016173143,0.0,0.0,495800.0,normal
2026-06-01T00:58:45Z,worker-3,node,system,rpcbind.service,0.0,0.0,0.0,0.0,0.0,0.0,0.0,0.0,0.0,0.0,0.0,0.0,1.0,normal
2026-06-01T00:58:45Z,worker-3,node,system,fwupd.service,0.0,0.0,0.0,0.0,0.0,0.0,0.0,0.0,0.0,0.0,0.0,0.0,8.0,normal
2026-06-01T00:58:45Z,worker-3,node,system,udisks2.service,0.0,0.0,0.0,0.0,0.0,0.0,0.0,0.0,0.0,0.0,0.0,0.0,3.0,normal
2026-06-01T00:58:45Z,worker-3,node,system,polkit.service,0.0,0.0,0.0,0.0,0.0,0.0,0.0,0.0,0.0,0.0,0.0,0.0,3.0,normal
2026-06-01T00:58:55Z,worker-3,monitoring,my-monitoring-kube-state-metrics-cb8fc4474-7b8jn,kube-state-metrics,46.7,4.0,0.4,0.0,0.0,235143.0,1876.0,0.0,0.0,0.0,0.0,0.0,1067.0,normal
2026-06-01T00:58:55Z,worker-3,node,system,udev,0.1,0.0,0.0,0.0,0.0,0.0,0.0,0.0,0.0,0.0,0.0,0.0,1.0,normal
2026-06-01T00:58:55Z,worker-3,longhorn-system,csi-resizer-7d9bff5787-5x45s,csi-resizer,2.0,1.4,0.1,0.0,0.0,1095.0,78.0,0.0,0.0,0.0,0.0,0.0,195.0,normal
2026-06-01T00:58:55Z,worker-3,node,system,systemd-resolved.service,0.1,0.0,0.0,0.0,0.0,0.0,0.0,0.0,0.0,0.0,0.0,0.0,1.0,normal
2026-06-01T00:58:55Z,worker-3,longhorn-system,csi-attacher-896ffc747-ph5gc,csi-attacher,1.7,1.6,0.0,0.0,0.0,555.0,74.0,0.0,0.0,0.0,0.0,0.0,174.0,normal
2026-06-01T00:58:55Z,worker-3,longhorn-system,csi-provisioner-688964c44b-c6hh5,csi-provisioner,7.3,6.7,0.1,0.0,0.0,1087.0,78.0,0.0,0.0,0.0,0.0,0.0,394.0,normal
2026-06-01T00:58:55Z,worker-3,kube-system,dns-autoscaler-5594cbb9c4-2d42r,autoscaler,33.4,2.8,0.0,0.0,0.0,204711.0,1372.0,0.0,0.0,0.0,0.0,0.0,612.0,normal
2026-06-01T00:58:55Z,worker-3,monitoring,my-monitoring-kube-prometh-operator-5598576fd7-b679t,kube-prometheus-stack,5.9,4.5,0.0,0.0,0.0,3845.0,4054.0,0.0,0.0,0.0,0.0,0.0,740.0,normal
2026-06-01T00:58:55Z,worker-3,gpu-operator,gpu-operator-1764036362-node-feature-discovery-worker-5pb7x,worker,0.8,0.3,0.0,0.0,0.0,261.0,227.0,0.0,0.0,0.0,0.0,0.0,103.0,normal
2026-06-01T00:58:55Z,worker-3,kube-system,kube-ovn-pinger-ftt47,pinger,49.3,18.9,13.3,0.2,0.0,116769.0,1580.0,0.0,12288.0,0.306308,17.0,26.0,3656.0,normal
2026-06-01T00:58:55Z,worker-3,longhorn-system,engine-image-ei-3154f3aa-qnht4,engine-image-ei-3154f3aa,12.8,1.0,15.6,0.0,0.0,0.0,0.0,0.0,0.0,0.0,10.0,42.0,1060.0,normal
2026-06-01T00:58:55Z,worker-3,longhorn-system,csi-snapshotter-65884686fc-2txm9,csi-snapshotter,2.5,2.2,0.1,0.0,0.0,566.0,74.0,0.0,0.0,0.0,0.0,0.0,134.0,normal
2026-06-01T00:58:55Z,worker-3,longhorn-system,instance-manager-f29dc489575bdbeaa022ffe3d5167334,instance-manager,184.2,2.8,12.4,0.4,0.0,519.0,506.0,0.0,0.0,0.0,6.0,6.0,324.0,normal
2026-06-01T00:58:55Z,worker-3,longhorn-system,longhorn-manager-tvpsm,longhorn-manager,120.8,40.4,0.3,0.1,0.0,486121.0,10469.0,0.0,0.0,0.0,0.0,0.0,4845.0,normal
2026-06-01T00:58:55Z,worker-3,kube-system,tetragon-k4mpw,export-stdout,8.8,7.5,0.0,0.0,0.0,0.0,0.0,0.0,0.0,0.0,0.0,0.0,10.0,normal
2026-06-01T00:58:55Z,worker-3,kube-system,metrics-server-7c987796d6-7dfbh,metrics-server,51.9,16.3,0.0,0.0,0.0,248854.0,88062.0,0.0,0.0,0.0,0.0,0.0,2270.0,normal
2026-06-01T00:58:55Z,worker-3,kube-system,coredns-64b5cc5cbc-4qds2,coredns,33.2,12.2,0.0,1.0,0.0,7327.0,13422.0,0.0,0.0,0.0,0.0,0.0,1191.0,normal
2026-06-01T00:58:55Z,worker-3,gpu-operator,gpu-operator-1764036362-node-feature-discovery-gc-5577c78cghmp2,gc,21.1,2.6,0.0,0.0,0.0,130504.0,1340.0,0.0,0.0,0.0,0.0,0.0,431.0,normal
2026-06-01T00:58:55Z,worker-3,monitoring,my-monitoring-prometheus-node-exporter-bc6t2,node-exporter,0.4,0.2,0.0,0.0,0.0,208.0,3254.0,0.0,0.0,0.0,0.0,0.0,16.0,normal
2026-06-01T00:58:55Z,worker-3,longhorn-system,longhorn-csi-plugin-982sm,longhorn-liveness-probe,2.8,1.8,0.0,0.0,0.0,224.0,274.0,0.0,0.0,0.0,0.0,0.0,200.0,normal
2026-06-01T00:58:55Z,worker-3,kube-system,kube-ovn-controller-667d7fd768-w8whr,kube-ovn-controller,9.5,2.4,4.7,0.5,0.0,543.0,39.0,0.0,0.0,0.0,5.0,99.0,2922.0,normal
2026-06-01T00:58:55Z,worker-3,kube-system,kube-proxy-7jlgx,kube-proxy,3.2,0.4,0.0,0.0,0.0,18804.0,96.0,0.0,0.0,0.0,0.0,0.0,165.0,normal
2026-06-01T00:58:55Z,worker-3,node,system,kubelet.service,648.4,50.3,225.7,2.3,0.0,60739.0,299900.0,0.0,0.0,0.0,0.0,0.0,8668.0,normal
2026-06-01T00:58:55Z,worker-3,kube-system,kube-ovn-cni-kc97p,cni-server,338.7,22.0,461.6,0.4,0.0,207478.0,1248.0,0.0,0.0,0.0,135.0,204.0,5254.0,normal
2026-06-01T00:58:55Z,worker-3,node,system,init.scope,0.8,0.0,0.4,0.0,0.0,0.0,0.0,0.0,0.0,0.0,0.0,0.0,1.0,normal
2026-06-01T00:58:55Z,worker-3,longhorn-system,longhorn-csi-plugin-982sm,node-driver-registrar,0.1,0.1,0.0,0.0,0.0,0.0,0.0,0.0,0.0,0.0,0.0,0.0,9.0,normal
2026-06-01T00:58:55Z,worker-3,longhorn-system,longhorn-csi-plugin-982sm,longhorn-csi-plugin,2.8,1.2,0.0,0.0,0.0,0.0,0.0,0.0,0.0,0.0,0.0,0.0,78.0,normal
2026-06-01T00:58:55Z,worker-3,kube-system,tetragon-k4mpw,tetragon,5.8,3.5,0.0,0.0,0.0,18991.0,239.0,0.0,0.0,0.0,0.0,0.0,16797.0,normal
2026-06-01T00:58:55Z,worker-3,node,system,containerd.service,805.8,207.6,478.1,0.0,0.0,0.0,0.0,0.0,0.0,0.0,44.0,392.0,24733.0,normal
2026-06-01T00:58:55Z,worker-3,longhorn-system,engine-image-ei-843accdd-jdjd8,engine-image-ei-843accdd,12.6,1.0,15.4,0.0,0.0,0.0,0.0,0.0,0.0,0.0,10.0,33.0,876.0,normal
2026-06-01T00:58:55Z,worker-3,kube-system,nodelocaldns-pknk6,node-cache,29.1,6.1,59.2,1.0,0.0,4922.0,3562.0,0.0,0.0,0.0,12.0,12.0,977.0,normal
2026-06-01T00:58:55Z,worker-3,ebpf-final,ebpf-collector-dn4xc,collector,0.2,0.8,0.3,0.1,0.0,14621.0,19787.0,0.0,0.0,0.0,0.0,0.0,13.0,normal
2026-06-01T00:58:55Z,worker-3,kube-system,ovs-ovn-rnnnf,openvswitch,116.9,71.7,38.4,0.0,0.0,1578.0,0.0,0.0,0.0,0.0,52.0,88.0,2962.0,normal
2026-06-01T00:58:55Z,worker-3,node,system,systemd-logind.service,0.1,0.0,0.0,0.0,0.0,0.0,0.0,0.0,0.0,0.0,0.0,0.0,1.0,normal
2026-06-01T00:58:55Z,worker-3,node,system,multipathd.service,0.0,2.2,0.0,0.0,0.0,0.0,0.0,0.0,0.0,0.0,0.0,0.0,24.0,normal
2026-06-01T00:58:55Z,worker-3,node,system,cgroup,0.0,0.0,0.0,0.0,0.2,0.0,0.0,1953824.0,1062408192.0,1.0298607305788994,0.0,1.0,414270.0,normal
2026-06-01T00:58:55Z,worker-3,unknown,pod-64b429dc,nginx-proxy,0.0,0.0,0.0,0.0,0.0,58503.0,58551.0,0.0,0.0,0.0,0.0,0.0,60.0,normal
2026-06-01T00:58:55Z,worker-3,node,system,systemd-networkd.service,0.0,0.0,0.0,0.0,0.0,0.0,0.0,0.0,0.0,0.0,0.0,0.0,1.0,normal
2026-06-01T00:58:55Z,worker-3,node,system,fwupd.service,0.0,0.0,0.0,0.0,0.0,0.0,0.0,0.0,0.0,0.0,0.0,0.0,7.0,normal
2026-06-01T00:58:55Z,worker-3,node,system,udisks2.service,0.0,0.0,0.0,0.0,0.0,0.0,0.0,0.0,0.0,0.0,0.0,0.0,2.0,normal
2026-06-01T00:58:55Z,worker-3,node,system,polkit.service,0.0,0.0,0.0,0.0,0.0,0.0,0.0,0.0,0.0,0.0,0.0,0.0,2.0,normal
2026-06-01T00:59:06Z,worker-3,monitoring,my-monitoring-kube-state-metrics-cb8fc4474-7b8jn,kube-state-metrics,49.6,4.0,0.9,0.0,0.0,231110.0,2101.0,0.0,0.0,0.0,0.0,0.0,1043.0,normal
2026-06-01T00:59:06Z,worker-3,longhorn-system,csi-resizer-7d9bff5787-5x45s,csi-resizer,2.0,1.8,0.0,0.0,0.0,547.0,39.0,0.0,0.0,0.0,0.0,0.0,174.0,normal
2026-06-01T00:59:06Z,worker-3,longhorn-system,csi-attacher-896ffc747-ph5gc,csi-attacher,2.4,2.2,0.0,0.0,0.0,555.0,39.0,0.0,0.0,0.0,0.0,0.0,179.0,normal
2026-06-01T00:59:06Z,worker-3,longhorn-system,csi-provisioner-688964c44b-c6hh5,csi-provisioner,8.1,7.9,0.0,0.0,0.0,543.0,39.0,0.0,0.0,0.0,0.0,0.0,481.0,normal
2026-06-01T00:59:06Z,worker-3,kube-system,dns-autoscaler-5594cbb9c4-2d42r,autoscaler,33.6,3.0,0.0,0.0,0.0,204704.0,1372.0,0.0,0.0,0.0,0.0,0.0,696.0,normal
2026-06-01T00:59:06Z,worker-3,monitoring,my-monitoring-kube-prometh-operator-5598576fd7-b679t,kube-prometheus-stack,17.6,8.6,0.5,0.0,0.0,43270.0,16730.0,0.0,0.0,0.0,0.0,0.0,1292.0,normal
2026-06-01T00:59:06Z,worker-3,gpu-operator,gpu-operator-1764036362-node-feature-discovery-worker-5pb7x,worker,0.6,0.2,0.0,0.0,0.0,222.0,188.0,0.0,0.0,0.0,0.0,0.0,29.0,normal
2026-06-01T00:59:06Z,worker-3,kube-system,kube-ovn-pinger-ftt47,pinger,49.7,20.8,13.2,0.2,0.0,116837.0,1532.0,0.0,8192.0,1.232947,17.0,26.0,3341.0,normal
2026-06-01T00:59:06Z,worker-3,longhorn-system,engine-image-ei-3154f3aa-qnht4,engine-image-ei-3154f3aa,12.9,1.0,15.7,0.0,0.0,0.0,0.0,0.0,0.0,0.0,10.0,46.0,1114.0,normal
2026-06-01T00:59:06Z,worker-3,longhorn-system,csi-snapshotter-65884686fc-2txm9,csi-snapshotter,2.9,2.3,0.0,0.0,0.0,1132.0,78.0,0.0,0.0,0.0,0.0,0.0,143.0,normal
2026-06-01T00:59:06Z,worker-3,longhorn-system,instance-manager-f29dc489575bdbeaa022ffe3d5167334,instance-manager,195.8,4.3,13.5,0.4,0.0,1298.0,1076.0,0.0,0.0,0.0,7.0,7.0,445.0,normal
2026-06-01T00:59:06Z,worker-3,longhorn-system,longhorn-manager-tvpsm,longhorn-manager,149.5,46.4,8.5,0.3,0.0,477674.0,20552.0,0.0,0.0,0.0,2.0,12.0,5600.0,normal
2026-06-01T00:59:06Z,worker-3,kube-system,tetragon-k4mpw,export-stdout,29.5,27.7,0.0,0.0,0.0,0.0,0.0,0.0,0.0,0.0,0.0,0.0,11.0,normal
2026-06-01T00:59:06Z,worker-3,kube-system,metrics-server-7c987796d6-7dfbh,metrics-server,50.3,14.3,0.0,0.0,0.0,245080.0,12214.0,0.0,0.0,0.0,0.0,0.0,2267.0,normal
2026-06-01T00:59:06Z,worker-3,kube-system,coredns-64b5cc5cbc-4qds2,coredns,35.3,12.9,0.4,1.0,0.0,8843.0,18900.0,0.0,0.0,0.0,0.0,0.0,1283.0,normal
2026-06-01T00:59:06Z,worker-3,gpu-operator,gpu-operator-1764036362-node-feature-discovery-gc-5577c78cghmp2,gc,21.1,2.6,0.0,0.0,0.0,130504.0,1340.0,0.0,0.0,0.0,0.0,0.0,475.0,normal
2026-06-01T00:59:06Z,worker-3,monitoring,my-monitoring-prometheus-node-exporter-bc6t2,node-exporter,190.0,0.8,167.8,0.0,0.0,573.0,27702.0,0.0,0.0,0.0,0.0,0.0,201.0,normal
2026-06-01T00:59:06Z,worker-3,longhorn-system,longhorn-csi-plugin-982sm,longhorn-liveness-probe,2.7,1.7,0.0,0.0,0.0,224.0,274.0,0.0,0.0,0.0,0.0,0.0,143.0,normal
2026-06-01T00:59:06Z,worker-3,kube-system,kube-ovn-controller-667d7fd768-w8whr,kube-ovn-controller,9.0,2.3,4.5,0.5,0.0,542.0,39.0,0.0,0.0,0.0,5.0,96.0,2993.0,normal
2026-06-01T00:59:06Z,worker-3,kube-system,kube-proxy-7jlgx,kube-proxy,2.7,0.4,0.0,0.0,0.0,18664.0,96.0,0.0,0.0,0.0,0.0,0.0,176.0,normal
2026-06-01T00:59:06Z,worker-3,node,system,kubelet.service,475.2,50.2,147.3,2.4,0.0,60638.0,270432.0,0.0,0.0,0.0,0.0,0.0,7361.0,normal
2026-06-01T00:59:06Z,worker-3,kube-system,kube-ovn-cni-kc97p,cni-server,384.1,27.0,565.8,0.2,0.0,203900.0,1200.0,0.0,0.0,0.0,169.0,203.0,4405.0,normal
2026-06-01T00:59:06Z,worker-3,node,system,init.scope,0.8,0.0,0.2,0.0,0.0,0.0,0.0,0.0,0.0,0.0,0.0,0.0,2.0,normal
2026-06-01T00:59:06Z,worker-3,longhorn-system,longhorn-csi-plugin-982sm,node-driver-registrar,0.1,0.1,0.0,0.0,0.0,0.0,0.0,0.0,0.0,0.0,0.0,0.0,9.0,normal
2026-06-01T00:59:06Z,worker-3,longhorn-system,longhorn-csi-plugin-982sm,longhorn-csi-plugin,2.4,1.1,0.0,0.0,0.0,0.0,0.0,0.0,0.0,0.0,0.0,0.0,66.0,normal
2026-06-01T00:59:06Z,worker-3,kube-system,tetragon-k4mpw,tetragon,5.7,6.7,0.0,0.0,0.0,18830.0,222.0,0.0,0.0,0.0,0.0,0.0,15769.0,normal
2026-06-01T00:59:06Z,worker-3,node,system,containerd.service,604.8,204.4,330.0,0.0,0.0,0.0,0.0,0.0,0.0,0.0,40.0,356.0,21141.0,normal
2026-06-01T00:59:06Z,worker-3,longhorn-system,engine-image-ei-843accdd-jdjd8,engine-image-ei-843accdd,12.7,1.0,15.5,0.0,0.0,0.0,0.0,0.0,0.0,0.0,10.0,34.0,876.0,normal
2026-06-01T00:59:06Z,worker-3,kube-system,nodelocaldns-pknk6,node-cache,12.4,4.2,0.3,1.0,0.0,4922.0,3562.0,0.0,0.0,0.0,0.0,0.0,710.0,normal
2026-06-01T00:59:06Z,worker-3,ebpf-final,ebpf-collector-dn4xc,collector,209.0,0.9,192.3,0.1,0.0,293691.0,22667.0,0.0,0.0,0.0,0.0,0.0,218.0,normal
2026-06-01T00:59:06Z,worker-3,kube-system,ovs-ovn-rnnnf,openvswitch,113.8,72.0,38.2,0.0,0.0,76.0,82.0,0.0,0.0,0.0,52.0,88.0,2852.0,normal
2026-06-01T00:59:06Z,worker-3,node,system,multipathd.service,0.0,2.4,0.0,0.0,0.0,0.0,0.0,0.0,0.0,0.0,0.0,0.0,25.0,normal
2026-06-01T00:59:06Z,worker-3,unknown,pod-64b429dc,nginx-proxy,0.0,0.0,0.0,0.0,0.0,58583.0,58631.0,0.0,0.0,0.0,0.0,0.0,56.0,normal
2026-06-01T00:59:06Z,worker-3,node,system,cgroup,0.0,0.0,0.0,0.0,0.0,0.0,0.0,2220080.0,1142251520.0,0.9443453285442244,0.0,0.0,444398.0,normal
2026-06-01T00:59:06Z,worker-3,node,system,cron.service,0.0,0.0,0.0,0.0,0.0,0.0,0.0,0.0,0.0,0.0,0.0,0.0,1.0,normal
2026-06-01T00:59:06Z,worker-3,node,system,fwupd.service,0.0,0.0,0.0,0.0,0.0,0.0,0.0,0.0,0.0,0.0,0.0,0.0,8.0,normal
2026-06-01T00:59:06Z,worker-3,node,system,udisks2.service,0.0,0.0,0.0,0.0,0.0,0.0,0.0,0.0,0.0,0.0,0.0,0.0,3.0,normal
2026-06-01T00:59:06Z,worker-3,node,system,polkit.service,0.0,0.0,0.0,0.0,0.0,0.0,0.0,0.0,0.0,0.0,0.0,0.0,3.0,normal
2026-06-01T00:59:16Z,worker-3,monitoring,my-monitoring-kube-state-metrics-cb8fc4474-7b8jn,kube-state-metrics,46.2,63.3,0.4,0.0,0.0,230368.0,2418889.0,0.0,0.0,0.0,0.0,0.0,1098.0,normal
2026-06-01T00:59:16Z,worker-3,longhorn-system,csi-resizer-7d9bff5787-5x45s,csi-resizer,2.2,1.9,0.0,0.0,0.0,550.0,39.0,0.0,0.0,0.0,0.0,0.0,128.0,normal
2026-06-01T00:59:16Z,worker-3,longhorn-system,csi-attacher-896ffc747-ph5gc,csi-attacher,1.7,1.5,0.0,0.0,0.0,555.0,39.0,0.0,0.0,0.0,0.0,0.0,149.0,normal
2026-06-01T00:59:16Z,worker-3,longhorn-system,csi-provisioner-688964c44b-c6hh5,csi-provisioner,7.6,7.1,0.0,0.0,0.0,1090.0,78.0,0.0,0.0,0.0,0.0,0.0,467.0,normal
2026-06-01T00:59:16Z,worker-3,kube-system,dns-autoscaler-5594cbb9c4-2d42r,autoscaler,33.4,2.8,0.0,0.0,0.0,204703.0,1372.0,0.0,0.0,0.0,0.0,0.0,622.0,normal
2026-06-01T00:59:16Z,worker-3,monitoring,my-monitoring-kube-prometh-operator-5598576fd7-b679t,kube-prometheus-stack,10.6,8.6,0.0,0.0,0.0,4250.0,4053.0,0.0,0.0,0.0,0.0,0.0,860.0,normal
2026-06-01T00:59:16Z,worker-3,gpu-operator,gpu-operator-1764036362-node-feature-discovery-worker-5pb7x,worker,0.6,0.2,0.0,0.0,0.0,222.0,188.0,0.0,0.0,0.0,0.0,0.0,26.0,normal
2026-06-01T00:59:16Z,worker-3,kube-system,kube-ovn-pinger-ftt47,pinger,45.4,15.8,13.2,0.2,0.0,116765.0,1580.0,0.0,12288.0,0.7531125,17.0,26.0,3210.0,normal
2026-06-01T00:59:16Z,worker-3,longhorn-system,engine-image-ei-3154f3aa-qnht4,engine-image-ei-3154f3aa,12.8,1.0,15.6,0.0,0.0,0.0,0.0,0.0,0.0,0.0,10.0,45.0,1070.0,normal
2026-06-01T00:59:16Z,worker-3,longhorn-system,csi-snapshotter-65884686fc-2txm9,csi-snapshotter,2.7,2.3,0.0,0.0,0.0,1133.0,78.0,0.0,0.0,0.0,0.0,0.0,148.0,normal
2026-06-01T00:59:16Z,worker-3,longhorn-system,instance-manager-f29dc489575bdbeaa022ffe3d5167334,instance-manager,183.4,2.6,12.4,0.4,0.0,468.0,455.0,0.0,0.0,0.0,6.0,6.0,365.0,normal
2026-06-01T00:59:16Z,worker-3,longhorn-system,longhorn-manager-tvpsm,longhorn-manager,117.2,42.1,0.1,0.1,0.0,466546.0,10196.0,0.0,0.0,0.0,0.0,0.0,4724.0,normal
2026-06-01T00:59:16Z,worker-3,kube-system,tetragon-k4mpw,export-stdout,9.0,7.6,0.0,0.0,0.0,0.0,0.0,0.0,0.0,0.0,0.0,0.0,10.0,normal
2026-06-01T00:59:16Z,worker-3,kube-system,metrics-server-7c987796d6-7dfbh,metrics-server,49.7,12.7,0.1,0.0,0.0,243301.0,9361.0,0.0,0.0,0.0,0.0,0.0,2192.0,normal
2026-06-01T00:59:16Z,worker-3,kube-system,coredns-64b5cc5cbc-4qds2,coredns,29.9,10.9,0.1,1.0,0.0,6727.0,12415.0,0.0,0.0,0.0,0.0,0.0,1197.0,normal
2026-06-01T00:59:16Z,worker-3,gpu-operator,gpu-operator-1764036362-node-feature-discovery-gc-5577c78cghmp2,gc,21.8,2.6,0.0,0.0,0.0,130504.0,1340.0,0.0,0.0,0.0,0.0,0.0,452.0,normal
2026-06-01T00:59:16Z,worker-3,monitoring,my-monitoring-prometheus-node-exporter-bc6t2,node-exporter,0.4,0.2,0.0,0.0,0.0,208.0,3254.0,0.0,0.0,0.0,0.0,0.0,20.0,normal
2026-06-01T00:59:16Z,worker-3,longhorn-system,longhorn-csi-plugin-982sm,longhorn-liveness-probe,3.0,1.9,0.0,0.0,0.0,224.0,274.0,0.0,0.0,0.0,0.0,0.0,202.0,normal
2026-06-01T00:59:16Z,worker-3,kube-system,kube-ovn-controller-667d7fd768-w8whr,kube-ovn-controller,9.0,2.4,4.5,0.5,0.0,543.0,39.0,0.0,0.0,0.0,5.0,93.0,3014.0,normal
2026-06-01T00:59:16Z,worker-3,kube-system,kube-proxy-7jlgx,kube-proxy,2.9,0.5,0.0,0.0,0.0,18661.0,96.0,0.0,0.0,0.0,0.0,0.0,113.0,normal
2026-06-01T00:59:16Z,worker-3,node,system,kubelet.service,602.2,49.3,207.8,2.3,0.0,62509.0,276644.0,0.0,0.0,0.0,0.0,0.0,7817.0,normal
2026-06-01T00:59:16Z,worker-3,kube-system,kube-ovn-cni-kc97p,cni-server,339.2,23.0,461.6,0.4,0.0,204049.0,1200.0,0.0,0.0,0.0,135.0,206.0,5102.0,normal
2026-06-01T00:59:16Z,worker-3,node,system,init.scope,0.4,0.0,0.1,0.0,0.0,0.0,0.0,0.0,0.0,0.0,0.0,0.0,1.0,normal
2026-06-01T00:59:16Z,worker-3,longhorn-system,longhorn-csi-plugin-982sm,node-driver-registrar,0.1,0.1,0.0,0.0,0.0,0.0,0.0,0.0,0.0,0.0,0.0,0.0,9.0,normal
2026-06-01T00:59:16Z,worker-3,longhorn-system,longhorn-csi-plugin-982sm,longhorn-csi-plugin,2.7,1.1,0.0,0.0,0.0,0.0,0.0,0.0,0.0,0.0,0.0,0.0,83.0,normal
2026-06-01T00:59:16Z,worker-3,kube-system,tetragon-k4mpw,tetragon,6.4,4.2,0.0,0.0,0.0,19001.0,239.0,0.0,0.0,0.0,0.0,0.0,15583.0,normal
2026-06-01T00:59:16Z,worker-3,node,system,containerd.service,591.2,196.3,337.6,0.0,0.0,0.0,0.0,0.0,0.0,0.0,44.0,396.0,21046.0,normal
2026-06-01T00:59:16Z,worker-3,longhorn-system,engine-image-ei-843accdd-jdjd8,engine-image-ei-843accdd,12.6,1.0,15.4,0.0,0.0,0.0,0.0,0.0,0.0,0.0,10.0,33.0,779.0,normal
2026-06-01T00:59:16Z,worker-3,kube-system,nodelocaldns-pknk6,node-cache,9.2,3.2,0.3,1.0,0.0,3059.0,2774.0,0.0,0.0,0.0,0.0,0.0,459.0,normal
2026-06-01T00:59:16Z,worker-3,ebpf-final,ebpf-collector-dn4xc,collector,0.2,0.8,0.3,0.1,0.0,14623.0,19799.0,0.0,0.0,0.0,0.0,0.0,13.0,normal
2026-06-01T00:59:16Z,worker-3,kube-system,ovs-ovn-rnnnf,openvswitch,107.1,65.1,38.0,0.0,0.0,38.0,41.0,0.0,0.0,0.0,52.0,89.0,2557.0,normal
2026-06-01T00:59:16Z,worker-3,node,system,multipathd.service,0.0,2.1,0.0,0.0,0.0,0.0,0.0,0.0,0.0,0.0,0.0,0.0,24.0,normal
2026-06-01T00:59:16Z,worker-3,unknown,pod-64b429dc,nginx-proxy,0.0,0.0,0.0,0.0,0.0,61895.0,61943.0,0.0,0.0,0.0,0.0,0.0,57.0,normal
2026-06-01T00:59:16Z,worker-3,node,system,cgroup,0.0,0.0,0.0,0.0,0.0,0.0,0.0,2351144.0,1090052096.0,0.9481324138038518,0.0,0.0,424817.0,normal
2026-06-01T00:59:16Z,worker-3,node,system,rpcbind.service,0.0,0.0,0.0,0.0,0.0,0.0,0.0,0.0,0.0,0.0,0.0,0.0,1.0,normal
2026-06-01T00:59:16Z,worker-3,node,system,fwupd.service,0.0,0.0,0.0,0.0,0.0,0.0,0.0,0.0,0.0,0.0,0.0,0.0,7.0,normal
2026-06-01T00:59:16Z,worker-3,node,system,udisks2.service,0.0,0.0,0.0,0.0,0.0,0.0,0.0,0.0,0.0,0.0,0.0,0.0,2.0,normal
2026-06-01T00:59:16Z,worker-3,node,system,polkit.service,0.0,0.0,0.0,0.0,0.0,0.0,0.0,0.0,0.0,0.0,0.0,0.0,2.0,normal
2026-06-01T00:59:26Z,worker-3,monitoring,my-monitoring-kube-state-metrics-cb8fc4474-7b8jn,kube-state-metrics,45.5,3.9,0.4,0.0,0.0,229502.0,1793.0,0.0,0.0,0.0,0.0,0.0,1015.0,normal
2026-06-01T00:59:26Z,worker-3,longhorn-system,csi-resizer-7d9bff5787-5x45s,csi-resizer,1.6,1.5,0.0,0.0,0.0,546.0,39.0,0.0,0.0,0.0,0.0,0.0,124.0,normal
2026-06-01T00:59:26Z,worker-3,longhorn-system,csi-attacher-896ffc747-ph5gc,csi-attacher,2.7,2.5,0.0,0.0,0.0,556.0,39.0,0.0,0.0,0.0,0.0,0.0,209.0,normal
2026-06-01T00:59:26Z,worker-3,longhorn-system,csi-provisioner-688964c44b-c6hh5,csi-provisioner,6.7,6.5,0.0,0.0,0.0,582.0,39.0,0.0,0.0,0.0,0.0,0.0,430.0,normal
2026-06-01T00:59:26Z,worker-3,kube-system,dns-autoscaler-5594cbb9c4-2d42r,autoscaler,33.5,2.8,0.1,0.0,0.0,204702.0,1372.0,0.0,0.0,0.0,0.0,0.0,671.0,normal
2026-06-01T00:59:26Z,worker-3,monitoring,my-monitoring-kube-prometh-operator-5598576fd7-b679t,kube-prometheus-stack,11.4,9.0,0.1,0.0,0.0,4502.0,4190.0,0.0,0.0,0.0,0.0,0.0,854.0,normal
2026-06-01T00:59:26Z,worker-3,gpu-operator,gpu-operator-1764036362-node-feature-discovery-worker-5pb7x,worker,211.3,4.1,111.8,0.0,0.0,137721.0,1811.0,0.0,0.0,0.0,0.0,0.0,1595.0,normal
2026-06-01T00:59:26Z,worker-3,kube-system,kube-ovn-pinger-ftt47,pinger,47.5,17.2,13.2,0.2,0.0,116565.0,1580.0,0.0,12288.0,0.560286,17.0,26.0,2550.0,normal
2026-06-01T00:59:26Z,worker-3,longhorn-system,engine-image-ei-3154f3aa-qnht4,engine-image-ei-3154f3aa,12.9,1.0,15.7,0.0,0.0,0.0,0.0,0.0,0.0,0.0,10.0,44.0,1066.0,normal
2026-06-01T00:59:26Z,worker-3,longhorn-system,csi-snapshotter-65884686fc-2txm9,csi-snapshotter,2.3,2.1,0.0,0.0,0.0,566.0,39.0,0.0,0.0,0.0,0.0,0.0,201.0,normal
2026-06-01T00:59:26Z,worker-3,longhorn-system,instance-manager-f29dc489575bdbeaa022ffe3d5167334,instance-manager,187.1,4.2,12.4,0.5,0.0,967.0,960.0,0.0,0.0,0.0,6.0,6.0,375.0,normal
2026-06-01T00:59:26Z,worker-3,longhorn-system,longhorn-manager-tvpsm,longhorn-manager,119.6,42.0,0.2,0.1,0.0,466791.0,10700.0,0.0,0.0,0.0,0.0,0.0,4685.0,normal
2026-06-01T00:59:26Z,worker-3,kube-system,tetragon-k4mpw,export-stdout,12.0,10.5,0.0,0.0,0.0,0.0,0.0,0.0,0.0,0.0,0.0,0.0,10.0,normal
2026-06-01T00:59:26Z,worker-3,kube-system,metrics-server-7c987796d6-7dfbh,metrics-server,44.2,12.6,0.0,0.0,0.0,209218.0,12960.0,0.0,0.0,0.0,0.0,0.0,1864.0,normal
2026-06-01T00:59:26Z,worker-3,kube-system,coredns-64b5cc5cbc-4qds2,coredns,33.9,12.7,0.0,1.0,0.0,7080.0,13492.0,0.0,0.0,0.0,0.0,0.0,1204.0,normal
2026-06-01T00:59:26Z,worker-3,gpu-operator,gpu-operator-1764036362-node-feature-discovery-gc-5577c78cghmp2,gc,22.1,2.6,0.0,0.0,0.0,130630.0,1340.0,0.0,0.0,0.0,0.0,0.0,438.0,normal
2026-06-01T00:59:26Z,worker-3,monitoring,my-monitoring-prometheus-node-exporter-bc6t2,node-exporter,0.4,0.2,0.0,0.0,0.0,208.0,3254.0,0.0,0.0,0.0,0.0,0.0,17.0,normal
2026-06-01T00:59:26Z,worker-3,longhorn-system,longhorn-csi-plugin-982sm,longhorn-liveness-probe,3.0,1.9,0.0,0.0,0.0,224.0,274.0,0.0,0.0,0.0,0.0,0.0,190.0,normal
2026-06-01T00:59:26Z,worker-3,kube-system,kube-ovn-controller-667d7fd768-w8whr,kube-ovn-controller,9.0,2.3,4.5,0.5,0.0,543.0,39.0,0.0,0.0,0.0,5.0,97.0,2891.0,normal
2026-06-01T00:59:26Z,worker-3,kube-system,kube-proxy-7jlgx,kube-proxy,2.7,0.4,0.0,0.0,0.0,18539.0,96.0,0.0,0.0,0.0,0.0,0.0,102.0,normal
2026-06-01T00:59:26Z,worker-3,node,system,kubelet.service,476.3,53.8,156.6,2.3,0.0,60934.0,295940.0,0.0,0.0,0.0,0.0,0.0,6736.0,normal
2026-06-01T00:59:26Z,worker-3,kube-system,kube-ovn-cni-kc97p,cni-server,331.9,21.3,458.1,0.2,0.0,204047.0,1200.0,0.0,0.0,0.0,131.0,166.0,3857.0,normal
2026-06-01T00:59:26Z,worker-3,longhorn-system,longhorn-csi-plugin-982sm,node-driver-registrar,0.1,0.1,0.0,0.0,0.0,0.0,0.0,0.0,0.0,0.0,0.0,0.0,9.0,normal
2026-06-01T00:59:26Z,worker-3,longhorn-system,longhorn-csi-plugin-982sm,longhorn-csi-plugin,2.8,1.2,0.0,0.0,0.0,0.0,0.0,0.0,0.0,0.0,0.0,0.0,71.0,normal
2026-06-01T00:59:26Z,worker-3,kube-system,tetragon-k4mpw,tetragon,5.8,4.2,0.0,0.0,0.0,18830.0,239.0,0.0,0.0,0.0,0.0,0.0,14914.0,normal
2026-06-01T00:59:26Z,worker-3,node,system,containerd.service,679.4,194.6,400.0,0.0,0.0,0.0,0.0,0.0,0.0,0.0,40.0,360.0,22281.0,normal
2026-06-01T00:59:26Z,worker-3,longhorn-system,engine-image-ei-843accdd-jdjd8,engine-image-ei-843accdd,12.6,1.0,15.4,0.0,0.0,0.0,0.0,0.0,0.0,0.0,10.0,33.0,857.0,normal
2026-06-01T00:59:26Z,worker-3,kube-system,nodelocaldns-pknk6,node-cache,13.0,4.4,0.4,1.2,0.0,4922.0,3562.0,0.0,0.0,0.0,0.0,0.0,713.0,normal
2026-06-01T00:59:26Z,worker-3,ebpf-final,ebpf-collector-dn4xc,collector,0.2,0.8,0.3,0.1,0.0,14627.0,19786.0,0.0,0.0,0.0,0.0,0.0,13.0,normal
2026-06-01T00:59:26Z,worker-3,kube-system,ovs-ovn-rnnnf,openvswitch,107.3,63.5,38.0,0.0,0.0,38.0,41.0,0.0,0.0,0.0,52.0,88.0,2583.0,normal
2026-06-01T00:59:26Z,worker-3,node,system,multipathd.service,0.0,2.2,0.0,0.0,0.0,0.0,0.0,0.0,0.0,0.0,0.0,0.0,20.0,normal
2026-06-01T00:59:26Z,worker-3,node,system,init.scope,0.0,4.0,3.4,0.0,0.0,0.0,0.0,0.0,0.0,0.0,0.0,0.0,6.0,normal
2026-06-01T00:59:26Z,worker-3,unknown,pod-64b429dc,nginx-proxy,0.0,0.0,0.0,0.0,0.0,58550.0,58598.0,0.0,0.0,0.0,0.0,0.0,60.0,normal
2026-06-01T00:59:26Z,worker-3,node,system,cgroup,0.0,0.0,0.0,0.0,0.0,0.0,0.0,2179112.0,1084600320.0,0.9955597338592562,0.0,3.0,414381.0,normal
2026-06-01T00:59:26Z,worker-3,node,system,dbus.service,0.0,0.0,0.0,0.0,0.0,0.0,0.0,0.0,0.0,0.0,0.0,0.0,9.0,normal
2026-06-01T00:59:26Z,worker-3,node,system,fwupd.service,0.0,0.0,0.0,0.0,0.0,0.0,0.0,0.0,0.0,0.0,0.0,0.0,8.0,normal
2026-06-01T00:59:26Z,worker-3,node,system,udisks2.service,0.0,0.0,0.0,0.0,0.0,0.0,0.0,0.0,0.0,0.0,0.0,0.0,3.0,normal
2026-06-01T00:59:26Z,worker-3,node,system,polkit.service,0.0,0.0,0.0,0.0,0.0,0.0,0.0,0.0,0.0,0.0,0.0,0.0,3.0,normal
2026-06-01T00:59:37Z,worker-3,monitoring,my-monitoring-kube-state-metrics-cb8fc4474-7b8jn,kube-state-metrics,46.8,4.0,0.4,0.0,0.0,231149.0,1961.0,0.0,0.0,0.0,0.0,0.0,1015.0,normal
2026-06-01T00:59:37Z,worker-3,longhorn-system,csi-resizer-7d9bff5787-5x45s,csi-resizer,1.5,1.4,0.0,0.0,0.0,546.0,39.0,0.0,0.0,0.0,0.0,0.0,132.0,normal
2026-06-01T00:59:37Z,worker-3,longhorn-system,csi-attacher-896ffc747-ph5gc,csi-attacher,2.8,2.1,0.1,0.0,0.0,1112.0,78.0,0.0,0.0,0.0,0.0,0.0,241.0,normal
2026-06-01T00:59:37Z,worker-3,longhorn-system,csi-provisioner-688964c44b-c6hh5,csi-provisioner,6.9,6.7,0.0,0.0,0.0,543.0,39.0,0.0,0.0,0.0,0.0,0.0,424.0,normal
2026-06-01T00:59:37Z,worker-3,kube-system,dns-autoscaler-5594cbb9c4-2d42r,autoscaler,32.8,3.0,0.0,0.0,0.0,204704.0,1372.0,0.0,0.0,0.0,0.0,0.0,622.0,normal
2026-06-01T00:59:37Z,worker-3,monitoring,my-monitoring-kube-prometh-operator-5598576fd7-b679t,kube-prometheus-stack,9.3,5.9,0.4,0.0,0.0,4270.0,14165.0,0.0,0.0,0.0,0.0,0.0,833.0,normal
2026-06-01T00:59:37Z,worker-3,gpu-operator,gpu-operator-1764036362-node-feature-discovery-worker-5pb7x,worker,0.6,0.2,0.0,0.0,0.0,222.0,188.0,0.0,0.0,0.0,0.0,0.0,33.0,normal
2026-06-01T00:59:37Z,worker-3,kube-system,kube-ovn-pinger-ftt47,pinger,47.1,19.0,13.2,0.2,0.0,116697.0,1532.0,0.0,12288.0,0.964873,17.0,26.0,2720.0,normal
2026-06-01T00:59:37Z,worker-3,longhorn-system,engine-image-ei-3154f3aa-qnht4,engine-image-ei-3154f3aa,12.7,1.0,15.5,0.0,0.0,0.0,0.0,0.0,0.0,0.0,10.0,40.0,1132.0,normal
2026-06-01T00:59:37Z,worker-3,longhorn-system,csi-snapshotter-65884686fc-2txm9,csi-snapshotter,2.6,2.4,0.0,0.0,0.0,566.0,39.0,0.0,0.0,0.0,0.0,0.0,141.0,normal
2026-06-01T00:59:37Z,worker-3,longhorn-system,instance-manager-f29dc489575bdbeaa022ffe3d5167334,instance-manager,197.0,4.6,13.5,0.4,0.0,1298.0,1076.0,0.0,0.0,0.0,7.0,7.0,466.0,normal
2026-06-01T00:59:37Z,worker-3,longhorn-system,longhorn-manager-tvpsm,longhorn-manager,148.7,47.8,8.4,0.3,0.0,476343.0,19595.0,0.0,0.0,0.0,2.0,11.0,5291.0,normal
2026-06-01T00:59:37Z,worker-3,kube-system,tetragon-k4mpw,export-stdout,26.9,25.2,0.0,0.0,0.0,0.0,0.0,0.0,0.0,0.0,0.0,0.0,11.0,normal
2026-06-01T00:59:37Z,worker-3,kube-system,metrics-server-7c987796d6-7dfbh,metrics-server,51.2,15.2,0.0,0.0,0.0,245796.0,15152.0,0.0,0.0,0.0,0.0,0.0,2165.0,normal
2026-06-01T00:59:37Z,worker-3,kube-system,coredns-64b5cc5cbc-4qds2,coredns,35.0,12.5,0.4,1.1,0.0,8976.0,18862.0,0.0,0.0,0.0,0.0,0.0,1252.0,normal
2026-06-01T00:59:37Z,worker-3,gpu-operator,gpu-operator-1764036362-node-feature-discovery-gc-5577c78cghmp2,gc,21.9,2.7,0.0,0.0,0.0,130504.0,1340.0,0.0,0.0,0.0,0.0,0.0,482.0,normal
2026-06-01T00:59:37Z,worker-3,monitoring,my-monitoring-prometheus-node-exporter-bc6t2,node-exporter,189.9,0.8,167.8,0.0,0.0,573.0,27684.0,0.0,0.0,0.0,0.0,0.0,238.0,normal
2026-06-01T00:59:37Z,worker-3,longhorn-system,longhorn-csi-plugin-982sm,longhorn-liveness-probe,2.7,1.8,0.0,0.0,0.0,224.0,274.0,0.0,0.0,0.0,0.0,0.0,178.0,normal
2026-06-01T00:59:37Z,worker-3,kube-system,kube-ovn-controller-667d7fd768-w8whr,kube-ovn-controller,9.0,2.3,4.5,0.5,0.0,543.0,74.0,0.0,0.0,0.0,5.0,94.0,2884.0,normal
2026-06-01T00:59:37Z,worker-3,kube-system,kube-proxy-7jlgx,kube-proxy,2.6,0.4,0.0,0.0,0.0,18539.0,96.0,0.0,0.0,0.0,0.0,0.0,103.0,normal
2026-06-01T00:59:37Z,worker-3,node,system,kubelet.service,507.8,49.8,159.5,2.4,0.0,60539.0,270521.0,0.0,0.0,0.0,2.0,2.0,7163.0,normal
2026-06-01T00:59:37Z,worker-3,kube-system,kube-ovn-cni-kc97p,cni-server,386.9,27.2,566.8,0.3,0.0,204349.0,1349.0,0.0,0.0,0.0,170.0,224.0,5093.0,normal
2026-06-01T00:59:37Z,worker-3,node,system,init.scope,1.2,0.0,0.3,0.0,0.0,0.0,0.0,0.0,0.0,0.0,0.0,0.0,3.0,normal
2026-06-01T00:59:37Z,worker-3,longhorn-system,longhorn-csi-plugin-982sm,node-driver-registrar,0.1,0.1,0.0,0.0,0.0,0.0,0.0,0.0,0.0,0.0,0.0,0.0,9.0,normal
2026-06-01T00:59:37Z,worker-3,longhorn-system,longhorn-csi-plugin-982sm,longhorn-csi-plugin,3.1,1.4,0.0,0.0,0.0,0.0,0.0,0.0,0.0,0.0,0.0,0.0,75.0,normal
2026-06-01T00:59:37Z,worker-3,kube-system,tetragon-k4mpw,tetragon,8.3,7.2,0.4,0.0,0.0,19481.0,23932.0,0.0,0.0,0.0,0.0,0.0,16842.0,normal
2026-06-01T00:59:37Z,worker-3,node,system,containerd.service,595.9,203.3,335.0,0.0,0.0,0.0,0.0,0.0,0.0,0.0,43.0,386.0,21186.0,normal
2026-06-01T00:59:37Z,worker-3,longhorn-system,engine-image-ei-843accdd-jdjd8,engine-image-ei-843accdd,12.5,1.0,15.3,0.0,0.0,0.0,0.0,0.0,0.0,0.0,10.0,33.0,794.0,normal
2026-06-01T00:59:37Z,worker-3,kube-system,nodelocaldns-pknk6,node-cache,13.5,4.8,0.3,1.3,0.0,5145.0,3785.0,0.0,0.0,0.0,0.0,0.0,826.0,normal
2026-06-01T00:59:37Z,worker-3,ebpf-final,ebpf-collector-dn4xc,collector,209.3,0.9,192.2,0.1,0.0,292635.0,21247.0,0.0,0.0,0.0,0.0,0.0,229.0,normal
2026-06-01T00:59:37Z,worker-3,kube-system,ovs-ovn-rnnnf,openvswitch,110.3,66.3,38.1,0.0,0.0,38.0,41.0,0.0,0.0,0.0,52.0,88.0,2774.0,normal
2026-06-01T00:59:37Z,worker-3,node,system,multipathd.service,0.0,2.4,0.0,0.0,0.0,0.0,0.0,0.0,0.0,0.0,0.0,0.0,26.0,normal
2026-06-01T00:59:37Z,worker-3,unknown,pod-64b429dc,nginx-proxy,0.0,0.0,0.0,0.0,0.0,58379.0,58451.0,0.0,0.0,0.0,0.0,0.0,54.0,normal
2026-06-01T00:59:37Z,worker-3,node,system,cgroup,0.0,0.0,0.0,0.0,0.0,0.0,0.0,2482216.0,1153994752.0,0.9439735059218924,0.0,0.0,442261.0,normal
2026-06-01T00:59:37Z,worker-3,node,system,fwupd.service,0.0,0.0,0.0,0.0,0.0,0.0,0.0,0.0,0.0,0.0,0.0,0.0,9.0,normal
2026-06-01T00:59:37Z,worker-3,node,system,udisks2.service,0.0,0.0,0.0,0.0,0.0,0.0,0.0,0.0,0.0,0.0,0.0,0.0,3.0,normal
2026-06-01T00:59:37Z,worker-3,node,system,polkit.service,0.0,0.0,0.0,0.0,0.0,0.0,0.0,0.0,0.0,0.0,0.0,0.0,3.0,normal
2026-06-01T00:59:47Z,worker-3,monitoring,my-monitoring-kube-state-metrics-cb8fc4474-7b8jn,kube-state-metrics,47.5,63.7,0.4,0.0,0.0,231090.0,2419218.0,0.0,0.0,0.0,0.0,0.0,1177.0,normal
2026-06-01T00:59:47Z,worker-3,longhorn-system,csi-resizer-7d9bff5787-5x45s,csi-resizer,2.5,1.9,0.1,0.0,0.0,1097.0,113.0,0.0,0.0,0.0,0.0,0.0,137.0,normal
2026-06-01T00:59:47Z,worker-3,longhorn-system,csi-attacher-896ffc747-ph5gc,csi-attacher,2.8,2.2,0.0,0.0,0.0,1111.0,78.0,0.0,0.0,0.0,0.0,0.0,165.0,normal
2026-06-01T00:59:47Z,worker-3,longhorn-system,csi-provisioner-688964c44b-c6hh5,csi-provisioner,5.3,5.2,0.0,0.0,0.0,543.0,74.0,0.0,0.0,0.0,0.0,0.0,367.0,normal
2026-06-01T00:59:47Z,worker-3,kube-system,dns-autoscaler-5594cbb9c4-2d42r,autoscaler,33.9,2.9,0.0,0.0,0.0,204704.0,1372.0,0.0,0.0,0.0,0.0,0.0,693.0,normal
2026-06-01T00:59:47Z,worker-3,monitoring,my-monitoring-kube-prometh-operator-5598576fd7-b679t,kube-prometheus-stack,8.3,5.2,0.2,0.0,0.0,4498.0,4401.0,0.0,0.0,0.0,0.0,0.0,879.0,normal
2026-06-01T00:59:47Z,worker-3,gpu-operator,gpu-operator-1764036362-node-feature-discovery-worker-5pb7x,worker,0.7,0.3,0.0,0.0,0.0,222.0,188.0,0.0,0.0,0.0,0.0,0.0,32.0,normal
2026-06-01T00:59:47Z,worker-3,kube-system,kube-ovn-pinger-ftt47,pinger,49.4,18.3,13.3,0.2,0.0,116790.0,1580.0,0.0,12288.0,0.4623915,17.0,26.0,3541.0,normal
2026-06-01T00:59:47Z,worker-3,longhorn-system,engine-image-ei-3154f3aa-qnht4,engine-image-ei-3154f3aa,12.8,1.0,15.6,0.0,0.0,0.0,0.0,0.0,0.0,0.0,10.0,43.0,1078.0,normal
2026-06-01T00:59:47Z,worker-3,longhorn-system,csi-snapshotter-65884686fc-2txm9,csi-snapshotter,2.5,2.1,0.1,0.0,0.0,566.0,39.0,0.0,0.0,0.0,0.0,0.0,130.0,normal
2026-06-01T00:59:47Z,worker-3,longhorn-system,instance-manager-f29dc489575bdbeaa022ffe3d5167334,instance-manager,183.3,2.4,12.4,0.4,0.1,467.0,455.0,0.0,0.0,0.0,6.0,6.0,316.0,normal
2026-06-01T00:59:47Z,worker-3,longhorn-system,longhorn-manager-tvpsm,longhorn-manager,119.2,42.0,0.3,0.1,0.0,466835.0,10301.0,0.0,0.0,0.0,0.0,0.0,4651.0,normal
2026-06-01T00:59:47Z,worker-3,kube-system,tetragon-k4mpw,export-stdout,9.0,7.6,0.0,0.0,0.0,0.0,0.0,0.0,0.0,0.0,0.0,0.0,10.0,normal
2026-06-01T00:59:47Z,worker-3,kube-system,metrics-server-7c987796d6-7dfbh,metrics-server,50.4,13.6,0.1,0.0,0.0,244485.0,53669.0,0.0,0.0,0.0,0.0,0.0,1916.0,normal
2026-06-01T00:59:47Z,worker-3,kube-system,coredns-64b5cc5cbc-4qds2,coredns,31.3,11.8,0.1,1.0,0.0,6847.0,12626.0,0.0,0.0,0.0,0.0,0.0,1161.0,normal
2026-06-01T00:59:47Z,worker-3,gpu-operator,gpu-operator-1764036362-node-feature-discovery-gc-5577c78cghmp2,gc,21.6,2.7,0.0,0.0,0.0,130504.0,1340.0,0.0,0.0,0.0,0.0,0.0,454.0,normal
2026-06-01T00:59:47Z,worker-3,monitoring,my-monitoring-prometheus-node-exporter-bc6t2,node-exporter,0.3,0.2,0.0,0.0,0.0,208.0,3254.0,0.0,0.0,0.0,0.0,0.0,14.0,normal
2026-06-01T00:59:47Z,worker-3,longhorn-system,longhorn-csi-plugin-982sm,longhorn-liveness-probe,3.1,2.0,0.0,0.0,0.0,224.0,274.0,0.0,0.0,0.0,0.0,0.0,237.0,normal
2026-06-01T00:59:47Z,worker-3,kube-system,kube-ovn-controller-667d7fd768-w8whr,kube-ovn-controller,9.4,2.4,4.7,0.5,0.0,543.0,39.0,0.0,0.0,0.0,5.0,101.0,3011.0,normal
2026-06-01T00:59:47Z,worker-3,kube-system,kube-proxy-7jlgx,kube-proxy,2.7,0.4,0.0,0.0,0.0,18539.0,96.0,0.0,0.0,0.0,0.0,0.0,97.0,normal
2026-06-01T00:59:47Z,worker-3,node,system,kubelet.service,603.7,50.0,211.0,2.3,0.0,60691.0,275568.0,0.0,0.0,0.0,0.0,0.0,8495.0,normal
2026-06-01T00:59:47Z,worker-3,kube-system,kube-ovn-cni-kc97p,cni-server,337.4,22.4,460.7,0.3,0.0,204346.0,1200.0,0.0,0.0,0.0,134.0,190.0,4709.0,normal
2026-06-01T00:59:47Z,worker-3,node,system,init.scope,0.4,0.0,0.1,0.0,0.0,0.0,0.0,0.0,0.0,0.0,0.0,0.0,1.0,normal
2026-06-01T00:59:47Z,worker-3,longhorn-system,longhorn-csi-plugin-982sm,node-driver-registrar,0.1,0.1,0.0,0.0,0.0,0.0,0.0,0.0,0.0,0.0,0.0,0.0,23.0,normal
2026-06-01T00:59:47Z,worker-3,longhorn-system,longhorn-csi-plugin-982sm,longhorn-csi-plugin,2.8,1.0,0.0,0.0,0.0,0.0,0.0,0.0,0.0,0.0,0.0,0.0,103.0,normal
2026-06-01T00:59:47Z,worker-3,kube-system,tetragon-k4mpw,tetragon,5.9,3.7,0.0,0.0,0.0,18830.0,239.0,0.0,0.0,0.0,0.0,0.0,14902.0,normal
2026-06-01T00:59:47Z,worker-3,node,system,containerd.service,587.9,193.3,336.9,0.0,0.0,0.0,0.0,0.0,0.0,0.0,43.0,386.0,20618.0,normal
2026-06-01T00:59:47Z,worker-3,longhorn-system,engine-image-ei-843accdd-jdjd8,engine-image-ei-843accdd,16.1,1.3,19.6,0.0,0.0,0.0,0.0,0.0,0.0,0.0,13.0,44.0,1125.0,normal
2026-06-01T00:59:47Z,worker-3,kube-system,nodelocaldns-pknk6,node-cache,12.6,4.2,0.3,1.0,0.0,4922.0,3562.0,0.0,0.0,0.0,0.0,0.0,667.0,normal
2026-06-01T00:59:47Z,worker-3,ebpf-final,ebpf-collector-dn4xc,collector,0.2,0.8,0.3,0.1,0.0,14278.0,19332.0,0.0,0.0,0.0,0.0,0.0,15.0,normal
2026-06-01T00:59:47Z,worker-3,kube-system,ovs-ovn-rnnnf,openvswitch,105.6,62.2,38.2,0.0,0.0,38.0,41.0,0.0,0.0,0.0,52.0,88.0,2619.0,normal
2026-06-01T00:59:47Z,worker-3,node,system,multipathd.service,0.0,2.1,0.0,0.0,0.0,0.0,0.0,0.0,0.0,0.0,0.0,0.0,22.0,normal
2026-06-01T00:59:47Z,worker-3,unknown,pod-64b429dc,nginx-proxy,0.0,0.0,0.0,0.0,0.0,58493.0,58541.0,0.0,0.0,0.0,0.0,0.0,59.0,normal
2026-06-01T00:59:47Z,worker-3,node,system,cgroup,0.0,0.0,0.0,0.0,0.0,0.0,0.0,2347048.0,1089605632.0,0.9485946142835199,0.0,0.0,425132.0,normal
2026-06-01T00:59:47Z,worker-3,node,system,rpcbind.service,0.0,0.0,0.0,0.0,0.0,0.0,0.0,0.0,0.0,0.0,0.0,0.0,1.0,normal
2026-06-01T00:59:47Z,worker-3,node,system,fwupd.service,0.0,0.0,0.0,0.0,0.0,0.0,0.0,0.0,0.0,0.0,0.0,0.0,7.0,normal
2026-06-01T00:59:47Z,worker-3,node,system,udisks2.service,0.0,0.0,0.0,0.0,0.0,0.0,0.0,0.0,0.0,0.0,0.0,0.0,2.0,normal
2026-06-01T00:59:47Z,worker-3,node,system,polkit.service,0.0,0.0,0.0,0.0,0.0,0.0,0.0,0.0,0.0,0.0,0.0,0.0,2.0,normal
2026-06-01T00:59:57Z,worker-3,monitoring,my-monitoring-kube-state-metrics-cb8fc4474-7b8jn,kube-state-metrics,47.4,4.1,0.5,0.0,0.0,229833.0,1966.0,0.0,0.0,0.0,0.0,0.0,1075.0,normal
2026-06-01T00:59:57Z,worker-3,longhorn-system,csi-resizer-7d9bff5787-5x45s,csi-resizer,1.5,1.3,0.0,0.0,0.0,547.0,39.0,0.0,0.0,0.0,0.0,0.0,124.0,normal
2026-06-01T00:59:57Z,worker-3,longhorn-system,csi-attacher-896ffc747-ph5gc,csi-attacher,2.8,2.5,0.0,0.0,0.0,556.0,39.0,0.0,0.0,0.0,0.0,0.0,212.0,normal
2026-06-01T00:59:57Z,worker-3,longhorn-system,csi-provisioner-688964c44b-c6hh5,csi-provisioner,7.9,7.2,0.1,0.0,0.0,1088.0,78.0,0.0,0.0,0.0,0.0,0.0,444.0,normal
2026-06-01T00:59:57Z,worker-3,kube-system,dns-autoscaler-5594cbb9c4-2d42r,autoscaler,33.6,2.9,0.0,0.0,0.0,204803.0,1372.0,0.0,0.0,0.0,0.0,0.0,644.0,normal
2026-06-01T00:59:57Z,worker-3,node,system,systemd-journald.service,0.2,0.0,0.0,0.0,0.0,0.0,0.0,0.0,4096.0,0.084436,0.0,1.0,5.0,normal
2026-06-01T00:59:57Z,worker-3,monitoring,my-monitoring-kube-prometh-operator-5598576fd7-b679t,kube-prometheus-stack,6.0,4.7,0.0,0.0,0.0,3845.0,4088.0,0.0,0.0,0.0,0.0,0.0,823.0,normal
2026-06-01T00:59:57Z,worker-3,gpu-operator,gpu-operator-1764036362-node-feature-discovery-worker-5pb7x,worker,0.7,0.3,0.0,0.0,0.0,261.0,227.0,0.0,0.0,0.0,0.0,0.0,96.0,normal
2026-06-01T00:59:57Z,worker-3,kube-system,kube-ovn-pinger-ftt47,pinger,42.8,16.0,13.2,0.2,0.0,84319.0,1205.0,4096.0,12288.0,0.5082153333333334,17.0,26.0,3573.0,normal
2026-06-01T00:59:57Z,worker-3,longhorn-system,engine-image-ei-3154f3aa-qnht4,engine-image-ei-3154f3aa,12.8,1.0,15.6,0.0,0.0,0.0,0.0,0.0,0.0,0.0,10.0,46.0,1117.0,normal
2026-06-01T00:59:57Z,worker-3,longhorn-system,csi-snapshotter-65884686fc-2txm9,csi-snapshotter,2.2,2.0,0.0,0.0,0.0,566.0,39.0,0.0,0.0,0.0,0.0,0.0,133.0,normal
2026-06-01T00:59:57Z,worker-3,longhorn-system,instance-manager-f29dc489575bdbeaa022ffe3d5167334,instance-manager,184.0,2.7,12.4,0.4,0.0,518.0,506.0,0.0,0.0,0.0,6.0,6.0,303.0,normal
2026-06-01T00:59:57Z,worker-3,longhorn-system,longhorn-manager-tvpsm,longhorn-manager,122.0,43.3,0.1,0.1,0.0,465977.0,10255.0,0.0,0.0,0.0,0.0,0.0,4559.0,normal
2026-06-01T00:59:57Z,worker-3,kube-system,tetragon-k4mpw,export-stdout,9.0,7.6,0.0,0.0,0.0,0.0,0.0,0.0,0.0,0.0,0.0,0.0,10.0,normal
2026-06-01T00:59:57Z,worker-3,kube-system,metrics-server-7c987796d6-7dfbh,metrics-server,46.6,14.5,0.0,0.0,0.0,209717.0,87264.0,0.0,0.0,0.0,0.0,0.0,1942.0,normal
2026-06-01T00:59:57Z,worker-3,kube-system,coredns-64b5cc5cbc-4qds2,coredns,28.9,11.0,0.0,1.0,0.0,6417.0,11582.0,0.0,0.0,0.0,0.0,0.0,1115.0,normal
2026-06-01T00:59:57Z,worker-3,gpu-operator,gpu-operator-1764036362-node-feature-discovery-gc-5577c78cghmp2,gc,22.1,2.6,0.0,0.0,0.0,130504.0,1340.0,0.0,0.0,0.0,0.0,0.0,445.0,normal
2026-06-01T00:59:57Z,worker-3,monitoring,my-monitoring-prometheus-node-exporter-bc6t2,node-exporter,0.4,0.2,0.0,0.0,0.0,208.0,3254.0,0.0,0.0,0.0,0.0,0.0,20.0,normal
2026-06-01T00:59:57Z,worker-3,longhorn-system,longhorn-csi-plugin-982sm,longhorn-liveness-probe,2.9,1.8,0.0,0.0,0.0,224.0,274.0,0.0,0.0,0.0,0.0,0.0,133.0,normal
2026-06-01T00:59:57Z,worker-3,kube-system,kube-ovn-controller-667d7fd768-w8whr,kube-ovn-controller,7.2,1.8,3.6,0.4,0.0,543.0,39.0,0.0,0.0,0.0,4.0,77.0,2413.0,normal
2026-06-01T00:59:57Z,worker-3,kube-system,kube-proxy-7jlgx,kube-proxy,3.1,0.3,0.0,0.0,0.0,18804.0,96.0,0.0,0.0,0.0,0.0,0.0,129.0,normal
2026-06-01T00:59:57Z,worker-3,node,system,kubelet.service,474.7,51.6,151.7,2.3,0.0,60795.0,296351.0,0.0,0.0,0.0,0.0,0.0,7890.0,normal
2026-06-01T00:59:57Z,worker-3,kube-system,kube-ovn-cni-kc97p,cni-server,332.2,22.1,457.7,0.3,0.0,203900.0,1200.0,0.0,0.0,0.0,131.0,185.0,4602.0,normal
2026-06-01T00:59:57Z,worker-3,node,system,init.scope,0.2,0.0,0.1,0.0,0.0,0.0,0.0,0.0,0.0,0.0,0.0,0.0,1.0,normal
2026-06-01T00:59:57Z,worker-3,longhorn-system,longhorn-csi-plugin-982sm,longhorn-csi-plugin,2.8,1.2,0.0,0.0,0.0,0.0,0.0,0.0,0.0,0.0,0.0,0.0,68.0,normal
2026-06-01T00:59:57Z,worker-3,kube-system,tetragon-k4mpw,tetragon,6.3,4.1,0.0,0.0,0.0,18991.0,239.0,0.0,0.0,0.0,0.0,0.0,15090.0,normal
2026-06-01T00:59:57Z,worker-3,node,system,containerd.service,681.8,194.2,403.8,0.0,0.0,0.0,0.0,0.0,0.0,0.0,42.0,380.0,22714.0,normal
2026-06-01T00:59:57Z,worker-3,longhorn-system,engine-image-ei-843accdd-jdjd8,engine-image-ei-843accdd,15.4,1.2,18.9,0.0,0.0,0.0,0.0,0.0,0.0,0.0,12.0,41.0,968.0,normal
2026-06-01T00:59:57Z,worker-3,kube-system,nodelocaldns-pknk6,node-cache,27.7,5.3,59.2,1.0,0.0,4922.0,3562.0,0.0,0.0,0.0,12.0,12.0,987.0,normal
2026-06-01T00:59:57Z,worker-3,ebpf-final,ebpf-collector-dn4xc,collector,0.2,0.8,0.3,0.1,0.0,14617.0,19792.0,0.0,0.0,0.0,0.0,0.0,13.0,normal
2026-06-01T00:59:57Z,worker-3,kube-system,ovs-ovn-rnnnf,openvswitch,102.5,60.0,37.9,0.0,0.0,38.0,41.0,0.0,0.0,0.0,52.0,88.0,2504.0,normal
2026-06-01T00:59:57Z,worker-3,node,system,multipathd.service,0.0,2.2,0.0,0.0,0.0,0.0,0.0,0.0,0.0,0.0,0.0,0.0,24.0,normal
2026-06-01T00:59:57Z,worker-3,unknown,pod-64b429dc,nginx-proxy,0.0,0.0,0.0,0.0,0.0,58790.0,58838.0,0.0,0.0,0.0,0.0,0.0,60.0,normal
2026-06-01T00:59:57Z,worker-3,node,system,cgroup,0.0,0.0,0.0,0.0,0.0,0.0,0.0,2441256.0,1099755520.0,0.9519304277655714,0.0,1.0,421932.0,normal
2026-06-01T00:59:57Z,worker-3,longhorn-system,longhorn-csi-plugin-982sm,node-driver-registrar,0.0,0.0,0.0,0.0,0.0,0.0,0.0,0.0,0.0,0.0,0.0,0.0,9.0,normal
2026-06-01T00:59:57Z,worker-3,node,system,fwupd.service,0.0,0.0,0.0,0.0,0.0,0.0,0.0,0.0,0.0,0.0,0.0,0.0,8.0,normal
2026-06-01T00:59:57Z,worker-3,node,system,udisks2.service,0.0,0.0,0.0,0.0,0.0,0.0,0.0,0.0,0.0,0.0,0.0,0.0,3.0,normal
2026-06-01T00:59:57Z,worker-3,node,system,polkit.service,0.0,0.0,0.0,0.0,0.0,0.0,0.0,0.0,0.0,0.0,0.0,0.0,3.0,normal
2026-06-01T01:00:07Z,worker-3,monitoring,my-monitoring-kube-state-metrics-cb8fc4474-7b8jn,kube-state-metrics,45.9,4.0,0.4,0.0,0.0,230680.0,1904.0,0.0,0.0,0.0,0.0,0.0,959.0,normal
2026-06-01T01:00:07Z,worker-3,longhorn-system,csi-resizer-7d9bff5787-5x45s,csi-resizer,2.3,2.1,0.0,0.0,0.0,547.0,39.0,0.0,0.0,0.0,0.0,0.0,135.0,normal
2026-06-01T01:00:07Z,worker-3,longhorn-system,csi-attacher-896ffc747-ph5gc,csi-attacher,2.0,1.7,0.0,0.0,0.0,1253.0,113.0,0.0,0.0,0.0,0.0,0.0,195.0,normal
2026-06-01T01:00:07Z,worker-3,longhorn-system,csi-provisioner-688964c44b-c6hh5,csi-provisioner,7.7,7.4,0.0,0.0,0.0,543.0,39.0,0.0,0.0,0.0,0.0,0.0,465.0,normal
2026-06-01T01:00:07Z,worker-3,kube-system,dns-autoscaler-5594cbb9c4-2d42r,autoscaler,32.5,2.9,0.0,0.0,0.0,204704.0,1372.0,0.0,0.0,0.0,0.0,0.0,655.0,normal
2026-06-01T01:00:07Z,worker-3,node,system,systemd-journald.service,2.9,0.0,2.1,0.0,0.0,0.0,0.0,0.0,4096.0,1.247999,0.0,0.0,10.0,normal
2026-06-01T01:00:07Z,worker-3,monitoring,my-monitoring-kube-prometh-operator-5598576fd7-b679t,kube-prometheus-stack,9.6,5.3,0.4,0.0,0.0,5257.0,14162.0,0.0,0.0,0.0,0.0,0.0,1086.0,normal
2026-06-01T01:00:07Z,worker-3,gpu-operator,gpu-operator-1764036362-node-feature-discovery-worker-5pb7x,worker,0.5,0.2,0.0,0.0,0.0,222.0,188.0,0.0,0.0,0.0,0.0,0.0,25.0,normal
2026-06-01T01:00:07Z,worker-3,kube-system,kube-ovn-pinger-ftt47,pinger,41.7,17.4,13.2,0.2,0.0,116741.0,1532.0,0.0,12288.0,0.382815,17.0,26.0,3151.0,normal
2026-06-01T01:00:07Z,worker-3,longhorn-system,engine-image-ei-3154f3aa-qnht4,engine-image-ei-3154f3aa,12.7,1.0,15.5,0.0,0.0,0.0,0.0,0.0,0.0,0.0,10.0,42.0,1063.0,normal
2026-06-01T01:00:07Z,worker-3,longhorn-system,csi-snapshotter-65884686fc-2txm9,csi-snapshotter,2.4,2.2,0.0,0.0,0.0,566.0,39.0,0.0,0.0,0.0,0.0,0.0,137.0,normal
2026-06-01T01:00:07Z,worker-3,longhorn-system,instance-manager-f29dc489575bdbeaa022ffe3d5167334,instance-manager,197.2,4.6,13.5,0.4,0.0,1298.0,1076.0,0.0,0.0,0.0,7.0,7.0,470.0,normal
2026-06-01T01:00:07Z,worker-3,longhorn-system,longhorn-manager-tvpsm,longhorn-manager,148.8,48.4,8.4,0.3,0.0,477627.0,19347.0,0.0,0.0,0.0,2.0,11.0,5279.0,normal
2026-06-01T01:00:07Z,worker-3,kube-system,tetragon-k4mpw,export-stdout,27.0,25.3,0.0,0.0,0.0,0.0,0.0,0.0,0.0,0.0,0.0,0.0,10.0,normal
2026-06-01T01:00:07Z,worker-3,kube-system,metrics-server-7c987796d6-7dfbh,metrics-server,42.7,13.9,0.0,0.0,0.0,244982.0,12087.0,0.0,0.0,0.0,0.0,0.0,1785.0,normal
2026-06-01T01:00:07Z,worker-3,kube-system,coredns-64b5cc5cbc-4qds2,coredns,33.1,11.7,0.4,1.0,0.0,8442.0,17901.0,0.0,0.0,0.0,0.0,0.0,1224.0,normal
2026-06-01T01:00:07Z,worker-3,gpu-operator,gpu-operator-1764036362-node-feature-discovery-gc-5577c78cghmp2,gc,21.5,2.7,0.0,0.0,0.0,130504.0,1340.0,0.0,0.0,0.0,0.0,0.0,474.0,normal
2026-06-01T01:00:07Z,worker-3,monitoring,my-monitoring-prometheus-node-exporter-bc6t2,node-exporter,190.0,0.8,167.8,0.0,0.0,573.0,27721.0,0.0,0.0,0.0,0.0,0.0,251.0,normal
2026-06-01T01:00:07Z,worker-3,longhorn-system,longhorn-csi-plugin-982sm,longhorn-liveness-probe,2.8,1.8,0.0,0.0,0.0,224.0,274.0,0.0,0.0,0.0,0.0,0.0,198.0,normal
2026-06-01T01:00:07Z,worker-3,kube-system,kube-ovn-controller-667d7fd768-w8whr,kube-ovn-controller,10.6,2.5,5.5,0.6,0.0,543.0,39.0,0.0,0.0,0.0,6.0,121.0,3550.0,normal
2026-06-01T01:00:07Z,worker-3,kube-system,kube-proxy-7jlgx,kube-proxy,2.7,0.3,0.0,0.0,0.0,18664.0,96.0,0.0,0.0,0.0,0.0,0.0,111.0,normal
2026-06-01T01:00:07Z,worker-3,node,system,kubelet.service,472.5,52.1,150.2,2.3,0.0,64163.0,271738.0,0.0,0.0,0.0,0.0,0.0,7854.0,normal
2026-06-01T01:00:07Z,worker-3,kube-system,kube-ovn-cni-kc97p,cni-server,390.8,26.9,569.7,0.3,0.0,204330.0,1338.0,0.0,0.0,0.0,173.0,230.0,5186.0,normal
2026-06-01T01:00:07Z,worker-3,longhorn-system,longhorn-csi-plugin-982sm,node-driver-registrar,0.1,0.1,0.0,0.0,0.0,0.0,0.0,0.0,0.0,0.0,0.0,0.0,9.0,normal
2026-06-01T01:00:07Z,worker-3,longhorn-system,longhorn-csi-plugin-982sm,longhorn-csi-plugin,2.7,1.1,0.0,0.0,0.0,0.0,0.0,0.0,0.0,0.0,0.0,0.0,77.0,normal
2026-06-01T01:00:07Z,worker-3,kube-system,tetragon-k4mpw,tetragon,5.5,6.2,0.0,0.0,0.0,18830.0,239.0,0.0,0.0,0.0,0.0,0.0,17127.0,normal
2026-06-01T01:00:07Z,worker-3,node,system,containerd.service,637.1,225.5,341.2,0.0,0.0,0.0,0.0,0.0,0.0,0.0,46.0,409.0,22587.0,normal
2026-06-01T01:00:07Z,worker-3,longhorn-system,engine-image-ei-843accdd-jdjd8,engine-image-ei-843accdd,12.5,1.0,15.3,0.0,0.0,0.0,0.0,0.0,0.0,0.0,10.0,28.0,743.0,normal
2026-06-01T01:00:07Z,worker-3,kube-system,nodelocaldns-pknk6,node-cache,13.5,4.8,0.3,1.0,0.0,4922.0,3562.0,0.0,0.0,0.0,0.0,0.0,757.0,normal
2026-06-01T01:00:07Z,worker-3,ebpf-final,ebpf-collector-dn4xc,collector,210.1,0.9,192.3,0.1,0.0,292649.0,21270.0,0.0,0.0,0.0,0.0,0.0,225.0,normal
2026-06-01T01:00:07Z,worker-3,kube-system,ovs-ovn-rnnnf,openvswitch,125.5,71.8,46.9,0.0,0.0,38.0,41.0,0.0,0.0,0.0,65.0,110.0,2885.0,normal
2026-06-01T01:00:07Z,worker-3,node,system,rsyslog.service,0.0,0.5,0.0,0.0,0.0,0.0,0.0,0.0,0.0,0.0,0.0,0.0,9.0,normal
2026-06-01T01:00:07Z,worker-3,node,system,multipathd.service,0.0,2.2,0.0,0.0,0.0,0.0,0.0,0.0,0.0,0.0,0.0,0.0,23.0,normal
2026-06-01T01:00:07Z,worker-3,unknown,pod-64b429dc,nginx-proxy,0.0,0.0,0.0,0.0,0.0,63357.0,63405.0,0.0,0.0,0.0,0.0,0.0,66.0,normal
2026-06-01T01:00:07Z,worker-3,node,system,cgroup,0.0,0.0,0.0,0.0,0.0,0.0,0.0,2433064.0,1110179840.0,0.9533305149305499,0.0,0.0,437816.0,normal
2026-06-01T01:00:07Z,worker-3,node,system,cron.service,0.0,0.0,0.0,0.0,0.0,0.0,0.0,0.0,0.0,0.0,0.0,0.0,1.0,normal
2026-06-01T01:00:07Z,worker-3,node,system,fwupd.service,0.0,0.0,0.0,0.0,0.0,0.0,0.0,0.0,0.0,0.0,0.0,0.0,7.0,normal
2026-06-01T01:00:07Z,worker-3,node,system,udisks2.service,0.0,0.0,0.0,0.0,0.0,0.0,0.0,0.0,0.0,0.0,0.0,0.0,2.0,normal
2026-06-01T01:00:07Z,worker-3,node,system,polkit.service,0.0,0.0,0.0,0.0,0.0,0.0,0.0,0.0,0.0,0.0,0.0,0.0,2.0,normal
2026-06-01T01:00:17Z,worker-3,monitoring,my-monitoring-kube-state-metrics-cb8fc4474-7b8jn,kube-state-metrics,49.0,63.7,0.4,0.0,0.0,230945.0,2413638.0,0.0,0.0,0.0,0.0,0.0,1197.0,normal
2026-06-01T01:00:17Z,worker-3,longhorn-system,csi-resizer-7d9bff5787-5x45s,csi-resizer,2.1,1.8,0.0,0.0,0.0,1094.0,78.0,0.0,0.0,0.0,0.0,0.0,200.0,normal
2026-06-01T01:00:17Z,worker-3,longhorn-system,csi-attacher-896ffc747-ph5gc,csi-attacher,1.4,1.1,0.0,0.0,0.0,559.0,39.0,0.0,0.0,0.0,0.0,0.0,159.0,normal
2026-06-01T01:00:17Z,worker-3,longhorn-system,csi-provisioner-688964c44b-c6hh5,csi-provisioner,6.0,5.8,0.0,0.0,0.0,544.0,39.0,0.0,0.0,0.0,0.0,0.0,366.0,normal
2026-06-01T01:00:17Z,worker-3,kube-system,dns-autoscaler-5594cbb9c4-2d42r,autoscaler,34.4,2.8,0.1,0.0,0.0,204741.0,1372.0,0.0,0.0,0.0,0.0,0.0,649.0,normal
2026-06-01T01:00:17Z,worker-3,node,system,systemd-journald.service,1.2,0.1,0.9,0.0,0.0,0.0,0.0,0.0,0.0,0.0,0.0,0.0,7.0,normal
2026-06-01T01:00:17Z,worker-3,monitoring,my-monitoring-kube-prometh-operator-5598576fd7-b679t,kube-prometheus-stack,7.0,4.9,0.1,0.0,0.0,4081.0,5254.0,0.0,0.0,0.0,0.0,0.0,790.0,normal
2026-06-01T01:00:17Z,worker-3,gpu-operator,gpu-operator-1764036362-node-feature-discovery-worker-5pb7x,worker,0.6,0.2,0.0,0.0,0.0,222.0,188.0,0.0,0.0,0.0,0.0,0.0,35.0,normal
2026-06-01T01:00:17Z,worker-3,kube-system,kube-ovn-pinger-ftt47,pinger,48.9,18.0,13.2,0.2,0.0,116709.0,1580.0,0.0,16384.0,1.048649,17.0,26.0,3029.0,normal
2026-06-01T01:00:17Z,worker-3,longhorn-system,engine-image-ei-3154f3aa-qnht4,engine-image-ei-3154f3aa,12.8,1.0,15.6,0.0,0.0,0.0,0.0,0.0,0.0,0.0,10.0,47.0,1197.0,normal
2026-06-01T01:00:17Z,worker-3,longhorn-system,csi-snapshotter-65884686fc-2txm9,csi-snapshotter,2.6,2.4,0.0,0.0,0.0,1136.0,113.0,0.0,0.0,0.0,0.0,0.0,141.0,normal
2026-06-01T01:00:17Z,worker-3,unknown,unknown,unknown,18.9,2.8,13.0,0.0,0.0,0.0,0.0,0.0,0.0,0.0,2.0,0.0,2.0,normal
2026-06-01T01:00:17Z,worker-3,longhorn-system,instance-manager-f29dc489575bdbeaa022ffe3d5167334,instance-manager,183.6,2.5,12.5,0.4,0.0,467.0,455.0,0.0,0.0,0.0,6.0,11.0,456.0,normal
2026-06-01T01:00:17Z,worker-3,longhorn-system,longhorn-manager-tvpsm,longhorn-manager,115.8,39.8,0.2,0.1,0.0,466173.0,10358.0,0.0,0.0,0.0,0.0,0.0,4752.0,normal
2026-06-01T01:00:17Z,worker-3,kube-system,tetragon-k4mpw,export-stdout,9.0,7.6,0.0,0.0,0.0,0.0,0.0,0.0,0.0,0.0,0.0,0.0,10.0,normal
2026-06-01T01:00:17Z,worker-3,kube-system,metrics-server-7c987796d6-7dfbh,metrics-server,51.1,13.8,0.2,0.0,0.0,243793.0,11601.0,0.0,0.0,0.0,0.0,0.0,2176.0,normal
2026-06-01T01:00:17Z,worker-3,kube-system,coredns-64b5cc5cbc-4qds2,coredns,30.8,11.4,0.0,1.1,0.0,6864.0,12547.0,0.0,0.0,0.0,0.0,0.0,1157.0,normal
2026-06-01T01:00:17Z,worker-3,gpu-operator,gpu-operator-1764036362-node-feature-discovery-gc-5577c78cghmp2,gc,22.0,2.6,0.0,0.0,0.0,130630.0,1340.0,0.0,0.0,0.0,0.0,0.0,445.0,normal
2026-06-01T01:00:17Z,worker-3,monitoring,my-monitoring-prometheus-node-exporter-bc6t2,node-exporter,0.3,0.2,0.0,0.0,0.0,208.0,3254.0,0.0,0.0,0.0,0.0,0.0,13.0,normal
2026-06-01T01:00:17Z,worker-3,longhorn-system,longhorn-csi-plugin-982sm,longhorn-liveness-probe,3.2,2.0,0.0,0.0,0.0,224.0,274.0,0.0,0.0,0.0,0.0,0.0,187.0,normal
2026-06-01T01:00:17Z,worker-3,kube-system,kube-ovn-controller-667d7fd768-w8whr,kube-ovn-controller,7.4,1.9,3.6,0.4,0.0,543.0,39.0,0.0,0.0,0.0,4.0,74.0,2367.0,normal
2026-06-01T01:00:17Z,worker-3,kube-system,kube-proxy-7jlgx,kube-proxy,55.1,3.5,262.5,0.0,0.0,18661.0,96.0,0.0,0.0,0.0,55.0,55.0,1258.0,normal
2026-06-01T01:00:17Z,worker-3,node,system,kubelet.service,625.2,49.6,211.6,2.4,0.0,66097.0,277972.0,0.0,0.0,0.0,0.0,0.0,8818.0,normal
2026-06-01T01:00:17Z,worker-3,kube-system,kube-ovn-cni-kc97p,cni-server,330.6,21.7,456.8,0.2,0.0,204049.0,1200.0,0.0,0.0,0.0,130.0,165.0,3874.0,normal
2026-06-01T01:00:17Z,worker-3,node,system,init.scope,8.5,2.2,10.1,0.0,0.0,0.0,0.0,0.0,0.0,0.0,1.0,2.0,8.0,normal
2026-06-01T01:00:17Z,worker-3,longhorn-system,longhorn-csi-plugin-982sm,node-driver-registrar,0.1,0.1,0.0,0.0,0.0,0.0,0.0,0.0,0.0,0.0,0.0,0.0,9.0,normal
2026-06-01T01:00:17Z,worker-3,longhorn-system,longhorn-csi-plugin-982sm,longhorn-csi-plugin,2.5,1.1,0.0,0.0,0.0,0.0,0.0,0.0,0.0,0.0,0.0,0.0,73.0,normal
2026-06-01T01:00:17Z,worker-3,kube-system,tetragon-k4mpw,tetragon,5.8,3.6,0.0,0.0,0.0,19001.0,239.0,0.0,0.0,0.0,0.0,0.0,16710.0,normal
2026-06-01T01:00:17Z,worker-3,node,system,containerd.service,545.4,172.5,326.0,0.0,0.0,0.0,0.0,0.0,0.0,0.0,38.0,337.0,19699.0,normal
2026-06-01T01:00:17Z,worker-3,longhorn-system,engine-image-ei-843accdd-jdjd8,engine-image-ei-843accdd,12.6,1.0,15.4,0.0,0.0,0.0,0.0,0.0,0.0,0.0,10.0,34.0,892.0,normal
2026-06-01T01:00:17Z,worker-3,kube-system,nodelocaldns-pknk6,node-cache,14.2,5.2,0.3,1.1,0.0,5145.0,3785.0,0.0,0.0,0.0,0.0,0.0,776.0,normal
2026-06-01T01:00:17Z,worker-3,ebpf-final,ebpf-collector-dn4xc,collector,0.2,0.8,0.3,0.1,0.0,14986.0,20292.0,0.0,0.0,0.0,0.0,0.0,10.0,normal
2026-06-01T01:00:17Z,worker-3,kube-system,ovs-ovn-rnnnf,openvswitch,110.2,66.1,37.9,0.0,0.0,38.0,41.0,0.0,0.0,0.0,52.0,88.0,2717.0,normal
2026-06-01T01:00:17Z,worker-3,node,system,rsyslog.service,0.0,0.3,0.0,0.0,0.0,0.0,0.0,0.0,0.0,0.0,0.0,0.0,6.0,normal
2026-06-01T01:00:17Z,worker-3,node,system,multipathd.service,0.0,2.1,0.0,0.0,0.0,0.0,0.0,0.0,0.0,0.0,0.0,0.0,23.0,normal
2026-06-01T01:00:17Z,worker-3,unknown,pod-64b429dc,nginx-proxy,0.0,0.0,0.0,0.0,0.0,64056.0,64104.0,0.0,0.0,0.0,0.0,0.0,61.0,normal
2026-06-01T01:00:17Z,worker-3,node,system,cgroup,0.0,0.0,0.0,0.0,0.0,0.0,0.0,2531360.0,1051910144.0,1.0275053076155323,0.0,1.0,409003.0,normal
2026-06-01T01:00:17Z,worker-3,node,system,rpcbind.service,0.0,0.0,0.0,0.0,0.0,0.0,0.0,0.0,0.0,0.0,0.0,0.0,1.0,normal
2026-06-01T01:00:17Z,worker-3,node,system,dbus.service,0.0,0.0,0.0,0.0,0.0,0.0,0.0,0.0,0.0,0.0,0.0,0.0,4.0,normal
2026-06-01T01:00:17Z,worker-3,node,system,fwupd.service,0.0,0.0,0.0,0.0,0.0,0.0,0.0,0.0,0.0,0.0,0.0,0.0,8.0,normal
2026-06-01T01:00:17Z,worker-3,node,system,udisks2.service,0.0,0.0,0.0,0.0,0.0,0.0,0.0,0.0,0.0,0.0,0.0,0.0,3.0,normal
2026-06-01T01:00:17Z,worker-3,node,system,polkit.service,0.0,0.0,0.0,0.0,0.0,0.0,0.0,0.0,0.0,0.0,0.0,0.0,3.0,normal
2026-06-01T01:00:17Z,worker-3,node,system,chrony.service,0.0,0.0,0.0,0.0,0.0,0.0,0.0,0.0,0.0,0.0,0.0,0.0,2.0,normal
2026-06-01T01:00:17Z,worker-3,node,system,systemd-logind.service,0.0,0.0,0.0,0.0,0.0,0.0,0.0,0.0,0.0,0.0,0.0,0.0,15.0,normal
2026-06-01T01:00:27Z,worker-3,monitoring,my-monitoring-kube-state-metrics-cb8fc4474-7b8jn,kube-state-metrics,45.4,3.8,0.4,0.0,0.0,229362.0,1806.0,0.0,0.0,0.0,0.0,0.0,1015.0,normal
2026-06-01T01:00:27Z,worker-3,longhorn-system,csi-resizer-7d9bff5787-5x45s,csi-resizer,1.6,1.3,0.0,0.0,0.0,547.0,39.0,0.0,0.0,0.0,0.0,0.0,123.0,normal
2026-06-01T01:00:27Z,worker-3,longhorn-system,csi-attacher-896ffc747-ph5gc,csi-attacher,1.9,1.5,0.1,0.0,0.0,555.0,39.0,0.0,0.0,0.0,0.0,0.0,147.0,normal
2026-06-01T01:00:27Z,worker-3,longhorn-system,csi-provisioner-688964c44b-c6hh5,csi-provisioner,6.0,5.8,0.0,0.0,0.0,543.0,39.0,0.0,0.0,0.0,0.0,0.0,362.0,normal
2026-06-01T01:00:27Z,worker-3,kube-system,dns-autoscaler-5594cbb9c4-2d42r,autoscaler,32.5,2.9,0.0,0.0,0.0,204816.0,1466.0,0.0,0.0,0.0,0.0,0.0,657.0,normal
2026-06-01T01:00:27Z,worker-3,monitoring,my-monitoring-kube-prometh-operator-5598576fd7-b679t,kube-prometheus-stack,8.1,5.8,0.0,0.0,0.0,6040.0,6082.0,0.0,0.0,0.0,0.0,0.0,749.0,normal
2026-06-01T01:00:27Z,worker-3,gpu-operator,gpu-operator-1764036362-node-feature-discovery-worker-5pb7x,worker,211.7,4.2,111.8,0.0,0.0,137721.0,1811.0,0.0,0.0,0.0,0.0,0.0,1640.0,normal
2026-06-01T01:00:27Z,worker-3,kube-system,kube-ovn-pinger-ftt47,pinger,15.8,12.8,0.0,0.0,0.0,32412.0,375.0,0.0,4096.0,0.833538,0.0,0.0,3582.0,normal
2026-06-01T01:00:27Z,worker-3,longhorn-system,engine-image-ei-3154f3aa-qnht4,engine-image-ei-3154f3aa,12.8,1.0,15.6,0.0,0.0,0.0,0.0,0.0,0.0,0.0,10.0,46.0,1128.0,normal
2026-06-01T01:00:27Z,worker-3,longhorn-system,csi-snapshotter-65884686fc-2txm9,csi-snapshotter,2.5,2.1,0.0,0.0,0.0,1134.0,78.0,0.0,0.0,0.0,0.0,0.0,189.0,normal
2026-06-01T01:00:27Z,worker-3,longhorn-system,instance-manager-f29dc489575bdbeaa022ffe3d5167334,instance-manager,19.7,3.1,1.2,0.1,0.0,968.0,900.0,0.0,0.0,0.0,1.0,1.0,288.0,normal
2026-06-01T01:00:27Z,worker-3,longhorn-system,longhorn-manager-tvpsm,longhorn-manager,114.2,38.1,0.2,0.1,0.1,466875.0,10625.0,0.0,0.0,0.0,0.0,0.0,4559.0,normal
2026-06-01T01:00:27Z,worker-3,kube-system,tetragon-k4mpw,export-stdout,12.2,10.6,0.0,0.0,0.0,0.0,0.0,0.0,0.0,0.0,0.0,0.0,10.0,normal
2026-06-01T01:00:27Z,worker-3,kube-system,metrics-server-7c987796d6-7dfbh,metrics-server,42.1,11.0,0.0,0.0,0.0,208891.0,11086.0,0.0,0.0,0.0,0.0,0.0,1796.0,normal
2026-06-01T01:00:27Z,worker-3,kube-system,coredns-64b5cc5cbc-4qds2,coredns,29.3,11.2,0.1,1.0,0.0,6373.0,11612.0,0.0,0.0,0.0,0.0,0.0,1069.0,normal
2026-06-01T01:00:27Z,worker-3,gpu-operator,gpu-operator-1764036362-node-feature-discovery-gc-5577c78cghmp2,gc,21.7,2.6,0.0,0.0,0.0,130504.0,1340.0,0.0,0.0,0.0,0.0,0.0,425.0,normal
2026-06-01T01:00:27Z,worker-3,monitoring,my-monitoring-prometheus-node-exporter-bc6t2,node-exporter,0.4,0.2,0.0,0.0,0.0,208.0,3254.0,0.0,0.0,0.0,0.0,0.0,13.0,normal
2026-06-01T01:00:27Z,worker-3,longhorn-system,longhorn-csi-plugin-982sm,longhorn-liveness-probe,2.7,1.9,0.0,0.0,0.0,224.0,274.0,0.0,0.0,0.0,0.0,0.0,164.0,normal
2026-06-01T01:00:27Z,worker-3,kube-system,kube-ovn-controller-667d7fd768-w8whr,kube-ovn-controller,9.1,2.2,4.6,0.5,0.0,543.0,39.0,0.0,0.0,0.0,5.0,101.0,2950.0,normal
2026-06-01T01:00:27Z,worker-3,kube-system,kube-proxy-7jlgx,kube-proxy,2.7,0.3,0.0,0.0,0.0,18539.0,96.0,0.0,0.0,0.0,0.0,0.0,111.0,normal
2026-06-01T01:00:27Z,worker-3,node,system,kubelet.service,464.3,52.3,153.1,2.5,0.0,64398.0,297647.0,0.0,0.0,0.0,0.0,0.0,7883.0,normal
2026-06-01T01:00:27Z,worker-3,kube-system,kube-ovn-cni-kc97p,cni-server,335.5,22.3,459.9,0.4,0.0,204047.0,1200.0,0.0,0.0,0.0,133.0,204.0,5253.0,normal
2026-06-01T01:00:27Z,worker-3,node,system,init.scope,0.8,4.0,3.6,0.0,0.0,0.0,0.0,0.0,0.0,0.0,0.0,0.0,8.0,normal
2026-06-01T01:00:27Z,worker-3,longhorn-system,longhorn-csi-plugin-982sm,node-driver-registrar,0.1,0.1,0.0,0.0,0.0,0.0,0.0,0.0,0.0,0.0,0.0,0.0,9.0,normal
2026-06-01T01:00:27Z,worker-3,longhorn-system,longhorn-csi-plugin-982sm,longhorn-csi-plugin,2.3,0.8,0.0,0.0,0.0,0.0,0.0,0.0,0.0,0.0,0.0,0.0,111.0,normal
2026-06-01T01:00:27Z,worker-3,kube-system,tetragon-k4mpw,tetragon,5.6,3.9,0.0,0.0,0.0,18830.0,239.0,0.0,0.0,0.0,0.0,0.0,14923.0,normal
2026-06-01T01:00:27Z,worker-3,node,system,containerd.service,691.3,200.5,404.1,0.0,0.0,0.0,0.0,0.0,0.0,0.0,42.0,373.0,22810.0,normal
2026-06-01T01:00:27Z,worker-3,longhorn-system,engine-image-ei-843accdd-jdjd8,engine-image-ei-843accdd,12.5,1.0,15.3,0.0,0.0,0.0,0.0,0.0,0.0,0.0,10.0,35.0,886.0,normal
2026-06-01T01:00:27Z,worker-3,kube-system,nodelocaldns-pknk6,node-cache,13.3,4.6,0.3,1.0,0.0,4922.0,3562.0,0.0,0.0,0.0,0.0,0.0,791.0,normal
2026-06-01T01:00:27Z,worker-3,ebpf-final,ebpf-collector-dn4xc,collector,0.2,0.8,0.3,0.1,0.0,16714.0,22626.0,0.0,0.0,0.0,0.0,0.0,15.0,normal
2026-06-01T01:00:27Z,worker-3,kube-system,ovs-ovn-rnnnf,openvswitch,107.8,64.2,37.5,0.0,0.0,38.0,41.0,0.0,0.0,0.0,52.0,88.0,2662.0,normal
2026-06-01T01:00:27Z,worker-3,node,system,multipathd.service,0.0,2.2,0.0,0.0,0.0,0.0,0.0,0.0,0.0,0.0,0.0,0.0,23.0,normal
2026-06-01T01:00:27Z,worker-3,unknown,pod-64b429dc,nginx-proxy,0.0,0.0,0.0,0.0,0.0,58598.0,58646.0,0.0,0.0,0.0,0.0,0.0,61.0,normal
2026-06-01T01:00:27Z,worker-3,node,system,cgroup,0.0,0.0,0.0,0.0,0.0,0.0,0.0,2322472.0,1053511680.0,1.008584225862484,0.0,1.0,411596.0,normal
2026-06-01T01:00:27Z,worker-3,node,system,rsyslog.service,0.0,0.0,0.0,0.0,0.0,0.0,0.0,0.0,0.0,0.0,0.0,0.0,1.0,normal
2026-06-01T01:00:27Z,worker-3,node,system,dbus.service,0.0,0.0,0.0,0.0,0.0,0.0,0.0,0.0,0.0,0.0,0.0,0.0,9.0,normal
2026-06-01T01:00:27Z,worker-3,node,system,fwupd.service,0.0,0.0,0.0,0.0,0.0,0.0,0.0,0.0,0.0,0.0,0.0,0.0,7.0,normal
2026-06-01T01:00:27Z,worker-3,node,system,udisks2.service,0.0,0.0,0.0,0.0,0.0,0.0,0.0,0.0,0.0,0.0,0.0,0.0,2.0,normal
2026-06-01T01:00:27Z,worker-3,node,system,polkit.service,0.0,0.0,0.0,0.0,0.0,0.0,0.0,0.0,0.0,0.0,0.0,0.0,2.0,normal
2026-06-01T01:00:38Z,worker-3,monitoring,my-monitoring-kube-state-metrics-cb8fc4474-7b8jn,kube-state-metrics,47.4,53.9,0.4,0.0,0.0,231485.0,2037135.0,0.0,0.0,0.0,0.0,0.0,1155.0,normal
2026-06-01T01:00:38Z,worker-3,longhorn-system,csi-resizer-7d9bff5787-5x45s,csi-resizer,2.5,2.0,0.1,0.0,0.0,547.0,39.0,0.0,0.0,0.0,0.0,0.0,134.0,normal
2026-06-01T01:00:38Z,worker-3,longhorn-system,csi-attacher-896ffc747-ph5gc,csi-attacher,1.8,1.4,0.0,0.0,0.0,1115.0,78.0,0.0,0.0,0.0,0.0,0.0,182.0,normal
2026-06-01T01:00:38Z,worker-3,longhorn-system,csi-provisioner-688964c44b-c6hh5,csi-provisioner,7.3,6.9,0.0,0.0,0.0,1086.0,78.0,0.0,0.0,0.0,0.0,0.0,415.0,normal
2026-06-01T01:00:38Z,worker-3,kube-system,dns-autoscaler-5594cbb9c4-2d42r,autoscaler,33.4,3.0,0.0,0.0,0.0,204705.0,1372.0,0.0,0.0,0.0,0.0,0.0,653.0,normal
2026-06-01T01:00:38Z,worker-3,monitoring,my-monitoring-kube-prometh-operator-5598576fd7-b679t,kube-prometheus-stack,10.6,5.5,0.5,0.0,0.0,5493.0,14463.0,0.0,0.0,0.0,0.0,0.0,1052.0,normal
2026-06-01T01:00:38Z,worker-3,gpu-operator,gpu-operator-1764036362-node-feature-discovery-worker-5pb7x,worker,0.5,0.2,0.0,0.0,0.0,222.0,188.0,0.0,0.0,0.0,0.0,0.0,32.0,normal
2026-06-01T01:00:38Z,worker-3,kube-system,kube-ovn-pinger-ftt47,pinger,49.5,19.0,13.2,0.2,0.0,116850.0,1580.0,0.0,40960.0,1.042205111111111,17.0,26.0,3449.0,normal
2026-06-01T01:00:38Z,worker-3,longhorn-system,engine-image-ei-3154f3aa-qnht4,engine-image-ei-3154f3aa,15.7,1.2,19.2,0.0,0.0,0.0,0.0,0.0,0.0,0.0,12.0,54.0,1351.0,normal
2026-06-01T01:00:38Z,worker-3,longhorn-system,csi-snapshotter-65884686fc-2txm9,csi-snapshotter,2.5,2.1,0.1,0.0,0.0,565.0,39.0,0.0,0.0,0.0,0.0,0.0,140.0,normal
2026-06-01T01:00:38Z,worker-3,longhorn-system,instance-manager-f29dc489575bdbeaa022ffe3d5167334,instance-manager,196.9,4.8,13.5,0.4,0.0,1274.0,1076.0,0.0,0.0,0.0,7.0,7.0,450.0,normal
2026-06-01T01:00:38Z,worker-3,longhorn-system,longhorn-manager-tvpsm,longhorn-manager,146.1,44.8,8.5,0.3,0.0,476561.0,19570.0,0.0,0.0,0.0,2.0,8.0,5115.0,normal
2026-06-01T01:00:38Z,worker-3,kube-system,tetragon-k4mpw,export-stdout,27.1,25.3,0.0,0.0,0.0,0.0,0.0,0.0,0.0,0.0,0.0,0.0,11.0,normal
2026-06-01T01:00:38Z,worker-3,kube-system,metrics-server-7c987796d6-7dfbh,metrics-server,52.2,14.7,0.0,0.0,0.0,246092.0,15251.0,0.0,0.0,0.0,0.0,0.0,2131.0,normal
2026-06-01T01:00:38Z,worker-3,kube-system,coredns-64b5cc5cbc-4qds2,coredns,34.8,12.6,0.4,1.0,0.0,8766.0,18703.0,0.0,0.0,0.0,0.0,0.0,1218.0,normal
2026-06-01T01:00:38Z,worker-3,gpu-operator,gpu-operator-1764036362-node-feature-discovery-gc-5577c78cghmp2,gc,21.6,2.7,0.0,0.0,0.0,130504.0,1340.0,0.0,0.0,0.0,0.0,0.0,500.0,normal
2026-06-01T01:00:38Z,worker-3,monitoring,my-monitoring-prometheus-node-exporter-bc6t2,node-exporter,190.0,0.8,167.8,0.0,0.0,573.0,27713.0,0.0,0.0,0.0,0.0,0.0,249.0,normal
2026-06-01T01:00:38Z,worker-3,longhorn-system,longhorn-csi-plugin-982sm,longhorn-liveness-probe,3.2,2.1,0.0,0.0,0.0,224.0,274.0,0.0,0.0,0.0,0.0,0.0,213.0,normal
2026-06-01T01:00:38Z,worker-3,kube-system,kube-ovn-controller-667d7fd768-w8whr,kube-ovn-controller,9.6,2.5,4.6,0.5,0.0,1086.0,1042.0,0.0,0.0,0.0,5.0,93.0,2953.0,normal
2026-06-01T01:00:38Z,worker-3,kube-system,kube-proxy-7jlgx,kube-proxy,2.7,0.4,0.0,0.0,0.0,18539.0,96.0,0.0,0.0,0.0,0.0,0.0,103.0,normal
2026-06-01T01:00:38Z,worker-3,node,system,kubelet.service,568.8,49.5,201.2,2.3,0.0,62555.0,271906.0,0.0,0.0,0.0,2.0,2.0,7672.0,normal
2026-06-01T01:00:38Z,worker-3,kube-system,kube-ovn-cni-kc97p,cni-server,334.8,21.4,459.8,0.2,0.0,204047.0,1200.0,0.0,0.0,0.0,133.0,169.0,3911.0,normal
2026-06-01T01:00:38Z,worker-3,longhorn-system,longhorn-csi-plugin-982sm,node-driver-registrar,0.1,0.1,0.0,0.0,0.0,0.0,0.0,0.0,0.0,0.0,0.0,0.0,9.0,normal
2026-06-01T01:00:38Z,worker-3,longhorn-system,longhorn-csi-plugin-982sm,longhorn-csi-plugin,2.8,1.2,0.0,0.0,0.0,0.0,0.0,0.0,0.0,0.0,0.0,0.0,104.0,normal
2026-06-01T01:00:38Z,worker-3,kube-system,tetragon-k4mpw,tetragon,8.0,6.6,0.4,0.0,0.0,19481.0,23922.0,0.0,0.0,0.0,0.0,0.0,16032.0,normal
2026-06-01T01:00:38Z,worker-3,node,system,containerd.service,600.4,206.3,333.4,0.0,0.0,0.0,0.0,0.0,0.0,0.0,42.0,378.0,21694.0,normal
2026-06-01T01:00:38Z,worker-3,longhorn-system,engine-image-ei-843accdd-jdjd8,engine-image-ei-843accdd,12.4,1.0,15.2,0.0,0.0,0.0,0.0,0.0,0.0,0.0,10.0,26.0,669.0,normal
2026-06-01T01:00:38Z,worker-3,kube-system,nodelocaldns-pknk6,node-cache,13.3,4.6,0.4,1.0,0.0,4922.0,3562.0,0.0,0.0,0.0,0.0,0.0,745.0,normal
2026-06-01T01:00:38Z,worker-3,ebpf-final,ebpf-collector-dn4xc,collector,209.9,0.9,192.2,0.1,0.0,292973.0,21709.0,0.0,0.0,0.0,0.0,0.0,230.0,normal
2026-06-01T01:00:38Z,worker-3,kube-system,ovs-ovn-rnnnf,openvswitch,105.5,62.2,38.0,0.0,0.0,38.0,41.0,0.0,0.0,0.0,52.0,88.0,2642.0,normal
2026-06-01T01:00:38Z,worker-3,node,system,multipathd.service,0.0,2.4,0.0,0.0,0.0,0.0,0.0,0.0,0.0,0.0,0.0,0.0,27.0,normal
2026-06-01T01:00:38Z,worker-3,unknown,pod-64b429dc,nginx-proxy,0.0,0.0,0.0,0.0,0.0,61801.0,61849.0,0.0,0.0,0.0,0.0,0.0,55.0,normal
2026-06-01T01:00:38Z,worker-3,node,system,cgroup,0.0,0.0,0.0,0.0,0.0,0.0,0.0,2428968.0,1091796992.0,0.9919741133231814,0.0,2.0,428678.0,normal
2026-06-01T01:00:38Z,worker-3,node,system,rpcbind.service,0.0,0.0,0.0,0.0,0.0,0.0,0.0,0.0,0.0,0.0,0.0,0.0,1.0,normal
2026-06-01T01:00:38Z,worker-3,node,system,fwupd.service,0.0,0.0,0.0,0.0,0.0,0.0,0.0,0.0,0.0,0.0,0.0,0.0,8.0,normal
2026-06-01T01:00:38Z,worker-3,node,system,udisks2.service,0.0,0.0,0.0,0.0,0.0,0.0,0.0,0.0,0.0,0.0,0.0,0.0,3.0,normal
2026-06-01T01:00:38Z,worker-3,node,system,polkit.service,0.0,0.0,0.0,0.0,0.0,0.0,0.0,0.0,0.0,0.0,0.0,0.0,3.0,normal
2026-06-01T01:00:48Z,worker-3,monitoring,my-monitoring-kube-state-metrics-cb8fc4474-7b8jn,kube-state-metrics,47.2,13.2,0.5,0.0,0.0,230923.0,380456.0,0.0,0.0,0.0,0.0,0.0,1078.0,normal
2026-06-01T01:00:48Z,worker-3,longhorn-system,csi-resizer-7d9bff5787-5x45s,csi-resizer,1.6,1.3,0.0,0.0,0.0,547.0,39.0,0.0,0.0,0.0,0.0,0.0,122.0,normal
2026-06-01T01:00:48Z,worker-3,longhorn-system,csi-attacher-896ffc747-ph5gc,csi-attacher,1.2,1.0,0.0,0.0,0.0,556.0,39.0,0.0,0.0,0.0,0.0,0.0,197.0,normal
2026-06-01T01:00:48Z,worker-3,longhorn-system,csi-provisioner-688964c44b-c6hh5,csi-provisioner,6.1,5.7,0.1,0.0,0.0,543.0,39.0,0.0,0.0,0.0,0.0,0.0,372.0,normal
2026-06-01T01:00:48Z,worker-3,kube-system,dns-autoscaler-5594cbb9c4-2d42r,autoscaler,33.6,2.9,0.0,0.0,0.0,204702.0,1372.0,0.0,0.0,0.0,0.0,0.0,682.0,normal
2026-06-01T01:00:48Z,worker-3,node,system,systemd-journald.service,1.4,0.0,1.1,0.0,0.0,0.0,0.0,0.0,0.0,0.0,0.0,0.0,3.0,normal
2026-06-01T01:00:48Z,worker-3,monitoring,my-monitoring-kube-prometh-operator-5598576fd7-b679t,kube-prometheus-stack,8.1,6.2,0.0,0.0,0.0,4215.0,4227.0,0.0,0.0,0.0,0.0,0.0,850.0,normal
2026-06-01T01:00:48Z,worker-3,gpu-operator,gpu-operator-1764036362-node-feature-discovery-worker-5pb7x,worker,0.6,0.2,0.0,0.0,0.0,222.0,188.0,0.0,0.0,0.0,0.0,0.0,32.0,normal
2026-06-01T01:00:48Z,worker-3,kube-system,kube-ovn-pinger-ftt47,pinger,40.5,19.1,13.3,0.2,0.0,116753.0,1436.0,0.0,12288.0,1.6897975,17.0,26.0,3750.0,normal
2026-06-01T01:00:48Z,worker-3,longhorn-system,engine-image-ei-3154f3aa-qnht4,engine-image-ei-3154f3aa,12.8,1.0,15.6,0.0,0.0,0.0,0.0,0.0,0.0,0.0,10.0,44.0,1133.0,normal
2026-06-01T01:00:48Z,worker-3,longhorn-system,csi-snapshotter-65884686fc-2txm9,csi-snapshotter,2.4,2.2,0.0,0.0,0.0,565.0,39.0,0.0,0.0,0.0,0.0,0.0,129.0,normal
2026-06-01T01:00:48Z,worker-3,longhorn-system,instance-manager-f29dc489575bdbeaa022ffe3d5167334,instance-manager,183.1,2.2,12.4,0.4,0.0,467.0,455.0,0.0,0.0,0.0,6.0,6.0,326.0,normal
2026-06-01T01:00:48Z,worker-3,longhorn-system,longhorn-manager-tvpsm,longhorn-manager,119.2,42.8,0.1,0.1,0.0,467436.0,11470.0,0.0,0.0,0.0,0.0,0.0,4653.0,normal
2026-06-01T01:00:48Z,worker-3,kube-system,tetragon-k4mpw,export-stdout,9.0,7.6,0.0,0.0,0.0,0.0,0.0,0.0,0.0,0.0,0.0,0.0,10.0,normal
2026-06-01T01:00:48Z,worker-3,kube-system,metrics-server-7c987796d6-7dfbh,metrics-server,50.5,13.9,0.1,0.0,0.0,244722.0,55449.0,0.0,0.0,0.0,0.0,0.0,2073.0,normal
2026-06-01T01:00:48Z,worker-3,kube-system,coredns-64b5cc5cbc-4qds2,coredns,32.3,12.8,0.0,1.0,0.0,6847.0,12620.0,0.0,0.0,0.0,0.0,0.0,1178.0,normal
2026-06-01T01:00:48Z,worker-3,gpu-operator,gpu-operator-1764036362-node-feature-discovery-gc-5577c78cghmp2,gc,21.5,2.6,0.0,0.0,0.0,130504.0,1340.0,0.0,0.0,0.0,0.0,0.0,432.0,normal
2026-06-01T01:00:48Z,worker-3,monitoring,my-monitoring-prometheus-node-exporter-bc6t2,node-exporter,0.2,0.2,0.0,0.0,0.0,208.0,3254.0,0.0,0.0,0.0,0.0,0.0,14.0,normal
2026-06-01T01:00:48Z,worker-3,longhorn-system,longhorn-csi-plugin-982sm,longhorn-liveness-probe,2.1,1.7,0.0,0.0,0.0,224.0,274.0,0.0,0.0,0.0,0.0,0.0,152.0,normal
2026-06-01T01:00:48Z,worker-3,kube-system,kube-ovn-controller-667d7fd768-w8whr,kube-ovn-controller,7.1,1.9,3.6,0.4,0.0,0.0,0.0,0.0,0.0,0.0,4.0,71.0,2274.0,normal
2026-06-01T01:00:48Z,worker-3,kube-system,kube-proxy-7jlgx,kube-proxy,2.6,0.3,0.0,0.0,0.0,18539.0,96.0,0.0,0.0,0.0,0.0,0.0,98.0,normal
2026-06-01T01:00:48Z,worker-3,node,system,kubelet.service,597.2,50.2,211.2,2.3,0.0,60589.0,274967.0,0.0,0.0,0.0,0.0,0.0,8086.0,normal
2026-06-01T01:00:48Z,worker-3,kube-system,kube-ovn-cni-kc97p,cni-server,388.9,27.3,568.9,0.4,0.0,204197.0,1200.0,0.0,0.0,0.0,172.0,244.0,5664.0,normal
2026-06-01T01:00:48Z,worker-3,longhorn-system,longhorn-csi-plugin-982sm,node-driver-registrar,0.1,0.1,0.0,0.0,0.0,0.0,0.0,0.0,0.0,0.0,0.0,0.0,9.0,normal
2026-06-01T01:00:48Z,worker-3,longhorn-system,longhorn-csi-plugin-982sm,longhorn-csi-plugin,2.3,0.9,0.0,0.0,0.0,0.0,0.0,0.0,0.0,0.0,0.0,0.0,65.0,normal
2026-06-01T01:00:48Z,worker-3,kube-system,tetragon-k4mpw,tetragon,5.9,3.6,0.0,0.0,0.0,18991.0,239.0,0.0,0.0,0.0,0.0,0.0,16109.0,normal
2026-06-01T01:00:48Z,worker-3,node,system,containerd.service,576.3,189.7,333.6,0.0,0.0,0.0,0.0,0.0,0.0,0.0,42.0,379.0,20872.0,normal
2026-06-01T01:00:48Z,worker-3,longhorn-system,engine-image-ei-843accdd-jdjd8,engine-image-ei-843accdd,12.5,1.0,15.3,0.0,0.0,0.0,0.0,0.0,0.0,0.0,10.0,29.0,740.0,normal
2026-06-01T01:00:48Z,worker-3,kube-system,nodelocaldns-pknk6,node-cache,12.1,4.0,0.3,1.0,0.0,4922.0,3500.0,0.0,0.0,0.0,0.0,0.0,734.0,normal
2026-06-01T01:00:48Z,worker-3,ebpf-final,ebpf-collector-dn4xc,collector,0.2,0.8,0.3,0.1,0.0,14301.0,19355.0,0.0,0.0,0.0,0.0,0.0,8.0,normal
2026-06-01T01:00:48Z,worker-3,kube-system,ovs-ovn-rnnnf,openvswitch,107.6,64.7,38.2,0.0,0.0,38.0,41.0,0.0,0.0,0.0,52.0,88.0,2717.0,normal
2026-06-01T01:00:48Z,worker-3,node,system,rsyslog.service,0.0,0.2,0.0,0.0,0.0,0.0,0.0,0.0,0.0,0.0,0.0,0.0,4.0,normal
2026-06-01T01:00:48Z,worker-3,node,system,multipathd.service,0.0,2.2,0.0,0.0,0.0,0.0,0.0,0.0,0.0,0.0,0.0,0.0,26.0,normal
2026-06-01T01:00:48Z,worker-3,unknown,pod-64b429dc,nginx-proxy,0.0,0.0,0.0,0.0,0.0,58377.0,58425.0,0.0,0.0,0.0,0.0,0.0,55.0,normal
2026-06-01T01:00:48Z,worker-3,node,system,cgroup,0.0,0.0,0.0,0.0,0.0,0.0,0.0,2285608.0,1071853568.0,1.0140130102699778,0.0,0.0,410982.0,normal
2026-06-01T01:00:48Z,worker-3,node,system,fwupd.service,0.0,0.0,0.0,0.0,0.0,0.0,0.0,0.0,0.0,0.0,0.0,0.0,7.0,normal
2026-06-01T01:00:48Z,worker-3,node,system,udisks2.service,0.0,0.0,0.0,0.0,0.0,0.0,0.0,0.0,0.0,0.0,0.0,0.0,2.0,normal
2026-06-01T01:00:48Z,worker-3,node,system,polkit.service,0.0,0.0,0.0,0.0,0.0,0.0,0.0,0.0,0.0,0.0,0.0,0.0,2.0,normal
2026-06-01T01:00:58Z,worker-3,monitoring,my-monitoring-kube-state-metrics-cb8fc4474-7b8jn,kube-state-metrics,49.4,4.2,0.4,0.0,0.0,247852.0,1972.0,0.0,0.0,0.0,0.0,0.0,1106.0,normal
2026-06-01T01:00:58Z,worker-3,node,system,udev,0.1,0.0,0.0,0.0,0.0,0.0,0.0,0.0,0.0,0.0,0.0,0.0,1.0,normal
2026-06-01T01:00:58Z,worker-3,longhorn-system,csi-resizer-7d9bff5787-5x45s,csi-resizer,1.7,1.3,0.0,0.0,0.0,1235.0,78.0,0.0,0.0,0.0,0.0,0.0,132.0,normal
2026-06-01T01:00:58Z,worker-3,node,system,systemd-resolved.service,0.1,0.0,0.0,0.0,0.0,0.0,0.0,0.0,0.0,0.0,0.0,0.0,1.0,normal
2026-06-01T01:00:58Z,worker-3,longhorn-system,csi-attacher-896ffc747-ph5gc,csi-attacher,1.6,1.2,0.0,0.0,0.0,1112.0,78.0,0.0,0.0,0.0,0.0,0.0,233.0,normal
2026-06-01T01:00:58Z,worker-3,longhorn-system,csi-provisioner-688964c44b-c6hh5,csi-provisioner,7.0,6.8,0.0,0.0,0.0,543.0,39.0,0.0,0.0,0.0,0.0,0.0,391.0,normal
2026-06-01T01:00:58Z,worker-3,node,system,systemd-networkd.service,0.1,0.0,0.0,0.0,0.0,0.0,0.0,0.0,0.0,0.0,0.0,0.0,1.0,normal
2026-06-01T01:00:58Z,worker-3,kube-system,dns-autoscaler-5594cbb9c4-2d42r,autoscaler,33.5,2.9,0.0,0.0,0.0,204704.0,1372.0,0.0,0.0,0.0,0.0,0.0,637.0,normal
2026-06-01T01:00:58Z,worker-3,monitoring,my-monitoring-kube-prometh-operator-5598576fd7-b679t,kube-prometheus-stack,7.6,6.4,0.0,0.0,0.0,3681.0,4053.0,0.0,0.0,0.0,0.0,0.0,697.0,normal
2026-06-01T01:00:58Z,worker-3,gpu-operator,gpu-operator-1764036362-node-feature-discovery-worker-5pb7x,worker,0.9,0.4,0.0,0.0,0.0,261.0,227.0,0.0,0.0,0.0,0.0,0.0,102.0,normal
2026-06-01T01:00:58Z,worker-3,kube-system,kube-ovn-pinger-ftt47,pinger,38.6,18.8,13.2,0.2,0.0,116721.0,1436.0,0.0,12288.0,0.0540225,17.0,26.0,3184.0,normal
2026-06-01T01:00:58Z,worker-3,longhorn-system,engine-image-ei-3154f3aa-qnht4,engine-image-ei-3154f3aa,12.8,1.0,15.6,0.0,0.0,0.0,0.0,0.0,0.0,0.0,10.0,45.0,1091.0,normal
2026-06-01T01:00:58Z,worker-3,longhorn-system,csi-snapshotter-65884686fc-2txm9,csi-snapshotter,2.4,2.3,0.0,0.0,0.0,565.0,39.0,0.0,0.0,0.0,0.0,0.0,132.0,normal
2026-06-01T01:00:58Z,worker-3,longhorn-system,instance-manager-f29dc489575bdbeaa022ffe3d5167334,instance-manager,184.2,2.9,12.4,0.4,0.0,519.0,506.0,0.0,0.0,0.0,6.0,6.0,305.0,normal
2026-06-01T01:00:58Z,worker-3,longhorn-system,longhorn-manager-tvpsm,longhorn-manager,120.7,43.7,0.1,0.1,0.0,487742.0,10576.0,0.0,0.0,0.0,0.0,0.0,4831.0,normal
2026-06-01T01:00:58Z,worker-3,kube-system,tetragon-k4mpw,export-stdout,9.0,7.6,0.0,0.0,0.0,0.0,0.0,0.0,0.0,0.0,0.0,0.0,10.0,normal
2026-06-01T01:00:58Z,worker-3,kube-system,metrics-server-7c987796d6-7dfbh,metrics-server,45.6,13.5,0.0,0.0,0.0,210962.0,86291.0,0.0,0.0,0.0,0.0,0.0,1952.0,normal
2026-06-01T01:00:58Z,worker-3,kube-system,coredns-64b5cc5cbc-4qds2,coredns,32.8,12.4,0.1,1.0,0.0,7070.0,13282.0,0.0,0.0,0.0,0.0,0.0,1197.0,normal
2026-06-01T01:00:58Z,worker-3,gpu-operator,gpu-operator-1764036362-node-feature-discovery-gc-5577c78cghmp2,gc,22.5,2.6,0.0,0.0,0.0,130504.0,1340.0,0.0,0.0,0.0,0.0,0.0,438.0,normal
2026-06-01T01:00:58Z,worker-3,monitoring,my-monitoring-prometheus-node-exporter-bc6t2,node-exporter,0.4,0.2,0.0,0.0,0.0,208.0,3254.0,0.0,0.0,0.0,0.0,0.0,16.0,normal
2026-06-01T01:00:58Z,worker-3,longhorn-system,longhorn-csi-plugin-982sm,longhorn-liveness-probe,3.4,2.5,0.0,0.0,0.0,224.0,274.0,0.0,0.0,0.0,0.0,0.0,171.0,normal
2026-06-01T01:00:58Z,worker-3,kube-system,kube-ovn-controller-667d7fd768-w8whr,kube-ovn-controller,10.9,2.7,5.5,0.6,0.0,545.0,39.0,0.0,0.0,0.0,6.0,117.0,3605.0,normal
2026-06-01T01:00:58Z,worker-3,kube-system,kube-proxy-7jlgx,kube-proxy,2.8,0.2,0.0,0.0,0.0,18804.0,96.0,0.0,0.0,0.0,0.0,0.0,135.0,normal
2026-06-01T01:00:58Z,worker-3,node,system,kubelet.service,461.1,50.1,155.5,2.3,0.0,60572.0,295915.0,0.0,0.0,0.0,0.0,0.0,8094.0,normal
2026-06-01T01:00:58Z,worker-3,kube-system,kube-ovn-cni-kc97p,cni-server,329.8,21.1,456.8,0.2,0.0,203900.0,1200.0,0.0,0.0,0.0,130.0,166.0,3943.0,normal
2026-06-01T01:00:58Z,worker-3,node,system,init.scope,0.6,0.0,0.3,0.0,0.0,0.0,0.0,0.0,0.0,0.0,0.0,0.0,1.0,normal
2026-06-01T01:00:58Z,worker-3,longhorn-system,longhorn-csi-plugin-982sm,node-driver-registrar,0.1,0.1,0.0,0.0,0.0,0.0,0.0,0.0,0.0,0.0,0.0,0.0,9.0,normal
2026-06-01T01:00:58Z,worker-3,longhorn-system,longhorn-csi-plugin-982sm,longhorn-csi-plugin,3.1,1.4,0.0,0.0,0.0,0.0,0.0,0.0,0.0,0.0,0.0,0.0,71.0,normal
2026-06-01T01:00:58Z,worker-3,kube-system,tetragon-k4mpw,tetragon,6.0,3.7,0.0,0.0,0.0,18830.0,239.0,0.0,0.0,0.0,0.0,0.0,14963.0,normal
2026-06-01T01:00:58Z,worker-3,node,system,containerd.service,687.7,199.0,403.7,0.0,0.0,0.0,0.0,0.0,0.0,0.0,42.0,378.0,22347.0,normal
2026-06-01T01:00:58Z,worker-3,longhorn-system,engine-image-ei-843accdd-jdjd8,engine-image-ei-843accdd,12.5,1.0,15.3,0.0,0.0,0.0,0.0,0.0,0.0,0.0,10.0,32.0,732.0,normal
2026-06-01T01:00:58Z,worker-3,kube-system,nodelocaldns-pknk6,node-cache,28.1,6.1,59.1,1.0,0.0,4922.0,3562.0,0.0,0.0,0.0,12.0,12.0,965.0,normal
2026-06-01T01:00:58Z,worker-3,ebpf-final,ebpf-collector-dn4xc,collector,0.2,0.8,0.3,0.1,0.0,14637.0,19792.0,0.0,0.0,0.0,0.0,0.0,14.0,normal
2026-06-01T01:00:58Z,worker-3,kube-system,ovs-ovn-rnnnf,openvswitch,105.4,61.8,37.9,0.0,0.0,38.0,41.0,0.0,0.0,0.0,52.0,88.0,2562.0,normal
2026-06-01T01:00:58Z,worker-3,node,system,multipathd.service,0.0,2.1,0.0,0.0,0.0,0.0,0.0,0.0,0.0,0.0,0.0,0.0,23.0,normal
2026-06-01T01:00:58Z,worker-3,unknown,pod-64b429dc,nginx-proxy,0.0,0.0,0.0,0.0,0.0,58477.0,58525.0,0.0,0.0,0.0,0.0,0.0,54.0,normal
2026-06-01T01:00:58Z,worker-3,node,system,cgroup,0.0,0.0,0.0,0.0,0.0,0.0,0.0,2273320.0,1084776448.0,0.9540139792326015,0.0,0.0,425899.0,normal
2026-06-01T01:00:58Z,worker-3,node,system,fwupd.service,0.0,0.0,0.0,0.0,0.0,0.0,0.0,0.0,0.0,0.0,0.0,0.0,8.0,normal
2026-06-01T01:00:58Z,worker-3,node,system,udisks2.service,0.0,0.0,0.0,0.0,0.0,0.0,0.0,0.0,0.0,0.0,0.0,0.0,3.0,normal
2026-06-01T01:00:58Z,worker-3,node,system,polkit.service,0.0,0.0,0.0,0.0,0.0,0.0,0.0,0.0,0.0,0.0,0.0,0.0,3.0,normal
2026-06-01T01:01:08Z,worker-3,monitoring,my-monitoring-kube-state-metrics-cb8fc4474-7b8jn,kube-state-metrics,46.7,62.9,0.4,0.0,0.0,231350.0,2408120.0,0.0,0.0,0.0,0.0,0.0,1175.0,normal
2026-06-01T01:01:08Z,worker-3,longhorn-system,csi-resizer-7d9bff5787-5x45s,csi-resizer,1.4,1.4,0.0,0.0,0.0,547.0,74.0,0.0,0.0,0.0,0.0,0.0,126.0,normal
2026-06-01T01:01:08Z,worker-3,longhorn-system,csi-attacher-896ffc747-ph5gc,csi-attacher,1.6,1.4,0.0,0.0,0.0,556.0,39.0,0.0,0.0,0.0,0.0,0.0,149.0,normal
2026-06-01T01:01:08Z,worker-3,longhorn-system,csi-provisioner-688964c44b-c6hh5,csi-provisioner,7.8,7.4,0.0,0.0,0.0,1087.0,113.0,0.0,0.0,0.0,0.0,0.0,466.0,normal
2026-06-01T01:01:08Z,worker-3,kube-system,dns-autoscaler-5594cbb9c4-2d42r,autoscaler,33.9,2.9,0.1,0.0,0.0,204703.0,1372.0,0.0,0.0,0.0,0.0,0.0,716.0,normal
2026-06-01T01:01:08Z,worker-3,node,system,systemd-journald.service,1.4,0.0,1.0,0.0,0.0,0.0,0.0,0.0,0.0,0.0,0.0,0.0,2.0,normal
2026-06-01T01:01:08Z,worker-3,monitoring,my-monitoring-kube-prometh-operator-5598576fd7-b679t,kube-prometheus-stack,13.5,9.0,0.5,0.0,0.0,5175.0,14255.0,0.0,0.0,0.0,0.0,0.0,1120.0,normal
2026-06-01T01:01:08Z,worker-3,gpu-operator,gpu-operator-1764036362-node-feature-discovery-worker-5pb7x,worker,0.5,0.2,0.0,0.0,0.0,222.0,188.0,0.0,0.0,0.0,0.0,0.0,31.0,normal
2026-06-01T01:01:08Z,worker-3,kube-system,kube-ovn-pinger-ftt47,pinger,44.7,19.1,13.2,0.2,0.0,116759.0,1484.0,0.0,12288.0,0.3348705,17.0,26.0,3373.0,normal
2026-06-01T01:01:08Z,worker-3,longhorn-system,engine-image-ei-3154f3aa-qnht4,engine-image-ei-3154f3aa,12.8,1.0,15.6,0.0,0.0,0.0,0.0,0.0,0.0,0.0,10.0,44.0,1134.0,normal
2026-06-01T01:01:08Z,worker-3,longhorn-system,csi-snapshotter-65884686fc-2txm9,csi-snapshotter,2.7,2.3,0.0,0.0,0.0,1131.0,78.0,0.0,0.0,0.0,0.0,0.0,150.0,normal
2026-06-01T01:01:08Z,worker-3,longhorn-system,instance-manager-f29dc489575bdbeaa022ffe3d5167334,instance-manager,196.9,4.5,13.5,0.4,0.0,1298.0,1076.0,0.0,0.0,0.0,7.0,7.0,466.0,normal
2026-06-01T01:01:08Z,worker-3,longhorn-system,longhorn-manager-tvpsm,longhorn-manager,152.2,48.8,8.5,0.3,0.0,478664.0,19907.0,0.0,0.0,0.0,2.0,11.0,5582.0,normal
2026-06-01T01:01:08Z,worker-3,kube-system,tetragon-k4mpw,export-stdout,26.8,25.2,0.0,0.0,0.0,0.0,0.0,0.0,0.0,0.0,0.0,0.0,10.0,normal
2026-06-01T01:01:08Z,worker-3,kube-system,metrics-server-7c987796d6-7dfbh,metrics-server,49.3,13.9,0.0,0.0,0.0,243365.0,11361.0,0.0,0.0,0.0,0.0,0.0,2078.0,normal
2026-06-01T01:01:08Z,worker-3,kube-system,coredns-64b5cc5cbc-4qds2,coredns,36.6,13.5,0.4,1.1,0.0,9038.0,19027.0,0.0,0.0,0.0,0.0,0.0,1225.0,normal
2026-06-01T01:01:08Z,worker-3,gpu-operator,gpu-operator-1764036362-node-feature-discovery-gc-5577c78cghmp2,gc,21.9,2.8,0.0,0.0,0.0,130504.0,1340.0,0.0,0.0,0.0,0.0,0.0,433.0,normal
2026-06-01T01:01:08Z,worker-3,monitoring,my-monitoring-prometheus-node-exporter-bc6t2,node-exporter,190.0,0.8,167.8,0.0,0.0,573.0,27729.0,0.0,0.0,0.0,0.0,0.0,121.0,normal
2026-06-01T01:01:08Z,worker-3,longhorn-system,longhorn-csi-plugin-982sm,longhorn-liveness-probe,2.8,1.9,0.0,0.0,0.0,224.0,274.0,0.0,0.0,0.0,0.0,0.0,150.0,normal
2026-06-01T01:01:08Z,worker-3,kube-system,kube-ovn-controller-667d7fd768-w8whr,kube-ovn-controller,8.0,2.4,3.7,0.4,0.0,1085.0,113.0,0.0,0.0,0.0,4.0,80.0,2507.0,normal
2026-06-01T01:01:08Z,worker-3,kube-system,kube-proxy-7jlgx,kube-proxy,3.1,0.5,0.0,0.0,0.0,18664.0,96.0,0.0,0.0,0.0,0.0,0.0,150.0,normal
2026-06-01T01:01:08Z,worker-3,node,system,kubelet.service,508.1,49.3,147.2,2.3,0.0,60756.0,275375.0,0.0,0.0,0.0,0.0,0.0,8243.0,normal
2026-06-01T01:01:08Z,worker-3,kube-system,kube-ovn-cni-kc97p,cni-server,339.4,22.9,461.6,0.4,0.0,204198.0,1200.0,0.0,0.0,0.0,135.0,208.0,5268.0,normal
2026-06-01T01:01:08Z,worker-3,node,system,init.scope,1.0,0.0,0.3,0.0,0.0,0.0,0.0,0.0,0.0,0.0,0.0,0.0,3.0,normal
2026-06-01T01:01:08Z,worker-3,longhorn-system,longhorn-csi-plugin-982sm,node-driver-registrar,0.1,0.1,0.0,0.0,0.0,0.0,0.0,0.0,0.0,0.0,0.0,0.0,9.0,normal
2026-06-01T01:01:08Z,worker-3,longhorn-system,longhorn-csi-plugin-982sm,longhorn-csi-plugin,2.9,1.2,0.0,0.0,0.0,0.0,0.0,0.0,0.0,0.0,0.0,0.0,76.0,normal
2026-06-01T01:01:08Z,worker-3,kube-system,tetragon-k4mpw,tetragon,5.8,6.3,0.0,0.0,0.0,18830.0,239.0,0.0,0.0,0.0,0.0,0.0,15961.0,normal
2026-06-01T01:01:08Z,worker-3,node,system,containerd.service,608.2,211.1,337.7,0.0,0.0,0.0,0.0,0.0,0.0,0.0,44.0,391.0,21479.0,normal
2026-06-01T01:01:08Z,worker-3,longhorn-system,engine-image-ei-843accdd-jdjd8,engine-image-ei-843accdd,12.5,1.0,15.3,0.0,0.0,0.0,0.0,0.0,0.0,0.0,10.0,26.0,748.0,normal
2026-06-01T01:01:08Z,worker-3,kube-system,nodelocaldns-pknk6,node-cache,14.1,4.8,0.4,1.1,0.0,5145.0,3785.0,0.0,0.0,0.0,0.0,0.0,858.0,normal
2026-06-01T01:01:08Z,worker-3,ebpf-final,ebpf-collector-dn4xc,collector,209.3,0.9,192.3,0.1,0.0,293338.0,22192.0,0.0,0.0,0.0,0.0,0.0,224.0,normal
2026-06-01T01:01:08Z,worker-3,kube-system,ovs-ovn-rnnnf,openvswitch,126.6,69.7,46.9,0.0,0.0,38.0,41.0,0.0,0.0,0.0,65.0,110.0,2916.0,normal
2026-06-01T01:01:08Z,worker-3,node,system,rsyslog.service,0.0,0.1,0.0,0.0,0.0,0.0,0.0,0.0,0.0,0.0,0.0,0.0,2.0,normal
2026-06-01T01:01:08Z,worker-3,node,system,multipathd.service,0.0,2.2,0.0,0.0,0.0,0.0,0.0,0.0,0.0,0.0,0.0,0.0,21.0,normal
2026-06-01T01:01:08Z,worker-3,unknown,pod-64b429dc,nginx-proxy,0.0,0.0,0.0,0.0,0.0,58673.0,58721.0,0.0,0.0,0.0,0.0,0.0,56.0,normal
2026-06-01T01:01:08Z,worker-3,node,system,cgroup,0.0,0.0,0.0,0.0,0.0,0.0,0.0,2535464.0,1141592064.0,0.9543106842943726,0.0,0.0,441666.0,normal
2026-06-01T01:01:08Z,worker-3,node,system,rpcbind.service,0.0,0.0,0.0,0.0,0.0,0.0,0.0,0.0,0.0,0.0,0.0,0.0,1.0,normal
2026-06-01T01:01:08Z,worker-3,node,system,cron.service,0.0,0.0,0.0,0.0,0.0,0.0,0.0,0.0,0.0,0.0,0.0,0.0,1.0,normal
2026-06-01T01:01:08Z,worker-3,node,system,fwupd.service,0.0,0.0,0.0,0.0,0.0,0.0,0.0,0.0,0.0,0.0,0.0,0.0,9.0,normal
2026-06-01T01:01:08Z,worker-3,node,system,udisks2.service,0.0,0.0,0.0,0.0,0.0,0.0,0.0,0.0,0.0,0.0,0.0,0.0,3.0,normal
2026-06-01T01:01:08Z,worker-3,node,system,polkit.service,0.0,0.0,0.0,0.0,0.0,0.0,0.0,0.0,0.0,0.0,0.0,0.0,3.0,normal
2026-06-01T01:01:18Z,worker-3,monitoring,my-monitoring-kube-state-metrics-cb8fc4474-7b8jn,kube-state-metrics,47.2,4.1,0.4,0.0,0.0,230564.0,1945.0,0.0,0.0,0.0,0.0,0.0,1004.0,normal
2026-06-01T01:01:18Z,worker-3,longhorn-system,csi-resizer-7d9bff5787-5x45s,csi-resizer,1.5,1.3,0.0,0.0,0.0,547.0,39.0,0.0,0.0,0.0,0.0,0.0,127.0,normal
2026-06-01T01:01:18Z,worker-3,longhorn-system,csi-attacher-896ffc747-ph5gc,csi-attacher,2.3,1.8,0.1,0.0,0.0,1112.0,113.0,0.0,0.0,0.0,0.0,0.0,194.0,normal
2026-06-01T01:01:18Z,worker-3,longhorn-system,csi-provisioner-688964c44b-c6hh5,csi-provisioner,7.9,7.6,0.0,0.0,0.0,646.0,39.0,0.0,0.0,0.0,0.0,0.0,406.0,normal
2026-06-01T01:01:18Z,worker-3,kube-system,dns-autoscaler-5594cbb9c4-2d42r,autoscaler,32.7,2.9,0.0,0.0,0.0,204702.0,1372.0,0.0,0.0,0.0,0.0,0.0,624.0,normal
2026-06-01T01:01:18Z,worker-3,monitoring,my-monitoring-kube-prometh-operator-5598576fd7-b679t,kube-prometheus-stack,10.6,9.1,0.0,0.0,0.0,3847.0,4052.0,0.0,0.0,0.0,0.0,0.0,974.0,normal
2026-06-01T01:01:18Z,worker-3,gpu-operator,gpu-operator-1764036362-node-feature-discovery-worker-5pb7x,worker,0.6,0.2,0.0,0.0,0.0,222.0,188.0,0.0,0.0,0.0,0.0,0.0,32.0,normal
2026-06-01T01:01:18Z,worker-3,kube-system,kube-ovn-pinger-ftt47,pinger,38.6,18.6,13.2,0.2,0.0,116718.0,1436.0,0.0,20480.0,0.06551266666666666,17.0,26.0,3197.0,normal
2026-06-01T01:01:18Z,worker-3,longhorn-system,engine-image-ei-3154f3aa-qnht4,engine-image-ei-3154f3aa,12.8,1.0,15.6,0.0,0.0,0.0,0.0,0.0,0.0,0.0,10.0,42.0,1095.0,normal
2026-06-01T01:01:18Z,worker-3,longhorn-system,csi-snapshotter-65884686fc-2txm9,csi-snapshotter,2.4,2.2,0.0,0.0,0.0,567.0,39.0,0.0,0.0,0.0,0.0,0.0,130.0,normal
2026-06-01T01:01:18Z,worker-3,longhorn-system,instance-manager-f29dc489575bdbeaa022ffe3d5167334,instance-manager,183.7,2.5,12.4,0.4,0.0,468.0,455.0,0.0,0.0,0.0,6.0,6.0,319.0,normal
2026-06-01T01:01:18Z,worker-3,longhorn-system,longhorn-manager-tvpsm,longhorn-manager,116.7,40.8,0.1,0.1,0.0,466343.0,10264.0,0.0,0.0,0.0,0.0,0.0,4640.0,normal
2026-06-01T01:01:18Z,worker-3,kube-system,tetragon-k4mpw,export-stdout,8.8,7.5,0.0,0.0,0.0,0.0,0.0,0.0,0.0,0.0,0.0,0.0,10.0,normal
2026-06-01T01:01:18Z,worker-3,kube-system,metrics-server-7c987796d6-7dfbh,metrics-server,49.8,13.2,0.2,0.0,0.0,243989.0,11618.0,0.0,0.0,0.0,0.0,0.0,2146.0,normal
2026-06-01T01:01:18Z,worker-3,kube-system,coredns-64b5cc5cbc-4qds2,coredns,32.4,11.9,0.0,1.0,0.0,7188.0,13410.0,0.0,0.0,0.0,0.0,0.0,1185.0,normal
2026-06-01T01:01:18Z,worker-3,gpu-operator,gpu-operator-1764036362-node-feature-discovery-gc-5577c78cghmp2,gc,21.5,2.6,0.0,0.0,0.0,130630.0,1340.0,0.0,0.0,0.0,0.0,0.0,489.0,normal
2026-06-01T01:01:18Z,worker-3,monitoring,my-monitoring-prometheus-node-exporter-bc6t2,node-exporter,0.4,0.2,0.0,0.0,0.0,208.0,3254.0,0.0,0.0,0.0,0.0,0.0,15.0,normal
2026-06-01T01:01:18Z,worker-3,longhorn-system,longhorn-csi-plugin-982sm,longhorn-liveness-probe,2.5,1.8,0.0,0.0,0.0,224.0,274.0,0.0,0.0,0.0,0.0,0.0,145.0,normal
2026-06-01T01:01:18Z,worker-3,kube-system,kube-ovn-controller-667d7fd768-w8whr,kube-ovn-controller,10.9,2.8,5.5,0.6,0.0,542.0,39.0,0.0,0.0,0.0,6.0,121.0,3513.0,normal
2026-06-01T01:01:18Z,worker-3,kube-system,kube-proxy-7jlgx,kube-proxy,3.0,0.5,0.0,0.0,0.0,18661.0,96.0,0.0,0.0,0.0,0.0,0.0,78.0,normal
2026-06-01T01:01:18Z,worker-3,node,system,kubelet.service,592.8,51.0,207.7,2.3,0.0,60073.0,270824.0,0.0,0.0,0.0,0.0,0.0,7562.0,normal
2026-06-01T01:01:18Z,worker-3,kube-system,kube-ovn-cni-kc97p,cni-server,385.4,26.3,567.1,0.2,0.0,203900.0,1200.0,0.0,0.0,0.0,170.0,202.0,4413.0,normal
2026-06-01T01:01:18Z,worker-3,node,system,init.scope,0.4,0.0,0.1,0.0,0.0,0.0,0.0,0.0,0.0,0.0,0.0,0.0,1.0,normal
2026-06-01T01:01:18Z,worker-3,longhorn-system,longhorn-csi-plugin-982sm,node-driver-registrar,0.1,0.1,0.0,0.0,0.0,0.0,0.0,0.0,0.0,0.0,0.0,0.0,9.0,normal
2026-06-01T01:01:18Z,worker-3,longhorn-system,longhorn-csi-plugin-982sm,longhorn-csi-plugin,2.3,1.0,0.0,0.0,0.0,0.0,0.0,0.0,0.0,0.0,0.0,0.0,69.0,normal
2026-06-01T01:01:18Z,worker-3,kube-system,tetragon-k4mpw,tetragon,5.9,3.7,0.0,0.0,0.0,19001.0,239.0,0.0,0.0,0.0,0.0,0.0,16007.0,normal
2026-06-01T01:01:18Z,worker-3,node,system,containerd.service,576.5,188.6,333.6,0.0,0.0,0.0,0.0,0.0,0.0,0.0,42.0,374.0,21369.0,normal
2026-06-01T01:01:18Z,worker-3,longhorn-system,engine-image-ei-843accdd-jdjd8,engine-image-ei-843accdd,12.7,1.0,15.5,0.0,0.0,0.0,0.0,0.0,0.0,0.0,10.0,34.0,891.0,normal
2026-06-01T01:01:18Z,worker-3,kube-system,nodelocaldns-pknk6,node-cache,13.0,4.3,0.6,1.2,0.0,4922.0,3562.0,0.0,0.0,0.0,0.0,0.0,717.0,normal
2026-06-01T01:01:18Z,worker-3,ebpf-final,ebpf-collector-dn4xc,collector,0.2,0.8,0.3,0.1,0.0,15663.0,21227.0,0.0,0.0,0.0,0.0,0.0,13.0,normal
2026-06-01T01:01:18Z,worker-3,kube-system,ovs-ovn-rnnnf,openvswitch,105.3,61.5,38.0,0.0,0.0,38.0,41.0,0.0,0.0,0.0,52.0,88.0,2743.0,normal
2026-06-01T01:01:18Z,worker-3,node,system,multipathd.service,0.0,2.4,0.0,0.0,0.0,0.0,0.0,0.0,0.0,0.0,0.0,0.0,24.0,normal
2026-06-01T01:01:18Z,worker-3,unknown,pod-64b429dc,nginx-proxy,0.0,0.0,0.0,0.0,0.0,58130.0,58178.0,0.0,0.0,0.0,0.0,0.0,50.0,normal
2026-06-01T01:01:18Z,worker-3,node,system,cgroup,0.0,0.0,0.0,0.0,0.0,0.0,0.0,2355240.0,1099546624.0,0.9449509878689967,0.0,1.0,424180.0,normal
2026-06-01T01:01:18Z,worker-3,node,system,fwupd.service,0.0,0.0,0.0,0.0,0.0,0.0,0.0,0.0,0.0,0.0,0.0,0.0,7.0,normal
2026-06-01T01:01:18Z,worker-3,node,system,udisks2.service,0.0,0.0,0.0,0.0,0.0,0.0,0.0,0.0,0.0,0.0,0.0,0.0,2.0,normal
2026-06-01T01:01:18Z,worker-3,node,system,polkit.service,0.0,0.0,0.0,0.0,0.0,0.0,0.0,0.0,0.0,0.0,0.0,0.0,2.0,normal
2026-06-01T01:01:29Z,worker-3,monitoring,my-monitoring-kube-state-metrics-cb8fc4474-7b8jn,kube-state-metrics,46.3,3.9,0.4,0.0,0.0,229446.0,1934.0,0.0,0.0,0.0,0.0,0.0,973.0,normal
2026-06-01T01:01:29Z,worker-3,longhorn-system,csi-resizer-7d9bff5787-5x45s,csi-resizer,2.2,1.9,0.0,0.0,0.0,547.0,39.0,0.0,0.0,0.0,0.0,0.0,179.0,normal
2026-06-01T01:01:29Z,worker-3,longhorn-system,csi-attacher-896ffc747-ph5gc,csi-attacher,2.5,2.2,0.0,0.0,0.0,556.0,39.0,0.0,0.0,0.0,0.0,0.0,218.0,normal
2026-06-01T01:01:29Z,worker-3,longhorn-system,csi-provisioner-688964c44b-c6hh5,csi-provisioner,6.7,6.5,0.0,0.0,0.0,548.0,39.0,0.0,0.0,0.0,0.0,0.0,393.0,normal
2026-06-01T01:01:29Z,worker-3,kube-system,dns-autoscaler-5594cbb9c4-2d42r,autoscaler,32.6,2.8,0.0,0.0,0.0,204704.0,1372.0,0.0,0.0,0.0,0.0,0.0,632.0,normal
2026-06-01T01:01:29Z,worker-3,monitoring,my-monitoring-kube-prometh-operator-5598576fd7-b679t,kube-prometheus-stack,12.9,9.2,0.4,0.0,0.0,4584.0,14147.0,0.0,0.0,0.0,0.0,0.0,915.0,normal
2026-06-01T01:01:29Z,worker-3,gpu-operator,gpu-operator-1764036362-node-feature-discovery-worker-5pb7x,worker,211.5,4.2,111.8,0.0,0.0,137721.0,1811.0,0.0,0.0,0.0,0.0,0.0,1682.0,normal
2026-06-01T01:01:29Z,worker-3,kube-system,kube-ovn-pinger-ftt47,pinger,43.8,15.2,13.2,0.2,0.0,116699.0,1580.0,0.0,12288.0,0.064935,17.0,26.0,2924.0,normal
2026-06-01T01:01:29Z,worker-3,longhorn-system,engine-image-ei-3154f3aa-qnht4,engine-image-ei-3154f3aa,12.8,1.0,15.6,0.0,0.0,0.0,0.0,0.0,0.0,0.0,10.0,42.0,1141.0,normal
2026-06-01T01:01:29Z,worker-3,longhorn-system,csi-snapshotter-65884686fc-2txm9,csi-snapshotter,2.1,2.0,0.0,0.0,0.0,565.0,74.0,0.0,0.0,0.0,0.0,0.0,200.0,normal
2026-06-01T01:01:29Z,worker-3,longhorn-system,instance-manager-f29dc489575bdbeaa022ffe3d5167334,instance-manager,187.1,4.4,12.4,0.5,0.0,967.0,960.0,0.0,0.0,0.0,6.0,6.0,389.0,normal
2026-06-01T01:01:29Z,worker-3,longhorn-system,longhorn-manager-tvpsm,longhorn-manager,122.0,42.3,0.4,0.1,0.1,484165.0,10734.0,0.0,0.0,0.0,0.0,0.0,4849.0,normal
2026-06-01T01:01:29Z,worker-3,kube-system,tetragon-k4mpw,export-stdout,14.8,13.1,0.0,0.0,0.0,0.0,0.0,0.0,0.0,0.0,0.0,0.0,11.0,normal
2026-06-01T01:01:29Z,worker-3,kube-system,metrics-server-7c987796d6-7dfbh,metrics-server,43.7,11.9,0.0,0.0,0.0,208909.0,11113.0,0.0,0.0,0.0,0.0,0.0,1777.0,normal
2026-06-01T01:01:29Z,worker-3,kube-system,coredns-64b5cc5cbc-4qds2,coredns,28.3,11.2,0.0,1.0,0.0,6090.0,11189.0,0.0,0.0,0.0,0.0,0.0,1079.0,normal
2026-06-01T01:01:29Z,worker-3,gpu-operator,gpu-operator-1764036362-node-feature-discovery-gc-5577c78cghmp2,gc,22.2,2.6,0.0,0.0,0.0,130504.0,1340.0,0.0,0.0,0.0,0.0,0.0,433.0,normal
2026-06-01T01:01:29Z,worker-3,monitoring,my-monitoring-prometheus-node-exporter-bc6t2,node-exporter,0.3,0.2,0.0,0.0,0.0,208.0,3254.0,0.0,0.0,0.0,0.0,0.0,18.0,normal
2026-06-01T01:01:29Z,worker-3,longhorn-system,longhorn-csi-plugin-982sm,longhorn-liveness-probe,3.2,2.2,0.0,0.0,0.0,224.0,274.0,0.0,0.0,0.0,0.0,0.0,249.0,normal
2026-06-01T01:01:29Z,worker-3,kube-system,kube-ovn-controller-667d7fd768-w8whr,kube-ovn-controller,7.6,2.2,3.6,0.4,0.0,543.0,39.0,0.0,0.0,0.0,4.0,78.0,2349.0,normal
2026-06-01T01:01:29Z,worker-3,kube-system,kube-proxy-7jlgx,kube-proxy,2.5,0.2,0.0,0.0,0.0,18539.0,96.0,0.0,0.0,0.0,0.0,0.0,161.0,normal
2026-06-01T01:01:29Z,worker-3,node,system,kubelet.service,481.9,51.0,157.9,2.3,0.0,60983.0,295969.0,0.0,0.0,0.0,0.0,0.0,8024.0,normal
2026-06-01T01:01:29Z,worker-3,kube-system,kube-ovn-cni-kc97p,cni-server,337.9,22.9,460.7,0.3,0.0,204047.0,1200.0,0.0,0.0,0.0,134.0,184.0,4459.0,normal
2026-06-01T01:01:29Z,worker-3,node,system,init.scope,0.4,4.0,3.5,0.0,0.0,0.0,0.0,0.0,0.0,0.0,0.0,0.0,7.0,normal
2026-06-01T01:01:29Z,worker-3,longhorn-system,longhorn-csi-plugin-982sm,node-driver-registrar,0.1,0.1,0.0,0.0,0.0,0.0,0.0,0.0,0.0,0.0,0.0,0.0,9.0,normal
2026-06-01T01:01:29Z,worker-3,longhorn-system,longhorn-csi-plugin-982sm,longhorn-csi-plugin,3.1,1.4,0.0,0.0,0.0,0.0,0.0,0.0,0.0,0.0,0.0,0.0,78.0,normal
2026-06-01T01:01:29Z,worker-3,kube-system,tetragon-k4mpw,tetragon,6.2,5.2,0.0,0.0,0.0,18830.0,239.0,0.0,0.0,0.0,0.0,0.0,14929.0,normal
2026-06-01T01:01:29Z,worker-3,node,system,containerd.service,672.3,192.1,400.0,0.0,0.0,0.0,0.0,0.0,0.0,0.0,40.0,360.0,22095.0,normal
2026-06-01T01:01:29Z,worker-3,longhorn-system,engine-image-ei-843accdd-jdjd8,engine-image-ei-843accdd,12.5,1.0,15.3,0.0,0.0,0.0,0.0,0.0,0.0,0.0,10.0,32.0,718.0,normal
2026-06-01T01:01:29Z,worker-3,kube-system,nodelocaldns-pknk6,node-cache,9.3,3.2,0.3,1.0,0.0,3059.0,2774.0,0.0,0.0,0.0,0.0,0.0,478.0,normal
2026-06-01T01:01:29Z,worker-3,ebpf-final,ebpf-collector-dn4xc,collector,0.2,0.8,0.3,0.1,0.0,14274.0,19325.0,0.0,0.0,0.0,0.0,0.0,13.0,normal
2026-06-01T01:01:29Z,worker-3,kube-system,ovs-ovn-rnnnf,openvswitch,101.7,58.1,37.9,0.0,0.0,38.0,41.0,0.0,0.0,0.0,52.0,88.0,2411.0,normal
2026-06-01T01:01:29Z,worker-3,node,system,multipathd.service,0.0,2.1,0.0,0.0,0.0,0.0,0.0,0.0,0.0,0.0,0.0,0.0,26.0,normal
2026-06-01T01:01:29Z,worker-3,unknown,pod-64b429dc,nginx-proxy,0.0,0.0,0.0,0.0,0.0,58557.0,58605.0,0.0,0.0,0.0,0.0,0.0,58.0,normal
2026-06-01T01:01:29Z,worker-3,node,system,cgroup,0.0,0.0,0.0,0.0,0.0,0.0,0.0,2297896.0,1076883456.0,0.9832896037934801,0.0,0.0,418792.0,normal
2026-06-01T01:01:29Z,worker-3,node,system,dbus.service,0.0,0.0,0.0,0.0,0.0,0.0,0.0,0.0,0.0,0.0,0.0,0.0,9.0,normal
2026-06-01T01:01:29Z,worker-3,node,system,fwupd.service,0.0,0.0,0.0,0.0,0.0,0.0,0.0,0.0,0.0,0.0,0.0,0.0,8.0,normal
2026-06-01T01:01:29Z,worker-3,node,system,udisks2.service,0.0,0.0,0.0,0.0,0.0,0.0,0.0,0.0,0.0,0.0,0.0,0.0,3.0,normal
2026-06-01T01:01:29Z,worker-3,node,system,polkit.service,0.0,0.0,0.0,0.0,0.0,0.0,0.0,0.0,0.0,0.0,0.0,0.0,3.0,normal
2026-06-01T01:01:39Z,worker-3,monitoring,my-monitoring-kube-state-metrics-cb8fc4474-7b8jn,kube-state-metrics,47.3,63.3,0.5,0.0,0.0,230715.0,2404953.0,0.0,0.0,0.0,0.0,0.0,1198.0,normal
2026-06-01T01:01:39Z,worker-3,longhorn-system,csi-resizer-7d9bff5787-5x45s,csi-resizer,1.9,1.5,0.1,0.0,0.0,547.0,39.0,0.0,0.0,0.0,0.0,0.0,134.0,normal
2026-06-01T01:01:39Z,worker-3,longhorn-system,csi-attacher-896ffc747-ph5gc,csi-attacher,2.4,2.0,0.0,0.0,0.0,1112.0,78.0,0.0,0.0,0.0,0.0,0.0,181.0,normal
2026-06-01T01:01:39Z,worker-3,longhorn-system,csi-provisioner-688964c44b-c6hh5,csi-provisioner,6.5,6.3,0.0,0.0,0.0,544.0,39.0,0.0,0.0,0.0,0.0,0.0,417.0,normal
2026-06-01T01:01:39Z,worker-3,kube-system,dns-autoscaler-5594cbb9c4-2d42r,autoscaler,34.1,2.9,0.0,0.0,0.0,204703.0,1372.0,0.0,0.0,0.0,0.0,0.0,704.0,normal
2026-06-01T01:01:39Z,worker-3,monitoring,my-monitoring-kube-prometh-operator-5598576fd7-b679t,kube-prometheus-stack,8.6,5.0,0.2,0.0,0.0,5041.0,4412.0,0.0,0.0,0.0,0.0,0.0,867.0,normal
2026-06-01T01:01:39Z,worker-3,gpu-operator,gpu-operator-1764036362-node-feature-discovery-worker-5pb7x,worker,0.5,0.2,0.0,0.0,0.0,222.0,188.0,0.0,0.0,0.0,0.0,0.0,31.0,normal
2026-06-01T01:01:39Z,worker-3,kube-system,kube-ovn-pinger-ftt47,pinger,48.6,17.4,13.3,0.2,0.0,116593.0,1580.0,0.0,4096.0,1.174364,17.0,26.0,3434.0,normal
2026-06-01T01:01:39Z,worker-3,longhorn-system,engine-image-ei-3154f3aa-qnht4,engine-image-ei-3154f3aa,12.8,1.0,15.6,0.0,0.0,0.0,0.0,0.0,0.0,0.0,10.0,46.0,1192.0,normal
2026-06-01T01:01:39Z,worker-3,longhorn-system,csi-snapshotter-65884686fc-2txm9,csi-snapshotter,2.8,2.4,0.1,0.0,0.0,707.0,39.0,0.0,0.0,0.0,0.0,0.0,137.0,normal
2026-06-01T01:01:39Z,worker-3,longhorn-system,instance-manager-f29dc489575bdbeaa022ffe3d5167334,instance-manager,196.6,4.8,13.5,0.4,0.0,1305.0,1076.0,0.0,0.0,0.0,7.0,7.0,444.0,normal
2026-06-01T01:01:39Z,worker-3,longhorn-system,longhorn-manager-tvpsm,longhorn-manager,352.4,49.8,195.2,0.3,0.0,507063.0,27910.0,0.0,0.0,0.0,17.0,22.0,5499.0,normal
2026-06-01T01:01:39Z,worker-3,kube-system,tetragon-k4mpw,export-stdout,71.7,70.2,0.0,0.0,0.0,0.0,0.0,0.0,0.0,0.0,0.0,0.0,10.0,normal
2026-06-01T01:01:39Z,worker-3,kube-system,metrics-server-7c987796d6-7dfbh,metrics-server,49.7,14.4,0.0,0.0,0.0,245760.0,15334.0,0.0,0.0,0.0,0.0,0.0,2003.0,normal
2026-06-01T01:01:39Z,worker-3,kube-system,coredns-64b5cc5cbc-4qds2,coredns,34.0,12.7,0.5,1.0,0.0,8372.0,17761.0,0.0,0.0,0.0,0.0,0.0,1192.0,normal
2026-06-01T01:01:39Z,worker-3,gpu-operator,gpu-operator-1764036362-node-feature-discovery-gc-5577c78cghmp2,gc,22.0,2.7,0.0,0.0,0.0,130504.0,1340.0,0.0,0.0,0.0,0.0,0.0,427.0,normal
2026-06-01T01:01:39Z,worker-3,monitoring,my-monitoring-prometheus-node-exporter-bc6t2,node-exporter,190.0,0.8,167.8,0.0,0.0,573.0,27700.0,0.0,0.0,0.0,0.0,0.0,291.0,normal
2026-06-01T01:01:39Z,worker-3,longhorn-system,longhorn-csi-plugin-982sm,longhorn-liveness-probe,3.1,2.0,0.0,0.0,0.0,224.0,274.0,0.0,0.0,0.0,0.0,0.0,181.0,normal
2026-06-01T01:01:39Z,worker-3,kube-system,kube-ovn-controller-667d7fd768-w8whr,kube-ovn-controller,9.2,2.3,4.6,0.5,0.0,543.0,39.0,0.0,0.0,0.0,5.0,98.0,2927.0,normal
2026-06-01T01:01:39Z,worker-3,kube-system,kube-proxy-7jlgx,kube-proxy,2.6,0.2,0.0,0.0,0.0,18539.0,96.0,0.0,0.0,0.0,0.0,0.0,115.0,normal
2026-06-01T01:01:39Z,worker-3,node,system,kubelet.service,445.7,49.2,153.9,2.3,0.0,60580.0,275380.0,0.0,0.0,0.0,2.0,2.0,8080.0,normal
2026-06-01T01:01:39Z,worker-3,kube-system,kube-ovn-cni-kc97p,cni-server,333.5,22.5,457.8,0.3,0.0,204316.0,1328.0,0.0,0.0,0.0,131.0,184.0,4685.0,normal
2026-06-01T01:01:39Z,worker-3,longhorn-system,longhorn-csi-plugin-982sm,node-driver-registrar,0.1,0.1,0.0,0.0,0.0,0.0,0.0,0.0,0.0,0.0,0.0,0.0,9.0,normal
2026-06-01T01:01:39Z,worker-3,longhorn-system,longhorn-csi-plugin-982sm,longhorn-csi-plugin,2.9,1.3,0.0,0.0,0.0,0.0,0.0,0.0,0.0,0.0,0.0,0.0,83.0,normal
2026-06-01T01:01:39Z,worker-3,kube-system,tetragon-k4mpw,tetragon,8.1,13.4,0.4,0.0,0.0,19481.0,23943.0,0.0,0.0,0.0,0.0,0.0,15707.0,normal
2026-06-01T01:01:39Z,worker-3,node,system,containerd.service,677.8,258.8,333.5,0.0,0.0,0.0,0.0,0.0,0.0,0.0,42.0,378.0,21839.0,normal
2026-06-01T01:01:39Z,worker-3,longhorn-system,engine-image-ei-843accdd-jdjd8,engine-image-ei-843accdd,12.6,1.0,15.4,0.0,0.0,0.0,0.0,0.0,0.0,0.0,10.0,30.0,824.0,normal
2026-06-01T01:01:39Z,worker-3,kube-system,nodelocaldns-pknk6,node-cache,12.7,4.3,0.3,1.2,0.0,4922.0,3562.0,0.0,0.0,0.0,0.0,0.0,787.0,normal
2026-06-01T01:01:39Z,worker-3,ebpf-final,ebpf-collector-dn4xc,collector,209.8,0.9,192.2,0.1,0.0,292633.0,21245.0,0.0,0.0,0.0,0.0,0.0,225.0,normal
2026-06-01T01:01:39Z,worker-3,kube-system,ovs-ovn-rnnnf,openvswitch,105.3,65.1,38.3,0.0,0.0,38.0,41.0,0.0,0.0,0.0,52.0,88.0,2584.0,normal
2026-06-01T01:01:39Z,worker-3,node,system,multipathd.service,0.0,2.2,0.0,0.0,0.0,0.0,0.0,0.0,0.0,0.0,0.0,0.0,24.0,normal
2026-06-01T01:01:39Z,worker-3,unknown,pod-64b429dc,nginx-proxy,0.0,0.0,0.0,0.0,0.0,58354.0,58402.0,0.0,0.0,0.0,0.0,0.0,55.0,normal
2026-06-01T01:01:39Z,worker-3,node,system,cgroup,0.0,0.0,0.0,0.0,0.0,0.0,0.0,2187304.0,1108185088.0,0.9907949810824689,0.0,0.0,427716.0,normal
2026-06-01T01:01:39Z,worker-3,node,system,rpcbind.service,0.0,0.0,0.0,0.0,0.0,0.0,0.0,0.0,0.0,0.0,0.0,0.0,1.0,normal
2026-06-01T01:01:39Z,worker-3,node,system,fwupd.service,0.0,0.0,0.0,0.0,0.0,0.0,0.0,0.0,0.0,0.0,0.0,0.0,7.0,normal
2026-06-01T01:01:39Z,worker-3,node,system,udisks2.service,0.0,0.0,0.0,0.0,0.0,0.0,0.0,0.0,0.0,0.0,0.0,0.0,2.0,normal
2026-06-01T01:01:39Z,worker-3,node,system,polkit.service,0.0,0.0,0.0,0.0,0.0,0.0,0.0,0.0,0.0,0.0,0.0,0.0,2.0,normal
2026-06-01T01:01:49Z,worker-3,monitoring,my-monitoring-kube-state-metrics-cb8fc4474-7b8jn,kube-state-metrics,46.6,3.7,0.4,0.0,0.0,230521.0,1793.0,0.0,0.0,0.0,0.0,0.0,1019.0,normal
2026-06-01T01:01:49Z,worker-3,longhorn-system,csi-resizer-7d9bff5787-5x45s,csi-resizer,1.6,1.3,0.0,0.0,0.0,546.0,39.0,0.0,0.0,0.0,0.0,0.0,127.0,normal
2026-06-01T01:01:49Z,worker-3,longhorn-system,csi-attacher-896ffc747-ph5gc,csi-attacher,1.2,1.2,0.0,0.0,0.0,0.0,0.0,0.0,0.0,0.0,0.0,0.0,132.0,normal
2026-06-01T01:01:49Z,worker-3,longhorn-system,csi-provisioner-688964c44b-c6hh5,csi-provisioner,6.6,6.3,0.1,0.0,0.0,544.0,39.0,0.0,0.0,0.0,0.0,0.0,382.0,normal
2026-06-01T01:01:49Z,worker-3,kube-system,dns-autoscaler-5594cbb9c4-2d42r,autoscaler,33.4,2.8,0.0,0.0,0.0,204710.0,1372.0,0.0,0.0,0.0,0.0,0.0,628.0,normal
2026-06-01T01:01:49Z,worker-3,monitoring,my-monitoring-kube-prometh-operator-5598576fd7-b679t,kube-prometheus-stack,9.0,5.6,0.1,0.0,0.0,5007.0,4550.0,0.0,0.0,0.0,0.0,0.0,968.0,normal
2026-06-01T01:01:49Z,worker-3,gpu-operator,gpu-operator-1764036362-node-feature-discovery-worker-5pb7x,worker,0.4,0.2,0.0,0.0,0.0,222.0,188.0,0.0,0.0,0.0,0.0,0.0,27.0,normal
2026-06-01T01:01:49Z,worker-3,kube-system,kube-ovn-pinger-ftt47,pinger,48.3,17.4,13.2,0.2,0.0,116825.0,1580.0,0.0,12288.0,0.6292045,17.0,26.0,2581.0,normal
2026-06-01T01:01:49Z,worker-3,longhorn-system,engine-image-ei-3154f3aa-qnht4,engine-image-ei-3154f3aa,12.8,1.0,15.6,0.0,0.0,0.0,0.0,0.0,0.0,0.0,10.0,41.0,1066.0,normal
2026-06-01T01:01:49Z,worker-3,longhorn-system,csi-snapshotter-65884686fc-2txm9,csi-snapshotter,2.6,2.2,0.0,0.0,0.0,1132.0,78.0,0.0,0.0,0.0,0.0,0.0,190.0,normal
2026-06-01T01:01:49Z,worker-3,longhorn-system,instance-manager-f29dc489575bdbeaa022ffe3d5167334,instance-manager,183.1,2.2,12.4,0.4,0.0,468.0,455.0,0.0,0.0,0.0,6.0,6.0,316.0,normal
2026-06-01T01:01:49Z,worker-3,longhorn-system,longhorn-manager-tvpsm,longhorn-manager,121.0,43.2,0.2,0.1,0.0,467442.0,10444.0,0.0,0.0,0.0,0.0,0.0,4814.0,normal
2026-06-01T01:01:49Z,worker-3,kube-system,tetragon-k4mpw,export-stdout,9.0,7.6,0.0,0.0,0.0,0.0,0.0,0.0,0.0,0.0,0.0,0.0,10.0,normal
2026-06-01T01:01:49Z,worker-3,kube-system,metrics-server-7c987796d6-7dfbh,metrics-server,51.1,15.2,0.1,0.0,0.0,245873.0,56245.0,0.0,0.0,0.0,0.0,0.0,2185.0,normal
2026-06-01T01:01:49Z,worker-3,kube-system,coredns-64b5cc5cbc-4qds2,coredns,33.2,13.0,0.0,1.0,0.0,7241.0,13607.0,0.0,0.0,0.0,0.0,0.0,1237.0,normal
2026-06-01T01:01:49Z,worker-3,gpu-operator,gpu-operator-1764036362-node-feature-discovery-gc-5577c78cghmp2,gc,20.8,2.8,0.0,0.0,0.0,130504.0,1340.0,0.0,0.0,0.0,0.0,0.0,482.0,normal
2026-06-01T01:01:49Z,worker-3,monitoring,my-monitoring-prometheus-node-exporter-bc6t2,node-exporter,0.3,0.2,0.0,0.0,0.0,208.0,3254.0,0.0,0.0,0.0,0.0,0.0,18.0,normal
2026-06-01T01:01:49Z,worker-3,longhorn-system,longhorn-csi-plugin-982sm,longhorn-liveness-probe,3.1,2.1,0.0,0.0,0.0,224.0,274.0,0.0,0.0,0.0,0.0,0.0,184.0,normal
2026-06-01T01:01:49Z,worker-3,kube-system,kube-ovn-controller-667d7fd768-w8whr,kube-ovn-controller,9.2,2.4,4.6,0.5,0.0,544.0,39.0,0.0,0.0,0.0,5.0,95.0,2946.0,normal
2026-06-01T01:01:49Z,worker-3,kube-system,kube-proxy-7jlgx,kube-proxy,2.6,0.4,0.0,0.0,0.0,18539.0,96.0,0.0,0.0,0.0,0.0,0.0,72.0,normal
2026-06-01T01:01:49Z,worker-3,node,system,kubelet.service,635.4,50.6,212.3,2.3,0.0,60418.0,270727.0,0.0,0.0,0.0,0.0,0.0,7809.0,normal
2026-06-01T01:01:49Z,worker-3,kube-system,kube-ovn-cni-kc97p,cni-server,385.7,26.7,566.7,0.3,0.0,204197.0,1200.0,0.0,0.0,0.0,170.0,224.0,5060.0,normal
2026-06-01T01:01:49Z,worker-3,node,system,init.scope,0.6,0.0,0.2,0.0,0.0,0.0,0.0,0.0,0.0,0.0,0.0,0.0,2.0,normal
2026-06-01T01:01:49Z,worker-3,longhorn-system,longhorn-csi-plugin-982sm,node-driver-registrar,0.1,0.1,0.0,0.0,0.0,0.0,0.0,0.0,0.0,0.0,0.0,0.0,9.0,normal
2026-06-01T01:01:49Z,worker-3,longhorn-system,longhorn-csi-plugin-982sm,longhorn-csi-plugin,2.8,1.2,0.0,0.0,0.0,0.0,0.0,0.0,0.0,0.0,0.0,0.0,85.0,normal
2026-06-01T01:01:49Z,worker-3,kube-system,tetragon-k4mpw,tetragon,6.2,3.8,0.0,0.0,0.0,18991.0,239.0,0.0,0.0,0.0,0.0,0.0,16044.0,normal
2026-06-01T01:01:49Z,worker-3,node,system,containerd.service,577.4,190.3,333.6,0.0,0.0,0.0,0.0,0.0,0.0,0.0,42.0,373.0,20911.0,normal
2026-06-01T01:01:49Z,worker-3,longhorn-system,engine-image-ei-843accdd-jdjd8,engine-image-ei-843accdd,12.6,1.0,15.4,0.0,0.0,0.0,0.0,0.0,0.0,0.0,10.0,33.0,887.0,normal
2026-06-01T01:01:49Z,worker-3,kube-system,nodelocaldns-pknk6,node-cache,28.9,5.9,59.2,1.0,0.0,4922.0,3562.0,0.0,0.0,0.0,12.0,12.0,1065.0,normal
2026-06-01T01:01:49Z,worker-3,ebpf-final,ebpf-collector-dn4xc,collector,0.2,0.8,0.3,0.1,0.0,14289.0,19342.0,0.0,0.0,0.0,0.0,0.0,15.0,normal
2026-06-01T01:01:49Z,worker-3,kube-system,ovs-ovn-rnnnf,openvswitch,111.1,67.1,38.1,0.0,0.0,38.0,41.0,0.0,0.0,0.0,52.0,88.0,2599.0,normal
2026-06-01T01:01:49Z,worker-3,node,system,systemd-logind.service,0.1,0.0,0.0,0.0,0.0,0.0,0.0,0.0,0.0,0.0,0.0,0.0,1.0,normal
2026-06-01T01:01:49Z,worker-3,node,system,multipathd.service,0.0,2.2,0.0,0.0,0.0,0.0,0.0,0.0,0.0,0.0,0.0,0.0,24.0,normal
2026-06-01T01:01:49Z,worker-3,unknown,pod-64b429dc,nginx-proxy,0.0,0.0,0.0,0.0,0.0,58272.0,58320.0,0.0,0.0,0.0,0.0,0.0,50.0,normal
2026-06-01T01:01:49Z,worker-3,node,system,cgroup,0.0,0.0,0.0,0.0,0.0,0.0,0.0,2175016.0,1048969216.0,1.0124967708894996,0.0,1.0,414792.0,normal
2026-06-01T01:01:49Z,worker-3,node,system,fwupd.service,0.0,0.0,0.0,0.0,0.0,0.0,0.0,0.0,0.0,0.0,0.0,0.0,8.0,normal
2026-06-01T01:01:49Z,worker-3,node,system,udisks2.service,0.0,0.0,0.0,0.0,0.0,0.0,0.0,0.0,0.0,0.0,0.0,0.0,3.0,normal
2026-06-01T01:01:49Z,worker-3,node,system,polkit.service,0.0,0.0,0.0,0.0,0.0,0.0,0.0,0.0,0.0,0.0,0.0,0.0,3.0,normal
2026-06-01T01:01:59Z,worker-3,monitoring,my-monitoring-kube-state-metrics-cb8fc4474-7b8jn,kube-state-metrics,45.6,3.8,0.4,0.0,0.0,229914.0,1806.0,0.0,0.0,0.0,0.0,0.0,987.0,normal
2026-06-01T01:01:59Z,worker-3,longhorn-system,csi-resizer-7d9bff5787-5x45s,csi-resizer,1.7,1.4,0.0,0.0,0.0,545.0,39.0,0.0,0.0,0.0,0.0,0.0,129.0,normal
2026-06-01T01:01:59Z,worker-3,longhorn-system,csi-attacher-896ffc747-ph5gc,csi-attacher,2.2,1.9,0.0,0.0,0.0,1112.0,78.0,0.0,0.0,0.0,0.0,0.0,205.0,normal
2026-06-01T01:01:59Z,worker-3,longhorn-system,csi-provisioner-688964c44b-c6hh5,csi-provisioner,6.6,6.2,0.0,0.0,0.0,1088.0,78.0,0.0,0.0,0.0,0.0,0.0,394.0,normal
2026-06-01T01:01:59Z,worker-3,kube-system,dns-autoscaler-5594cbb9c4-2d42r,autoscaler,33.9,2.8,0.1,0.0,0.0,204704.0,1372.0,0.0,0.0,0.0,0.0,0.0,711.0,normal
2026-06-01T01:01:59Z,worker-3,monitoring,my-monitoring-kube-prometh-operator-5598576fd7-b679t,kube-prometheus-stack,15.9,7.9,0.5,0.0,0.0,42389.0,16676.0,0.0,0.0,0.0,0.0,0.0,931.0,normal
2026-06-01T01:01:59Z,worker-3,gpu-operator,gpu-operator-1764036362-node-feature-discovery-worker-5pb7x,worker,0.9,0.4,0.0,0.0,0.0,261.0,227.0,0.0,0.0,0.0,0.0,0.0,97.0,normal
2026-06-01T01:01:59Z,worker-3,kube-system,kube-ovn-pinger-ftt47,pinger,34.9,15.9,13.2,0.2,0.0,84318.0,1061.0,0.0,12288.0,1.2760545,17.0,26.0,2511.0,normal
2026-06-01T01:01:59Z,worker-3,longhorn-system,engine-image-ei-3154f3aa-qnht4,engine-image-ei-3154f3aa,12.8,1.0,15.6,0.0,0.0,0.0,0.0,0.0,0.0,0.0,10.0,45.0,1117.0,normal
2026-06-01T01:01:59Z,worker-3,longhorn-system,csi-snapshotter-65884686fc-2txm9,csi-snapshotter,2.4,2.3,0.0,0.0,0.0,566.0,39.0,0.0,0.0,0.0,0.0,0.0,137.0,normal
2026-06-01T01:01:59Z,worker-3,longhorn-system,instance-manager-f29dc489575bdbeaa022ffe3d5167334,instance-manager,184.1,2.6,12.4,0.4,0.0,519.0,506.0,0.0,0.0,0.0,6.0,6.0,357.0,normal
2026-06-01T01:01:59Z,worker-3,longhorn-system,longhorn-manager-tvpsm,longhorn-manager,121.6,43.1,0.2,0.1,0.0,468200.0,10740.0,0.0,0.0,0.0,0.0,0.0,4727.0,normal
2026-06-01T01:01:59Z,worker-3,kube-system,tetragon-k4mpw,export-stdout,11.7,10.2,0.0,0.0,0.0,0.0,0.0,0.0,0.0,0.0,0.0,0.0,10.0,normal
2026-06-01T01:01:59Z,worker-3,kube-system,metrics-server-7c987796d6-7dfbh,metrics-server,46.2,13.8,0.0,0.0,0.0,210825.0,86384.0,0.0,0.0,0.0,0.0,0.0,2012.0,normal
2026-06-01T01:01:59Z,worker-3,kube-system,coredns-64b5cc5cbc-4qds2,coredns,33.4,12.8,0.0,1.1,0.0,7415.0,13772.0,0.0,0.0,0.0,0.0,0.0,1154.0,normal
2026-06-01T01:01:59Z,worker-3,gpu-operator,gpu-operator-1764036362-node-feature-discovery-gc-5577c78cghmp2,gc,20.9,2.6,0.0,0.0,0.0,130504.0,1340.0,0.0,0.0,0.0,0.0,0.0,424.0,normal
2026-06-01T01:01:59Z,worker-3,monitoring,my-monitoring-prometheus-node-exporter-bc6t2,node-exporter,0.3,0.2,0.0,0.0,0.0,208.0,3254.0,0.0,0.0,0.0,0.0,0.0,16.0,normal
2026-06-01T01:01:59Z,worker-3,longhorn-system,longhorn-csi-plugin-982sm,longhorn-liveness-probe,4.3,2.8,0.0,0.0,0.0,336.0,411.0,0.0,0.0,0.0,0.0,0.0,254.0,normal
2026-06-01T01:01:59Z,worker-3,kube-system,kube-ovn-controller-667d7fd768-w8whr,kube-ovn-controller,8.9,2.4,4.5,0.5,0.0,0.0,0.0,0.0,0.0,0.0,5.0,95.0,2942.0,normal
2026-06-01T01:01:59Z,worker-3,kube-system,kube-proxy-7jlgx,kube-proxy,3.2,0.4,0.0,0.0,0.0,18804.0,96.0,0.0,0.0,0.0,0.0,0.0,124.0,normal
2026-06-01T01:01:59Z,worker-3,node,system,kubelet.service,492.9,54.9,157.7,2.4,0.0,60845.0,295972.0,0.0,0.0,0.0,0.0,0.0,7960.0,normal
2026-06-01T01:01:59Z,worker-3,kube-system,kube-ovn-cni-kc97p,cni-server,336.7,22.2,460.7,0.3,0.0,203900.0,1200.0,0.0,0.0,0.0,134.0,188.0,4625.0,normal
2026-06-01T01:01:59Z,worker-3,node,system,init.scope,0.4,0.0,0.1,0.0,0.0,0.0,0.0,0.0,0.0,0.0,0.0,0.0,1.0,normal
2026-06-01T01:01:59Z,worker-3,longhorn-system,longhorn-csi-plugin-982sm,longhorn-csi-plugin,4.4,2.0,0.0,0.0,0.0,0.0,0.0,0.0,0.0,0.0,0.0,0.0,120.0,normal
2026-06-01T01:01:59Z,worker-3,kube-system,tetragon-k4mpw,tetragon,5.7,4.0,0.0,0.0,0.0,18830.0,239.0,0.0,0.0,0.0,0.0,0.0,15229.0,normal
2026-06-01T01:01:59Z,worker-3,node,system,containerd.service,694.0,201.0,404.1,0.0,0.0,0.0,0.0,0.0,0.0,0.0,42.0,380.0,22762.0,normal
2026-06-01T01:01:59Z,worker-3,longhorn-system,engine-image-ei-843accdd-jdjd8,engine-image-ei-843accdd,12.7,1.0,15.5,0.0,0.0,0.0,0.0,0.0,0.0,0.0,10.0,37.0,793.0,normal
2026-06-01T01:01:59Z,worker-3,kube-system,nodelocaldns-pknk6,node-cache,12.8,4.2,0.3,1.1,0.0,5145.0,3785.0,0.0,0.0,0.0,0.0,0.0,719.0,normal
2026-06-01T01:01:59Z,worker-3,ebpf-final,ebpf-collector-dn4xc,collector,0.2,0.8,0.3,0.1,0.0,14635.0,19788.0,0.0,0.0,0.0,0.0,0.0,14.0,normal
2026-06-01T01:01:59Z,worker-3,kube-system,ovs-ovn-rnnnf,openvswitch,105.0,60.4,38.1,0.0,0.0,38.0,41.0,0.0,0.0,0.0,52.0,88.0,2481.0,normal
2026-06-01T01:01:59Z,worker-3,node,system,multipathd.service,0.0,2.1,0.0,0.0,0.0,0.0,0.0,0.0,0.0,0.0,0.0,0.0,21.0,normal
2026-06-01T01:01:59Z,worker-3,unknown,pod-64b429dc,nginx-proxy,0.0,0.0,0.0,0.0,0.0,58534.0,58582.0,0.0,0.0,0.0,0.0,0.0,58.0,normal
2026-06-01T01:01:59Z,worker-3,node,system,cgroup,0.0,0.0,0.0,0.0,0.0,0.0,0.0,2379816.0,1092960256.0,0.9516669259105324,0.0,0.0,424210.0,normal
2026-06-01T01:01:59Z,worker-3,longhorn-system,longhorn-csi-plugin-982sm,node-driver-registrar,0.0,0.0,0.0,0.0,0.0,0.0,0.0,0.0,0.0,0.0,0.0,0.0,24.0,normal
2026-06-01T01:01:59Z,worker-3,node,system,fwupd.service,0.0,0.0,0.0,0.0,0.0,0.0,0.0,0.0,0.0,0.0,0.0,0.0,7.0,normal
2026-06-01T01:01:59Z,worker-3,node,system,udisks2.service,0.0,0.0,0.0,0.0,0.0,0.0,0.0,0.0,0.0,0.0,0.0,0.0,2.0,normal
2026-06-01T01:01:59Z,worker-3,node,system,polkit.service,0.0,0.0,0.0,0.0,0.0,0.0,0.0,0.0,0.0,0.0,0.0,0.0,2.0,normal
2026-06-01T01:02:10Z,worker-3,monitoring,my-monitoring-kube-state-metrics-cb8fc4474-7b8jn,kube-state-metrics,46.1,62.8,0.4,0.0,0.0,230960.0,2404718.0,0.0,0.0,0.0,0.0,0.0,1193.0,normal
2026-06-01T01:02:10Z,worker-3,longhorn-system,csi-resizer-7d9bff5787-5x45s,csi-resizer,1.7,1.3,0.0,0.0,0.0,1093.0,78.0,0.0,0.0,0.0,0.0,0.0,138.0,normal
2026-06-01T01:02:10Z,worker-3,longhorn-system,csi-attacher-896ffc747-ph5gc,csi-attacher,2.4,2.0,0.1,0.0,0.0,556.0,39.0,0.0,0.0,0.0,0.0,0.0,202.0,normal
2026-06-01T01:02:10Z,worker-3,longhorn-system,csi-provisioner-688964c44b-c6hh5,csi-provisioner,7.6,7.4,0.0,0.0,0.0,544.0,39.0,0.0,0.0,0.0,0.0,0.0,394.0,normal
2026-06-01T01:02:10Z,worker-3,kube-system,dns-autoscaler-5594cbb9c4-2d42r,autoscaler,32.9,2.9,0.0,0.0,0.0,204703.0,1372.0,0.0,0.0,0.0,0.0,0.0,621.0,normal
2026-06-01T01:02:10Z,worker-3,monitoring,my-monitoring-kube-prometh-operator-5598576fd7-b679t,kube-prometheus-stack,8.4,5.6,0.1,0.0,0.0,4785.0,4219.0,0.0,0.0,0.0,0.0,0.0,988.0,normal
2026-06-01T01:02:10Z,worker-3,gpu-operator,gpu-operator-1764036362-node-feature-discovery-worker-5pb7x,worker,0.4,0.2,0.0,0.0,0.0,222.0,188.0,0.0,0.0,0.0,0.0,0.0,27.0,normal
2026-06-01T01:02:10Z,worker-3,kube-system,kube-ovn-pinger-ftt47,pinger,46.8,19.9,13.2,0.2,0.0,116780.0,1532.0,0.0,8192.0,0.9807385,17.0,26.0,3735.0,normal
2026-06-01T01:02:10Z,worker-3,longhorn-system,engine-image-ei-3154f3aa-qnht4,engine-image-ei-3154f3aa,12.8,1.0,15.6,0.0,0.0,0.0,0.0,0.0,0.0,0.0,10.0,43.0,1148.0,normal
2026-06-01T01:02:10Z,worker-3,longhorn-system,csi-snapshotter-65884686fc-2txm9,csi-snapshotter,2.7,2.5,0.0,0.0,0.0,566.0,39.0,0.0,0.0,0.0,0.0,0.0,196.0,normal
2026-06-01T01:02:10Z,worker-3,longhorn-system,instance-manager-f29dc489575bdbeaa022ffe3d5167334,instance-manager,196.7,4.5,13.6,0.4,0.0,1297.0,1076.0,0.0,0.0,0.0,7.0,12.0,535.0,normal
2026-06-01T01:02:10Z,worker-3,longhorn-system,longhorn-manager-tvpsm,longhorn-manager,148.1,44.9,8.4,0.2,0.0,477862.0,20374.0,0.0,0.0,0.0,2.0,11.0,5374.0,normal
2026-06-01T01:02:10Z,worker-3,kube-system,tetragon-k4mpw,export-stdout,24.4,22.7,0.0,0.0,0.0,0.0,0.0,0.0,0.0,0.0,0.0,0.0,11.0,normal
2026-06-01T01:02:10Z,worker-3,kube-system,metrics-server-7c987796d6-7dfbh,metrics-server,47.1,13.1,0.0,0.0,0.0,243453.0,11275.0,0.0,0.0,0.0,0.0,0.0,2012.0,normal
2026-06-01T01:02:10Z,worker-3,kube-system,coredns-64b5cc5cbc-4qds2,coredns,27.2,10.3,0.4,1.0,0.0,7298.0,14858.0,0.0,0.0,0.0,0.0,0.0,1217.0,normal
2026-06-01T01:02:10Z,worker-3,gpu-operator,gpu-operator-1764036362-node-feature-discovery-gc-5577c78cghmp2,gc,21.5,2.6,0.0,0.0,0.0,130504.0,1340.0,0.0,0.0,0.0,0.0,0.0,422.0,normal
2026-06-01T01:02:10Z,worker-3,monitoring,my-monitoring-prometheus-node-exporter-bc6t2,node-exporter,189.9,0.8,167.8,0.0,0.0,573.0,27691.0,0.0,0.0,0.0,0.0,0.0,160.0,normal
2026-06-01T01:02:10Z,worker-3,longhorn-system,longhorn-csi-plugin-982sm,longhorn-liveness-probe,3.1,2.0,0.0,0.0,0.0,224.0,274.0,0.0,0.0,0.0,0.0,0.0,171.0,normal
2026-06-01T01:02:10Z,worker-3,kube-system,kube-ovn-controller-667d7fd768-w8whr,kube-ovn-controller,9.2,2.5,4.5,0.5,0.0,542.0,39.0,0.0,0.0,0.0,5.0,89.0,2910.0,normal
2026-06-01T01:02:10Z,worker-3,kube-system,kube-proxy-7jlgx,kube-proxy,2.9,0.3,0.0,0.0,0.0,18664.0,96.0,0.0,0.0,0.0,0.0,0.0,109.0,normal
2026-06-01T01:02:10Z,worker-3,node,system,kubelet.service,601.4,58.4,214.7,2.4,0.0,66405.0,530560.0,0.0,0.0,0.0,0.0,0.0,9575.0,normal
2026-06-01T01:02:10Z,worker-3,kube-system,kube-ovn-cni-kc97p,cni-server,332.6,22.2,457.7,0.3,0.0,204207.0,1200.0,0.0,0.0,0.0,131.0,188.0,4499.0,normal
2026-06-01T01:02:10Z,worker-3,node,system,init.scope,0.4,0.0,0.1,0.0,0.0,0.0,0.0,0.0,0.0,0.0,0.0,0.0,1.0,normal
2026-06-01T01:02:10Z,worker-3,longhorn-system,longhorn-csi-plugin-982sm,node-driver-registrar,0.1,0.1,0.0,0.0,0.0,0.0,0.0,0.0,0.0,0.0,0.0,0.0,9.0,normal
2026-06-01T01:02:10Z,worker-3,longhorn-system,longhorn-csi-plugin-982sm,longhorn-csi-plugin,3.1,1.4,0.0,0.0,0.0,0.0,0.0,0.0,0.0,0.0,0.0,0.0,68.0,normal
2026-06-01T01:02:10Z,worker-3,kube-system,tetragon-k4mpw,tetragon,6.0,6.0,0.0,0.0,0.0,18830.0,239.0,0.0,0.0,0.0,0.0,0.0,14589.0,normal
2026-06-01T01:02:10Z,worker-3,node,system,containerd.service,597.9,205.1,333.6,0.0,0.0,0.0,0.0,0.0,0.0,0.0,42.0,373.0,20811.0,normal
2026-06-01T01:02:10Z,worker-3,longhorn-system,engine-image-ei-843accdd-jdjd8,engine-image-ei-843accdd,12.7,1.0,15.5,0.0,0.0,0.0,0.0,0.0,0.0,0.0,10.0,34.0,932.0,normal
2026-06-01T01:02:10Z,worker-3,kube-system,nodelocaldns-pknk6,node-cache,12.5,4.1,0.3,1.0,0.0,4922.0,3562.0,0.0,0.0,0.0,0.0,0.0,685.0,normal
2026-06-01T01:02:10Z,worker-3,ebpf-final,ebpf-collector-dn4xc,collector,209.9,0.9,192.3,0.1,0.0,292296.0,20771.0,0.0,0.0,0.0,0.0,0.0,228.0,normal
2026-06-01T01:02:10Z,worker-3,kube-system,ovs-ovn-rnnnf,openvswitch,106.6,62.7,38.0,0.0,0.0,38.0,41.0,0.0,0.0,0.0,52.0,88.0,2632.0,normal
2026-06-01T01:02:10Z,worker-3,node,system,multipathd.service,0.0,2.4,0.0,0.0,0.0,0.0,0.0,0.0,0.0,0.0,0.0,0.0,28.0,normal
2026-06-01T01:02:10Z,worker-3,node,system,cgroup,0.0,0.0,0.0,0.0,0.1,0.0,0.0,2420776.0,1134034944.0,0.9582459585607971,0.0,1.0,437060.0,normal
2026-06-01T01:02:10Z,worker-3,unknown,pod-64b429dc,nginx-proxy,0.0,0.0,0.0,0.0,0.0,62933.0,63005.0,0.0,0.0,0.0,0.0,0.0,72.0,normal
2026-06-01T01:02:10Z,worker-3,node,system,rpcbind.service,0.0,0.0,0.0,0.0,0.0,0.0,0.0,0.0,0.0,0.0,0.0,0.0,1.0,normal
2026-06-01T01:02:10Z,worker-3,node,system,cron.service,0.0,0.0,0.0,0.0,0.0,0.0,0.0,0.0,0.0,0.0,0.0,0.0,1.0,normal
2026-06-01T01:02:10Z,worker-3,node,system,fwupd.service,0.0,0.0,0.0,0.0,0.0,0.0,0.0,0.0,0.0,0.0,0.0,0.0,8.0,normal
2026-06-01T01:02:10Z,worker-3,node,system,udisks2.service,0.0,0.0,0.0,0.0,0.0,0.0,0.0,0.0,0.0,0.0,0.0,0.0,3.0,normal
2026-06-01T01:02:10Z,worker-3,node,system,polkit.service,0.0,0.0,0.0,0.0,0.0,0.0,0.0,0.0,0.0,0.0,0.0,0.0,3.0,normal
2026-06-01T01:02:20Z,worker-3,monitoring,my-monitoring-kube-state-metrics-cb8fc4474-7b8jn,kube-state-metrics,45.9,3.7,0.4,0.0,0.0,229311.0,1819.0,0.0,0.0,0.0,0.0,0.0,1006.0,normal
2026-06-01T01:02:20Z,worker-3,longhorn-system,csi-resizer-7d9bff5787-5x45s,csi-resizer,1.4,1.3,0.0,0.0,0.0,547.0,39.0,0.0,0.0,0.0,0.0,0.0,146.0,normal
2026-06-01T01:02:20Z,worker-3,longhorn-system,csi-attacher-896ffc747-ph5gc,csi-attacher,1.3,1.2,0.0,0.0,0.0,555.0,39.0,0.0,0.0,0.0,0.0,0.0,143.0,normal
2026-06-01T01:02:20Z,worker-3,longhorn-system,csi-provisioner-688964c44b-c6hh5,csi-provisioner,7.8,7.5,0.0,0.0,0.0,544.0,39.0,0.0,0.0,0.0,0.0,0.0,388.0,normal
2026-06-01T01:02:20Z,worker-3,kube-system,dns-autoscaler-5594cbb9c4-2d42r,autoscaler,33.8,2.9,0.0,0.0,0.0,204703.0,1372.0,0.0,0.0,0.0,0.0,0.0,690.0,normal
2026-06-01T01:02:20Z,worker-3,monitoring,my-monitoring-kube-prometh-operator-5598576fd7-b679t,kube-prometheus-stack,6.9,5.1,0.0,0.0,0.0,4191.0,4054.0,0.0,0.0,0.0,0.0,0.0,776.0,normal
2026-06-01T01:02:20Z,worker-3,gpu-operator,gpu-operator-1764036362-node-feature-discovery-worker-5pb7x,worker,0.6,0.2,0.0,0.0,0.0,222.0,188.0,0.0,0.0,0.0,0.0,0.0,35.0,normal
2026-06-01T01:02:20Z,worker-3,kube-system,kube-ovn-pinger-ftt47,pinger,25.3,14.5,5.9,0.0,0.0,32474.0,375.0,0.0,12288.0,0.3178685,9.0,19.0,2497.0,normal
2026-06-01T01:02:20Z,worker-3,longhorn-system,engine-image-ei-3154f3aa-qnht4,engine-image-ei-3154f3aa,12.8,1.0,15.6,0.0,0.0,0.0,0.0,0.0,0.0,0.0,10.0,42.0,1151.0,normal
2026-06-01T01:02:20Z,worker-3,longhorn-system,csi-snapshotter-65884686fc-2txm9,csi-snapshotter,2.5,2.1,0.0,0.0,0.0,1132.0,78.0,0.0,0.0,0.0,0.0,0.0,141.0,normal
2026-06-01T01:02:20Z,worker-3,longhorn-system,instance-manager-f29dc489575bdbeaa022ffe3d5167334,instance-manager,183.6,2.5,12.4,0.4,0.0,468.0,455.0,0.0,0.0,0.0,6.0,6.0,341.0,normal
2026-06-01T01:02:20Z,worker-3,longhorn-system,longhorn-manager-tvpsm,longhorn-manager,118.0,41.5,0.3,0.1,0.0,465093.0,10489.0,0.0,0.0,0.0,0.0,0.0,4785.0,normal
2026-06-01T01:02:20Z,worker-3,kube-system,tetragon-k4mpw,export-stdout,8.9,7.6,0.0,0.0,0.0,0.0,0.0,0.0,0.0,0.0,0.0,0.0,10.0,normal
2026-06-01T01:02:20Z,worker-3,kube-system,metrics-server-7c987796d6-7dfbh,metrics-server,52.0,15.1,0.1,0.0,0.0,245614.0,15097.0,0.0,0.0,0.0,0.0,0.0,2226.0,normal
2026-06-01T01:02:20Z,worker-3,kube-system,coredns-64b5cc5cbc-4qds2,coredns,33.4,12.5,0.1,1.0,0.0,7080.0,13562.0,0.0,0.0,0.0,0.0,0.0,1226.0,normal
2026-06-01T01:02:20Z,worker-3,gpu-operator,gpu-operator-1764036362-node-feature-discovery-gc-5577c78cghmp2,gc,22.3,2.8,0.0,0.0,0.0,130630.0,1340.0,0.0,0.0,0.0,0.0,0.0,513.0,normal
2026-06-01T01:02:20Z,worker-3,monitoring,my-monitoring-prometheus-node-exporter-bc6t2,node-exporter,0.3,0.2,0.0,0.0,0.0,208.0,3254.0,0.0,0.0,0.0,0.0,0.0,14.0,normal
2026-06-01T01:02:20Z,worker-3,longhorn-system,longhorn-csi-plugin-982sm,longhorn-liveness-probe,3.2,2.1,0.0,0.0,0.0,224.0,274.0,0.0,0.0,0.0,0.0,0.0,227.0,normal
2026-06-01T01:02:20Z,worker-3,kube-system,kube-ovn-controller-667d7fd768-w8whr,kube-ovn-controller,9.5,2.5,4.6,0.5,0.0,1086.0,78.0,0.0,0.0,0.0,5.0,99.0,2966.0,normal
2026-06-01T01:02:20Z,worker-3,kube-system,kube-proxy-7jlgx,kube-proxy,2.9,0.4,0.0,0.0,0.0,18661.0,96.0,0.0,0.0,0.0,0.0,0.0,102.0,normal
2026-06-01T01:02:20Z,worker-3,node,system,kubelet.service,635.6,55.4,224.9,2.4,0.0,64169.0,301756.0,0.0,0.0,0.0,0.0,0.0,9005.0,normal
2026-06-01T01:02:20Z,worker-3,kube-system,kube-ovn-cni-kc97p,cni-server,367.3,24.5,521.6,0.3,0.0,204178.0,1334.0,0.0,0.0,0.0,162.0,217.0,5140.0,normal
2026-06-01T01:02:20Z,worker-3,longhorn-system,longhorn-csi-plugin-982sm,node-driver-registrar,0.1,0.1,0.0,0.0,0.0,0.0,0.0,0.0,0.0,0.0,0.0,0.0,9.0,normal
2026-06-01T01:02:20Z,worker-3,longhorn-system,longhorn-csi-plugin-982sm,longhorn-csi-plugin,2.9,1.1,0.0,0.0,0.0,0.0,0.0,0.0,0.0,0.0,0.0,0.0,77.0,normal
2026-06-01T01:02:20Z,worker-3,kube-system,tetragon-k4mpw,tetragon,6.1,3.8,0.0,0.0,0.0,19001.0,239.0,0.0,0.0,0.0,0.0,0.0,15712.0,normal
2026-06-01T01:02:20Z,worker-3,node,system,containerd.service,799.8,203.6,474.3,0.0,0.0,0.0,0.0,0.0,0.0,0.0,42.0,374.0,24488.0,normal
2026-06-01T01:02:20Z,worker-3,longhorn-system,engine-image-ei-843accdd-jdjd8,engine-image-ei-843accdd,12.5,1.0,15.3,0.0,0.0,0.0,0.0,0.0,0.0,0.0,10.0,33.0,767.0,normal
2026-06-01T01:02:20Z,worker-3,kube-system,nodelocaldns-pknk6,node-cache,13.5,4.6,0.4,1.0,0.0,4922.0,3562.0,0.0,0.0,0.0,0.0,0.0,771.0,normal
2026-06-01T01:02:20Z,worker-3,ebpf-final,ebpf-collector-dn4xc,collector,0.2,0.8,0.3,0.1,0.0,14971.0,20270.0,0.0,0.0,0.0,0.0,0.0,10.0,normal
2026-06-01T01:02:20Z,worker-3,kube-system,ovs-ovn-rnnnf,openvswitch,110.1,65.2,37.5,0.0,0.0,38.0,41.0,0.0,0.0,0.0,52.0,88.0,2690.0,normal
2026-06-01T01:02:20Z,worker-3,node,system,multipathd.service,0.0,2.2,0.0,0.0,0.0,0.0,0.0,0.0,0.0,0.0,0.0,0.0,24.0,normal
2026-06-01T01:02:20Z,worker-3,node,system,init.scope,0.0,4.0,3.4,0.0,0.0,0.0,0.0,0.0,0.0,0.0,0.0,0.0,6.0,normal
2026-06-01T01:02:20Z,worker-3,unknown,pod-64b429dc,nginx-proxy,0.0,0.0,0.0,0.0,0.0,58075.0,58123.0,0.0,0.0,0.0,0.0,0.0,51.0,normal
2026-06-01T01:02:20Z,worker-3,node,system,cgroup,0.0,0.0,0.0,0.0,0.0,0.0,0.0,2400296.0,1082408960.0,0.9585877528884204,0.0,0.0,427059.0,normal
2026-06-01T01:02:20Z,worker-3,node,system,dbus.service,0.0,0.0,0.0,0.0,0.0,0.0,0.0,0.0,0.0,0.0,0.0,0.0,9.0,normal
2026-06-01T01:02:20Z,worker-3,node,system,fwupd.service,0.0,0.0,0.0,0.0,0.0,0.0,0.0,0.0,0.0,0.0,0.0,0.0,7.0,normal
2026-06-01T01:02:20Z,worker-3,node,system,udisks2.service,0.0,0.0,0.0,0.0,0.0,0.0,0.0,0.0,0.0,0.0,0.0,0.0,2.0,normal
2026-06-01T01:02:20Z,worker-3,node,system,polkit.service,0.0,0.0,0.0,0.0,0.0,0.0,0.0,0.0,0.0,0.0,0.0,0.0,2.0,normal
2026-06-01T01:02:30Z,worker-3,monitoring,my-monitoring-kube-state-metrics-cb8fc4474-7b8jn,kube-state-metrics,46.8,4.2,0.5,0.0,0.0,230485.0,1930.0,0.0,0.0,0.0,0.0,0.0,1022.0,normal
2026-06-01T01:02:30Z,worker-3,longhorn-system,csi-resizer-7d9bff5787-5x45s,csi-resizer,2.2,1.7,0.1,0.0,0.0,1094.0,113.0,0.0,0.0,0.0,0.0,0.0,141.0,normal
2026-06-01T01:02:30Z,worker-3,longhorn-system,csi-attacher-896ffc747-ph5gc,csi-attacher,1.9,1.5,0.0,0.0,0.0,1110.0,78.0,0.0,0.0,0.0,0.0,0.0,154.0,normal
2026-06-01T01:02:30Z,worker-3,longhorn-system,csi-provisioner-688964c44b-c6hh5,csi-provisioner,6.9,6.8,0.0,0.0,0.0,544.0,74.0,0.0,0.0,0.0,0.0,0.0,396.0,normal
2026-06-01T01:02:30Z,worker-3,kube-system,dns-autoscaler-5594cbb9c4-2d42r,autoscaler,32.9,2.8,0.0,0.0,0.0,204703.0,1372.0,0.0,0.0,0.0,0.0,0.0,625.0,normal
2026-06-01T01:02:30Z,worker-3,node,system,systemd-journald.service,1.4,0.0,1.1,0.0,0.0,0.0,0.0,0.0,0.0,0.0,0.0,0.0,4.0,normal
2026-06-01T01:02:30Z,worker-3,monitoring,my-monitoring-kube-prometh-operator-5598576fd7-b679t,kube-prometheus-stack,11.8,8.1,0.5,0.0,0.0,4523.0,15336.0,0.0,0.0,0.0,0.0,0.0,945.0,normal
2026-06-01T01:02:30Z,worker-3,gpu-operator,gpu-operator-1764036362-node-feature-discovery-worker-5pb7x,worker,210.9,4.1,111.8,0.0,0.0,137721.0,1811.0,0.0,0.0,0.0,0.0,0.0,1444.0,normal
2026-06-01T01:02:30Z,worker-3,kube-system,kube-ovn-pinger-ftt47,pinger,32.3,16.3,7.3,0.2,0.0,116730.0,1580.0,0.0,12288.0,1.0503655,8.0,7.0,2777.0,normal
2026-06-01T01:02:30Z,worker-3,longhorn-system,engine-image-ei-3154f3aa-qnht4,engine-image-ei-3154f3aa,12.7,1.0,15.5,0.0,0.0,0.0,0.0,0.0,0.0,0.0,10.0,41.0,1120.0,normal
2026-06-01T01:02:30Z,worker-3,longhorn-system,csi-snapshotter-65884686fc-2txm9,csi-snapshotter,2.5,2.2,0.1,0.0,0.0,566.0,39.0,0.0,0.0,0.0,0.0,0.0,130.0,normal
2026-06-01T01:02:30Z,worker-3,node,system,udisks2.service,0.1,0.1,0.0,0.0,0.0,0.0,0.0,0.0,0.0,0.0,0.0,1.0,9.0,normal
2026-06-01T01:02:30Z,worker-3,longhorn-system,instance-manager-f29dc489575bdbeaa022ffe3d5167334,instance-manager,186.8,4.2,12.4,0.5,0.0,968.0,960.0,0.0,0.0,0.0,6.0,6.0,431.0,normal
2026-06-01T01:02:30Z,worker-3,longhorn-system,longhorn-manager-tvpsm,longhorn-manager,116.4,39.1,0.1,0.1,0.0,467706.0,10493.0,0.0,0.0,0.0,0.0,0.0,4728.0,normal
2026-06-01T01:02:30Z,worker-3,kube-system,tetragon-k4mpw,export-stdout,14.8,13.2,0.0,0.0,0.0,0.0,0.0,0.0,0.0,0.0,0.0,0.0,10.0,normal
2026-06-01T01:02:30Z,worker-3,kube-system,metrics-server-7c987796d6-7dfbh,metrics-server,44.2,12.5,0.0,0.0,0.0,211158.0,14899.0,0.0,0.0,0.0,0.0,0.0,1825.0,normal
2026-06-01T01:02:30Z,worker-3,kube-system,coredns-64b5cc5cbc-4qds2,coredns,31.2,12.1,0.0,1.0,0.0,6767.0,12640.0,0.0,0.0,0.0,0.0,0.0,1156.0,normal
2026-06-01T01:02:30Z,worker-3,gpu-operator,gpu-operator-1764036362-node-feature-discovery-gc-5577c78cghmp2,gc,22.2,2.7,0.1,0.0,0.0,130877.0,1457.0,0.0,0.0,0.0,0.0,0.0,455.0,normal
2026-06-01T01:02:30Z,worker-3,monitoring,my-monitoring-prometheus-node-exporter-bc6t2,node-exporter,0.6,0.3,0.0,0.0,0.0,312.0,4881.0,0.0,0.0,0.0,0.0,0.0,26.0,normal
2026-06-01T01:02:30Z,worker-3,longhorn-system,longhorn-csi-plugin-982sm,longhorn-liveness-probe,2.4,1.6,0.0,0.0,0.0,224.0,274.0,0.0,0.0,0.0,0.0,0.0,150.0,normal
2026-06-01T01:02:30Z,worker-3,kube-system,kube-ovn-controller-667d7fd768-w8whr,kube-ovn-controller,7.5,1.8,3.7,0.4,0.0,543.0,39.0,0.0,0.0,0.0,4.0,77.0,2360.0,normal
2026-06-01T01:02:30Z,worker-3,kube-system,kube-proxy-7jlgx,kube-proxy,2.7,0.3,0.0,0.0,0.0,18539.0,96.0,0.0,0.0,0.0,0.0,0.0,94.0,normal
2026-06-01T01:02:30Z,worker-3,node,system,kubelet.service,451.5,47.5,140.7,2.4,0.0,62331.0,266589.0,0.0,0.0,0.0,0.0,0.0,7033.0,normal
2026-06-01T01:02:30Z,worker-3,kube-system,kube-ovn-cni-kc97p,cni-server,353.6,23.4,505.7,0.2,0.0,204047.0,1200.0,0.0,0.0,0.0,142.0,177.0,4017.0,normal
2026-06-01T01:02:30Z,worker-3,node,system,init.scope,1.0,0.0,0.3,0.0,0.0,0.0,0.0,0.0,0.0,0.0,0.0,0.0,3.0,normal
2026-06-01T01:02:30Z,worker-3,longhorn-system,longhorn-csi-plugin-982sm,node-driver-registrar,0.1,0.1,0.0,0.0,0.0,0.0,0.0,0.0,0.0,0.0,0.0,0.0,9.0,normal
2026-06-01T01:02:30Z,worker-3,longhorn-system,longhorn-csi-plugin-982sm,longhorn-csi-plugin,2.3,1.0,0.0,0.0,0.0,0.0,0.0,0.0,0.0,0.0,0.0,0.0,135.0,normal
2026-06-01T01:02:30Z,worker-3,kube-system,tetragon-k4mpw,tetragon,5.4,4.3,0.0,0.0,0.0,18830.0,239.0,0.0,0.0,0.0,0.0,0.0,14735.0,normal
2026-06-01T01:02:30Z,worker-3,node,system,containerd.service,446.6,173.7,255.8,0.0,0.0,0.0,0.0,0.0,0.0,0.0,38.0,343.0,18235.0,normal
2026-06-01T01:02:30Z,worker-3,longhorn-system,engine-image-ei-843accdd-jdjd8,engine-image-ei-843accdd,12.5,1.0,15.4,0.0,0.0,0.0,0.0,0.0,0.0,0.0,10.0,33.0,725.0,normal
2026-06-01T01:02:30Z,worker-3,kube-system,nodelocaldns-pknk6,node-cache,12.8,4.4,0.3,1.0,0.0,4922.0,3562.0,0.0,0.0,0.0,0.0,0.0,696.0,normal
2026-06-01T01:02:30Z,worker-3,ebpf-final,ebpf-collector-dn4xc,collector,0.2,0.8,0.3,0.1,0.0,14614.0,19776.0,0.0,0.0,0.0,0.0,0.0,9.0,normal
2026-06-01T01:02:30Z,worker-3,kube-system,ovs-ovn-rnnnf,openvswitch,106.7,62.8,38.1,0.0,0.0,38.0,41.0,0.0,0.0,0.0,52.0,88.0,2690.0,normal
2026-06-01T01:02:30Z,worker-3,node,system,rsyslog.service,0.0,0.4,0.0,0.0,0.0,0.0,0.0,0.0,0.0,0.0,0.0,0.0,8.0,normal
2026-06-01T01:02:30Z,worker-3,node,system,multipathd.service,0.0,2.2,0.0,0.0,0.0,0.0,0.0,0.0,0.0,0.0,0.0,0.0,28.0,normal
2026-06-01T01:02:30Z,worker-3,unknown,pod-64b429dc,nginx-proxy,0.0,0.0,0.0,0.0,0.0,58597.0,58645.0,0.0,0.0,0.0,0.0,0.0,57.0,normal
2026-06-01T01:02:30Z,worker-3,node,system,cgroup,0.0,0.0,0.0,0.0,0.0,0.0,0.0,2351144.0,1096286208.0,0.9707692146512865,0.0,0.0,411929.0,normal
2026-06-01T01:02:30Z,worker-3,node,system,fwupd.service,0.0,0.0,0.0,0.0,0.0,0.0,0.0,0.0,0.0,0.0,0.0,0.0,8.0,normal
2026-06-01T01:02:30Z,worker-3,node,system,polkit.service,0.0,0.0,0.0,0.0,0.0,0.0,0.0,0.0,0.0,0.0,0.0,0.0,3.0,normal
2026-06-01T01:02:40Z,worker-3,monitoring,my-monitoring-kube-state-metrics-cb8fc4474-7b8jn,kube-state-metrics,48.5,63.2,0.4,0.0,0.0,237319.0,2404821.0,0.0,0.0,0.0,0.0,0.0,1226.0,normal
2026-06-01T01:02:40Z,worker-3,longhorn-system,csi-resizer-7d9bff5787-5x45s,csi-resizer,1.8,1.5,0.0,0.0,0.0,547.0,39.0,0.0,0.0,0.0,0.0,0.0,130.0,normal
2026-06-01T01:02:40Z,worker-3,longhorn-system,csi-attacher-896ffc747-ph5gc,csi-attacher,2.1,1.7,0.0,0.0,0.0,1110.0,113.0,0.0,0.0,0.0,0.0,0.0,218.0,normal
2026-06-01T01:02:40Z,worker-3,longhorn-system,csi-provisioner-688964c44b-c6hh5,csi-provisioner,6.9,6.3,0.1,0.0,0.0,1088.0,78.0,0.0,0.0,0.0,0.0,0.0,409.0,normal
2026-06-01T01:02:40Z,worker-3,kube-system,dns-autoscaler-5594cbb9c4-2d42r,autoscaler,34.6,3.3,0.0,0.0,0.0,205494.0,1450.0,0.0,0.0,0.0,0.0,0.0,721.0,normal
2026-06-01T01:02:40Z,worker-3,monitoring,my-monitoring-kube-prometh-operator-5598576fd7-b679t,kube-prometheus-stack,11.9,9.3,0.0,0.0,0.0,4740.0,4053.0,0.0,0.0,0.0,0.0,0.0,914.0,normal
2026-06-01T01:02:40Z,worker-3,gpu-operator,gpu-operator-1764036362-node-feature-discovery-worker-5pb7x,worker,0.6,0.2,0.0,0.0,0.0,222.0,188.0,0.0,0.0,0.0,0.0,0.0,27.0,normal
2026-06-01T01:02:40Z,worker-3,kube-system,kube-ovn-pinger-ftt47,pinger,45.0,20.0,13.3,0.2,0.0,116712.0,1436.0,0.0,8192.0,0.53791,17.0,26.0,3405.0,normal
2026-06-01T01:02:40Z,worker-3,longhorn-system,engine-image-ei-3154f3aa-qnht4,engine-image-ei-3154f3aa,16.4,1.3,19.9,0.0,0.0,0.0,0.0,0.0,0.0,0.0,13.0,59.0,1445.0,normal
2026-06-01T01:02:40Z,worker-3,longhorn-system,csi-snapshotter-65884686fc-2txm9,csi-snapshotter,2.2,2.1,0.0,0.0,0.0,565.0,39.0,0.0,0.0,0.0,0.0,0.0,153.0,normal
2026-06-01T01:02:40Z,worker-3,longhorn-system,instance-manager-f29dc489575bdbeaa022ffe3d5167334,instance-manager,208.5,4.7,14.7,0.4,0.0,1298.0,1076.0,0.0,0.0,0.0,8.0,8.0,503.0,normal
2026-06-01T01:02:40Z,worker-3,longhorn-system,longhorn-manager-tvpsm,longhorn-manager,149.0,45.7,8.4,0.3,0.0,487525.0,19614.0,0.0,0.0,0.0,2.0,8.0,5106.0,normal
2026-06-01T01:02:40Z,worker-3,kube-system,tetragon-k4mpw,export-stdout,24.2,22.7,0.0,0.0,0.0,0.0,0.0,0.0,0.0,0.0,0.0,0.0,10.0,normal
2026-06-01T01:02:40Z,worker-3,kube-system,metrics-server-7c987796d6-7dfbh,metrics-server,51.2,14.2,0.0,0.0,0.0,246924.0,11349.0,0.0,0.0,0.0,0.0,0.0,2184.0,normal
2026-06-01T01:02:40Z,worker-3,kube-system,coredns-64b5cc5cbc-4qds2,coredns,36.4,13.1,0.5,1.1,0.0,9454.0,19052.0,0.0,0.0,0.0,0.0,0.0,1351.0,normal
2026-06-01T01:02:40Z,worker-3,gpu-operator,gpu-operator-1764036362-node-feature-discovery-gc-5577c78cghmp2,gc,22.3,2.7,0.0,0.0,0.0,130504.0,1340.0,0.0,0.0,0.0,0.0,0.0,443.0,normal
2026-06-01T01:02:40Z,worker-3,monitoring,my-monitoring-prometheus-node-exporter-bc6t2,node-exporter,190.0,0.8,167.8,0.0,0.0,573.0,27742.0,0.0,0.0,0.0,0.0,0.0,236.0,normal
2026-06-01T01:02:40Z,worker-3,longhorn-system,longhorn-csi-plugin-982sm,longhorn-liveness-probe,2.9,1.9,0.0,0.0,0.0,224.0,274.0,0.0,0.0,0.0,0.0,0.0,152.0,normal
2026-06-01T01:02:40Z,worker-3,kube-system,kube-ovn-controller-667d7fd768-w8whr,kube-ovn-controller,10.6,2.7,5.5,0.6,0.0,0.0,0.0,0.0,0.0,0.0,6.0,119.0,3537.0,normal
2026-06-01T01:02:40Z,worker-3,kube-system,kube-proxy-7jlgx,kube-proxy,2.8,0.4,0.0,0.0,0.0,18539.0,96.0,0.0,0.0,0.0,0.0,0.0,97.0,normal
2026-06-01T01:02:40Z,worker-3,node,system,kubelet.service,481.3,51.3,159.8,2.3,0.0,60481.0,274861.0,0.0,0.0,0.0,2.0,2.0,8142.0,normal
2026-06-01T01:02:40Z,worker-3,kube-system,kube-ovn-cni-kc97p,cni-server,334.6,22.6,458.6,0.4,0.0,204335.0,1200.0,0.0,0.0,0.0,132.0,203.0,5123.0,normal
2026-06-01T01:02:40Z,worker-3,node,system,init.scope,0.4,0.0,0.1,0.0,0.0,0.0,0.0,0.0,0.0,0.0,0.0,0.0,1.0,normal
2026-06-01T01:02:40Z,worker-3,longhorn-system,longhorn-csi-plugin-982sm,node-driver-registrar,0.2,0.2,0.0,0.0,0.0,0.0,0.0,0.0,0.0,0.0,0.0,0.0,14.0,normal
2026-06-01T01:02:40Z,worker-3,longhorn-system,longhorn-csi-plugin-982sm,longhorn-csi-plugin,2.5,1.1,0.0,0.0,0.0,0.0,0.0,0.0,0.0,0.0,0.0,0.0,79.0,normal
2026-06-01T01:02:40Z,worker-3,kube-system,tetragon-k4mpw,tetragon,8.3,7.3,0.4,0.0,0.0,19481.0,23935.0,0.0,0.0,0.0,0.0,0.0,16475.0,normal
2026-06-01T01:02:40Z,worker-3,node,system,containerd.service,648.5,225.9,345.2,0.0,0.0,0.0,0.0,0.0,0.0,0.0,48.0,423.0,22468.0,normal
2026-06-01T01:02:40Z,worker-3,longhorn-system,engine-image-ei-843accdd-jdjd8,engine-image-ei-843accdd,12.6,1.0,15.4,0.0,0.0,0.0,0.0,0.0,0.0,0.0,10.0,30.0,822.0,normal
2026-06-01T01:02:40Z,worker-3,kube-system,nodelocaldns-pknk6,node-cache,13.2,4.6,0.3,1.1,0.0,5145.0,3785.0,0.0,0.0,0.0,0.0,0.0,746.0,normal
2026-06-01T01:02:40Z,worker-3,ebpf-final,ebpf-collector-dn4xc,collector,209.0,0.9,192.2,0.1,0.0,292993.0,21728.0,0.0,0.0,0.0,0.0,0.0,231.0,normal
2026-06-01T01:02:40Z,worker-3,kube-system,ovs-ovn-rnnnf,openvswitch,104.5,62.5,38.0,0.0,0.0,38.0,41.0,0.0,0.0,0.0,52.0,88.0,2673.0,normal
2026-06-01T01:02:40Z,worker-3,node,system,multipathd.service,0.0,2.1,0.0,0.0,0.0,0.0,0.0,0.0,0.0,0.0,0.0,0.0,25.0,normal
2026-06-01T01:02:40Z,worker-3,unknown,pod-64b429dc,nginx-proxy,0.0,0.0,0.0,0.0,0.0,58234.0,58282.0,0.0,0.0,0.0,0.0,0.0,55.0,normal
2026-06-01T01:02:40Z,worker-3,node,system,cgroup,0.0,0.0,0.0,0.0,0.0,0.0,0.0,2576424.0,1136640000.0,0.9486021582324106,0.0,2.0,444735.0,normal
2026-06-01T01:02:40Z,worker-3,node,system,rpcbind.service,0.0,0.0,0.0,0.0,0.0,0.0,0.0,0.0,0.0,0.0,0.0,0.0,1.0,normal
2026-06-01T01:02:40Z,worker-3,node,system,fwupd.service,0.0,0.0,0.0,0.0,0.0,0.0,0.0,0.0,0.0,0.0,0.0,0.0,8.0,normal
2026-06-01T01:02:40Z,worker-3,node,system,udisks2.service,0.0,0.0,0.0,0.0,0.0,0.0,0.0,0.0,0.0,0.0,0.0,0.0,4.0,normal
2026-06-01T01:02:40Z,worker-3,node,system,polkit.service,0.0,0.0,0.0,0.0,0.0,0.0,0.0,0.0,0.0,0.0,0.0,0.0,3.0,normal
2026-06-01T00:58:23Z,infra-1,kube-system,kube-proxy-nhxgw,kube-proxy,2.2,0.4,0.0,0.0,0.0,15164.0,96.0,0.0,0.0,0.0,0.0,0.0,106.0,normal
2026-06-01T00:58:23Z,infra-1,kube-system,tetragon-x7wc4,tetragon,3.8,5.3,0.0,0.0,0.0,15454.0,287.0,0.0,0.0,0.0,0.0,0.0,10461.0,normal
2026-06-01T00:58:23Z,infra-1,node,system,thermald.service,0.3,0.0,0.3,0.0,0.0,0.0,0.0,0.0,0.0,0.0,0.0,0.0,3.0,normal
2026-06-01T00:58:23Z,infra-1,longhorn-system,engine-image-ei-3154f3aa-zf876,engine-image-ei-3154f3aa,12.4,1.0,12.8,0.0,0.0,0.0,0.0,0.0,0.0,0.0,10.0,26.0,888.0,normal
2026-06-01T00:58:23Z,infra-1,kube-system,nodelocaldns-qv9pv,node-cache,13.3,5.3,0.3,1.1,0.0,5145.0,3785.0,0.0,0.0,0.0,0.0,0.0,650.0,normal
2026-06-01T00:58:23Z,infra-1,kube-system,kube-ovn-cni-ls6pt,cni-server,303.4,22.1,343.0,0.2,0.0,203900.0,1200.0,0.0,0.0,0.0,130.0,141.0,4270.0,normal
2026-06-01T00:58:23Z,infra-1,gpu-operator,gpu-operator-1764036362-node-feature-discovery-worker-2tg52,worker,0.4,0.2,0.0,0.0,0.0,222.0,188.0,0.0,0.0,0.0,0.0,0.0,25.0,normal
2026-06-01T00:58:23Z,infra-1,kube-system,tetragon-x7wc4,export-stdout,16.8,15.5,0.0,0.0,0.0,0.0,0.0,0.0,0.0,0.0,0.0,0.0,88.0,normal
2026-06-01T00:58:23Z,infra-1,kube-system,ovs-ovn-s2j4r,openvswitch,96.9,48.1,47.1,0.0,0.0,38.0,41.0,0.0,0.0,0.0,65.0,111.0,1622.0,normal
2026-06-01T00:58:23Z,infra-1,longhorn-system,engine-image-ei-843accdd-l2vl2,engine-image-ei-843accdd,12.4,1.0,12.8,0.0,0.0,0.0,0.0,0.0,0.0,0.0,10.0,22.0,639.0,normal
2026-06-01T00:58:23Z,infra-1,longhorn-system,longhorn-manager-vbwm6,longhorn-manager,115.5,27.4,10.5,0.3,0.0,490742.0,24219.0,0.0,0.0,0.0,2.0,8.0,4060.0,normal
2026-06-01T00:58:23Z,infra-1,longhorn-system,longhorn-csi-plugin-2bmwn,longhorn-csi-plugin,2.0,0.9,0.0,0.0,0.0,0.0,0.0,0.0,0.0,0.0,0.0,0.0,56.0,normal
2026-06-01T00:58:23Z,infra-1,longhorn-system,instance-manager-0f7092cdbbb40d99ecd3db9de888c91c,instance-manager,200.8,9.2,11.3,0.4,0.0,3811.0,3749.0,0.0,0.0,0.0,7.0,7.0,762.0,normal
2026-06-01T00:58:23Z,infra-1,node,system,containerd.service,432.5,158.5,213.3,0.0,0.0,0.0,0.0,0.0,0.0,0.0,32.0,295.0,15747.0,normal
2026-06-01T00:58:23Z,infra-1,kube-system,kube-ovn-pinger-sv9zp,pinger,51.1,21.8,13.2,0.2,0.0,115831.0,1579.0,0.0,12288.0,0.1623665,17.0,26.0,3530.0,normal
2026-06-01T00:58:23Z,infra-1,ebpf-final,ebpf-collector-n9bvw,collector,127.1,0.8,123.5,0.1,0.0,183109.0,16000.0,0.0,0.0,0.0,0.0,0.0,177.0,normal
2026-06-01T00:58:23Z,infra-1,longhorn-system,longhorn-csi-plugin-2bmwn,node-driver-registrar,0.1,0.1,0.0,0.0,0.0,0.0,0.0,0.0,0.0,0.0,0.0,0.0,10.0,normal
2026-06-01T00:58:23Z,infra-1,monitoring,my-monitoring-prometheus-node-exporter-r4b7j,node-exporter,0.3,0.2,0.0,0.0,0.0,208.0,3254.0,0.0,0.0,0.0,0.0,0.0,16.0,normal
2026-06-01T00:58:23Z,infra-1,longhorn-system,longhorn-csi-plugin-2bmwn,longhorn-liveness-probe,2.2,1.6,0.0,0.0,0.0,224.0,274.0,0.0,0.0,0.0,0.0,0.0,175.0,normal
2026-06-01T00:58:23Z,infra-1,node,system,kubelet.service,369.1,41.9,132.5,1.2,0.0,39400.0,91675.0,0.0,0.0,0.0,0.0,0.0,6395.0,normal
2026-06-01T00:58:23Z,infra-1,node,system,multipathd.service,0.0,2.4,0.0,0.0,0.0,0.0,0.0,0.0,0.0,0.0,0.0,0.0,22.0,normal
2026-06-01T00:58:23Z,infra-1,unknown,pod-e56d2680,nginx-proxy,0.0,0.0,0.0,0.0,0.0,48132.0,48180.0,0.0,0.0,0.0,0.0,0.0,32.0,normal
2026-06-01T00:58:23Z,infra-1,node,system,cgroup,0.0,0.0,0.0,0.0,0.0,0.0,0.0,40.0,14094336.0,4.769991650000001,0.0,0.0,29164.0,normal
2026-06-01T00:58:23Z,infra-1,node,system,udisks2.service,0.0,0.0,0.0,0.0,0.0,0.0,0.0,0.0,0.0,0.0,0.0,0.0,2.0,normal
2026-06-01T00:58:23Z,infra-1,node,system,polkit.service,0.0,0.0,0.0,0.0,0.0,0.0,0.0,0.0,0.0,0.0,0.0,0.0,3.0,normal
2026-06-01T00:58:33Z,infra-1,kube-system,kube-proxy-nhxgw,kube-proxy,0.8,0.4,0.0,0.0,0.0,15164.0,96.0,0.0,0.0,0.0,0.0,0.0,54.0,normal
2026-06-01T00:58:33Z,infra-1,kube-system,tetragon-x7wc4,tetragon,3.1,3.4,0.0,0.0,0.0,15601.0,174.0,0.0,0.0,0.0,0.0,0.0,11812.0,normal
2026-06-01T00:58:33Z,infra-1,node,system,thermald.service,0.2,0.0,0.2,0.0,0.0,0.0,0.0,0.0,0.0,0.0,0.0,0.0,2.0,normal
2026-06-01T00:58:33Z,infra-1,longhorn-system,engine-image-ei-3154f3aa-zf876,engine-image-ei-3154f3aa,12.4,1.0,12.8,0.0,0.0,0.0,0.0,0.0,0.0,0.0,10.0,28.0,1029.0,normal
2026-06-01T00:58:33Z,infra-1,kube-system,nodelocaldns-qv9pv,node-cache,27.3,6.0,35.2,1.0,0.0,4922.0,3562.0,0.0,0.0,0.0,12.0,12.0,887.0,normal
2026-06-01T00:58:33Z,infra-1,kube-system,kube-ovn-cni-ls6pt,cni-server,365.3,28.0,426.1,0.4,0.0,204346.0,1200.0,0.0,0.0,0.0,175.0,196.0,6267.0,normal
2026-06-01T00:58:33Z,infra-1,gpu-operator,gpu-operator-1764036362-node-feature-discovery-worker-2tg52,worker,0.9,0.6,0.0,0.0,0.0,372.0,321.0,0.0,0.0,0.0,0.0,0.0,59.0,normal
2026-06-01T00:58:33Z,infra-1,kube-system,tetragon-x7wc4,export-stdout,7.9,6.6,0.0,0.0,0.0,0.0,0.0,0.0,0.0,0.0,0.0,0.0,35.0,normal
2026-06-01T00:58:33Z,infra-1,kube-system,ovs-ovn-s2j4r,openvswitch,78.0,44.8,38.1,0.0,0.0,2258.0,0.0,0.0,0.0,0.0,52.0,88.0,1075.0,normal
2026-06-01T00:58:33Z,infra-1,longhorn-system,engine-image-ei-843accdd-l2vl2,engine-image-ei-843accdd,12.4,1.0,12.8,0.0,0.0,0.0,0.0,0.0,0.0,0.0,10.0,23.0,798.0,normal
2026-06-01T00:58:33Z,infra-1,longhorn-system,longhorn-manager-vbwm6,longhorn-manager,71.9,22.9,0.1,0.1,0.0,474564.0,10494.0,0.0,0.0,0.0,0.0,0.0,3354.0,normal
2026-06-01T00:58:33Z,infra-1,longhorn-system,longhorn-csi-plugin-2bmwn,longhorn-csi-plugin,2.1,1.2,0.0,0.0,0.0,0.0,0.0,0.0,0.0,0.0,0.0,0.0,65.0,normal
2026-06-01T00:58:33Z,infra-1,longhorn-system,instance-manager-0f7092cdbbb40d99ecd3db9de888c91c,instance-manager,192.1,8.0,10.2,0.4,0.0,3005.0,3179.0,0.0,0.0,0.0,6.0,6.0,595.0,normal
2026-06-01T00:58:33Z,infra-1,node,system,containerd.service,416.6,154.2,217.0,0.0,0.0,0.0,0.0,0.0,0.0,0.0,34.0,311.0,15864.0,normal
2026-06-01T00:58:33Z,infra-1,kube-system,kube-ovn-pinger-sv9zp,pinger,41.9,20.0,13.2,0.2,0.0,83550.0,1108.0,0.0,12288.0,0.137938,17.0,26.0,3914.0,normal
2026-06-01T00:58:33Z,infra-1,ebpf-final,ebpf-collector-n9bvw,collector,0.2,0.7,0.3,0.1,0.0,9710.0,13142.0,0.0,0.0,0.0,0.0,0.0,11.0,normal
2026-06-01T00:58:33Z,infra-1,longhorn-system,longhorn-csi-plugin-2bmwn,node-driver-registrar,0.1,0.1,0.0,0.0,0.0,0.0,0.0,0.0,0.0,0.0,0.0,0.0,11.0,normal
2026-06-01T00:58:33Z,infra-1,monitoring,my-monitoring-prometheus-node-exporter-r4b7j,node-exporter,105.4,0.7,92.8,0.0,0.0,573.0,21845.0,0.0,0.0,0.0,0.0,0.0,159.0,normal
2026-06-01T00:58:33Z,infra-1,longhorn-system,longhorn-csi-plugin-2bmwn,longhorn-liveness-probe,2.0,1.5,0.0,0.0,0.0,224.0,274.0,0.0,0.0,0.0,0.0,0.0,99.0,normal
2026-06-01T00:58:33Z,infra-1,node,system,kubelet.service,322.8,40.2,106.5,1.3,0.0,39961.0,91516.0,0.0,0.0,0.0,2.0,2.0,6858.0,normal
2026-06-01T00:58:33Z,infra-1,node,system,multipathd.service,0.0,2.2,0.0,0.0,0.0,0.0,0.0,0.0,0.0,0.0,0.0,0.0,21.0,normal
2026-06-01T00:58:33Z,infra-1,unknown,pod-e56d2680,nginx-proxy,0.0,0.0,0.0,0.0,0.0,48588.0,48636.0,0.0,0.0,0.0,0.0,0.0,42.0,normal
2026-06-01T00:58:33Z,infra-1,node,system,cgroup,0.0,0.0,0.0,0.0,0.0,0.0,0.0,40.0,217088.0,0.22220588888888887,0.0,0.0,30484.0,normal
2026-06-01T00:58:33Z,infra-1,node,system,udisks2.service,0.0,0.0,0.0,0.0,0.0,0.0,0.0,0.0,0.0,0.0,0.0,0.0,3.0,normal
2026-06-01T00:58:33Z,infra-1,node,system,polkit.service,0.0,0.0,0.0,0.0,0.0,0.0,0.0,0.0,0.0,0.0,0.0,0.0,3.0,normal
2026-06-01T00:58:43Z,infra-1,kube-system,kube-proxy-nhxgw,kube-proxy,2.5,0.5,0.0,0.0,0.0,15164.0,96.0,0.0,0.0,0.0,0.0,0.0,96.0,normal
2026-06-01T00:58:43Z,infra-1,kube-system,tetragon-x7wc4,tetragon,4.1,3.1,0.0,0.0,0.0,15454.0,239.0,0.0,0.0,0.0,0.0,0.0,10171.0,normal
2026-06-01T00:58:43Z,infra-1,node,system,thermald.service,0.3,0.0,0.3,0.0,0.0,0.0,0.0,0.0,0.0,0.0,0.0,0.0,3.0,normal
2026-06-01T00:58:43Z,infra-1,longhorn-system,engine-image-ei-3154f3aa-zf876,engine-image-ei-3154f3aa,12.4,1.0,12.8,0.0,0.0,0.0,0.0,0.0,0.0,0.0,10.0,26.0,946.0,normal
2026-06-01T00:58:43Z,infra-1,kube-system,nodelocaldns-qv9pv,node-cache,11.8,4.9,0.3,1.0,0.0,4922.0,3562.0,0.0,0.0,0.0,0.0,0.0,605.0,normal
2026-06-01T00:58:43Z,infra-1,kube-system,kube-ovn-cni-ls6pt,cni-server,307.1,23.1,343.1,0.2,0.0,204306.0,1355.0,0.0,0.0,0.0,130.0,140.0,4043.0,normal
2026-06-01T00:58:43Z,infra-1,gpu-operator,gpu-operator-1764036362-node-feature-discovery-worker-2tg52,worker,0.4,0.2,0.0,0.0,0.0,222.0,188.0,0.0,0.0,0.0,0.0,0.0,27.0,normal
2026-06-01T00:58:43Z,infra-1,kube-system,tetragon-x7wc4,export-stdout,5.6,4.4,0.0,0.0,0.0,0.0,0.0,0.0,0.0,0.0,0.0,0.0,10.0,normal
2026-06-01T00:58:43Z,infra-1,kube-system,ovs-ovn-s2j4r,openvswitch,77.2,40.4,38.1,0.0,0.0,38.0,41.0,0.0,0.0,0.0,52.0,88.0,1198.0,normal
2026-06-01T00:58:43Z,infra-1,longhorn-system,engine-image-ei-843accdd-l2vl2,engine-image-ei-843accdd,12.4,1.0,12.8,0.0,0.0,0.0,0.0,0.0,0.0,0.0,10.0,22.0,734.0,normal
2026-06-01T00:58:43Z,infra-1,longhorn-system,longhorn-manager-vbwm6,longhorn-manager,79.2,22.8,0.1,0.1,0.0,465355.0,10507.0,0.0,0.0,0.0,0.0,0.0,3529.0,normal
2026-06-01T00:58:43Z,infra-1,longhorn-system,longhorn-csi-plugin-2bmwn,longhorn-csi-plugin,2.3,1.2,0.0,0.0,0.0,0.0,0.0,0.0,0.0,0.0,0.0,0.0,65.0,normal
2026-06-01T00:58:43Z,infra-1,longhorn-system,instance-manager-0f7092cdbbb40d99ecd3db9de888c91c,instance-manager,191.3,7.2,10.2,0.4,0.0,2989.0,3162.0,0.0,0.0,0.0,6.0,6.0,656.0,normal
2026-06-01T00:58:43Z,infra-1,node,system,containerd.service,454.0,146.7,249.5,0.0,0.0,0.0,0.0,0.0,0.0,0.0,30.0,277.0,14736.0,normal
2026-06-01T00:58:43Z,infra-1,kube-system,kube-ovn-pinger-sv9zp,pinger,50.8,22.7,13.2,0.2,0.0,115804.0,1579.0,0.0,12288.0,0.1528155,17.0,26.0,4324.0,normal
2026-06-01T00:58:43Z,infra-1,ebpf-final,ebpf-collector-n9bvw,collector,0.2,0.7,0.3,0.1,0.0,9695.0,13136.0,0.0,0.0,0.0,0.0,0.0,16.0,normal
2026-06-01T00:58:43Z,infra-1,longhorn-system,longhorn-csi-plugin-2bmwn,node-driver-registrar,0.1,0.1,0.0,0.0,0.0,0.0,0.0,0.0,0.0,0.0,0.0,0.0,11.0,normal
2026-06-01T00:58:43Z,infra-1,monitoring,my-monitoring-prometheus-node-exporter-r4b7j,node-exporter,0.3,0.2,0.0,0.0,0.0,208.0,3254.0,0.0,0.0,0.0,0.0,0.0,19.0,normal
2026-06-01T00:58:43Z,infra-1,longhorn-system,longhorn-csi-plugin-2bmwn,longhorn-liveness-probe,2.0,1.4,0.0,0.0,0.0,224.0,274.0,0.0,0.0,0.0,0.0,0.0,129.0,normal
2026-06-01T00:58:43Z,infra-1,node,system,kubelet.service,304.6,43.5,99.1,1.2,0.0,39729.0,120413.0,0.0,0.0,0.0,0.0,0.0,6471.0,normal
2026-06-01T00:58:43Z,infra-1,node,system,multipathd.service,0.0,2.1,0.0,0.0,0.0,0.0,0.0,0.0,0.0,0.0,0.0,0.0,21.0,normal
2026-06-01T00:58:43Z,infra-1,unknown,pod-e56d2680,nginx-proxy,0.0,0.0,0.0,0.0,0.0,48298.0,48346.0,0.0,0.0,0.0,0.0,0.0,34.0,normal
2026-06-01T00:58:43Z,infra-1,node,system,cgroup,0.0,0.0,0.0,0.0,0.0,0.0,0.0,40.0,393216.0,0.2814038181818182,0.0,0.0,27858.0,normal
2026-06-01T00:58:43Z,infra-1,node,system,udisks2.service,0.0,0.0,0.0,0.0,0.0,0.0,0.0,0.0,0.0,0.0,0.0,0.0,2.0,normal
2026-06-01T00:58:43Z,infra-1,node,system,polkit.service,0.0,0.0,0.0,0.0,0.0,0.0,0.0,0.0,0.0,0.0,0.0,0.0,2.0,normal
2026-06-01T00:58:43Z,infra-1,node,system,rpcbind.service,0.0,0.0,0.0,0.0,0.0,0.0,0.0,0.0,0.0,0.0,0.0,0.0,1.0,normal
2026-06-01T00:58:53Z,infra-1,kube-system,kube-proxy-nhxgw,kube-proxy,1.0,0.4,0.0,0.0,0.0,15412.0,96.0,0.0,0.0,0.0,0.0,0.0,79.0,normal
2026-06-01T00:58:53Z,infra-1,node,system,init.scope,0.2,4.0,3.5,0.0,0.0,0.0,0.0,0.0,0.0,0.0,0.0,0.0,7.0,normal
2026-06-01T00:58:53Z,infra-1,kube-system,tetragon-x7wc4,tetragon,2.9,4.5,0.0,0.0,0.0,15615.0,222.0,0.0,0.0,0.0,0.0,0.0,9347.0,normal
2026-06-01T00:58:53Z,infra-1,node,system,thermald.service,0.2,0.0,0.2,0.0,0.0,0.0,0.0,0.0,0.0,0.0,0.0,0.0,2.0,normal
2026-06-01T00:58:53Z,infra-1,longhorn-system,engine-image-ei-3154f3aa-zf876,engine-image-ei-3154f3aa,12.4,1.0,12.8,0.0,0.0,0.0,0.0,0.0,0.0,0.0,10.0,27.0,971.0,normal
2026-06-01T00:58:53Z,infra-1,kube-system,nodelocaldns-qv9pv,node-cache,12.0,4.9,0.3,1.0,0.0,4922.0,3562.0,0.0,0.0,0.0,0.0,0.0,690.0,normal
2026-06-01T00:58:53Z,infra-1,kube-system,kube-ovn-cni-ls6pt,cni-server,303.9,22.5,343.0,0.2,0.0,207774.0,1296.0,0.0,0.0,0.0,130.0,141.0,4541.0,normal
2026-06-01T00:58:53Z,infra-1,gpu-operator,gpu-operator-1764036362-node-feature-discovery-worker-2tg52,worker,0.3,0.2,0.0,0.0,0.0,222.0,188.0,0.0,0.0,0.0,0.0,0.0,15.0,normal
2026-06-01T00:58:53Z,infra-1,kube-system,tetragon-x7wc4,export-stdout,20.6,19.0,0.0,0.0,0.0,0.0,0.0,0.0,0.0,0.0,0.0,0.0,11.0,normal
2026-06-01T00:58:53Z,infra-1,kube-system,ovs-ovn-s2j4r,openvswitch,84.9,55.0,38.0,0.0,0.0,1616.0,41.0,0.0,0.0,0.0,52.0,88.0,1469.0,normal
2026-06-01T00:58:53Z,infra-1,longhorn-system,engine-image-ei-843accdd-l2vl2,engine-image-ei-843accdd,12.4,1.0,12.8,0.0,0.0,0.0,0.0,0.0,0.0,0.0,10.0,23.0,638.0,normal
2026-06-01T00:58:53Z,infra-1,longhorn-system,longhorn-manager-vbwm6,longhorn-manager,109.9,27.1,10.6,0.3,0.0,498274.0,20344.0,0.0,0.0,0.0,2.0,8.0,4078.0,normal
2026-06-01T00:58:53Z,infra-1,longhorn-system,longhorn-csi-plugin-2bmwn,longhorn-csi-plugin,3.1,1.4,0.0,0.0,0.0,0.0,0.0,0.0,0.0,0.0,0.0,0.0,101.0,normal
2026-06-01T00:58:53Z,infra-1,longhorn-system,instance-manager-0f7092cdbbb40d99ecd3db9de888c91c,instance-manager,201.5,9.1,11.3,0.4,0.0,3811.0,3766.0,0.0,0.0,0.0,7.0,7.0,916.0,normal
2026-06-01T00:58:53Z,infra-1,node,system,containerd.service,398.7,149.7,209.4,0.0,0.0,0.0,0.0,0.0,0.0,0.0,30.0,277.0,14460.0,normal
2026-06-01T00:58:53Z,infra-1,kube-system,kube-ovn-pinger-sv9zp,pinger,19.1,16.7,0.0,0.0,0.0,32259.0,375.0,0.0,12288.0,0.1637065,0.0,0.0,3458.0,normal
2026-06-01T00:58:53Z,infra-1,ebpf-final,ebpf-collector-n9bvw,collector,130.8,0.8,123.4,0.1,0.0,182392.0,15051.0,0.0,0.0,0.0,0.0,0.0,151.0,normal
2026-06-01T00:58:53Z,infra-1,node,system,udisks2.service,0.6,0.3,9.7,0.0,0.0,0.0,0.0,1536.0,0.0,0.0,0.0,1.0,20.0,normal
2026-06-01T00:58:53Z,infra-1,longhorn-system,longhorn-csi-plugin-2bmwn,node-driver-registrar,0.1,0.1,0.0,0.0,0.0,0.0,0.0,0.0,0.0,0.0,0.0,0.0,10.0,normal
2026-06-01T00:58:53Z,infra-1,monitoring,my-monitoring-prometheus-node-exporter-r4b7j,node-exporter,0.3,0.2,0.0,0.0,0.0,208.0,3254.0,0.0,0.0,0.0,0.0,0.0,15.0,normal
2026-06-01T00:58:53Z,infra-1,longhorn-system,longhorn-csi-plugin-2bmwn,longhorn-liveness-probe,2.5,2.1,0.0,0.0,0.0,224.0,274.0,0.0,0.0,0.0,0.0,0.0,181.0,normal
2026-06-01T00:58:53Z,infra-1,node,system,kubelet.service,382.8,42.6,130.0,1.2,0.0,39138.0,91302.0,0.0,0.0,0.0,0.0,0.0,6055.0,normal
2026-06-01T00:58:53Z,infra-1,node,system,multipathd.service,0.0,2.2,0.0,0.0,0.0,0.0,0.0,0.0,0.0,0.0,0.0,0.0,21.0,normal
2026-06-01T00:58:53Z,infra-1,unknown,pod-e56d2680,nginx-proxy,0.0,0.0,0.0,0.0,0.0,48097.0,48145.0,0.0,0.0,0.0,0.0,0.0,31.0,normal
2026-06-01T00:58:53Z,infra-1,node,system,cgroup,0.0,0.0,0.0,0.0,0.0,0.0,0.0,40.0,684032.0,4.182361888888889,0.0,0.0,27372.0,normal
2026-06-01T00:58:53Z,infra-1,node,system,dbus.service,0.0,0.0,0.0,0.0,0.0,0.0,0.0,0.0,0.0,0.0,0.0,0.0,15.0,normal
2026-06-01T00:58:53Z,infra-1,node,system,systemd-networkd.service,0.0,0.0,0.0,0.0,0.0,0.0,0.0,0.0,0.0,0.0,0.0,0.0,3.0,normal
2026-06-01T00:58:53Z,infra-1,node,system,chrony.service,0.0,0.0,0.0,0.0,0.0,0.0,0.0,0.0,0.0,0.0,0.0,0.0,2.0,normal
2026-06-01T00:58:53Z,infra-1,node,system,polkit.service,0.0,0.0,0.0,0.0,0.0,0.0,0.0,0.0,0.0,0.0,0.0,0.0,3.0,normal
2026-06-01T00:59:03Z,infra-1,kube-system,kube-proxy-nhxgw,kube-proxy,1.1,0.4,0.0,0.0,0.0,15164.0,96.0,0.0,0.0,0.0,0.0,0.0,55.0,normal
2026-06-01T00:59:03Z,infra-1,kube-system,tetragon-x7wc4,tetragon,3.8,4.1,0.0,0.0,0.0,15625.0,239.0,0.0,0.0,0.0,0.0,0.0,9814.0,normal
2026-06-01T00:59:03Z,infra-1,node,system,thermald.service,0.3,0.0,0.3,0.0,0.0,0.0,0.0,0.0,0.0,0.0,0.0,0.0,5.0,normal
2026-06-01T00:59:03Z,infra-1,longhorn-system,engine-image-ei-3154f3aa-zf876,engine-image-ei-3154f3aa,12.4,1.0,12.8,0.0,0.0,0.0,0.0,0.0,0.0,0.0,10.0,26.0,987.0,normal
2026-06-01T00:59:03Z,infra-1,kube-system,nodelocaldns-qv9pv,node-cache,12.6,4.7,0.4,1.0,0.0,4922.0,3562.0,0.0,0.0,0.0,0.0,0.0,668.0,normal
2026-06-01T00:59:03Z,infra-1,kube-system,kube-ovn-cni-ls6pt,cni-server,310.1,23.6,348.0,0.4,0.0,204318.0,2300.0,0.0,0.0,0.0,135.0,159.0,5625.0,normal
2026-06-01T00:59:03Z,infra-1,gpu-operator,gpu-operator-1764036362-node-feature-discovery-worker-2tg52,worker,48.8,3.9,25.7,0.0,0.0,135977.0,1763.0,0.0,0.0,0.0,0.0,0.0,610.0,normal
2026-06-01T00:59:03Z,infra-1,kube-system,tetragon-x7wc4,export-stdout,10.0,8.6,0.0,0.0,0.0,0.0,0.0,0.0,0.0,0.0,0.0,0.0,10.0,normal
2026-06-01T00:59:03Z,infra-1,kube-system,ovs-ovn-s2j4r,openvswitch,88.2,54.9,38.1,0.0,0.0,38.0,41.0,0.0,0.0,0.0,52.0,88.0,1701.0,normal
2026-06-01T00:59:03Z,infra-1,longhorn-system,engine-image-ei-843accdd-l2vl2,engine-image-ei-843accdd,12.4,1.0,12.8,0.0,0.0,0.0,0.0,0.0,0.0,0.0,10.0,22.0,837.0,normal
2026-06-01T00:59:03Z,infra-1,longhorn-system,longhorn-manager-vbwm6,longhorn-manager,65.3,19.8,0.3,0.1,0.0,476615.0,11575.0,0.0,0.0,0.0,0.0,0.0,3541.0,normal
2026-06-01T00:59:03Z,infra-1,longhorn-system,longhorn-csi-plugin-2bmwn,longhorn-csi-plugin,1.6,1.0,0.0,0.0,0.0,0.0,0.0,0.0,0.0,0.0,0.0,0.0,33.0,normal
2026-06-01T00:59:03Z,infra-1,longhorn-system,instance-manager-0f7092cdbbb40d99ecd3db9de888c91c,instance-manager,191.6,7.4,10.2,0.4,0.0,3006.0,3179.0,0.0,0.0,0.0,6.0,6.0,697.0,normal
2026-06-01T00:59:03Z,infra-1,node,system,containerd.service,416.2,157.6,216.9,0.0,0.0,0.0,0.0,0.0,0.0,0.0,34.0,309.0,15969.0,normal
2026-06-01T00:59:03Z,infra-1,kube-system,kube-ovn-pinger-sv9zp,pinger,53.1,25.0,13.2,0.2,0.0,115958.0,1579.0,0.0,12288.0,0.1474605,17.0,26.0,4495.0,normal
2026-06-01T00:59:03Z,infra-1,ebpf-final,ebpf-collector-n9bvw,collector,0.2,0.7,0.3,0.1,0.0,11080.0,15016.0,0.0,0.0,0.0,0.0,0.0,13.0,normal
2026-06-01T00:59:03Z,infra-1,longhorn-system,longhorn-csi-plugin-2bmwn,node-driver-registrar,0.1,0.1,0.0,0.0,0.0,0.0,0.0,0.0,0.0,0.0,0.0,0.0,10.0,normal
2026-06-01T00:59:03Z,infra-1,monitoring,my-monitoring-prometheus-node-exporter-r4b7j,node-exporter,105.3,0.8,92.8,0.0,0.0,573.0,21852.0,0.0,0.0,0.0,0.0,0.0,159.0,normal
2026-06-01T00:59:03Z,infra-1,longhorn-system,longhorn-csi-plugin-2bmwn,longhorn-liveness-probe,1.9,1.4,0.0,0.0,0.0,224.0,274.0,0.0,0.0,0.0,0.0,0.0,122.0,normal
2026-06-01T00:59:03Z,infra-1,node,system,kubelet.service,293.0,42.1,97.6,1.2,0.0,41229.0,92920.0,0.0,0.0,0.0,0.0,0.0,6439.0,normal
2026-06-01T00:59:03Z,infra-1,node,system,multipathd.service,0.0,2.2,0.0,0.0,0.0,0.0,0.0,0.0,0.0,0.0,0.0,0.0,21.0,normal
2026-06-01T00:59:03Z,infra-1,unknown,pod-e56d2680,nginx-proxy,0.0,0.0,0.0,0.0,0.0,51383.0,51431.0,0.0,0.0,0.0,0.0,0.0,34.0,normal
2026-06-01T00:59:03Z,infra-1,node,system,cgroup,0.0,0.0,0.0,0.0,0.0,0.0,0.0,40.0,536576.0,0.5080292285714285,0.0,0.0,26331.0,normal
2026-06-01T00:59:03Z,infra-1,node,system,udisks2.service,0.0,0.0,0.0,0.0,0.0,0.0,0.0,0.0,0.0,0.0,0.0,0.0,3.0,normal
2026-06-01T00:59:03Z,infra-1,node,system,cron.service,0.0,0.0,0.0,0.0,0.0,0.0,0.0,0.0,0.0,0.0,0.0,0.0,1.0,normal
2026-06-01T00:59:03Z,infra-1,node,system,polkit.service,0.0,0.0,0.0,0.0,0.0,0.0,0.0,0.0,0.0,0.0,0.0,0.0,2.0,normal
2026-06-01T00:59:13Z,infra-1,kube-system,kube-proxy-nhxgw,kube-proxy,2.9,1.0,0.1,0.0,0.0,15791.0,313.0,0.0,0.0,0.0,0.0,0.0,225.0,normal
2026-06-01T00:59:13Z,infra-1,node,system,init.scope,0.6,0.0,0.3,0.0,0.0,0.0,0.0,0.0,0.0,0.0,0.0,0.0,1.0,normal
2026-06-01T00:59:13Z,infra-1,kube-system,tetragon-x7wc4,tetragon,4.8,3.5,0.4,0.0,0.0,15958.0,22050.0,0.0,0.0,0.0,0.0,0.0,9437.0,normal
2026-06-01T00:59:13Z,infra-1,node,system,udev,0.1,0.0,0.0,0.0,0.0,0.0,0.0,0.0,0.0,0.0,0.0,0.0,1.0,normal
2026-06-01T00:59:13Z,infra-1,node,system,thermald.service,0.2,0.0,0.2,0.0,0.0,0.0,0.0,0.0,0.0,0.0,0.0,0.0,6.0,normal
2026-06-01T00:59:13Z,infra-1,longhorn-system,engine-image-ei-3154f3aa-zf876,engine-image-ei-3154f3aa,12.5,1.0,12.8,0.0,0.0,0.0,0.0,0.0,0.0,0.0,10.0,26.0,951.0,normal
2026-06-01T00:59:13Z,infra-1,kube-system,nodelocaldns-qv9pv,node-cache,12.0,4.8,0.3,1.0,0.0,4922.0,3562.0,0.0,0.0,0.0,0.0,0.0,643.0,normal
2026-06-01T00:59:13Z,infra-1,node,system,systemd-logind.service,0.1,0.0,0.0,0.0,0.0,0.0,0.0,0.0,0.0,0.0,0.0,0.0,1.0,normal
2026-06-01T00:59:13Z,infra-1,kube-system,kube-ovn-cni-ls6pt,cni-server,304.9,21.9,343.0,0.2,0.0,203900.0,1200.0,0.0,0.0,0.0,130.0,141.0,4248.0,normal
2026-06-01T00:59:13Z,infra-1,gpu-operator,gpu-operator-1764036362-node-feature-discovery-worker-2tg52,worker,0.3,0.2,0.0,0.0,0.0,222.0,188.0,0.0,0.0,0.0,0.0,0.0,11.0,normal
2026-06-01T00:59:13Z,infra-1,kube-system,tetragon-x7wc4,export-stdout,6.4,5.1,0.0,0.0,0.0,0.0,0.0,0.0,0.0,0.0,0.0,0.0,10.0,normal
2026-06-01T00:59:13Z,infra-1,kube-system,ovs-ovn-s2j4r,openvswitch,81.0,44.5,38.2,0.0,0.0,38.0,41.0,0.0,0.0,0.0,52.0,89.0,1247.0,normal
2026-06-01T00:59:13Z,infra-1,longhorn-system,engine-image-ei-843accdd-l2vl2,engine-image-ei-843accdd,12.4,1.0,12.8,0.0,0.0,0.0,0.0,0.0,0.0,0.0,10.0,22.0,768.0,normal
2026-06-01T00:59:13Z,infra-1,longhorn-system,longhorn-manager-vbwm6,longhorn-manager,77.9,26.5,0.2,0.1,0.0,469236.0,13496.0,0.0,0.0,0.0,0.0,0.0,3588.0,normal
2026-06-01T00:59:13Z,infra-1,node,system,systemd-resolved.service,0.1,0.0,0.0,0.0,0.0,0.0,0.0,0.0,0.0,0.0,0.0,0.0,1.0,normal
2026-06-01T00:59:13Z,infra-1,longhorn-system,longhorn-csi-plugin-2bmwn,longhorn-csi-plugin,2.5,1.2,0.0,0.0,0.0,0.0,0.0,0.0,0.0,0.0,0.0,0.0,106.0,normal
2026-06-01T00:59:13Z,infra-1,longhorn-system,instance-manager-0f7092cdbbb40d99ecd3db9de888c91c,instance-manager,192.3,7.9,10.2,0.5,0.0,4056.0,4864.0,0.0,0.0,0.0,6.0,6.0,518.0,normal
2026-06-01T00:59:13Z,infra-1,node,system,containerd.service,451.9,145.3,249.0,0.0,0.0,0.0,0.0,0.0,0.0,0.0,30.0,269.0,14967.0,normal
2026-06-01T00:59:13Z,infra-1,kube-system,kube-ovn-pinger-sv9zp,pinger,51.5,23.6,13.3,0.2,0.0,116110.0,1579.0,0.0,12288.0,0.163711,17.0,26.0,4247.0,normal
2026-06-01T00:59:13Z,infra-1,ebpf-final,ebpf-collector-n9bvw,collector,0.2,0.7,0.3,0.1,0.0,10034.0,13606.0,0.0,0.0,0.0,0.0,0.0,9.0,normal
2026-06-01T00:59:13Z,infra-1,longhorn-system,longhorn-csi-plugin-2bmwn,node-driver-registrar,0.1,0.1,0.0,0.0,0.0,0.0,0.0,0.0,0.0,0.0,0.0,0.0,10.0,normal
2026-06-01T00:59:13Z,infra-1,monitoring,my-monitoring-prometheus-node-exporter-r4b7j,node-exporter,0.2,0.2,0.0,0.0,0.0,208.0,3254.0,0.0,0.0,0.0,0.0,0.0,6.0,normal
2026-06-01T00:59:13Z,infra-1,longhorn-system,longhorn-csi-plugin-2bmwn,longhorn-liveness-probe,2.6,1.7,0.0,0.0,0.0,224.0,274.0,0.0,0.0,0.0,0.0,0.0,126.0,normal
2026-06-01T00:59:13Z,infra-1,node,system,kubelet.service,307.8,39.9,97.2,1.2,0.0,41937.0,121769.0,0.0,0.0,0.0,0.0,0.0,6001.0,normal
2026-06-01T00:59:13Z,infra-1,node,system,multipathd.service,0.0,2.1,0.0,0.0,0.0,0.0,0.0,0.0,0.0,0.0,0.0,0.0,20.0,normal
2026-06-01T00:59:13Z,infra-1,unknown,pod-e56d2680,nginx-proxy,0.0,0.0,0.0,0.0,0.0,52642.0,52690.0,0.0,0.0,0.0,0.0,0.0,48.0,normal
2026-06-01T00:59:13Z,infra-1,node,system,cgroup,0.0,0.0,0.0,0.0,0.0,0.0,0.0,40.0,380928.0,1.3822711379310344,0.0,0.0,27512.0,normal
2026-06-01T00:59:13Z,infra-1,node,system,udisks2.service,0.0,0.0,0.0,0.0,0.0,0.0,0.0,0.0,0.0,0.0,0.0,0.0,4.0,normal
2026-06-01T00:59:13Z,infra-1,node,system,polkit.service,0.0,0.0,0.0,0.0,0.0,0.0,0.0,0.0,0.0,0.0,0.0,0.0,3.0,normal
2026-06-01T00:59:13Z,infra-1,node,system,rpcbind.service,0.0,0.0,0.0,0.0,0.0,0.0,0.0,0.0,0.0,0.0,0.0,0.0,1.0,normal
2026-06-01T00:59:24Z,infra-1,kube-system,kube-proxy-nhxgw,kube-proxy,0.8,0.4,0.0,0.0,0.0,15164.0,96.0,0.0,0.0,0.0,0.0,0.0,114.0,normal
2026-06-01T00:59:24Z,infra-1,kube-system,tetragon-x7wc4,tetragon,2.9,4.8,0.0,0.0,0.0,15454.0,239.0,0.0,0.0,0.0,0.0,0.0,11000.0,normal
2026-06-01T00:59:24Z,infra-1,node,system,thermald.service,0.3,0.0,0.3,0.0,0.0,0.0,0.0,0.0,0.0,0.0,0.0,0.0,4.0,normal
2026-06-01T00:59:24Z,infra-1,longhorn-system,engine-image-ei-3154f3aa-zf876,engine-image-ei-3154f3aa,12.4,1.0,12.8,0.0,0.0,0.0,0.0,0.0,0.0,0.0,10.0,26.0,957.0,normal
2026-06-01T00:59:24Z,infra-1,kube-system,nodelocaldns-qv9pv,node-cache,13.1,5.2,0.3,1.0,0.0,5033.0,3699.0,0.0,0.0,0.0,0.0,0.0,626.0,normal
2026-06-01T00:59:24Z,infra-1,kube-system,kube-ovn-cni-ls6pt,cni-server,364.9,27.8,424.8,0.4,0.0,203900.0,1200.0,0.0,0.0,0.0,174.0,196.0,6294.0,normal
2026-06-01T00:59:24Z,infra-1,gpu-operator,gpu-operator-1764036362-node-feature-discovery-worker-2tg52,worker,0.5,0.3,0.0,0.0,0.0,222.0,188.0,0.0,0.0,0.0,0.0,0.0,27.0,normal
2026-06-01T00:59:24Z,infra-1,kube-system,tetragon-x7wc4,export-stdout,17.0,15.6,0.0,0.0,0.0,0.0,0.0,0.0,0.0,0.0,0.0,0.0,10.0,normal
2026-06-01T00:59:24Z,infra-1,kube-system,ovs-ovn-s2j4r,openvswitch,78.6,44.1,38.0,0.0,0.0,38.0,41.0,0.0,0.0,0.0,52.0,88.0,1270.0,normal
2026-06-01T00:59:24Z,infra-1,longhorn-system,engine-image-ei-843accdd-l2vl2,engine-image-ei-843accdd,12.4,1.0,12.8,0.0,0.0,0.0,0.0,0.0,0.0,0.0,10.0,22.0,673.0,normal
2026-06-01T00:59:24Z,infra-1,longhorn-system,longhorn-manager-vbwm6,longhorn-manager,103.7,25.6,10.6,0.3,0.1,477373.0,19605.0,0.0,0.0,0.0,2.0,9.0,4275.0,normal
2026-06-01T00:59:24Z,infra-1,longhorn-system,longhorn-csi-plugin-2bmwn,longhorn-csi-plugin,1.9,0.8,0.0,0.0,0.0,0.0,0.0,0.0,0.0,0.0,0.0,0.0,66.0,normal
2026-06-01T00:59:24Z,infra-1,longhorn-system,instance-manager-0f7092cdbbb40d99ecd3db9de888c91c,instance-manager,199.9,9.3,11.3,0.4,0.0,3803.0,3749.0,0.0,0.0,0.0,7.0,7.0,743.0,normal
2026-06-01T00:59:24Z,infra-1,node,system,containerd.service,418.1,159.8,217.5,0.0,0.0,0.0,0.0,0.0,0.0,0.0,34.0,316.0,16302.0,normal
2026-06-01T00:59:24Z,infra-1,kube-system,kube-ovn-pinger-sv9zp,pinger,45.7,23.9,13.2,0.2,0.0,115950.0,1483.0,0.0,12288.0,0.1639325,17.0,26.0,4111.0,normal
2026-06-01T00:59:24Z,infra-1,ebpf-final,ebpf-collector-n9bvw,collector,131.2,0.8,123.5,0.1,0.0,183795.0,16929.0,0.0,0.0,0.0,0.0,0.0,161.0,normal
2026-06-01T00:59:24Z,infra-1,longhorn-system,longhorn-csi-plugin-2bmwn,node-driver-registrar,0.1,0.1,0.0,0.0,0.0,0.0,0.0,0.0,0.0,0.0,0.0,0.0,10.0,normal
2026-06-01T00:59:24Z,infra-1,monitoring,my-monitoring-prometheus-node-exporter-r4b7j,node-exporter,0.2,0.2,0.0,0.0,0.0,208.0,3254.0,0.0,0.0,0.0,0.0,0.0,14.0,normal
2026-06-01T00:59:24Z,infra-1,longhorn-system,longhorn-csi-plugin-2bmwn,longhorn-liveness-probe,1.9,1.4,0.0,0.0,0.0,224.0,274.0,0.0,0.0,0.0,0.0,0.0,139.0,normal
2026-06-01T00:59:24Z,infra-1,node,system,kubelet.service,399.6,40.5,134.3,1.3,0.0,39382.0,91743.0,0.0,0.0,0.0,0.0,0.0,6499.0,normal
2026-06-01T00:59:24Z,infra-1,node,system,multipathd.service,0.0,2.2,0.0,0.0,0.0,0.0,0.0,0.0,0.0,0.0,0.0,0.0,21.0,normal
2026-06-01T00:59:24Z,infra-1,unknown,pod-e56d2680,nginx-proxy,0.0,0.0,0.0,0.0,0.0,48065.0,48113.0,0.0,0.0,0.0,0.0,0.0,21.0,normal
2026-06-01T00:59:24Z,infra-1,node,system,cgroup,0.0,0.0,0.0,0.0,0.0,0.0,0.0,40.0,385024.0,1.5368722424242425,0.0,0.0,29827.0,normal
2026-06-01T00:59:24Z,infra-1,node,system,udisks2.service,0.0,0.0,0.0,0.0,0.0,0.0,0.0,0.0,0.0,0.0,0.0,0.0,3.0,normal
2026-06-01T00:59:24Z,infra-1,node,system,polkit.service,0.0,0.0,0.0,0.0,0.0,0.0,0.0,0.0,0.0,0.0,0.0,0.0,2.0,normal
2026-06-01T00:59:34Z,infra-1,node,system,systemd-journald.service,1.4,0.0,1.1,0.0,0.0,0.0,0.0,0.0,0.0,0.0,0.0,0.0,4.0,normal
2026-06-01T00:59:34Z,infra-1,kube-system,kube-proxy-nhxgw,kube-proxy,0.6,0.4,0.0,0.0,0.0,15164.0,96.0,0.0,0.0,0.0,0.0,0.0,57.0,normal
2026-06-01T00:59:34Z,infra-1,node,system,init.scope,0.2,0.0,0.1,0.0,0.0,0.0,0.0,0.0,0.0,0.0,0.0,0.0,1.0,normal
2026-06-01T00:59:34Z,infra-1,kube-system,tetragon-x7wc4,tetragon,2.9,5.2,0.0,0.0,0.0,15601.0,174.0,0.0,0.0,0.0,0.0,0.0,10787.0,normal
2026-06-01T00:59:34Z,infra-1,node,system,thermald.service,0.3,0.0,0.3,0.0,0.0,0.0,0.0,0.0,0.0,0.0,0.0,0.0,3.0,normal
2026-06-01T00:59:34Z,infra-1,longhorn-system,engine-image-ei-3154f3aa-zf876,engine-image-ei-3154f3aa,12.4,1.0,12.8,0.0,0.0,0.0,0.0,0.0,0.0,0.0,10.0,26.0,966.0,normal
2026-06-01T00:59:34Z,infra-1,kube-system,nodelocaldns-qv9pv,node-cache,28.0,6.4,35.2,1.0,0.0,4922.0,3562.0,0.0,0.0,0.0,12.0,12.0,854.0,normal
2026-06-01T00:59:34Z,infra-1,kube-system,kube-ovn-cni-ls6pt,cni-server,304.9,22.2,344.3,0.2,0.0,204058.0,1200.0,0.0,0.0,0.0,131.0,142.0,4351.0,normal
2026-06-01T00:59:34Z,infra-1,gpu-operator,gpu-operator-1764036362-node-feature-discovery-worker-2tg52,worker,0.8,0.4,0.0,0.0,0.0,261.0,227.0,0.0,0.0,0.0,0.0,0.0,44.0,normal
2026-06-01T00:59:34Z,infra-1,kube-system,tetragon-x7wc4,export-stdout,17.9,16.1,0.0,0.0,0.0,0.0,0.0,0.0,0.0,0.0,0.0,0.0,45.0,normal
2026-06-01T00:59:34Z,infra-1,kube-system,ovs-ovn-s2j4r,openvswitch,90.8,56.0,37.9,0.0,0.0,38.0,41.0,0.0,0.0,0.0,52.0,88.0,1807.0,normal
2026-06-01T00:59:34Z,infra-1,longhorn-system,engine-image-ei-843accdd-l2vl2,engine-image-ei-843accdd,12.4,1.0,12.8,0.0,0.0,0.0,0.0,0.0,0.0,0.0,10.0,22.0,630.0,normal
2026-06-01T00:59:34Z,infra-1,longhorn-system,longhorn-manager-vbwm6,longhorn-manager,72.7,24.1,0.1,0.1,0.0,467794.0,11286.0,0.0,0.0,0.0,0.0,0.0,3498.0,normal
2026-06-01T00:59:34Z,infra-1,longhorn-system,longhorn-csi-plugin-2bmwn,longhorn-csi-plugin,2.1,1.0,0.0,0.0,0.0,0.0,0.0,0.0,0.0,0.0,0.0,0.0,120.0,normal
2026-06-01T00:59:34Z,infra-1,longhorn-system,instance-manager-0f7092cdbbb40d99ecd3db9de888c91c,instance-manager,192.1,8.2,10.2,0.4,0.0,3023.0,3196.0,0.0,0.0,0.0,6.0,6.0,599.0,normal
2026-06-01T00:59:34Z,infra-1,node,system,containerd.service,395.7,145.6,209.1,0.0,0.0,0.0,0.0,0.0,0.0,0.0,30.0,272.0,14450.0,normal
2026-06-01T00:59:34Z,infra-1,kube-system,kube-ovn-pinger-sv9zp,pinger,49.7,23.7,13.2,0.2,0.0,115944.0,1579.0,0.0,12288.0,0.1562445,17.0,26.0,4455.0,normal
2026-06-01T00:59:34Z,infra-1,ebpf-final,ebpf-collector-n9bvw,collector,0.2,0.7,0.3,0.1,0.0,9708.0,13140.0,0.0,0.0,0.0,0.0,0.0,14.0,normal
2026-06-01T00:59:34Z,infra-1,longhorn-system,longhorn-csi-plugin-2bmwn,node-driver-registrar,0.1,0.1,0.0,0.0,0.0,0.0,0.0,0.0,0.0,0.0,0.0,0.0,10.0,normal
2026-06-01T00:59:34Z,infra-1,monitoring,my-monitoring-prometheus-node-exporter-r4b7j,node-exporter,105.3,0.7,92.8,0.0,0.0,573.0,21864.0,0.0,0.0,0.0,0.0,0.0,195.0,normal
2026-06-01T00:59:34Z,infra-1,longhorn-system,longhorn-csi-plugin-2bmwn,longhorn-liveness-probe,2.5,1.7,0.0,0.0,0.0,224.0,274.0,0.0,0.0,0.0,0.0,0.0,127.0,normal
2026-06-01T00:59:34Z,infra-1,node,system,kubelet.service,290.1,43.6,105.1,1.2,0.0,40366.0,91860.0,0.0,0.0,0.0,2.0,2.0,6217.0,normal
2026-06-01T00:59:34Z,infra-1,node,system,rsyslog.service,0.0,0.2,0.0,0.0,0.0,0.0,0.0,0.0,0.0,0.0,0.0,0.0,4.0,normal
2026-06-01T00:59:34Z,infra-1,node,system,multipathd.service,0.0,2.2,0.0,0.0,0.0,0.0,0.0,0.0,0.0,0.0,0.0,0.0,20.0,normal
2026-06-01T00:59:34Z,infra-1,unknown,pod-e56d2680,nginx-proxy,0.0,0.0,0.0,0.0,0.0,49352.0,49400.0,0.0,0.0,0.0,0.0,0.0,34.0,normal
2026-06-01T00:59:34Z,infra-1,node,system,cgroup,0.0,0.0,0.0,0.0,0.0,0.0,0.0,40.0,184320.0,0.20725466666666667,0.0,0.0,28203.0,normal
2026-06-01T00:59:34Z,infra-1,node,system,udisks2.service,0.0,0.0,0.0,0.0,0.0,0.0,0.0,0.0,0.0,0.0,0.0,0.0,2.0,normal
2026-06-01T00:59:34Z,infra-1,node,system,polkit.service,0.0,0.0,0.0,0.0,0.0,0.0,0.0,0.0,0.0,0.0,0.0,0.0,3.0,normal
2026-06-01T00:59:44Z,infra-1,node,system,systemd-journald.service,2.8,0.0,2.0,0.0,0.0,0.0,0.0,0.0,0.0,0.0,0.0,0.0,8.0,normal
2026-06-01T00:59:44Z,infra-1,kube-system,kube-proxy-nhxgw,kube-proxy,0.8,0.4,0.0,0.0,0.0,15164.0,96.0,0.0,0.0,0.0,0.0,0.0,121.0,normal
2026-06-01T00:59:44Z,infra-1,kube-system,tetragon-x7wc4,tetragon,3.1,3.8,0.0,0.0,0.0,15454.0,239.0,0.0,0.0,0.0,0.0,0.0,9520.0,normal
2026-06-01T00:59:44Z,infra-1,node,system,thermald.service,0.2,0.0,0.2,0.0,0.0,0.0,0.0,0.0,0.0,0.0,0.0,0.0,2.0,normal
2026-06-01T00:59:44Z,infra-1,longhorn-system,engine-image-ei-3154f3aa-zf876,engine-image-ei-3154f3aa,12.4,1.0,12.8,0.0,0.0,0.0,0.0,0.0,0.0,0.0,10.0,26.0,979.0,normal
2026-06-01T00:59:44Z,infra-1,kube-system,nodelocaldns-qv9pv,node-cache,13.2,5.0,0.3,1.1,0.0,5145.0,3785.0,0.0,0.0,0.0,0.0,0.0,698.0,normal
2026-06-01T00:59:44Z,infra-1,kube-system,kube-ovn-cni-ls6pt,cni-server,307.1,22.5,344.8,0.4,0.0,204186.0,1200.0,0.0,0.0,0.0,132.0,153.0,5301.0,normal
2026-06-01T00:59:44Z,infra-1,gpu-operator,gpu-operator-1764036362-node-feature-discovery-worker-2tg52,worker,0.4,0.3,0.0,0.0,0.0,222.0,188.0,0.0,0.0,0.0,0.0,0.0,24.0,normal
2026-06-01T00:59:44Z,infra-1,kube-system,tetragon-x7wc4,export-stdout,9.2,7.7,0.0,0.0,0.0,0.0,0.0,0.0,0.0,0.0,0.0,0.0,22.0,normal
2026-06-01T00:59:44Z,infra-1,kube-system,ovs-ovn-s2j4r,openvswitch,87.4,50.7,38.1,0.0,0.0,38.0,41.0,0.0,0.0,0.0,52.0,88.0,1647.0,normal
2026-06-01T00:59:44Z,infra-1,longhorn-system,engine-image-ei-843accdd-l2vl2,engine-image-ei-843accdd,12.5,1.0,12.8,0.0,0.0,0.0,0.0,0.0,0.0,0.0,10.0,22.0,741.0,normal
2026-06-01T00:59:44Z,infra-1,longhorn-system,longhorn-manager-vbwm6,longhorn-manager,74.1,23.2,0.1,0.1,0.0,466740.0,11624.0,0.0,0.0,0.0,0.0,0.0,3637.0,normal
2026-06-01T00:59:44Z,infra-1,longhorn-system,longhorn-csi-plugin-2bmwn,longhorn-csi-plugin,2.2,1.1,0.0,0.0,0.0,0.0,0.0,0.0,0.0,0.0,0.0,0.0,79.0,normal
2026-06-01T00:59:44Z,infra-1,longhorn-system,instance-manager-0f7092cdbbb40d99ecd3db9de888c91c,instance-manager,23.0,6.0,1.2,0.0,0.0,2972.0,3085.0,0.0,0.0,0.0,1.0,1.0,443.0,normal
2026-06-01T00:59:44Z,infra-1,node,system,containerd.service,463.5,151.8,253.9,0.0,0.0,0.0,0.0,0.0,0.0,0.0,32.0,304.0,15659.0,normal
2026-06-01T00:59:44Z,infra-1,kube-system,kube-ovn-pinger-sv9zp,pinger,53.1,24.2,13.2,0.2,0.0,116040.0,1579.0,0.0,12288.0,0.153458,17.0,26.0,4295.0,normal
2026-06-01T00:59:44Z,infra-1,ebpf-final,ebpf-collector-n9bvw,collector,0.2,0.7,0.3,0.1,0.0,10728.0,14551.0,0.0,0.0,0.0,0.0,0.0,14.0,normal
2026-06-01T00:59:44Z,infra-1,longhorn-system,longhorn-csi-plugin-2bmwn,node-driver-registrar,0.1,0.1,0.0,0.0,0.0,0.0,0.0,0.0,0.0,0.0,0.0,0.0,10.0,normal
2026-06-01T00:59:44Z,infra-1,monitoring,my-monitoring-prometheus-node-exporter-r4b7j,node-exporter,0.3,0.2,0.0,0.0,0.0,208.0,3254.0,0.0,0.0,0.0,0.0,0.0,11.0,normal
2026-06-01T00:59:44Z,infra-1,longhorn-system,longhorn-csi-plugin-2bmwn,longhorn-liveness-probe,1.6,1.3,0.0,0.0,0.0,224.0,274.0,0.0,0.0,0.0,0.0,0.0,133.0,normal
2026-06-01T00:59:44Z,infra-1,node,system,kubelet.service,282.1,41.8,95.9,1.2,0.0,39535.0,120654.0,0.0,0.0,0.0,0.0,0.0,5766.0,normal
2026-06-01T00:59:44Z,infra-1,node,system,rsyslog.service,0.0,0.3,0.0,0.0,0.0,0.0,0.0,0.0,0.0,0.0,0.0,0.0,7.0,normal
2026-06-01T00:59:44Z,infra-1,node,system,multipathd.service,0.0,2.3,0.0,0.0,0.0,0.0,0.0,0.0,0.0,0.0,0.0,0.0,23.0,normal
2026-06-01T00:59:44Z,infra-1,unknown,pod-e56d2680,nginx-proxy,0.0,0.0,0.0,0.0,0.0,47999.0,48047.0,0.0,0.0,0.0,0.0,0.0,25.0,normal
2026-06-01T00:59:44Z,infra-1,node,system,cgroup,0.0,0.0,0.0,0.0,0.0,0.0,0.0,40.0,364544.0,1.738144239130435,0.0,0.0,28723.0,normal
2026-06-01T00:59:44Z,infra-1,node,system,udisks2.service,0.0,0.0,0.0,0.0,0.0,0.0,0.0,0.0,0.0,0.0,0.0,0.0,3.0,normal
2026-06-01T00:59:44Z,infra-1,node,system,polkit.service,0.0,0.0,0.0,0.0,0.0,0.0,0.0,0.0,0.0,0.0,0.0,0.0,2.0,normal
2026-06-01T00:59:44Z,infra-1,node,system,rpcbind.service,0.0,0.0,0.0,0.0,0.0,0.0,0.0,0.0,0.0,0.0,0.0,0.0,1.0,normal
2026-06-01T00:59:54Z,infra-1,kube-system,kube-proxy-nhxgw,kube-proxy,1.7,0.3,0.0,0.0,0.0,15290.0,96.0,0.0,0.0,0.0,0.0,0.0,89.0,normal
2026-06-01T00:59:54Z,infra-1,kube-system,tetragon-x7wc4,tetragon,3.3,4.8,0.0,0.0,0.0,15615.0,191.0,0.0,0.0,0.0,0.0,0.0,10325.0,normal
2026-06-01T00:59:54Z,infra-1,node,system,thermald.service,0.3,0.0,0.3,0.0,0.0,0.0,0.0,0.0,0.0,0.0,0.0,0.0,3.0,normal
2026-06-01T00:59:54Z,infra-1,longhorn-system,engine-image-ei-3154f3aa-zf876,engine-image-ei-3154f3aa,12.4,1.0,12.8,0.0,0.0,0.0,0.0,0.0,0.0,0.0,10.0,26.0,1021.0,normal
2026-06-01T00:59:54Z,infra-1,kube-system,nodelocaldns-qv9pv,node-cache,8.0,3.1,0.3,1.0,0.0,3059.0,2774.0,0.0,0.0,0.0,0.0,0.0,409.0,normal
2026-06-01T00:59:54Z,infra-1,kube-system,kube-ovn-cni-ls6pt,cni-server,311.3,22.3,346.0,0.2,0.0,204047.0,1200.0,0.0,0.0,0.0,133.0,144.0,4555.0,normal
2026-06-01T00:59:54Z,infra-1,gpu-operator,gpu-operator-1764036362-node-feature-discovery-worker-2tg52,worker,0.4,0.2,0.0,0.0,0.0,222.0,188.0,0.0,0.0,0.0,0.0,0.0,20.0,normal
2026-06-01T00:59:54Z,infra-1,kube-system,tetragon-x7wc4,export-stdout,17.0,15.6,0.0,0.0,0.0,0.0,0.0,0.0,0.0,0.0,0.0,0.0,63.0,normal
2026-06-01T00:59:54Z,infra-1,kube-system,ovs-ovn-s2j4r,openvswitch,79.9,41.9,38.4,0.0,0.0,38.0,41.0,0.0,0.0,0.0,52.0,88.0,1187.0,normal
2026-06-01T00:59:54Z,infra-1,longhorn-system,engine-image-ei-843accdd-l2vl2,engine-image-ei-843accdd,12.5,1.0,12.8,0.0,0.0,0.0,0.0,0.0,0.0,0.0,10.0,23.0,746.0,normal
2026-06-01T00:59:54Z,infra-1,longhorn-system,longhorn-manager-vbwm6,longhorn-manager,104.5,25.2,10.7,0.3,0.0,477236.0,20146.0,0.0,0.0,0.0,2.0,8.0,3953.0,normal
2026-06-01T00:59:54Z,infra-1,longhorn-system,longhorn-csi-plugin-2bmwn,longhorn-csi-plugin,2.6,1.1,0.0,0.0,0.0,0.0,0.0,0.0,0.0,0.0,0.0,0.0,70.0,normal
2026-06-01T00:59:54Z,infra-1,longhorn-system,instance-manager-0f7092cdbbb40d99ecd3db9de888c91c,instance-manager,201.5,9.6,11.3,0.4,0.0,3811.0,3749.0,0.0,0.0,0.0,7.0,7.0,738.0,normal
2026-06-01T00:59:54Z,infra-1,node,system,containerd.service,400.3,146.2,209.5,0.0,0.0,0.0,0.0,0.0,0.0,0.0,30.0,279.0,14952.0,normal
2026-06-01T00:59:54Z,infra-1,kube-system,kube-ovn-pinger-sv9zp,pinger,47.9,20.0,13.2,0.2,0.0,116145.0,1579.0,0.0,8192.0,0.165402,17.0,26.0,4028.0,normal
2026-06-01T00:59:54Z,infra-1,ebpf-final,ebpf-collector-n9bvw,collector,131.7,0.8,123.4,0.1,0.0,183111.0,15995.0,0.0,0.0,0.0,0.0,0.0,161.0,normal
2026-06-01T00:59:54Z,infra-1,longhorn-system,longhorn-csi-plugin-2bmwn,node-driver-registrar,0.1,0.1,0.0,0.0,0.0,0.0,0.0,0.0,0.0,0.0,0.0,0.0,11.0,normal
2026-06-01T00:59:54Z,infra-1,monitoring,my-monitoring-prometheus-node-exporter-r4b7j,node-exporter,0.2,0.2,0.0,0.0,0.0,208.0,3254.0,0.0,0.0,0.0,0.0,0.0,10.0,normal
2026-06-01T00:59:54Z,infra-1,longhorn-system,longhorn-csi-plugin-2bmwn,longhorn-liveness-probe,2.4,1.9,0.0,0.0,0.0,224.0,274.0,0.0,0.0,0.0,0.0,0.0,186.0,normal
2026-06-01T00:59:54Z,infra-1,node,system,kubelet.service,386.3,42.0,133.1,1.2,0.0,40619.0,92310.0,0.0,0.0,0.0,0.0,0.0,6411.0,normal
2026-06-01T00:59:54Z,infra-1,node,system,init.scope,0.0,4.0,3.4,0.0,0.0,0.0,0.0,0.0,0.0,0.0,0.0,0.0,7.0,normal
2026-06-01T00:59:54Z,infra-1,node,system,multipathd.service,0.0,2.2,0.0,0.0,0.0,0.0,0.0,0.0,0.0,0.0,0.0,0.0,21.0,normal
2026-06-01T00:59:54Z,infra-1,node,system,cgroup,0.0,0.0,0.0,0.0,0.1,0.0,0.0,40.0,790528.0,1.4219830416666668,0.0,0.0,28293.0,normal
2026-06-01T00:59:54Z,infra-1,unknown,pod-e56d2680,nginx-proxy,0.0,0.0,0.0,0.0,0.0,50272.0,50320.0,0.0,0.0,0.0,0.0,0.0,36.0,normal
2026-06-01T00:59:54Z,infra-1,node,system,dbus.service,0.0,0.0,0.0,0.0,0.0,0.0,0.0,0.0,0.0,0.0,0.0,0.0,12.0,normal
2026-06-01T00:59:54Z,infra-1,node,system,udisks2.service,0.0,0.0,0.0,0.0,0.0,0.0,0.0,0.0,0.0,0.0,0.0,0.0,2.0,normal
2026-06-01T00:59:54Z,infra-1,node,system,polkit.service,0.0,0.0,0.0,0.0,0.0,0.0,0.0,0.0,0.0,0.0,0.0,0.0,3.0,normal
2026-06-01T01:00:04Z,infra-1,node,system,systemd-journald.service,1.4,0.0,1.0,0.0,0.0,0.0,0.0,0.0,0.0,0.0,0.0,0.0,8.0,normal
2026-06-01T01:00:04Z,infra-1,kube-system,kube-proxy-nhxgw,kube-proxy,2.4,0.5,0.0,0.0,0.0,15303.0,96.0,0.0,0.0,0.0,0.0,0.0,77.0,normal
2026-06-01T01:00:04Z,infra-1,kube-system,tetragon-x7wc4,tetragon,2.6,3.5,0.0,0.0,0.0,15625.0,222.0,0.0,0.0,0.0,0.0,0.0,10658.0,normal
2026-06-01T01:00:04Z,infra-1,node,system,thermald.service,0.2,0.0,0.2,0.0,0.0,0.0,0.0,0.0,0.0,0.0,0.0,0.0,2.0,normal
2026-06-01T01:00:04Z,infra-1,longhorn-system,engine-image-ei-3154f3aa-zf876,engine-image-ei-3154f3aa,12.4,1.0,12.8,0.0,0.0,0.0,0.0,0.0,0.0,0.0,10.0,25.0,905.0,normal
2026-06-01T01:00:04Z,infra-1,kube-system,nodelocaldns-qv9pv,node-cache,12.5,4.9,0.3,1.2,0.0,4922.0,3562.0,0.0,0.0,0.0,0.0,0.0,573.0,normal
2026-06-01T01:00:04Z,infra-1,kube-system,kube-ovn-cni-ls6pt,cni-server,360.0,27.3,421.8,0.4,0.0,204198.0,1200.0,0.0,0.0,0.0,171.0,193.0,6245.0,normal
2026-06-01T01:00:04Z,infra-1,gpu-operator,gpu-operator-1764036362-node-feature-discovery-worker-2tg52,worker,50.2,3.9,25.7,0.0,0.0,135977.0,1763.0,0.0,0.0,0.0,0.0,0.0,910.0,normal
2026-06-01T01:00:04Z,infra-1,kube-system,tetragon-x7wc4,export-stdout,10.0,8.6,0.0,0.0,0.0,0.0,0.0,0.0,0.0,0.0,0.0,0.0,17.0,normal
2026-06-01T01:00:04Z,infra-1,kube-system,ovs-ovn-s2j4r,openvswitch,84.0,48.3,37.9,0.0,0.0,38.0,41.0,0.0,0.0,0.0,52.0,88.0,1567.0,normal
2026-06-01T01:00:04Z,infra-1,longhorn-system,engine-image-ei-843accdd-l2vl2,engine-image-ei-843accdd,12.4,1.0,12.8,0.0,0.0,0.0,0.0,0.0,0.0,0.0,10.0,22.0,741.0,normal
2026-06-01T01:00:04Z,infra-1,longhorn-system,longhorn-manager-vbwm6,longhorn-manager,68.0,21.6,0.1,0.1,0.0,469031.0,13386.0,0.0,0.0,0.0,0.0,0.0,3321.0,normal
2026-06-01T01:00:04Z,infra-1,longhorn-system,longhorn-csi-plugin-2bmwn,longhorn-csi-plugin,2.5,1.2,0.0,0.0,0.0,0.0,0.0,0.0,0.0,0.0,0.0,0.0,57.0,normal
2026-06-01T01:00:04Z,infra-1,longhorn-system,instance-manager-0f7092cdbbb40d99ecd3db9de888c91c,instance-manager,192.7,8.7,10.2,0.5,0.0,4090.0,4915.0,0.0,0.0,0.0,6.0,6.0,764.0,normal
2026-06-01T01:00:04Z,infra-1,node,system,containerd.service,413.2,153.6,217.9,0.0,0.0,0.0,0.0,0.0,0.0,0.0,34.0,318.0,15512.0,normal
2026-06-01T01:00:04Z,infra-1,kube-system,kube-ovn-pinger-sv9zp,pinger,50.0,21.1,13.3,0.2,0.0,115881.0,1579.0,0.0,12288.0,0.140473,17.0,26.0,4124.0,normal
2026-06-01T01:00:04Z,infra-1,ebpf-final,ebpf-collector-n9bvw,collector,0.2,0.7,0.3,0.1,0.0,10388.0,14068.0,0.0,0.0,0.0,0.0,0.0,46.0,normal
2026-06-01T01:00:04Z,infra-1,longhorn-system,longhorn-csi-plugin-2bmwn,node-driver-registrar,0.1,0.1,0.0,0.0,0.0,0.0,0.0,0.0,0.0,0.0,0.0,0.0,10.0,normal
2026-06-01T01:00:04Z,infra-1,monitoring,my-monitoring-prometheus-node-exporter-r4b7j,node-exporter,105.3,0.7,92.8,0.0,0.0,573.0,21870.0,0.0,0.0,0.0,0.0,0.0,118.0,normal
2026-06-01T01:00:04Z,infra-1,longhorn-system,longhorn-csi-plugin-2bmwn,longhorn-liveness-probe,2.7,1.7,0.0,0.0,0.0,224.0,274.0,0.0,0.0,0.0,0.0,0.0,154.0,normal
2026-06-01T01:00:04Z,infra-1,node,system,kubelet.service,315.9,40.7,93.0,1.2,0.0,39079.0,91370.0,0.0,0.0,0.0,0.0,0.0,7196.0,normal
2026-06-01T01:00:04Z,infra-1,node,system,rsyslog.service,0.0,0.2,0.0,0.0,0.0,0.0,0.0,0.0,0.0,0.0,0.0,0.0,4.0,normal
2026-06-01T01:00:04Z,infra-1,node,system,multipathd.service,0.0,2.2,0.0,0.0,0.0,0.0,0.0,0.0,0.0,0.0,0.0,0.0,22.0,normal
2026-06-01T01:00:04Z,infra-1,unknown,pod-e56d2680,nginx-proxy,0.0,0.0,0.0,0.0,0.0,47985.0,48033.0,0.0,0.0,0.0,0.0,0.0,28.0,normal
2026-06-01T01:00:04Z,infra-1,node,system,cgroup,0.0,0.0,0.0,0.0,0.0,0.0,0.0,32.0,376832.0,0.32052930232558136,0.0,0.0,28672.0,normal
2026-06-01T01:00:04Z,infra-1,node,system,udisks2.service,0.0,0.0,0.0,0.0,0.0,0.0,0.0,0.0,0.0,0.0,0.0,0.0,3.0,normal
2026-06-01T01:00:04Z,infra-1,node,system,cron.service,0.0,0.0,0.0,0.0,0.0,0.0,0.0,0.0,0.0,0.0,0.0,0.0,1.0,normal
2026-06-01T01:00:04Z,infra-1,node,system,polkit.service,0.0,0.0,0.0,0.0,0.0,0.0,0.0,0.0,0.0,0.0,0.0,0.0,2.0,normal
2026-06-01T01:00:04Z,infra-1,node,system,rpcbind.service,0.0,0.0,0.0,0.0,0.0,0.0,0.0,0.0,0.0,0.0,0.0,0.0,1.0,normal
2026-06-01T01:00:14Z,infra-1,kube-system,kube-proxy-nhxgw,kube-proxy,53.4,4.1,147.8,0.0,0.0,15781.0,301.0,0.0,0.0,0.0,55.0,55.0,948.0,normal
2026-06-01T01:00:14Z,infra-1,kube-system,tetragon-x7wc4,tetragon,5.3,3.7,0.4,0.0,0.0,15958.0,22050.0,0.0,0.0,0.0,0.0,0.0,10662.0,normal
2026-06-01T01:00:14Z,infra-1,node,system,thermald.service,0.3,0.0,0.3,0.0,0.0,0.0,0.0,0.0,0.0,0.0,0.0,0.0,3.0,normal
2026-06-01T01:00:14Z,infra-1,longhorn-system,engine-image-ei-3154f3aa-zf876,engine-image-ei-3154f3aa,12.4,1.0,12.8,0.0,0.0,0.0,0.0,0.0,0.0,0.0,10.0,27.0,945.0,normal
2026-06-01T01:00:14Z,infra-1,kube-system,nodelocaldns-qv9pv,node-cache,13.3,5.3,0.4,1.0,0.0,4922.0,3562.0,0.0,0.0,0.0,0.0,0.0,603.0,normal
2026-06-01T01:00:14Z,infra-1,kube-system,kube-ovn-cni-ls6pt,cni-server,303.0,22.1,343.0,0.2,0.0,203900.0,1200.0,0.0,0.0,0.0,130.0,141.0,4303.0,normal
2026-06-01T01:00:14Z,infra-1,gpu-operator,gpu-operator-1764036362-node-feature-discovery-worker-2tg52,worker,0.4,0.3,0.0,0.0,0.0,222.0,188.0,0.0,0.0,0.0,0.0,0.0,23.0,normal
2026-06-01T01:00:14Z,infra-1,kube-system,tetragon-x7wc4,export-stdout,6.5,5.1,0.0,0.0,0.0,0.0,0.0,0.0,0.0,0.0,0.0,0.0,23.0,normal
2026-06-01T01:00:14Z,infra-1,kube-system,ovs-ovn-s2j4r,openvswitch,87.3,50.1,38.1,0.0,0.0,38.0,41.0,0.0,0.0,0.0,52.0,93.0,1686.0,normal
2026-06-01T01:00:14Z,infra-1,longhorn-system,engine-image-ei-843accdd-l2vl2,engine-image-ei-843accdd,12.5,1.0,12.8,0.0,0.0,0.0,0.0,0.0,0.0,0.0,10.0,23.0,721.0,normal
2026-06-01T01:00:14Z,infra-1,longhorn-system,longhorn-manager-vbwm6,longhorn-manager,65.6,20.9,0.1,0.1,0.0,467648.0,10270.0,0.0,0.0,0.0,0.0,0.0,3320.0,normal
2026-06-01T01:00:14Z,infra-1,longhorn-system,longhorn-csi-plugin-2bmwn,longhorn-csi-plugin,2.5,1.2,0.0,0.0,0.0,0.0,0.0,0.0,0.0,0.0,0.0,0.0,102.0,normal
2026-06-01T01:00:14Z,infra-1,longhorn-system,instance-manager-0f7092cdbbb40d99ecd3db9de888c91c,instance-manager,191.3,7.6,10.2,0.4,0.0,2972.0,3145.0,0.0,0.0,0.0,6.0,6.0,645.0,normal
2026-06-01T01:00:14Z,infra-1,node,system,containerd.service,452.0,145.3,249.8,0.0,0.0,0.0,0.0,0.0,0.0,0.0,31.0,272.0,14908.0,normal
2026-06-01T01:00:14Z,infra-1,kube-system,kube-ovn-pinger-sv9zp,pinger,47.2,19.7,13.2,0.2,0.0,115963.0,1579.0,0.0,12288.0,0.1500885,17.0,26.0,3376.0,normal
2026-06-01T01:00:14Z,infra-1,ebpf-final,ebpf-collector-n9bvw,collector,0.2,0.7,0.3,0.1,0.0,11078.0,15023.0,0.0,0.0,0.0,0.0,0.0,11.0,normal
2026-06-01T01:00:14Z,infra-1,longhorn-system,longhorn-csi-plugin-2bmwn,node-driver-registrar,0.1,0.1,0.0,0.0,0.0,0.0,0.0,0.0,0.0,0.0,0.0,0.0,10.0,normal
2026-06-01T01:00:14Z,infra-1,monitoring,my-monitoring-prometheus-node-exporter-r4b7j,node-exporter,0.3,0.2,0.0,0.0,0.0,208.0,3254.0,0.0,0.0,0.0,0.0,0.0,18.0,normal
2026-06-01T01:00:14Z,infra-1,longhorn-system,longhorn-csi-plugin-2bmwn,longhorn-liveness-probe,2.6,2.0,0.0,0.0,0.0,224.0,274.0,0.0,0.0,0.0,0.0,0.0,123.0,normal
2026-06-01T01:00:14Z,infra-1,node,system,kubelet.service,305.3,40.8,104.9,1.2,0.0,46651.0,122628.0,0.0,0.0,0.0,0.0,0.0,6733.0,normal
2026-06-01T01:00:14Z,infra-1,node,system,multipathd.service,0.0,2.1,0.0,0.0,0.0,0.0,0.0,0.0,0.0,0.0,0.0,0.0,22.0,normal
2026-06-01T01:00:14Z,infra-1,unknown,pod-e56d2680,nginx-proxy,0.0,0.0,0.0,0.0,0.0,54969.0,55017.0,0.0,0.0,0.0,0.0,0.0,38.0,normal
2026-06-01T01:00:14Z,infra-1,node,system,cgroup,0.0,0.0,0.0,0.0,0.0,0.0,0.0,40.0,196608.0,0.21519233333333335,0.0,0.0,28258.0,normal
2026-06-01T01:00:14Z,infra-1,node,system,udisks2.service,0.0,0.0,0.0,0.0,0.0,0.0,0.0,0.0,0.0,0.0,0.0,0.0,2.0,normal
2026-06-01T01:00:14Z,infra-1,node,system,polkit.service,0.0,0.0,0.0,0.0,0.0,0.0,0.0,0.0,0.0,0.0,0.0,0.0,3.0,normal
2026-06-01T01:00:25Z,infra-1,node,system,systemd-journald.service,1.4,0.0,1.1,0.0,0.0,0.0,0.0,0.0,8192.0,0.127282,0.0,1.0,10.0,normal
2026-06-01T01:00:25Z,infra-1,kube-system,kube-proxy-nhxgw,kube-proxy,2.0,0.4,0.0,0.0,0.0,15164.0,96.0,0.0,0.0,0.0,0.0,0.0,82.0,normal
2026-06-01T01:00:25Z,infra-1,kube-system,tetragon-x7wc4,tetragon,2.9,4.7,0.0,0.0,0.0,15454.0,239.0,0.0,0.0,0.0,0.0,0.0,10813.0,normal
2026-06-01T01:00:25Z,infra-1,node,system,thermald.service,0.2,0.0,0.2,0.0,0.0,0.0,0.0,0.0,0.0,0.0,0.0,0.0,2.0,normal
2026-06-01T01:00:25Z,infra-1,longhorn-system,engine-image-ei-3154f3aa-zf876,engine-image-ei-3154f3aa,12.4,1.0,12.8,0.0,0.0,0.0,0.0,0.0,0.0,0.0,10.0,26.0,932.0,normal
2026-06-01T01:00:25Z,infra-1,kube-system,nodelocaldns-qv9pv,node-cache,11.6,4.7,0.3,1.0,0.0,4922.0,3562.0,0.0,0.0,0.0,0.0,0.0,587.0,normal
2026-06-01T01:00:25Z,infra-1,kube-system,kube-ovn-cni-ls6pt,cni-server,308.4,23.0,348.2,0.3,0.0,203900.0,1200.0,0.0,0.0,0.0,135.0,150.0,4911.0,normal
2026-06-01T01:00:25Z,infra-1,gpu-operator,gpu-operator-1764036362-node-feature-discovery-worker-2tg52,worker,0.4,0.3,0.0,0.0,0.0,222.0,188.0,0.0,0.0,0.0,0.0,0.0,14.0,normal
2026-06-01T01:00:25Z,infra-1,kube-system,tetragon-x7wc4,export-stdout,16.9,15.6,0.0,0.0,0.0,0.0,0.0,0.0,0.0,0.0,0.0,0.0,63.0,normal
2026-06-01T01:00:25Z,infra-1,kube-system,ovs-ovn-s2j4r,openvswitch,79.0,43.1,38.0,0.0,0.0,38.0,41.0,0.0,0.0,0.0,52.0,88.0,1221.0,normal
2026-06-01T01:00:25Z,infra-1,longhorn-system,engine-image-ei-843accdd-l2vl2,engine-image-ei-843accdd,15.9,1.3,16.4,0.0,0.0,0.0,0.0,0.0,0.0,0.0,13.0,29.0,1042.0,normal
2026-06-01T01:00:25Z,infra-1,longhorn-system,longhorn-manager-vbwm6,longhorn-manager,104.6,25.5,10.6,0.3,0.0,476656.0,19979.0,0.0,0.0,0.0,2.0,8.0,3949.0,normal
2026-06-01T01:00:25Z,infra-1,longhorn-system,longhorn-csi-plugin-2bmwn,longhorn-csi-plugin,3.9,1.5,0.0,0.0,0.0,0.0,0.0,0.0,0.0,0.0,0.0,0.0,131.0,normal
2026-06-01T01:00:25Z,infra-1,longhorn-system,instance-manager-0f7092cdbbb40d99ecd3db9de888c91c,instance-manager,201.3,10.0,11.3,0.4,0.0,3829.0,3775.0,0.0,0.0,0.0,7.0,7.0,836.0,normal
2026-06-01T01:00:25Z,infra-1,node,system,containerd.service,431.0,159.6,217.1,0.0,0.0,0.0,0.0,0.0,0.0,0.0,33.0,312.0,16390.0,normal
2026-06-01T01:00:25Z,infra-1,kube-system,kube-ovn-pinger-sv9zp,pinger,43.1,21.4,13.2,0.2,0.0,83551.0,1156.0,0.0,12288.0,0.1499525,17.0,26.0,4052.0,normal
2026-06-01T01:00:25Z,infra-1,ebpf-final,ebpf-collector-n9bvw,collector,128.2,0.8,123.5,0.1,0.0,182048.0,14595.0,0.0,0.0,0.0,0.0,0.0,153.0,normal
2026-06-01T01:00:25Z,infra-1,longhorn-system,longhorn-csi-plugin-2bmwn,node-driver-registrar,0.1,0.1,0.0,0.0,0.0,0.0,0.0,0.0,0.0,0.0,0.0,0.0,10.0,normal
2026-06-01T01:00:25Z,infra-1,monitoring,my-monitoring-prometheus-node-exporter-r4b7j,node-exporter,0.4,0.2,0.0,0.0,0.0,208.0,3254.0,0.0,0.0,0.0,0.0,0.0,17.0,normal
2026-06-01T01:00:25Z,infra-1,longhorn-system,longhorn-csi-plugin-2bmwn,longhorn-liveness-probe,3.0,2.5,0.0,0.0,0.0,336.0,411.0,0.0,0.0,0.0,0.0,0.0,246.0,normal
2026-06-01T01:00:25Z,infra-1,node,system,kubelet.service,378.0,41.6,134.4,1.3,0.0,39439.0,91535.0,0.0,0.0,0.0,0.0,0.0,6972.0,normal
2026-06-01T01:00:25Z,infra-1,node,system,rsyslog.service,0.0,0.1,0.0,0.0,0.0,0.0,0.0,0.0,0.0,0.0,0.0,0.0,3.0,normal
2026-06-01T01:00:25Z,infra-1,node,system,multipathd.service,0.0,2.2,0.0,0.0,0.0,0.0,0.0,0.0,0.0,0.0,0.0,0.0,20.0,normal
2026-06-01T01:00:25Z,infra-1,unknown,pod-e56d2680,nginx-proxy,0.0,0.0,0.0,0.0,0.0,47948.0,47996.0,0.0,0.0,0.0,0.0,0.0,23.0,normal
2026-06-01T01:00:25Z,infra-1,node,system,cgroup,0.0,0.0,0.0,0.0,0.0,0.0,0.0,40.0,692224.0,0.2867009411764706,0.0,0.0,29435.0,normal
2026-06-01T01:00:25Z,infra-1,node,system,udisks2.service,0.0,0.0,0.0,0.0,0.0,0.0,0.0,0.0,0.0,0.0,0.0,0.0,3.0,normal
2026-06-01T01:00:25Z,infra-1,node,system,polkit.service,0.0,0.0,0.0,0.0,0.0,0.0,0.0,0.0,0.0,0.0,0.0,0.0,2.0,normal
2026-06-01T01:00:35Z,infra-1,node,system,systemd-journald.service,0.1,0.0,0.0,0.0,0.0,0.0,0.0,0.0,0.0,0.0,0.0,0.0,1.0,normal
2026-06-01T01:00:35Z,infra-1,kube-system,kube-proxy-nhxgw,kube-proxy,1.1,0.5,0.0,0.0,0.0,15164.0,96.0,0.0,0.0,0.0,0.0,0.0,96.0,normal
2026-06-01T01:00:35Z,infra-1,kube-system,tetragon-x7wc4,tetragon,3.1,3.4,0.0,0.0,0.0,15601.0,191.0,0.0,0.0,0.0,0.0,0.0,10621.0,normal
2026-06-01T01:00:35Z,infra-1,node,system,thermald.service,0.3,0.0,0.3,0.0,0.0,0.0,0.0,0.0,0.0,0.0,0.0,0.0,4.0,normal
2026-06-01T01:00:35Z,infra-1,longhorn-system,engine-image-ei-3154f3aa-zf876,engine-image-ei-3154f3aa,12.4,1.0,12.8,0.0,0.0,0.0,0.0,0.0,0.0,0.0,10.0,25.0,904.0,normal
2026-06-01T01:00:35Z,infra-1,kube-system,nodelocaldns-qv9pv,node-cache,27.5,6.5,35.1,1.0,0.0,4922.0,3562.0,0.0,0.0,0.0,12.0,12.0,835.0,normal
2026-06-01T01:00:35Z,infra-1,kube-system,kube-ovn-cni-ls6pt,cni-server,308.5,23.0,345.3,0.3,0.0,204472.0,1326.0,0.0,0.0,0.0,132.0,150.0,5181.0,normal
2026-06-01T01:00:35Z,infra-1,gpu-operator,gpu-operator-1764036362-node-feature-discovery-worker-2tg52,worker,0.6,0.3,0.0,0.0,0.0,261.0,227.0,0.0,0.0,0.0,0.0,0.0,41.0,normal
2026-06-01T01:00:35Z,infra-1,kube-system,tetragon-x7wc4,export-stdout,8.0,6.7,0.0,0.0,0.0,0.0,0.0,0.0,0.0,0.0,0.0,0.0,30.0,normal
2026-06-01T01:00:35Z,infra-1,kube-system,ovs-ovn-s2j4r,openvswitch,89.3,53.3,38.1,0.0,0.0,38.0,41.0,0.0,0.0,0.0,52.0,91.0,1754.0,normal
2026-06-01T01:00:35Z,infra-1,longhorn-system,engine-image-ei-843accdd-l2vl2,engine-image-ei-843accdd,12.4,1.0,12.8,0.0,0.0,0.0,0.0,0.0,0.0,0.0,10.0,22.0,803.0,normal
2026-06-01T01:00:35Z,infra-1,longhorn-system,longhorn-manager-vbwm6,longhorn-manager,66.8,22.8,0.2,0.1,0.0,467191.0,11717.0,0.0,0.0,0.0,0.0,0.0,3127.0,normal
2026-06-01T01:00:35Z,infra-1,longhorn-system,longhorn-csi-plugin-2bmwn,longhorn-csi-plugin,2.4,1.3,0.0,0.0,0.0,0.0,0.0,0.0,0.0,0.0,0.0,0.0,80.0,normal
2026-06-01T01:00:35Z,infra-1,longhorn-system,instance-manager-0f7092cdbbb40d99ecd3db9de888c91c,instance-manager,192.4,8.0,10.2,0.4,0.0,3023.0,3196.0,0.0,0.0,0.0,6.0,6.0,565.0,normal
2026-06-01T01:00:35Z,infra-1,node,system,containerd.service,403.3,146.3,212.8,0.0,0.0,0.0,0.0,0.0,0.0,0.0,32.0,289.0,14939.0,normal
2026-06-01T01:00:35Z,infra-1,kube-system,kube-ovn-pinger-sv9zp,pinger,50.3,21.1,13.2,0.2,0.0,115987.0,1579.0,0.0,12288.0,0.160822,17.0,26.0,4015.0,normal
2026-06-01T01:00:35Z,infra-1,ebpf-final,ebpf-collector-n9bvw,collector,0.2,0.7,0.3,0.1,0.0,10395.0,14097.0,0.0,0.0,0.0,0.0,0.0,15.0,normal
2026-06-01T01:00:35Z,infra-1,longhorn-system,longhorn-csi-plugin-2bmwn,node-driver-registrar,0.1,0.1,0.0,0.0,0.0,0.0,0.0,0.0,0.0,0.0,0.0,0.0,10.0,normal
2026-06-01T01:00:35Z,infra-1,monitoring,my-monitoring-prometheus-node-exporter-r4b7j,node-exporter,105.2,0.7,92.8,0.0,0.0,573.0,21858.0,0.0,0.0,0.0,0.0,0.0,157.0,normal
2026-06-01T01:00:35Z,infra-1,longhorn-system,longhorn-csi-plugin-2bmwn,longhorn-liveness-probe,2.6,1.7,0.0,0.0,0.0,224.0,274.0,0.0,0.0,0.0,0.0,0.0,133.0,normal
2026-06-01T01:00:35Z,infra-1,node,system,kubelet.service,342.2,38.7,116.8,1.3,0.0,40020.0,91568.0,0.0,0.0,0.0,2.0,2.0,6337.0,normal
2026-06-01T01:00:35Z,infra-1,node,system,multipathd.service,0.0,2.2,0.0,0.0,0.0,0.0,0.0,0.0,0.0,0.0,0.0,0.0,21.0,normal
2026-06-01T01:00:35Z,infra-1,unknown,pod-e56d2680,nginx-proxy,0.0,0.0,0.0,0.0,0.0,48699.0,48771.0,0.0,0.0,0.0,0.0,0.0,40.0,normal
2026-06-01T01:00:35Z,infra-1,node,system,cgroup,0.0,0.0,0.0,0.0,0.0,0.0,0.0,40.0,290816.0,0.46245569696969696,0.0,0.0,28624.0,normal
2026-06-01T01:00:35Z,infra-1,node,system,udisks2.service,0.0,0.0,0.0,0.0,0.0,0.0,0.0,0.0,0.0,0.0,0.0,0.0,2.0,normal
2026-06-01T01:00:35Z,infra-1,node,system,polkit.service,0.0,0.0,0.0,0.0,0.0,0.0,0.0,0.0,0.0,0.0,0.0,0.0,3.0,normal
2026-06-01T01:00:35Z,infra-1,node,system,rpcbind.service,0.0,0.0,0.0,0.0,0.0,0.0,0.0,0.0,0.0,0.0,0.0,0.0,1.0,normal
2026-06-01T01:00:45Z,infra-1,node,system,systemd-journald.service,1.2,0.1,0.9,0.0,0.0,0.0,0.0,0.0,0.0,0.0,0.0,0.0,6.0,normal
2026-06-01T01:00:45Z,infra-1,unknown,unknown,unknown,14.9,2.8,10.6,0.0,0.0,0.0,0.0,16384.0,0.0,15.923628666666666,2.0,0.0,6.0,normal
2026-06-01T01:00:45Z,infra-1,kube-system,kube-proxy-nhxgw,kube-proxy,1.0,0.4,0.0,0.0,0.0,15164.0,96.0,0.0,0.0,0.0,0.0,0.0,84.0,normal
2026-06-01T01:00:45Z,infra-1,node,system,init.scope,8.3,6.2,13.3,0.0,0.0,0.0,0.0,0.0,0.0,0.0,1.0,2.0,19.0,normal
2026-06-01T01:00:45Z,infra-1,kube-system,tetragon-x7wc4,tetragon,3.0,2.6,0.0,0.0,0.0,15454.0,222.0,0.0,0.0,0.0,0.0,0.0,11095.0,normal
2026-06-01T01:00:45Z,infra-1,node,system,thermald.service,0.2,0.0,0.2,0.0,0.0,0.0,0.0,0.0,0.0,0.0,0.0,0.0,2.0,normal
2026-06-01T01:00:45Z,infra-1,longhorn-system,engine-image-ei-3154f3aa-zf876,engine-image-ei-3154f3aa,12.4,1.0,12.8,0.0,0.0,0.0,0.0,0.0,0.0,0.0,10.0,26.0,947.0,normal
2026-06-01T01:00:45Z,infra-1,kube-system,nodelocaldns-qv9pv,node-cache,12.4,4.9,0.4,1.0,0.0,4922.0,3489.0,0.0,0.0,0.0,0.0,0.0,599.0,normal
2026-06-01T01:00:45Z,infra-1,kube-system,kube-ovn-cni-ls6pt,cni-server,361.1,26.4,423.0,0.2,0.0,204186.0,1152.0,0.0,0.0,0.0,172.0,183.0,4923.0,normal
2026-06-01T01:00:45Z,infra-1,gpu-operator,gpu-operator-1764036362-node-feature-discovery-worker-2tg52,worker,0.4,0.3,0.0,0.0,0.0,222.0,188.0,0.0,0.0,0.0,0.0,0.0,13.0,normal
2026-06-01T01:00:45Z,infra-1,kube-system,tetragon-x7wc4,export-stdout,5.8,4.5,0.0,0.0,0.0,0.0,0.0,0.0,0.0,0.0,0.0,0.0,10.0,normal
2026-06-01T01:00:45Z,infra-1,kube-system,ovs-ovn-s2j4r,openvswitch,90.7,54.7,38.2,0.0,0.0,38.0,41.0,0.0,0.0,0.0,52.0,88.0,1810.0,normal
2026-06-01T01:00:45Z,infra-1,longhorn-system,engine-image-ei-843accdd-l2vl2,engine-image-ei-843accdd,12.4,1.0,12.8,0.0,0.0,0.0,0.0,0.0,0.0,0.0,10.0,23.0,792.0,normal
2026-06-01T01:00:45Z,infra-1,longhorn-system,longhorn-manager-vbwm6,longhorn-manager,76.1,21.5,0.2,0.1,0.0,465680.0,10469.0,0.0,0.0,0.0,0.0,0.0,3384.0,normal
2026-06-01T01:00:45Z,infra-1,longhorn-system,longhorn-csi-plugin-2bmwn,longhorn-csi-plugin,3.0,1.4,0.0,0.0,0.0,0.0,0.0,0.0,0.0,0.0,0.0,0.0,72.0,normal
2026-06-01T01:00:45Z,infra-1,longhorn-system,instance-manager-0f7092cdbbb40d99ecd3db9de888c91c,instance-manager,191.1,7.6,10.2,0.4,0.0,2972.0,3145.0,0.0,0.0,0.0,6.0,6.0,672.0,normal
2026-06-01T01:00:45Z,infra-1,node,system,containerd.service,449.6,143.6,249.2,0.0,0.0,0.0,0.0,0.0,0.0,0.0,30.0,270.0,14734.0,normal
2026-06-01T01:00:45Z,infra-1,kube-system,kube-ovn-pinger-sv9zp,pinger,50.9,21.3,13.2,0.2,0.0,116040.0,1579.0,0.0,12288.0,0.1507955,17.0,26.0,3812.0,normal
2026-06-01T01:00:45Z,infra-1,ebpf-final,ebpf-collector-n9bvw,collector,0.2,0.7,0.3,0.1,0.0,10395.0,14084.0,0.0,0.0,0.0,0.0,0.0,11.0,normal
2026-06-01T01:00:45Z,infra-1,longhorn-system,longhorn-csi-plugin-2bmwn,node-driver-registrar,0.1,0.1,0.0,0.0,0.0,0.0,0.0,0.0,0.0,0.0,0.0,0.0,10.0,normal
2026-06-01T01:00:45Z,infra-1,monitoring,my-monitoring-prometheus-node-exporter-r4b7j,node-exporter,0.2,0.2,0.0,0.0,0.0,208.0,3254.0,0.0,0.0,0.0,0.0,0.0,9.0,normal
2026-06-01T01:00:45Z,infra-1,longhorn-system,longhorn-csi-plugin-2bmwn,longhorn-liveness-probe,2.0,1.6,0.0,0.0,0.0,224.0,274.0,0.0,0.0,0.0,0.0,0.0,150.0,normal
2026-06-01T01:00:45Z,infra-1,node,system,kubelet.service,293.5,40.3,100.3,1.2,0.0,39547.0,120581.0,0.0,0.0,0.0,0.0,0.0,5905.0,normal
2026-06-01T01:00:45Z,infra-1,node,system,rsyslog.service,0.0,0.3,0.0,0.0,0.0,0.0,0.0,0.0,0.0,0.0,0.0,0.0,6.0,normal
2026-06-01T01:00:45Z,infra-1,node,system,multipathd.service,0.0,2.1,0.0,0.0,0.0,0.0,0.0,0.0,0.0,0.0,0.0,0.0,21.0,normal
2026-06-01T01:00:45Z,infra-1,unknown,pod-e56d2680,nginx-proxy,0.0,0.0,0.0,0.0,0.0,47984.0,48032.0,0.0,0.0,0.0,0.0,0.0,23.0,normal
2026-06-01T01:00:45Z,infra-1,node,system,cgroup,0.0,0.0,0.0,0.0,0.0,0.0,0.0,8232.0,196608.0,2.435466,0.0,2.0,28265.0,normal
2026-06-01T01:00:45Z,infra-1,node,system,dbus.service,0.0,0.0,0.0,0.0,0.0,0.0,0.0,0.0,0.0,0.0,0.0,0.0,14.0,normal
2026-06-01T01:00:45Z,infra-1,node,system,udisks2.service,0.0,0.0,0.0,0.0,0.0,0.0,0.0,0.0,0.0,0.0,0.0,0.0,3.0,normal
2026-06-01T01:00:45Z,infra-1,node,system,polkit.service,0.0,0.0,0.0,0.0,0.0,0.0,0.0,0.0,0.0,0.0,0.0,0.0,3.0,normal
2026-06-01T01:00:45Z,infra-1,node,system,systemd-logind.service,0.0,0.0,0.0,0.0,0.0,0.0,0.0,0.0,0.0,0.0,0.0,0.0,5.0,normal
2026-06-01T01:00:55Z,infra-1,kube-system,kube-proxy-nhxgw,kube-proxy,2.1,0.5,0.0,0.0,0.0,15290.0,96.0,0.0,0.0,0.0,0.0,0.0,78.0,normal
2026-06-01T01:00:55Z,infra-1,kube-system,tetragon-x7wc4,tetragon,3.0,5.1,0.0,0.0,0.0,15615.0,222.0,0.0,0.0,0.0,0.0,0.0,10057.0,normal
2026-06-01T01:00:55Z,infra-1,node,system,thermald.service,0.3,0.0,0.3,0.0,0.0,0.0,0.0,0.0,0.0,0.0,0.0,0.0,3.0,normal
2026-06-01T01:00:55Z,infra-1,longhorn-system,engine-image-ei-3154f3aa-zf876,engine-image-ei-3154f3aa,15.8,1.3,16.3,0.0,0.0,0.0,0.0,0.0,0.0,0.0,13.0,32.0,1179.0,normal
2026-06-01T01:00:55Z,infra-1,kube-system,nodelocaldns-qv9pv,node-cache,13.1,5.4,0.3,1.1,0.0,5145.0,3785.0,0.0,0.0,0.0,0.0,0.0,619.0,normal
2026-06-01T01:00:55Z,infra-1,kube-system,kube-ovn-cni-ls6pt,cni-server,308.1,22.7,344.8,0.4,0.0,203900.0,1200.0,0.0,0.0,0.0,132.0,152.0,5497.0,normal
2026-06-01T01:00:55Z,infra-1,gpu-operator,gpu-operator-1764036362-node-feature-discovery-worker-2tg52,worker,0.4,0.3,0.0,0.0,0.0,222.0,188.0,0.0,0.0,0.0,0.0,0.0,25.0,normal
2026-06-01T01:00:55Z,infra-1,kube-system,tetragon-x7wc4,export-stdout,16.9,15.6,0.0,0.0,0.0,0.0,0.0,0.0,0.0,0.0,0.0,0.0,16.0,normal
2026-06-01T01:00:55Z,infra-1,kube-system,ovs-ovn-s2j4r,openvswitch,79.2,45.8,37.7,0.0,0.0,38.0,41.0,0.0,0.0,0.0,52.0,88.0,1264.0,normal
2026-06-01T01:00:55Z,infra-1,longhorn-system,engine-image-ei-843accdd-l2vl2,engine-image-ei-843accdd,12.4,1.0,12.8,0.0,0.0,0.0,0.0,0.0,0.0,0.0,10.0,23.0,724.0,normal
2026-06-01T01:00:55Z,infra-1,longhorn-system,longhorn-manager-vbwm6,longhorn-manager,109.7,27.0,10.6,0.3,0.0,476777.0,19849.0,0.0,0.0,0.0,2.0,8.0,4213.0,normal
2026-06-01T01:00:55Z,infra-1,longhorn-system,longhorn-csi-plugin-2bmwn,longhorn-csi-plugin,2.5,1.3,0.0,0.0,0.0,0.0,0.0,0.0,0.0,0.0,0.0,0.0,90.0,normal
2026-06-01T01:00:55Z,infra-1,longhorn-system,instance-manager-0f7092cdbbb40d99ecd3db9de888c91c,instance-manager,201.4,9.9,11.3,0.4,0.0,3811.0,3766.0,0.0,0.0,0.0,7.0,7.0,847.0,normal
2026-06-01T01:00:55Z,infra-1,node,system,containerd.service,428.4,163.2,220.9,0.0,0.0,0.0,0.0,0.0,0.0,0.0,36.0,330.0,16408.0,normal
2026-06-01T01:00:55Z,infra-1,kube-system,kube-ovn-pinger-sv9zp,pinger,18.7,16.0,0.0,0.0,0.0,32404.0,375.0,0.0,12288.0,0.175738,0.0,0.0,3426.0,normal
2026-06-01T01:00:55Z,infra-1,ebpf-final,ebpf-collector-n9bvw,collector,131.8,0.8,123.4,0.1,0.0,184145.0,17417.0,0.0,0.0,0.0,0.0,0.0,158.0,normal
2026-06-01T01:00:55Z,infra-1,longhorn-system,longhorn-csi-plugin-2bmwn,node-driver-registrar,0.1,0.1,0.0,0.0,0.0,0.0,0.0,0.0,0.0,0.0,0.0,0.0,10.0,normal
2026-06-01T01:00:55Z,infra-1,monitoring,my-monitoring-prometheus-node-exporter-r4b7j,node-exporter,17.1,0.2,16.2,0.0,0.0,573.0,3254.0,0.0,0.0,0.0,0.0,0.0,86.0,normal
2026-06-01T01:00:55Z,infra-1,longhorn-system,longhorn-csi-plugin-2bmwn,longhorn-liveness-probe,2.7,1.8,0.0,0.0,0.0,224.0,274.0,0.0,0.0,0.0,0.0,0.0,157.0,normal
2026-06-01T01:00:55Z,infra-1,node,system,kubelet.service,357.2,40.4,133.1,1.2,0.0,39130.0,91424.0,0.0,0.0,0.0,0.0,0.0,6704.0,normal
2026-06-01T01:00:55Z,infra-1,node,system,multipathd.service,0.0,2.4,0.0,0.0,0.0,0.0,0.0,0.0,0.0,0.0,0.0,0.0,24.0,normal
2026-06-01T01:00:55Z,infra-1,unknown,pod-e56d2680,nginx-proxy,0.0,0.0,0.0,0.0,0.0,47988.0,48036.0,0.0,0.0,0.0,0.0,0.0,30.0,normal
2026-06-01T01:00:55Z,infra-1,node,system,cgroup,0.0,0.0,0.0,0.0,0.0,0.0,0.0,4136.0,253952.0,1.6643214,0.0,0.0,29960.0,normal
2026-06-01T01:00:55Z,infra-1,node,system,udisks2.service,0.0,0.0,0.0,0.0,0.0,0.0,0.0,0.0,0.0,0.0,0.0,0.0,2.0,normal
2026-06-01T01:00:55Z,infra-1,node,system,chrony.service,0.0,0.0,0.0,0.0,0.0,0.0,0.0,0.0,0.0,0.0,0.0,0.0,2.0,normal
2026-06-01T01:00:55Z,infra-1,node,system,polkit.service,0.0,0.0,0.0,0.0,0.0,0.0,0.0,0.0,0.0,0.0,0.0,0.0,2.0,normal
2026-06-01T01:01:05Z,infra-1,kube-system,kube-proxy-nhxgw,kube-proxy,1.3,0.3,0.0,0.0,0.0,15303.0,96.0,0.0,0.0,0.0,0.0,0.0,68.0,normal
2026-06-01T01:01:05Z,infra-1,node,system,init.scope,0.2,0.0,0.1,0.0,0.0,0.0,0.0,0.0,0.0,0.0,0.0,0.0,1.0,normal
2026-06-01T01:01:05Z,infra-1,kube-system,tetragon-x7wc4,tetragon,3.7,4.4,0.0,0.0,0.0,15625.0,239.0,0.0,0.0,0.0,0.0,0.0,10391.0,normal
2026-06-01T01:01:05Z,infra-1,node,system,thermald.service,0.2,0.0,0.2,0.0,0.0,0.0,0.0,0.0,0.0,0.0,0.0,0.0,2.0,normal
2026-06-01T01:01:05Z,infra-1,longhorn-system,engine-image-ei-3154f3aa-zf876,engine-image-ei-3154f3aa,12.4,1.0,12.8,0.0,0.0,0.0,0.0,0.0,0.0,0.0,10.0,26.0,961.0,normal
2026-06-01T01:01:05Z,infra-1,kube-system,nodelocaldns-qv9pv,node-cache,11.5,4.4,0.3,1.0,0.0,4922.0,3562.0,0.0,0.0,0.0,0.0,0.0,772.0,normal
2026-06-01T01:01:05Z,infra-1,kube-system,kube-ovn-cni-ls6pt,cni-server,304.4,21.9,343.0,0.2,0.0,204198.0,1200.0,0.0,0.0,0.0,130.0,141.0,4139.0,normal
2026-06-01T01:01:05Z,infra-1,gpu-operator,gpu-operator-1764036362-node-feature-discovery-worker-2tg52,worker,50.2,4.1,25.7,0.0,0.0,135977.0,1763.0,0.0,0.0,0.0,0.0,0.0,591.0,normal
2026-06-01T01:01:05Z,infra-1,kube-system,tetragon-x7wc4,export-stdout,16.0,14.4,0.0,0.0,0.0,0.0,0.0,0.0,0.0,0.0,0.0,0.0,10.0,normal
2026-06-01T01:01:05Z,infra-1,kube-system,ovs-ovn-s2j4r,openvswitch,81.2,46.1,37.9,0.0,0.0,38.0,41.0,0.0,0.0,0.0,52.0,88.0,1483.0,normal
2026-06-01T01:01:05Z,infra-1,longhorn-system,engine-image-ei-843accdd-l2vl2,engine-image-ei-843accdd,12.5,1.0,12.8,0.0,0.0,0.0,0.0,0.0,0.0,0.0,10.0,23.0,729.0,normal
2026-06-01T01:01:05Z,infra-1,longhorn-system,longhorn-manager-vbwm6,longhorn-manager,65.1,20.8,0.1,0.1,0.0,491074.0,13137.0,0.0,0.0,0.0,0.0,0.0,3364.0,normal
2026-06-01T01:01:05Z,infra-1,longhorn-system,longhorn-csi-plugin-2bmwn,longhorn-csi-plugin,2.4,1.2,0.0,0.0,0.0,0.0,0.0,0.0,0.0,0.0,0.0,0.0,59.0,normal
2026-06-01T01:01:05Z,infra-1,longhorn-system,instance-manager-0f7092cdbbb40d99ecd3db9de888c91c,instance-manager,193.7,8.7,10.2,0.5,0.0,4090.0,4916.0,0.0,0.0,0.0,6.0,6.0,679.0,normal
2026-06-01T01:01:05Z,infra-1,node,system,containerd.service,398.1,147.5,209.4,0.0,0.0,0.0,0.0,0.0,0.0,0.0,30.0,277.0,14835.0,normal
2026-06-01T01:01:05Z,infra-1,kube-system,kube-ovn-pinger-sv9zp,pinger,52.2,23.8,13.3,0.2,0.0,115939.0,1579.0,0.0,12288.0,0.1788225,17.0,26.0,4723.0,normal
2026-06-01T01:01:05Z,infra-1,ebpf-final,ebpf-collector-n9bvw,collector,0.2,0.7,0.3,0.1,0.0,10037.0,13597.0,0.0,0.0,0.0,0.0,0.0,13.0,normal
2026-06-01T01:01:05Z,infra-1,longhorn-system,longhorn-csi-plugin-2bmwn,node-driver-registrar,0.1,0.1,0.0,0.0,0.0,0.0,0.0,0.0,0.0,0.0,0.0,0.0,10.0,normal
2026-06-01T01:01:05Z,infra-1,node,system,systemd-networkd.service,0.1,0.0,0.0,0.0,0.0,0.0,0.0,0.0,0.0,0.0,0.0,0.0,1.0,normal
2026-06-01T01:01:05Z,infra-1,monitoring,my-monitoring-prometheus-node-exporter-r4b7j,node-exporter,88.6,0.7,75.0,0.0,0.0,208.0,21864.0,0.0,0.0,0.0,0.0,0.0,37.0,normal
2026-06-01T01:01:05Z,infra-1,longhorn-system,longhorn-csi-plugin-2bmwn,longhorn-liveness-probe,2.2,1.7,0.0,0.0,0.0,224.0,274.0,0.0,0.0,0.0,0.0,0.0,102.0,normal
2026-06-01T01:01:05Z,infra-1,node,system,kubelet.service,331.5,41.0,92.8,1.2,0.0,41263.0,92976.0,0.0,0.0,0.0,0.0,0.0,6312.0,normal
2026-06-01T01:01:05Z,infra-1,node,system,multipathd.service,0.0,2.2,0.0,0.0,0.0,0.0,0.0,0.0,0.0,0.0,0.0,0.0,19.0,normal
2026-06-01T01:01:05Z,infra-1,unknown,pod-e56d2680,nginx-proxy,0.0,0.0,0.0,0.0,0.0,51569.0,51617.0,0.0,0.0,0.0,0.0,0.0,33.0,normal
2026-06-01T01:01:05Z,infra-1,node,system,cgroup,0.0,0.0,0.0,0.0,0.0,0.0,0.0,40.0,921600.0,0.42240242045454546,0.0,0.0,27293.0,normal
2026-06-01T01:01:05Z,infra-1,node,system,udisks2.service,0.0,0.0,0.0,0.0,0.0,0.0,0.0,0.0,0.0,0.0,0.0,0.0,3.0,normal
2026-06-01T01:01:05Z,infra-1,node,system,cron.service,0.0,0.0,0.0,0.0,0.0,0.0,0.0,0.0,0.0,0.0,0.0,0.0,1.0,normal
2026-06-01T01:01:05Z,infra-1,node,system,polkit.service,0.0,0.0,0.0,0.0,0.0,0.0,0.0,0.0,0.0,0.0,0.0,0.0,3.0,normal
2026-06-01T01:01:05Z,infra-1,node,system,rpcbind.service,0.0,0.0,0.0,0.0,0.0,0.0,0.0,0.0,0.0,0.0,0.0,0.0,1.0,normal
2026-06-01T01:01:15Z,infra-1,node,system,systemd-journald.service,0.1,0.0,0.0,0.0,0.0,0.0,0.0,0.0,0.0,0.0,0.0,0.0,1.0,normal
2026-06-01T01:01:15Z,infra-1,kube-system,kube-proxy-nhxgw,kube-proxy,1.5,0.5,0.0,0.0,0.0,15411.0,96.0,0.0,0.0,0.0,0.0,0.0,80.0,normal
2026-06-01T01:01:15Z,infra-1,node,system,init.scope,0.6,0.0,0.3,0.0,0.0,0.0,0.0,0.0,0.0,0.0,0.0,0.0,2.0,normal
2026-06-01T01:01:15Z,infra-1,kube-system,tetragon-x7wc4,tetragon,7.6,5.3,0.5,0.0,0.0,16815.0,22321.0,0.0,0.0,0.0,0.0,0.0,11132.0,normal
2026-06-01T01:01:15Z,infra-1,node,system,udev,0.1,0.0,0.0,0.0,0.0,0.0,0.0,0.0,0.0,0.0,0.0,0.0,2.0,normal
2026-06-01T01:01:15Z,infra-1,node,system,thermald.service,0.3,0.0,0.3,0.0,0.0,0.0,0.0,0.0,0.0,0.0,0.0,0.0,3.0,normal
2026-06-01T01:01:15Z,infra-1,longhorn-system,engine-image-ei-3154f3aa-zf876,engine-image-ei-3154f3aa,12.4,1.0,12.8,0.0,0.0,0.0,0.0,0.0,0.0,0.0,10.0,25.0,874.0,normal
2026-06-01T01:01:15Z,infra-1,kube-system,nodelocaldns-qv9pv,node-cache,12.0,4.5,0.4,1.0,0.0,4922.0,3562.0,0.0,0.0,0.0,0.0,0.0,617.0,normal
2026-06-01T01:01:15Z,infra-1,kube-system,kube-ovn-cni-ls6pt,cni-server,313.5,23.1,347.8,0.4,0.0,203900.0,1200.0,0.0,0.0,0.0,135.0,156.0,5160.0,normal
2026-06-01T01:01:15Z,infra-1,gpu-operator,gpu-operator-1764036362-node-feature-discovery-worker-2tg52,worker,0.5,0.2,0.0,0.0,0.0,222.0,188.0,0.0,0.0,0.0,0.0,0.0,24.0,normal
2026-06-01T01:01:15Z,infra-1,kube-system,tetragon-x7wc4,export-stdout,13.6,11.9,0.0,0.0,0.0,0.0,0.0,0.0,0.0,0.0,0.0,0.0,11.0,normal
2026-06-01T01:01:15Z,infra-1,kube-system,ovs-ovn-s2j4r,openvswitch,99.2,53.4,46.7,0.0,0.0,38.0,41.0,0.0,0.0,0.0,65.0,114.0,1843.0,normal
2026-06-01T01:01:15Z,infra-1,longhorn-system,engine-image-ei-843accdd-l2vl2,engine-image-ei-843accdd,12.4,1.0,12.8,0.0,0.0,0.0,0.0,0.0,0.0,0.0,10.0,22.0,681.0,normal
2026-06-01T01:01:15Z,infra-1,longhorn-system,longhorn-manager-vbwm6,longhorn-manager,74.6,22.1,0.1,0.1,0.0,466556.0,10653.0,0.0,0.0,0.0,0.0,0.0,3443.0,normal
2026-06-01T01:01:15Z,infra-1,node,system,systemd-resolved.service,0.1,0.0,0.0,0.0,0.0,0.0,0.0,0.0,0.0,0.0,0.0,0.0,1.0,normal
2026-06-01T01:01:15Z,infra-1,longhorn-system,longhorn-csi-plugin-2bmwn,longhorn-csi-plugin,2.6,1.3,0.0,0.0,0.0,0.0,0.0,0.0,0.0,0.0,0.0,0.0,83.0,normal
2026-06-01T01:01:15Z,infra-1,longhorn-system,instance-manager-0f7092cdbbb40d99ecd3db9de888c91c,instance-manager,190.6,7.5,10.2,0.4,0.0,2971.0,3128.0,0.0,0.0,0.0,6.0,6.0,568.0,normal
2026-06-01T01:01:15Z,infra-1,node,system,containerd.service,492.7,165.9,261.4,0.0,0.0,0.0,0.0,0.0,0.0,0.0,36.0,331.0,17073.0,normal
2026-06-01T01:01:15Z,infra-1,kube-system,kube-ovn-pinger-sv9zp,pinger,49.7,23.5,13.2,0.2,0.0,116006.0,1579.0,0.0,12288.0,0.147927,17.0,26.0,4862.0,normal
2026-06-01T01:01:15Z,infra-1,ebpf-final,ebpf-collector-n9bvw,collector,0.2,0.7,0.3,0.1,0.0,11071.0,15018.0,0.0,0.0,0.0,0.0,0.0,19.0,normal
2026-06-01T01:01:15Z,infra-1,longhorn-system,longhorn-csi-plugin-2bmwn,node-driver-registrar,0.1,0.1,0.0,0.0,0.0,0.0,0.0,0.0,0.0,0.0,0.0,0.0,10.0,normal
2026-06-01T01:01:15Z,infra-1,monitoring,my-monitoring-prometheus-node-exporter-r4b7j,node-exporter,0.7,0.2,0.0,0.0,0.0,208.0,3254.0,0.0,0.0,0.0,0.0,0.0,21.0,normal
2026-06-01T01:01:15Z,infra-1,longhorn-system,longhorn-csi-plugin-2bmwn,longhorn-liveness-probe,2.5,1.9,0.0,0.0,0.0,224.0,274.0,0.0,0.0,0.0,0.0,0.0,179.0,normal
2026-06-01T01:01:15Z,infra-1,node,system,kubelet.service,290.2,41.1,101.8,1.2,0.0,39723.0,120289.0,0.0,0.0,0.0,0.0,0.0,5901.0,normal
2026-06-01T01:01:15Z,infra-1,node,system,multipathd.service,0.0,2.2,0.0,0.0,0.0,0.0,0.0,0.0,0.0,0.0,0.0,0.0,22.0,normal
2026-06-01T01:01:15Z,infra-1,unknown,pod-e56d2680,nginx-proxy,0.0,0.0,0.0,0.0,0.0,48307.0,48355.0,0.0,0.0,0.0,0.0,0.0,31.0,normal
2026-06-01T01:01:15Z,infra-1,node,system,cgroup,0.0,0.0,0.0,0.0,0.0,0.0,0.0,40.0,376832.0,0.48790982608695654,0.0,0.0,30279.0,normal
2026-06-01T01:01:15Z,infra-1,node,system,udisks2.service,0.0,0.0,0.0,0.0,0.0,0.0,0.0,0.0,0.0,0.0,0.0,0.0,2.0,normal
2026-06-01T01:01:15Z,infra-1,node,system,polkit.service,0.0,0.0,0.0,0.0,0.0,0.0,0.0,0.0,0.0,0.0,0.0,0.0,2.0,normal
2026-06-01T01:01:25Z,infra-1,kube-system,kube-proxy-nhxgw,kube-proxy,0.8,0.2,0.0,0.0,0.0,15164.0,96.0,0.0,0.0,0.0,0.0,0.0,88.0,normal
2026-06-01T01:01:25Z,infra-1,kube-system,tetragon-x7wc4,tetragon,2.9,12.0,0.0,0.0,0.0,15454.0,222.0,0.0,0.0,0.0,0.0,0.0,11392.0,normal
2026-06-01T01:01:25Z,infra-1,node,system,thermald.service,0.2,0.0,0.2,0.0,0.0,0.0,0.0,0.0,0.0,0.0,0.0,0.0,2.0,normal
2026-06-01T01:01:25Z,infra-1,longhorn-system,engine-image-ei-3154f3aa-zf876,engine-image-ei-3154f3aa,12.4,1.0,12.8,0.0,0.0,0.0,0.0,0.0,0.0,0.0,10.0,26.0,1021.0,normal
2026-06-01T01:01:25Z,infra-1,kube-system,nodelocaldns-qv9pv,node-cache,12.4,5.2,0.3,1.0,0.0,4922.0,3562.0,0.0,0.0,0.0,0.0,0.0,615.0,normal
2026-06-01T01:01:25Z,infra-1,kube-system,kube-ovn-cni-ls6pt,cni-server,356.9,26.6,420.0,0.2,0.0,203900.0,1200.0,0.0,0.0,0.0,169.0,179.0,4766.0,normal
2026-06-01T01:01:25Z,infra-1,gpu-operator,gpu-operator-1764036362-node-feature-discovery-worker-2tg52,worker,0.9,0.6,0.0,0.0,0.0,261.0,227.0,0.0,0.0,0.0,0.0,0.0,60.0,normal
2026-06-01T01:01:25Z,infra-1,kube-system,tetragon-x7wc4,export-stdout,61.7,60.1,0.0,0.0,0.0,0.0,0.0,0.0,0.0,0.0,0.0,0.0,168.0,normal
2026-06-01T01:01:25Z,infra-1,kube-system,ovs-ovn-s2j4r,openvswitch,90.3,54.8,38.1,0.0,0.0,38.0,41.0,0.0,0.0,0.0,52.0,89.0,1918.0,normal
2026-06-01T01:01:25Z,infra-1,longhorn-system,engine-image-ei-843accdd-l2vl2,engine-image-ei-843accdd,12.4,1.0,12.8,0.0,0.0,0.0,0.0,0.0,0.0,0.0,10.0,22.0,684.0,normal
2026-06-01T01:01:25Z,infra-1,longhorn-system,longhorn-manager-vbwm6,longhorn-manager,280.1,27.3,171.1,0.3,0.0,490051.0,24547.0,0.0,0.0,0.0,17.0,18.0,4407.0,normal
2026-06-01T01:01:25Z,infra-1,longhorn-system,longhorn-csi-plugin-2bmwn,longhorn-csi-plugin,3.1,1.6,0.0,0.0,0.0,0.0,0.0,0.0,0.0,0.0,0.0,0.0,98.0,normal
2026-06-01T01:01:25Z,infra-1,longhorn-system,instance-manager-0f7092cdbbb40d99ecd3db9de888c91c,instance-manager,201.0,10.0,11.3,0.4,0.0,3810.0,3749.0,0.0,0.0,0.0,7.0,7.0,892.0,normal
2026-06-01T01:01:25Z,infra-1,node,system,containerd.service,444.2,170.2,209.6,0.0,0.0,0.0,0.0,0.0,0.0,0.0,30.0,278.0,15803.0,normal
2026-06-01T01:01:25Z,infra-1,kube-system,kube-ovn-pinger-sv9zp,pinger,45.8,25.3,13.2,0.2,0.0,115906.0,1435.0,0.0,12288.0,0.151011,17.0,26.0,4341.0,normal
2026-06-01T01:01:25Z,infra-1,ebpf-final,ebpf-collector-n9bvw,collector,132.0,0.8,123.5,0.1,0.0,183435.0,16467.0,0.0,0.0,0.0,0.0,0.0,152.0,normal
2026-06-01T01:01:25Z,infra-1,longhorn-system,longhorn-csi-plugin-2bmwn,node-driver-registrar,0.1,0.1,0.0,0.0,0.0,0.0,0.0,0.0,0.0,0.0,0.0,0.0,10.0,normal
2026-06-01T01:01:25Z,infra-1,monitoring,my-monitoring-prometheus-node-exporter-r4b7j,node-exporter,105.2,0.7,92.8,0.0,0.0,573.0,21877.0,0.0,0.0,0.0,0.0,0.0,461.0,normal
2026-06-01T01:01:25Z,infra-1,longhorn-system,longhorn-csi-plugin-2bmwn,longhorn-liveness-probe,2.7,1.8,0.0,0.0,0.0,224.0,274.0,0.0,0.0,0.0,0.0,0.0,121.0,normal
2026-06-01T01:01:25Z,infra-1,node,system,kubelet.service,386.8,44.1,132.5,1.2,0.0,39745.0,91348.0,0.0,0.0,0.0,0.0,0.0,6816.0,normal
2026-06-01T01:01:25Z,infra-1,node,system,multipathd.service,0.0,2.1,0.0,0.0,0.0,0.0,0.0,0.0,0.0,0.0,0.0,0.0,25.0,normal
2026-06-01T01:01:25Z,infra-1,node,system,cgroup,0.0,0.0,0.0,0.0,0.3,0.0,0.0,40.0,200704.0,0.2210832,0.0,0.0,29175.0,normal
2026-06-01T01:01:25Z,infra-1,unknown,pod-e56d2680,nginx-proxy,0.0,0.0,0.0,0.0,0.0,48623.0,48671.0,0.0,0.0,0.0,0.0,0.0,34.0,normal
2026-06-01T01:01:25Z,infra-1,node,system,udisks2.service,0.0,0.0,0.0,0.0,0.0,0.0,0.0,0.0,0.0,0.0,0.0,0.0,3.0,normal
2026-06-01T01:01:25Z,infra-1,node,system,polkit.service,0.0,0.0,0.0,0.0,0.0,0.0,0.0,0.0,0.0,0.0,0.0,0.0,3.0,normal
2026-06-01T01:01:35Z,infra-1,kube-system,kube-proxy-nhxgw,kube-proxy,1.2,0.4,0.0,0.0,0.0,15164.0,96.0,0.0,0.0,0.0,0.0,0.0,86.0,normal
2026-06-01T01:01:35Z,infra-1,kube-system,tetragon-x7wc4,tetragon,3.1,3.1,0.0,0.0,0.0,15454.0,239.0,0.0,0.0,0.0,0.0,0.0,9610.0,normal
2026-06-01T01:01:35Z,infra-1,node,system,thermald.service,0.3,0.0,0.3,0.0,0.0,0.0,0.0,0.0,0.0,0.0,0.0,0.0,3.0,normal
2026-06-01T01:01:35Z,infra-1,longhorn-system,engine-image-ei-3154f3aa-zf876,engine-image-ei-3154f3aa,12.4,1.0,12.8,0.0,0.0,0.0,0.0,0.0,0.0,0.0,10.0,26.0,865.0,normal
2026-06-01T01:01:35Z,infra-1,kube-system,nodelocaldns-qv9pv,node-cache,27.9,6.4,35.1,1.0,0.0,4920.0,3562.0,0.0,0.0,0.0,12.0,12.0,879.0,normal
2026-06-01T01:01:35Z,infra-1,kube-system,kube-ovn-cni-ls6pt,cni-server,309.8,23.5,346.1,0.4,0.0,204205.0,1200.0,0.0,0.0,0.0,133.0,154.0,5568.0,normal
2026-06-01T01:01:35Z,infra-1,gpu-operator,gpu-operator-1764036362-node-feature-discovery-worker-2tg52,worker,0.5,0.2,0.0,0.0,0.0,222.0,188.0,0.0,0.0,0.0,0.0,0.0,29.0,normal
2026-06-01T01:01:35Z,infra-1,kube-system,tetragon-x7wc4,export-stdout,5.8,4.5,0.0,0.0,0.0,0.0,0.0,0.0,0.0,0.0,0.0,0.0,15.0,normal
2026-06-01T01:01:35Z,infra-1,kube-system,ovs-ovn-s2j4r,openvswitch,91.5,51.4,37.9,0.0,0.0,38.0,41.0,0.0,0.0,0.0,52.0,88.0,1837.0,normal
2026-06-01T01:01:35Z,infra-1,longhorn-system,engine-image-ei-843accdd-l2vl2,engine-image-ei-843accdd,12.4,1.0,12.8,0.0,0.0,0.0,0.0,0.0,0.0,0.0,10.0,22.0,799.0,normal
2026-06-01T01:01:35Z,infra-1,longhorn-system,longhorn-manager-vbwm6,longhorn-manager,70.4,21.8,0.2,0.1,0.0,501873.0,10701.0,0.0,0.0,0.0,0.0,0.0,3771.0,normal
2026-06-01T01:01:35Z,infra-1,longhorn-system,longhorn-csi-plugin-2bmwn,longhorn-csi-plugin,1.9,0.8,0.0,0.0,0.0,0.0,0.0,0.0,0.0,0.0,0.0,0.0,156.0,normal
2026-06-01T01:01:35Z,infra-1,longhorn-system,instance-manager-0f7092cdbbb40d99ecd3db9de888c91c,instance-manager,192.1,8.2,10.2,0.4,0.0,3023.0,3179.0,0.0,0.0,0.0,6.0,6.0,596.0,normal
2026-06-01T01:01:35Z,infra-1,node,system,containerd.service,416.2,154.5,217.4,0.0,0.0,0.0,0.0,0.0,0.0,0.0,34.0,314.0,16252.0,normal
2026-06-01T01:01:35Z,infra-1,kube-system,kube-ovn-pinger-sv9zp,pinger,44.3,23.3,13.2,0.2,0.0,115900.0,1435.0,0.0,12288.0,0.1621145,17.0,26.0,4109.0,normal
2026-06-01T01:01:35Z,infra-1,ebpf-final,ebpf-collector-n9bvw,collector,0.2,0.7,0.3,0.1,0.0,9691.0,13141.0,0.0,0.0,0.0,0.0,0.0,12.0,normal
2026-06-01T01:01:35Z,infra-1,longhorn-system,longhorn-csi-plugin-2bmwn,node-driver-registrar,0.1,0.1,0.0,0.0,0.0,0.0,0.0,0.0,0.0,0.0,0.0,0.0,10.0,normal
2026-06-01T01:01:35Z,infra-1,monitoring,my-monitoring-prometheus-node-exporter-r4b7j,node-exporter,0.2,0.2,0.0,0.0,0.0,208.0,3254.0,0.0,0.0,0.0,0.0,0.0,9.0,normal
2026-06-01T01:01:35Z,infra-1,longhorn-system,longhorn-csi-plugin-2bmwn,longhorn-liveness-probe,2.1,1.4,0.0,0.0,0.0,224.0,274.0,0.0,0.0,0.0,0.0,0.0,151.0,normal
2026-06-01T01:01:35Z,infra-1,node,system,kubelet.service,301.1,42.4,97.1,1.2,0.0,39780.0,91492.0,0.0,0.0,0.0,2.0,2.0,6036.0,normal
2026-06-01T01:01:35Z,infra-1,node,system,multipathd.service,0.0,2.2,0.0,0.0,0.0,0.0,0.0,0.0,0.0,0.0,0.0,0.0,25.0,normal
2026-06-01T01:01:35Z,infra-1,unknown,pod-e56d2680,nginx-proxy,0.0,0.0,0.0,0.0,0.0,48521.0,48569.0,0.0,0.0,0.0,0.0,0.0,38.0,normal
2026-06-01T01:01:35Z,infra-1,node,system,cgroup,0.0,0.0,0.0,0.0,0.0,0.0,0.0,40.0,200704.0,0.21254344444444445,0.0,0.0,27901.0,normal
2026-06-01T01:01:35Z,infra-1,node,system,udisks2.service,0.0,0.0,0.0,0.0,0.0,0.0,0.0,0.0,0.0,0.0,0.0,0.0,2.0,normal
2026-06-01T01:01:35Z,infra-1,node,system,polkit.service,0.0,0.0,0.0,0.0,0.0,0.0,0.0,0.0,0.0,0.0,0.0,0.0,2.0,normal
2026-06-01T01:01:35Z,infra-1,node,system,rpcbind.service,0.0,0.0,0.0,0.0,0.0,0.0,0.0,0.0,0.0,0.0,0.0,0.0,1.0,normal
2026-06-01T01:01:45Z,infra-1,kube-system,kube-proxy-nhxgw,kube-proxy,1.6,0.4,0.0,0.0,0.0,15164.0,96.0,0.0,0.0,0.0,0.0,0.0,95.0,normal
2026-06-01T01:01:45Z,infra-1,kube-system,tetragon-x7wc4,tetragon,2.8,3.0,0.0,0.0,0.0,15454.0,222.0,0.0,0.0,0.0,0.0,0.0,10116.0,normal
2026-06-01T01:01:45Z,infra-1,node,system,thermald.service,0.2,0.0,0.2,0.0,0.0,0.0,0.0,0.0,0.0,0.0,0.0,0.0,2.0,normal
2026-06-01T01:01:45Z,infra-1,longhorn-system,engine-image-ei-3154f3aa-zf876,engine-image-ei-3154f3aa,15.2,1.2,15.7,0.0,0.0,0.0,0.0,0.0,0.0,0.0,12.0,31.0,1143.0,normal
2026-06-01T01:01:45Z,infra-1,kube-system,nodelocaldns-qv9pv,node-cache,7.7,3.0,0.4,1.0,0.0,3059.0,2774.0,0.0,0.0,0.0,0.0,0.0,456.0,normal
2026-06-01T01:01:45Z,infra-1,kube-system,kube-ovn-cni-ls6pt,cni-server,305.0,22.2,346.0,0.2,0.0,170809.0,1008.0,0.0,0.0,0.0,133.0,144.0,4260.0,normal
2026-06-01T01:01:45Z,infra-1,gpu-operator,gpu-operator-1764036362-node-feature-discovery-worker-2tg52,worker,0.4,0.3,0.0,0.0,0.0,222.0,188.0,0.0,0.0,0.0,0.0,0.0,25.0,normal
2026-06-01T01:01:45Z,infra-1,kube-system,tetragon-x7wc4,export-stdout,5.8,4.5,0.0,0.0,0.0,0.0,0.0,0.0,0.0,0.0,0.0,0.0,11.0,normal
2026-06-01T01:01:45Z,infra-1,kube-system,ovs-ovn-s2j4r,openvswitch,88.9,57.2,38.3,0.0,0.0,76.0,82.0,0.0,0.0,0.0,52.0,88.0,1466.0,normal
2026-06-01T01:01:45Z,infra-1,longhorn-system,engine-image-ei-843accdd-l2vl2,engine-image-ei-843accdd,12.4,1.0,12.8,0.0,0.0,0.0,0.0,0.0,0.0,0.0,10.0,22.0,711.0,normal
2026-06-01T01:01:45Z,infra-1,longhorn-system,longhorn-manager-vbwm6,longhorn-manager,71.8,20.8,0.2,0.1,0.0,399918.0,11430.0,0.0,0.0,0.0,0.0,0.0,3208.0,normal
2026-06-01T01:01:45Z,infra-1,longhorn-system,longhorn-csi-plugin-2bmwn,longhorn-csi-plugin,2.6,1.4,0.0,0.0,0.0,0.0,0.0,0.0,0.0,0.0,0.0,0.0,103.0,normal
2026-06-01T01:01:45Z,infra-1,longhorn-system,instance-manager-0f7092cdbbb40d99ecd3db9de888c91c,instance-manager,191.2,8.0,10.2,0.4,0.1,2972.0,3145.0,0.0,0.0,0.0,6.0,6.0,701.0,normal
2026-06-01T01:01:45Z,infra-1,node,system,containerd.service,462.4,149.0,253.3,0.0,0.0,0.0,0.0,0.0,0.0,0.0,32.0,296.0,15958.0,normal
2026-06-01T01:01:45Z,infra-1,kube-system,kube-ovn-pinger-sv9zp,pinger,47.1,19.3,13.2,0.2,0.0,115938.0,1579.0,0.0,12288.0,0.153427,17.0,26.0,4270.0,normal
2026-06-01T01:01:45Z,infra-1,ebpf-final,ebpf-collector-n9bvw,collector,0.2,0.7,0.3,0.1,0.0,10041.0,13599.0,0.0,0.0,0.0,0.0,0.0,8.0,normal
2026-06-01T01:01:45Z,infra-1,longhorn-system,longhorn-csi-plugin-2bmwn,node-driver-registrar,0.1,0.1,0.0,0.0,0.0,0.0,0.0,0.0,0.0,0.0,0.0,0.0,10.0,normal
2026-06-01T01:01:45Z,infra-1,monitoring,my-monitoring-prometheus-node-exporter-r4b7j,node-exporter,0.4,0.2,0.0,0.0,0.0,208.0,3254.0,0.0,0.0,0.0,0.0,0.0,12.0,normal
2026-06-01T01:01:45Z,infra-1,longhorn-system,longhorn-csi-plugin-2bmwn,longhorn-liveness-probe,2.5,1.6,0.0,0.0,0.0,224.0,274.0,0.0,0.0,0.0,0.0,0.0,191.0,normal
2026-06-01T01:01:45Z,infra-1,node,system,kubelet.service,283.4,40.8,100.6,1.2,0.0,39410.0,120574.0,0.0,0.0,0.0,0.0,0.0,6667.0,normal
2026-06-01T01:01:45Z,infra-1,node,system,init.scope,0.0,4.0,3.4,0.0,0.0,0.0,0.0,0.0,0.0,0.0,0.0,0.0,6.0,normal
2026-06-01T01:01:45Z,infra-1,node,system,multipathd.service,0.0,2.2,0.0,0.0,0.0,0.0,0.0,0.0,0.0,0.0,0.0,0.0,28.0,normal
2026-06-01T01:01:45Z,infra-1,unknown,pod-e56d2680,nginx-proxy,0.0,0.0,0.0,0.0,0.0,47801.0,47849.0,0.0,0.0,0.0,0.0,0.0,32.0,normal
2026-06-01T01:01:45Z,infra-1,node,system,cgroup,0.0,0.0,0.0,0.0,0.0,0.0,0.0,40.0,221184.0,0.2280222,0.0,0.0,29043.0,normal
2026-06-01T01:01:45Z,infra-1,node,system,dbus.service,0.0,0.0,0.0,0.0,0.0,0.0,0.0,0.0,0.0,0.0,0.0,0.0,9.0,normal
2026-06-01T01:01:45Z,infra-1,node,system,udisks2.service,0.0,0.0,0.0,0.0,0.0,0.0,0.0,0.0,0.0,0.0,0.0,0.0,3.0,normal
2026-06-01T01:01:45Z,infra-1,node,system,polkit.service,0.0,0.0,0.0,0.0,0.0,0.0,0.0,0.0,0.0,0.0,0.0,0.0,3.0,normal
2026-06-01T01:01:56Z,infra-1,kube-system,kube-proxy-nhxgw,kube-proxy,2.2,0.4,0.0,0.0,0.0,15290.0,96.0,0.0,0.0,0.0,0.0,0.0,133.0,normal
2026-06-01T01:01:56Z,infra-1,kube-system,tetragon-x7wc4,tetragon,3.8,6.0,0.0,0.0,0.0,15744.0,348.0,0.0,0.0,0.0,0.0,0.0,10337.0,normal
2026-06-01T01:01:56Z,infra-1,node,system,thermald.service,0.3,0.0,0.3,0.0,0.0,0.0,0.0,0.0,0.0,0.0,0.0,0.0,3.0,normal
2026-06-01T01:01:56Z,infra-1,longhorn-system,engine-image-ei-3154f3aa-zf876,engine-image-ei-3154f3aa,12.4,1.0,12.8,0.0,0.0,0.0,0.0,0.0,0.0,0.0,10.0,26.0,964.0,normal
2026-06-01T01:01:56Z,infra-1,kube-system,nodelocaldns-qv9pv,node-cache,13.1,5.1,0.3,1.3,0.0,5145.0,3785.0,0.0,0.0,0.0,0.0,0.0,680.0,normal
2026-06-01T01:01:56Z,infra-1,kube-system,kube-ovn-cni-ls6pt,cni-server,310.9,23.0,344.8,0.4,0.0,218887.0,1296.0,0.0,0.0,0.0,132.0,154.0,5517.0,normal
2026-06-01T01:01:56Z,infra-1,gpu-operator,gpu-operator-1764036362-node-feature-discovery-worker-2tg52,worker,40.7,4.3,25.7,0.0,0.0,136016.0,1802.0,0.0,0.0,0.0,0.0,0.0,492.0,normal
2026-06-01T01:01:56Z,infra-1,kube-system,tetragon-x7wc4,export-stdout,21.0,19.6,0.0,0.0,0.0,0.0,0.0,0.0,0.0,0.0,0.0,0.0,19.0,normal
2026-06-01T01:01:56Z,infra-1,kube-system,ovs-ovn-s2j4r,openvswitch,79.3,42.7,38.1,0.0,0.0,38.0,41.0,0.0,0.0,0.0,52.0,88.0,1141.0,normal
2026-06-01T01:01:56Z,infra-1,longhorn-system,engine-image-ei-843accdd-l2vl2,engine-image-ei-843accdd,12.4,1.0,12.8,0.0,0.0,0.0,0.0,0.0,0.0,0.0,10.0,22.0,727.0,normal
2026-06-01T01:01:56Z,infra-1,longhorn-system,longhorn-manager-vbwm6,longhorn-manager,107.6,27.6,10.5,0.3,0.0,506022.0,20026.0,0.0,0.0,0.0,2.0,8.0,4051.0,normal
2026-06-01T01:01:56Z,infra-1,longhorn-system,longhorn-csi-plugin-2bmwn,longhorn-csi-plugin,2.0,1.2,0.0,0.0,0.0,0.0,0.0,0.0,0.0,0.0,0.0,0.0,71.0,normal
2026-06-01T01:01:56Z,infra-1,longhorn-system,instance-manager-0f7092cdbbb40d99ecd3db9de888c91c,instance-manager,34.1,8.0,2.3,0.0,0.0,3810.0,3672.0,0.0,0.0,0.0,2.0,2.0,634.0,normal
2026-06-01T01:01:56Z,infra-1,node,system,containerd.service,404.5,152.0,213.8,0.0,0.0,0.0,0.0,0.0,0.0,0.0,32.0,297.0,15127.0,normal
2026-06-01T01:01:56Z,infra-1,kube-system,kube-ovn-pinger-sv9zp,pinger,50.3,22.6,13.3,0.2,0.0,115890.0,1579.0,0.0,16384.0,0.13916,17.0,26.0,3838.0,normal
2026-06-01T01:01:56Z,infra-1,ebpf-final,ebpf-collector-n9bvw,collector,130.1,0.8,123.4,0.1,0.0,182733.0,15504.0,0.0,0.0,0.0,0.0,0.0,365.0,normal
2026-06-01T01:01:56Z,infra-1,longhorn-system,longhorn-csi-plugin-2bmwn,node-driver-registrar,0.1,0.1,0.0,0.0,0.0,0.0,0.0,0.0,0.0,0.0,0.0,0.0,10.0,normal
2026-06-01T01:01:56Z,infra-1,monitoring,my-monitoring-prometheus-node-exporter-r4b7j,node-exporter,105.3,0.7,92.8,0.0,0.0,573.0,21877.0,0.0,0.0,0.0,0.0,0.0,126.0,normal
2026-06-01T01:01:56Z,infra-1,longhorn-system,longhorn-csi-plugin-2bmwn,longhorn-liveness-probe,2.0,1.6,0.0,0.0,0.0,224.0,274.0,0.0,0.0,0.0,0.0,0.0,96.0,normal
2026-06-01T01:01:56Z,infra-1,node,system,kubelet.service,388.5,39.8,136.1,1.3,0.0,39240.0,92042.0,0.0,0.0,0.0,0.0,0.0,6848.0,normal
2026-06-01T01:01:56Z,infra-1,node,system,multipathd.service,0.0,2.1,0.0,0.0,0.0,0.0,0.0,0.0,0.0,0.0,0.0,0.0,25.0,normal
2026-06-01T01:01:56Z,infra-1,unknown,pod-e56d2680,nginx-proxy,0.0,0.0,0.0,0.0,0.0,47972.0,48020.0,0.0,0.0,0.0,0.0,0.0,27.0,normal
2026-06-01T01:01:56Z,infra-1,node,system,cgroup,0.0,0.0,0.0,0.0,0.0,0.0,0.0,40.0,1212416.0,0.6183089714285713,0.0,0.0,29130.0,normal
2026-06-01T01:01:56Z,infra-1,node,system,udisks2.service,0.0,0.0,0.0,0.0,0.0,0.0,0.0,0.0,0.0,0.0,0.0,0.0,3.0,normal
2026-06-01T01:01:56Z,infra-1,node,system,polkit.service,0.0,0.0,0.0,0.0,0.0,0.0,0.0,0.0,0.0,0.0,0.0,0.0,2.0,normal
2026-06-01T01:02:06Z,infra-1,kube-system,kube-proxy-nhxgw,kube-proxy,1.3,0.4,0.0,0.0,0.0,15303.0,96.0,0.0,0.0,0.0,0.0,0.0,85.0,normal
2026-06-01T01:02:06Z,infra-1,kube-system,tetragon-x7wc4,tetragon,3.5,3.2,0.0,0.0,0.0,15625.0,191.0,0.0,0.0,0.0,0.0,0.0,9742.0,normal
2026-06-01T01:02:06Z,infra-1,node,system,thermald.service,0.3,0.0,0.3,0.0,0.0,0.0,0.0,0.0,0.0,0.0,0.0,0.0,3.0,normal
2026-06-01T01:02:06Z,infra-1,longhorn-system,engine-image-ei-3154f3aa-zf876,engine-image-ei-3154f3aa,12.4,1.0,12.8,0.0,0.0,0.0,0.0,0.0,0.0,0.0,10.0,26.0,887.0,normal
2026-06-01T01:02:06Z,infra-1,kube-system,nodelocaldns-qv9pv,node-cache,11.5,4.2,0.3,1.0,0.0,4922.0,3562.0,0.0,0.0,0.0,0.0,0.0,601.0,normal
2026-06-01T01:02:06Z,infra-1,kube-system,kube-ovn-cni-ls6pt,cni-server,354.7,26.0,421.4,0.2,0.0,189211.0,1104.0,0.0,0.0,0.0,172.0,183.0,5558.0,normal
2026-06-01T01:02:06Z,infra-1,gpu-operator,gpu-operator-1764036362-node-feature-discovery-worker-2tg52,worker,0.5,0.3,0.0,0.0,0.0,222.0,188.0,0.0,0.0,0.0,0.0,0.0,18.0,normal
2026-06-01T01:02:06Z,infra-1,kube-system,tetragon-x7wc4,export-stdout,5.8,4.5,0.0,0.0,0.0,0.0,0.0,0.0,0.0,0.0,0.0,0.0,10.0,normal
2026-06-01T01:02:06Z,infra-1,kube-system,ovs-ovn-s2j4r,openvswitch,82.3,45.7,37.9,0.0,0.0,38.0,41.0,0.0,0.0,0.0,52.0,88.0,1416.0,normal
2026-06-01T01:02:06Z,infra-1,longhorn-system,engine-image-ei-843accdd-l2vl2,engine-image-ei-843accdd,12.4,1.0,12.8,0.0,0.0,0.0,0.0,0.0,0.0,0.0,10.0,22.0,685.0,normal
2026-06-01T01:02:06Z,infra-1,longhorn-system,longhorn-manager-vbwm6,longhorn-manager,73.7,22.4,0.1,0.1,0.0,441225.0,13576.0,0.0,0.0,0.0,0.0,0.0,3530.0,normal
2026-06-01T01:02:06Z,infra-1,longhorn-system,longhorn-csi-plugin-2bmwn,longhorn-csi-plugin,2.4,1.2,0.0,0.0,0.0,0.0,0.0,0.0,0.0,0.0,0.0,0.0,116.0,normal
2026-06-01T01:02:06Z,infra-1,longhorn-system,instance-manager-0f7092cdbbb40d99ecd3db9de888c91c,instance-manager,193.9,9.1,10.2,0.5,0.0,4106.0,4932.0,0.0,0.0,0.0,6.0,6.0,715.0,normal
2026-06-01T01:02:06Z,infra-1,node,system,containerd.service,380.7,137.4,209.2,0.0,0.0,0.0,0.0,0.0,0.0,0.0,30.0,272.0,13327.0,normal
2026-06-01T01:02:06Z,infra-1,kube-system,kube-ovn-pinger-sv9zp,pinger,47.9,20.1,13.2,0.2,0.0,116014.0,1579.0,0.0,12288.0,0.3054195,17.0,26.0,3750.0,normal
2026-06-01T01:02:06Z,infra-1,ebpf-final,ebpf-collector-n9bvw,collector,0.2,0.7,0.3,0.1,0.0,9692.0,13148.0,0.0,0.0,0.0,0.0,0.0,11.0,normal
2026-06-01T01:02:06Z,infra-1,longhorn-system,longhorn-csi-plugin-2bmwn,node-driver-registrar,0.1,0.1,0.0,0.0,0.0,0.0,0.0,0.0,0.0,0.0,0.0,0.0,10.0,normal
2026-06-01T01:02:06Z,infra-1,monitoring,my-monitoring-prometheus-node-exporter-r4b7j,node-exporter,0.2,0.2,0.0,0.0,0.0,208.0,3254.0,0.0,0.0,0.0,0.0,0.0,8.0,normal
2026-06-01T01:02:06Z,infra-1,longhorn-system,longhorn-csi-plugin-2bmwn,longhorn-liveness-probe,2.4,1.6,0.0,0.0,0.0,224.0,274.0,0.0,0.0,0.0,0.0,0.0,149.0,normal
2026-06-01T01:02:06Z,infra-1,node,system,kubelet.service,303.9,38.2,89.5,1.2,0.0,38520.0,90592.0,0.0,0.0,0.0,0.0,0.0,5520.0,normal
2026-06-01T01:02:06Z,infra-1,node,system,multipathd.service,0.0,2.4,0.0,0.0,0.0,0.0,0.0,0.0,0.0,0.0,0.0,0.0,28.0,normal
2026-06-01T01:02:06Z,infra-1,unknown,pod-e56d2680,nginx-proxy,0.0,0.0,0.0,0.0,0.0,46841.0,46889.0,0.0,0.0,0.0,0.0,0.0,26.0,normal
2026-06-01T01:02:06Z,infra-1,node,system,cgroup,0.0,0.0,0.0,0.0,0.0,0.0,0.0,40.0,208896.0,0.208516,0.0,0.0,27257.0,normal
2026-06-01T01:02:06Z,infra-1,node,system,udisks2.service,0.0,0.0,0.0,0.0,0.0,0.0,0.0,0.0,0.0,0.0,0.0,0.0,2.0,normal
2026-06-01T01:02:06Z,infra-1,node,system,cron.service,0.0,0.0,0.0,0.0,0.0,0.0,0.0,0.0,0.0,0.0,0.0,0.0,1.0,normal
2026-06-01T01:02:06Z,infra-1,node,system,polkit.service,0.0,0.0,0.0,0.0,0.0,0.0,0.0,0.0,0.0,0.0,0.0,0.0,3.0,normal
2026-06-01T01:02:06Z,infra-1,node,system,rpcbind.service,0.0,0.0,0.0,0.0,0.0,0.0,0.0,0.0,0.0,0.0,0.0,0.0,1.0,normal
2026-06-01T01:02:16Z,infra-1,kube-system,kube-proxy-nhxgw,kube-proxy,2.7,0.5,0.0,0.0,0.0,15411.0,96.0,0.0,0.0,0.0,0.0,0.0,227.0,normal
2026-06-01T01:02:16Z,infra-1,kube-system,tetragon-x7wc4,tetragon,6.0,3.8,0.4,0.0,0.0,16266.0,22027.0,0.0,0.0,0.0,0.0,0.0,9744.0,normal
2026-06-01T01:02:16Z,infra-1,node,system,thermald.service,0.2,0.0,0.2,0.0,0.0,0.0,0.0,0.0,0.0,0.0,0.0,0.0,2.0,normal
2026-06-01T01:02:16Z,infra-1,longhorn-system,engine-image-ei-3154f3aa-zf876,engine-image-ei-3154f3aa,12.4,1.0,12.8,0.0,0.0,0.0,0.0,0.0,0.0,0.0,10.0,25.0,883.0,normal
2026-06-01T01:02:16Z,infra-1,kube-system,nodelocaldns-qv9pv,node-cache,12.1,4.7,0.3,1.0,0.0,4922.0,3562.0,0.0,0.0,0.0,0.0,0.0,593.0,normal
2026-06-01T01:02:16Z,infra-1,kube-system,kube-ovn-cni-ls6pt,cni-server,303.6,21.5,344.6,0.2,0.0,203900.0,1200.0,0.0,0.0,0.0,130.0,141.0,4303.0,normal
2026-06-01T01:02:16Z,infra-1,gpu-operator,gpu-operator-1764036362-node-feature-discovery-worker-2tg52,worker,0.5,0.3,0.0,0.0,0.0,222.0,188.0,0.0,0.0,0.0,0.0,0.0,22.0,normal
2026-06-01T01:02:16Z,infra-1,kube-system,tetragon-x7wc4,export-stdout,6.4,5.1,0.0,0.0,0.0,0.0,0.0,0.0,0.0,0.0,0.0,0.0,16.0,normal
2026-06-01T01:02:16Z,infra-1,kube-system,ovs-ovn-s2j4r,openvswitch,79.2,42.7,37.9,0.0,0.0,38.0,41.0,0.0,0.0,0.0,52.0,88.0,1084.0,normal
2026-06-01T01:02:16Z,infra-1,longhorn-system,engine-image-ei-843accdd-l2vl2,engine-image-ei-843accdd,12.4,1.0,12.8,0.0,0.0,0.0,0.0,0.0,0.0,0.0,10.0,23.0,700.0,normal
2026-06-01T01:02:16Z,infra-1,longhorn-system,longhorn-manager-vbwm6,longhorn-manager,75.8,23.0,0.1,0.1,0.0,464767.0,10310.0,0.0,0.0,0.0,0.0,0.0,3601.0,normal
2026-06-01T01:02:16Z,infra-1,longhorn-system,longhorn-csi-plugin-2bmwn,longhorn-csi-plugin,3.0,1.1,0.0,0.0,0.0,0.0,0.0,0.0,0.0,0.0,0.0,0.0,93.0,normal
2026-06-01T01:02:16Z,infra-1,longhorn-system,instance-manager-0f7092cdbbb40d99ecd3db9de888c91c,instance-manager,190.9,7.4,10.2,0.4,0.0,2972.0,3145.0,0.0,0.0,0.0,6.0,6.0,717.0,normal
2026-06-01T01:02:16Z,infra-1,node,system,containerd.service,514.9,149.3,289.2,0.0,0.0,0.0,0.0,0.0,0.0,0.0,30.0,275.0,14921.0,normal
2026-06-01T01:02:16Z,infra-1,kube-system,kube-ovn-pinger-sv9zp,pinger,45.1,21.4,13.2,0.2,0.0,83652.0,1204.0,0.0,12288.0,0.144169,17.0,26.0,3319.0,normal
2026-06-01T01:02:16Z,infra-1,ebpf-final,ebpf-collector-n9bvw,collector,0.2,0.7,0.3,0.1,0.0,10375.0,14051.0,0.0,0.0,0.0,0.0,0.0,16.0,normal
2026-06-01T01:02:16Z,infra-1,longhorn-system,longhorn-csi-plugin-2bmwn,node-driver-registrar,0.1,0.1,0.0,0.0,0.0,0.0,0.0,0.0,0.0,0.0,0.0,0.0,10.0,normal
2026-06-01T01:02:16Z,infra-1,monitoring,my-monitoring-prometheus-node-exporter-r4b7j,node-exporter,0.3,0.2,0.0,0.0,0.0,208.0,3254.0,0.0,0.0,0.0,0.0,0.0,13.0,normal
2026-06-01T01:02:16Z,infra-1,longhorn-system,longhorn-csi-plugin-2bmwn,longhorn-liveness-probe,2.2,1.7,0.0,0.0,0.0,224.0,274.0,0.0,0.0,0.0,0.0,0.0,150.0,normal
2026-06-01T01:02:16Z,infra-1,node,system,kubelet.service,382.3,42.9,140.3,1.2,0.0,42096.0,124554.0,0.0,0.0,0.0,0.0,0.0,6442.0,normal
2026-06-01T01:02:16Z,infra-1,node,system,multipathd.service,0.0,2.2,0.0,0.0,0.0,0.0,0.0,0.0,0.0,0.0,0.0,0.0,28.0,normal
2026-06-01T01:02:16Z,infra-1,unknown,pod-e56d2680,nginx-proxy,0.0,0.0,0.0,0.0,0.0,52173.0,52221.0,0.0,0.0,0.0,0.0,0.0,41.0,normal
2026-06-01T01:02:16Z,infra-1,node,system,cgroup,0.0,0.0,0.0,0.0,0.0,0.0,0.0,40.0,200704.0,0.2100786,0.0,0.0,28320.0,normal
2026-06-01T01:02:16Z,infra-1,node,system,udisks2.service,0.0,0.0,0.0,0.0,0.0,0.0,0.0,0.0,0.0,0.0,0.0,0.0,3.0,normal
2026-06-01T01:02:16Z,infra-1,node,system,polkit.service,0.0,0.0,0.0,0.0,0.0,0.0,0.0,0.0,0.0,0.0,0.0,0.0,2.0,normal
2026-06-01T01:02:26Z,infra-1,kube-system,kube-proxy-nhxgw,kube-proxy,1.9,0.3,0.0,0.0,0.0,15164.0,96.0,0.0,0.0,0.0,0.0,0.0,62.0,normal
2026-06-01T01:02:26Z,infra-1,kube-system,tetragon-x7wc4,tetragon,3.2,5.6,0.0,0.0,0.0,15454.0,239.0,0.0,0.0,0.0,0.0,0.0,10474.0,normal
2026-06-01T01:02:26Z,infra-1,node,system,thermald.service,0.3,0.0,0.3,0.0,0.0,0.0,0.0,0.0,0.0,0.0,0.0,0.0,3.0,normal
2026-06-01T01:02:26Z,infra-1,longhorn-system,engine-image-ei-3154f3aa-zf876,engine-image-ei-3154f3aa,12.4,1.0,12.8,0.0,0.0,0.0,0.0,0.0,0.0,0.0,10.0,26.0,914.0,normal
2026-06-01T01:02:26Z,infra-1,kube-system,nodelocaldns-qv9pv,node-cache,12.8,5.2,0.4,1.0,0.0,4922.0,3562.0,0.0,0.0,0.0,0.0,0.0,742.0,normal
2026-06-01T01:02:26Z,infra-1,kube-system,kube-ovn-cni-ls6pt,cni-server,307.4,22.1,344.8,0.4,0.0,203900.0,1200.0,0.0,0.0,0.0,132.0,152.0,5204.0,normal
2026-06-01T01:02:26Z,infra-1,gpu-operator,gpu-operator-1764036362-node-feature-discovery-worker-2tg52,worker,1.0,0.6,0.0,0.0,0.0,372.0,321.0,0.0,0.0,0.0,0.0,0.0,59.0,normal
2026-06-01T01:02:26Z,infra-1,kube-system,tetragon-x7wc4,export-stdout,20.1,18.7,0.0,0.0,0.0,0.0,0.0,0.0,0.0,0.0,0.0,0.0,10.0,normal
2026-06-01T01:02:26Z,infra-1,kube-system,ovs-ovn-s2j4r,openvswitch,81.3,44.6,38.0,0.0,0.0,38.0,41.0,0.0,0.0,0.0,52.0,88.0,1393.0,normal
2026-06-01T01:02:26Z,infra-1,longhorn-system,engine-image-ei-843accdd-l2vl2,engine-image-ei-843accdd,12.4,1.0,12.8,0.0,0.0,0.0,0.0,0.0,0.0,0.0,10.0,23.0,705.0,normal
2026-06-01T01:02:26Z,infra-1,longhorn-system,longhorn-manager-vbwm6,longhorn-manager,114.4,27.5,10.6,0.3,0.0,476578.0,19660.0,0.0,0.0,0.0,2.0,8.0,3953.0,normal
2026-06-01T01:02:26Z,infra-1,longhorn-system,longhorn-csi-plugin-2bmwn,longhorn-csi-plugin,2.8,1.6,0.0,0.0,0.0,0.0,0.0,0.0,0.0,0.0,0.0,0.0,92.0,normal
2026-06-01T01:02:26Z,infra-1,longhorn-system,instance-manager-0f7092cdbbb40d99ecd3db9de888c91c,instance-manager,203.1,10.4,11.3,0.4,0.0,3811.0,3749.0,0.0,0.0,0.0,7.0,7.0,745.0,normal
2026-06-01T01:02:26Z,infra-1,node,system,containerd.service,361.2,159.4,177.0,0.0,0.0,0.0,0.0,0.0,0.0,0.0,34.0,306.0,15134.0,normal
2026-06-01T01:02:26Z,infra-1,kube-system,kube-ovn-pinger-sv9zp,pinger,50.5,21.7,13.2,0.2,0.0,116115.0,1579.0,0.0,12288.0,0.147304,17.0,26.0,4049.0,normal
2026-06-01T01:02:26Z,infra-1,ebpf-final,ebpf-collector-n9bvw,collector,132.2,0.8,123.5,0.1,0.0,182049.0,14575.0,0.0,0.0,0.0,0.0,0.0,176.0,normal
2026-06-01T01:02:26Z,infra-1,longhorn-system,longhorn-csi-plugin-2bmwn,node-driver-registrar,0.1,0.1,0.0,0.0,0.0,0.0,0.0,0.0,0.0,0.0,0.0,0.0,10.0,normal
2026-06-01T01:02:26Z,infra-1,monitoring,my-monitoring-prometheus-node-exporter-r4b7j,node-exporter,105.2,0.7,92.8,0.0,0.0,573.0,21874.0,0.0,0.0,0.0,0.0,0.0,196.0,normal
2026-06-01T01:02:26Z,infra-1,longhorn-system,longhorn-csi-plugin-2bmwn,longhorn-liveness-probe,2.4,1.6,0.0,0.0,0.0,224.0,274.0,0.0,0.0,0.0,0.0,0.0,124.0,normal
2026-06-01T01:02:26Z,infra-1,node,system,kubelet.service,288.8,40.7,100.5,1.3,0.0,39525.0,88927.0,0.0,0.0,0.0,2.0,2.0,6065.0,normal
2026-06-01T01:02:26Z,infra-1,node,system,multipathd.service,0.0,2.1,0.0,0.0,0.0,0.0,0.0,0.0,0.0,0.0,0.0,0.0,24.0,normal
2026-06-01T01:02:26Z,infra-1,unknown,pod-e56d2680,nginx-proxy,0.0,0.0,0.0,0.0,0.0,48172.0,48220.0,0.0,0.0,0.0,0.0,0.0,35.0,normal
2026-06-01T01:02:26Z,infra-1,node,system,cgroup,0.0,0.0,0.0,0.0,0.0,0.0,0.0,40.0,634880.0,0.49292829729729726,0.0,0.0,30182.0,normal
2026-06-01T01:02:26Z,infra-1,node,system,udisks2.service,0.0,0.0,0.0,0.0,0.0,0.0,0.0,0.0,0.0,0.0,0.0,0.0,2.0,normal
2026-06-01T01:02:26Z,infra-1,node,system,polkit.service,0.0,0.0,0.0,0.0,0.0,0.0,0.0,0.0,0.0,0.0,0.0,0.0,3.0,normal
2026-06-01T01:02:36Z,infra-1,node,system,systemd-journald.service,1.4,0.0,1.1,0.0,0.0,0.0,0.0,0.0,0.0,0.0,0.0,0.0,4.0,normal
2026-06-01T01:02:36Z,infra-1,kube-system,kube-proxy-nhxgw,kube-proxy,2.0,0.4,0.0,0.0,0.0,15164.0,96.0,0.0,0.0,0.0,0.0,0.0,92.0,normal
2026-06-01T01:02:36Z,infra-1,node,system,init.scope,0.2,0.0,0.1,0.0,0.0,0.0,0.0,0.0,0.0,0.0,0.0,0.0,1.0,normal
2026-06-01T01:02:36Z,infra-1,kube-system,tetragon-x7wc4,tetragon,3.6,3.4,0.0,0.0,0.0,15454.0,239.0,0.0,0.0,0.0,0.0,0.0,10501.0,normal
2026-06-01T01:02:36Z,infra-1,node,system,thermald.service,0.2,0.0,0.2,0.0,0.0,0.0,0.0,0.0,0.0,0.0,0.0,0.0,2.0,normal
2026-06-01T01:02:36Z,infra-1,longhorn-system,engine-image-ei-3154f3aa-zf876,engine-image-ei-3154f3aa,12.4,1.0,12.8,0.0,0.0,0.0,0.0,0.0,0.0,0.0,10.0,25.0,891.0,normal
2026-06-01T01:02:36Z,infra-1,kube-system,nodelocaldns-qv9pv,node-cache,26.8,5.8,35.1,1.0,0.0,4922.0,3562.0,0.0,0.0,0.0,12.0,12.0,1005.0,normal
2026-06-01T01:02:36Z,infra-1,kube-system,kube-ovn-cni-ls6pt,cni-server,312.1,22.7,347.3,0.2,0.0,204205.0,1200.0,0.0,0.0,0.0,134.0,144.0,4586.0,normal
2026-06-01T01:02:36Z,infra-1,gpu-operator,gpu-operator-1764036362-node-feature-discovery-worker-2tg52,worker,0.5,0.3,0.0,0.0,0.0,222.0,188.0,0.0,0.0,0.0,0.0,0.0,24.0,normal
2026-06-01T01:02:36Z,infra-1,kube-system,tetragon-x7wc4,export-stdout,8.1,6.6,0.0,0.0,0.0,0.0,0.0,0.0,0.0,0.0,0.0,0.0,17.0,normal
2026-06-01T01:02:36Z,infra-1,kube-system,ovs-ovn-s2j4r,openvswitch,86.5,49.0,37.5,0.0,0.0,38.0,41.0,0.0,0.0,0.0,52.0,88.0,1742.0,normal
2026-06-01T01:02:36Z,infra-1,longhorn-system,engine-image-ei-843accdd-l2vl2,engine-image-ei-843accdd,12.5,1.0,12.8,0.0,0.0,0.0,0.0,0.0,0.0,0.0,10.0,23.0,770.0,normal
2026-06-01T01:02:36Z,infra-1,longhorn-system,longhorn-manager-vbwm6,longhorn-manager,76.3,20.3,0.1,0.1,0.0,466232.0,10109.0,0.0,0.0,0.0,0.0,0.0,3410.0,normal
2026-06-01T01:02:36Z,infra-1,longhorn-system,longhorn-csi-plugin-2bmwn,longhorn-csi-plugin,2.8,1.1,0.0,0.0,0.0,0.0,0.0,0.0,0.0,0.0,0.0,0.0,105.0,normal
2026-06-01T01:02:36Z,infra-1,longhorn-system,instance-manager-0f7092cdbbb40d99ecd3db9de888c91c,instance-manager,190.8,7.5,10.2,0.4,0.0,3021.0,3179.0,0.0,0.0,0.0,6.0,6.0,593.0,normal
2026-06-01T01:02:36Z,infra-1,node,system,containerd.service,384.4,138.2,209.5,0.0,0.0,0.0,0.0,0.0,0.0,0.0,30.0,277.0,14301.0,normal
2026-06-01T01:02:36Z,infra-1,kube-system,kube-ovn-pinger-sv9zp,pinger,28.2,18.6,7.4,0.0,0.0,32513.0,375.0,0.0,12288.0,0.172831,11.0,20.0,3370.0,normal
2026-06-01T01:02:36Z,infra-1,ebpf-final,ebpf-collector-n9bvw,collector,0.2,0.7,0.3,0.1,0.0,9695.0,13145.0,0.0,0.0,0.0,0.0,0.0,9.0,normal
2026-06-01T01:02:36Z,infra-1,longhorn-system,longhorn-csi-plugin-2bmwn,node-driver-registrar,0.1,0.1,0.0,0.0,0.0,0.0,0.0,0.0,0.0,0.0,0.0,0.0,11.0,normal
2026-06-01T01:02:36Z,infra-1,monitoring,my-monitoring-prometheus-node-exporter-r4b7j,node-exporter,0.4,0.3,0.0,0.0,0.0,208.0,3254.0,0.0,0.0,0.0,0.0,0.0,24.0,normal
2026-06-01T01:02:36Z,infra-1,longhorn-system,longhorn-csi-plugin-2bmwn,longhorn-liveness-probe,2.5,1.8,0.0,0.0,0.0,224.0,274.0,0.0,0.0,0.0,0.0,0.0,202.0,normal
2026-06-01T01:02:36Z,infra-1,node,system,kubelet.service,316.0,40.0,97.7,1.2,0.0,40002.0,91494.0,0.0,0.0,0.0,0.0,0.0,6911.0,normal
2026-06-01T01:02:36Z,infra-1,node,system,rsyslog.service,0.0,0.3,0.0,0.0,0.0,0.0,0.0,0.0,0.0,0.0,0.0,0.0,6.0,normal
2026-06-01T01:02:36Z,infra-1,node,system,multipathd.service,0.0,2.2,0.0,0.0,0.0,0.0,0.0,0.0,0.0,0.0,0.0,0.0,28.0,normal
2026-06-01T01:02:36Z,infra-1,unknown,pod-e56d2680,nginx-proxy,0.0,0.0,0.0,0.0,0.0,48884.0,48932.0,0.0,0.0,0.0,0.0,0.0,42.0,normal
2026-06-01T01:02:36Z,infra-1,node,system,cgroup,0.0,0.0,0.0,0.0,0.0,0.0,0.0,40.0,667648.0,0.5028785409836065,0.0,0.0,26699.0,normal
2026-06-01T01:02:36Z,infra-1,node,system,udisks2.service,0.0,0.0,0.0,0.0,0.0,0.0,0.0,0.0,0.0,0.0,0.0,0.0,3.0,normal
2026-06-01T01:02:36Z,infra-1,node,system,polkit.service,0.0,0.0,0.0,0.0,0.0,0.0,0.0,0.0,0.0,0.0,0.0,0.0,2.0,normal
2026-06-01T01:02:36Z,infra-1,node,system,rpcbind.service,0.0,0.0,0.0,0.0,0.0,0.0,0.0,0.0,0.0,0.0,0.0,0.0,1.0,normal
2026-06-01T00:58:30Z,infra-2,monitoring,my-monitoring-prometheus-node-exporter-j2jh9,node-exporter,0.2,0.2,0.0,0.0,0.0,208.0,3254.0,0.0,0.0,0.0,0.0,0.0,10.0,normal
2026-06-01T00:58:30Z,infra-2,longhorn-system,instance-manager-9524f97f257d155c6fbc9114a7b0571e,instance-manager,189.7,4.5,11.3,0.4,0.0,1322.0,1093.0,0.0,0.0,0.0,7.0,7.0,377.0,normal
2026-06-01T00:58:30Z,infra-2,kube-system,kube-proxy-vkjjf,kube-proxy,2.2,0.4,0.0,0.0,0.0,14520.0,96.0,0.0,0.0,0.0,0.0,0.0,81.0,normal
2026-06-01T00:58:30Z,infra-2,node,system,containerd.service,11463.6,7289.6,162.7,0.0,0.0,0.0,0.0,0.0,0.0,0.0,34.0,309.0,80466.0,normal
2026-06-01T00:58:30Z,infra-2,kube-system,tetragon-hsmd6,export-stdout,9216.3,9214.0,0.9,0.0,0.0,0.0,0.0,0.0,0.0,0.0,0.0,0.0,15669.0,normal
2026-06-01T00:58:30Z,infra-2,node,system,systemd-journald.service,1.4,0.0,1.1,0.0,0.0,0.0,0.0,0.0,0.0,0.0,0.0,0.0,2.0,normal
2026-06-01T00:58:30Z,infra-2,longhorn-system,engine-image-ei-843accdd-d7z8z,engine-image-ei-843accdd,12.4,1.0,12.8,0.0,0.0,0.0,0.0,0.0,0.0,0.0,10.0,24.0,897.0,normal
2026-06-01T00:58:30Z,infra-2,gpu-operator,gpu-operator-1764036362-node-feature-discovery-worker-x787x,worker,70.7,10.1,25.7,0.0,0.0,272484.0,454227.0,0.0,0.0,0.0,0.0,0.0,1174.0,normal
2026-06-01T00:58:30Z,infra-2,longhorn-system,engine-image-ei-3154f3aa-xvvgq,engine-image-ei-3154f3aa,12.4,1.0,12.8,0.0,0.0,0.0,0.0,0.0,0.0,0.0,10.0,26.0,1138.0,normal
2026-06-01T00:58:30Z,infra-2,ebpf-final,ebpf-collector-8kqsx,collector,129.8,0.8,123.5,0.1,0.0,182318.0,14607.0,0.0,0.0,0.0,0.0,0.0,302.0,normal
2026-06-01T00:58:30Z,infra-2,kube-system,kube-ovn-cni-mqq42,cni-server,310.9,21.7,346.3,0.3,0.0,204047.0,1200.0,0.0,0.0,0.0,131.0,147.0,4600.0,normal
2026-06-01T00:58:30Z,infra-2,kube-system,tetragon-hsmd6,tetragon,4.8,7456.4,10.8,0.0,0.0,14949.0,222.0,0.0,0.0,0.0,0.0,0.0,43998.0,normal
2026-06-01T00:58:30Z,infra-2,longhorn-system,longhorn-csi-plugin-mvczb,longhorn-csi-plugin,2.6,1.6,0.0,0.0,0.0,0.0,0.0,0.0,0.0,0.0,0.0,0.0,95.0,normal
2026-06-01T00:58:30Z,infra-2,node,system,kubelet.service,801.7,643.2,131.1,1.2,0.0,38403.0,92900.0,0.0,0.0,0.0,0.0,0.0,7052.0,normal
2026-06-01T00:58:30Z,infra-2,kube-system,ovs-ovn-t4h8b,openvswitch,88.9,50.7,41.8,0.0,0.0,2258.0,0.0,0.0,0.0,0.0,57.0,96.0,1511.0,normal
2026-06-01T00:58:30Z,infra-2,kube-system,kube-ovn-pinger-x7szv,pinger,48.0,20.3,13.2,0.2,0.0,115984.0,1579.0,0.0,0.0,0.0,17.0,26.0,3735.0,normal
2026-06-01T00:58:30Z,infra-2,longhorn-system,longhorn-csi-plugin-mvczb,node-driver-registrar,0.2,0.2,0.0,0.0,0.0,0.0,0.0,0.0,0.0,0.0,0.0,0.0,10.0,normal
2026-06-01T00:58:30Z,infra-2,node,system,thermald.service,0.3,0.0,0.3,0.0,0.0,0.0,0.0,0.0,0.0,0.0,0.0,0.0,5.0,normal
2026-06-01T00:58:30Z,infra-2,kube-system,nodelocaldns-jqbvl,node-cache,12.5,4.5,0.3,1.0,0.0,4922.0,3562.0,0.0,0.0,0.0,0.0,0.0,582.0,normal
2026-06-01T00:58:30Z,infra-2,longhorn-system,longhorn-csi-plugin-mvczb,longhorn-liveness-probe,3.2,2.4,0.0,0.0,0.0,224.0,274.0,0.0,0.0,0.0,0.0,0.0,176.0,normal
2026-06-01T00:58:30Z,infra-2,longhorn-system,longhorn-manager-8wlkh,longhorn-manager,157.2,28.4,19.1,0.3,0.0,488449.0,35301.0,0.0,0.0,0.0,2.0,8.0,4646.0,normal
2026-06-01T00:58:30Z,infra-2,node,system,multipathd.service,0.0,2.4,0.0,0.0,0.0,0.0,0.0,0.0,0.0,0.0,0.0,0.0,24.0,normal
2026-06-01T00:58:30Z,infra-2,node,system,rsyslog.service,0.0,0.1,0.0,0.0,0.0,0.0,0.0,0.0,0.0,0.0,0.0,0.0,2.0,normal
2026-06-01T00:58:30Z,infra-2,unknown,pod-9014eb51,nginx-proxy,0.0,0.0,0.0,0.0,0.0,46623.0,46671.0,0.0,0.0,0.0,0.0,0.0,36.0,normal
2026-06-01T00:58:30Z,infra-2,node,system,cgroup,0.0,0.0,0.0,0.0,0.0,0.0,0.0,1425448.0,136724480.0,5.615266526940639,0.0,0.0,62182.0,normal
2026-06-01T00:58:30Z,infra-2,node,system,udisks2.service,0.0,0.0,0.0,0.0,0.0,0.0,0.0,0.0,0.0,0.0,0.0,0.0,3.0,normal
2026-06-01T00:58:30Z,infra-2,node,system,polkit.service,0.0,0.0,0.0,0.0,0.0,0.0,0.0,0.0,0.0,0.0,0.0,0.0,3.0,normal
2026-06-01T00:58:30Z,infra-2,node,system,rpcbind.service,0.0,0.0,0.0,0.0,0.0,0.0,0.0,0.0,0.0,0.0,0.0,0.0,1.0,normal
2026-06-01T00:58:40Z,infra-2,monitoring,my-monitoring-prometheus-node-exporter-j2jh9,node-exporter,105.2,0.7,92.8,0.0,0.0,573.0,21865.0,0.0,0.0,0.0,0.0,0.0,232.0,normal
2026-06-01T00:58:40Z,infra-2,node,system,init.scope,2.2,0.0,0.6,0.0,0.0,0.0,0.0,0.0,0.0,0.0,0.0,0.0,5.0,normal
2026-06-01T00:58:40Z,infra-2,longhorn-system,instance-manager-9524f97f257d155c6fbc9114a7b0571e,instance-manager,181.1,2.9,10.2,0.4,0.0,501.0,489.0,0.0,0.0,0.0,6.0,6.0,407.0,normal
2026-06-01T00:58:40Z,infra-2,kube-system,kube-proxy-vkjjf,kube-proxy,2.6,0.4,0.0,0.0,0.0,14645.0,96.0,0.0,0.0,0.0,0.0,0.0,110.0,normal
2026-06-01T00:58:40Z,infra-2,node,system,containerd.service,11713.9,7057.8,220.0,0.0,0.0,0.0,0.0,0.0,8192.0,0.3189895,30.0,275.0,77743.0,normal
2026-06-01T00:58:40Z,infra-2,kube-system,tetragon-hsmd6,export-stdout,8358.8,8356.9,0.9,0.0,0.0,0.0,0.0,0.0,0.0,0.0,0.0,0.0,14933.0,normal
2026-06-01T00:58:40Z,infra-2,node,system,systemd-journald.service,31.8,0.0,1.8,0.0,0.0,0.0,0.0,0.0,0.0,0.0,0.0,0.0,58.0,normal
2026-06-01T00:58:40Z,infra-2,longhorn-system,engine-image-ei-843accdd-d7z8z,engine-image-ei-843accdd,12.4,1.0,12.8,0.0,0.0,0.0,0.0,0.0,0.0,0.0,10.0,22.0,778.0,normal
2026-06-01T00:58:40Z,infra-2,gpu-operator,gpu-operator-1764036362-node-feature-discovery-worker-x787x,worker,0.7,0.3,0.0,0.0,0.0,222.0,188.0,0.0,0.0,0.0,0.0,0.0,30.0,normal
2026-06-01T00:58:40Z,infra-2,longhorn-system,engine-image-ei-3154f3aa-xvvgq,engine-image-ei-3154f3aa,12.7,1.0,13.0,0.0,0.0,0.0,0.0,0.0,0.0,0.0,10.0,32.0,1097.0,normal
2026-06-01T00:58:40Z,infra-2,ebpf-final,ebpf-collector-8kqsx,collector,0.2,0.7,0.3,0.1,0.0,10760.0,14591.0,0.0,0.0,0.0,0.0,0.0,11.0,normal
2026-06-01T00:58:40Z,infra-2,kube-system,kube-ovn-cni-mqq42,cni-server,313.9,22.8,348.4,0.2,0.0,204047.0,1200.0,0.0,0.0,0.0,133.0,144.0,4111.0,normal
2026-06-01T00:58:40Z,infra-2,kube-system,tetragon-hsmd6,tetragon,6.6,6416.0,9.7,0.0,0.0,15175.0,21839.0,0.0,0.0,0.0,0.0,0.0,36747.0,normal
2026-06-01T00:58:40Z,infra-2,longhorn-system,longhorn-csi-plugin-mvczb,longhorn-csi-plugin,2.8,1.5,0.0,0.0,0.0,0.0,0.0,0.0,0.0,0.0,0.0,0.0,82.0,normal
2026-06-01T00:58:40Z,infra-2,node,system,kubelet.service,762.1,466.8,189.8,1.2,0.0,38411.0,121129.0,0.0,0.0,0.0,0.0,0.0,11545.0,normal
2026-06-01T00:58:40Z,infra-2,node,system,rsyslog.service,2.1,5.7,0.0,0.0,0.0,0.0,0.0,0.0,0.0,0.0,0.0,0.0,58.0,normal
2026-06-01T00:58:40Z,infra-2,kube-system,ovs-ovn-t4h8b,openvswitch,92.6,49.4,42.9,0.0,0.0,38.0,41.0,0.0,0.0,0.0,60.0,105.0,1433.0,normal
2026-06-01T00:58:40Z,infra-2,kube-system,kube-ovn-pinger-x7szv,pinger,51.0,22.2,13.2,0.2,0.0,115802.0,1579.0,0.0,0.0,0.0,17.0,26.0,4236.0,normal
2026-06-01T00:58:40Z,infra-2,longhorn-system,longhorn-csi-plugin-mvczb,node-driver-registrar,0.2,0.2,0.0,0.0,0.0,0.0,0.0,0.0,0.0,0.0,0.0,0.0,10.0,normal
2026-06-01T00:58:40Z,infra-2,node,system,thermald.service,0.2,0.0,0.2,0.0,0.0,0.0,0.0,0.0,0.0,0.0,0.0,0.0,6.0,normal
2026-06-01T00:58:40Z,infra-2,kube-system,nodelocaldns-jqbvl,node-cache,27.5,6.0,35.2,1.0,0.0,4922.0,3562.0,0.0,0.0,0.0,12.0,12.0,1005.0,normal
2026-06-01T00:58:40Z,infra-2,longhorn-system,longhorn-csi-plugin-mvczb,longhorn-liveness-probe,2.6,1.8,0.0,0.0,0.0,224.0,274.0,0.0,0.0,0.0,0.0,0.0,160.0,normal
2026-06-01T00:58:40Z,infra-2,longhorn-system,longhorn-manager-8wlkh,longhorn-manager,91.7,24.1,0.1,0.1,0.0,467263.0,11595.0,0.0,0.0,0.0,0.0,0.0,3972.0,normal
2026-06-01T00:58:40Z,infra-2,node,system,multipathd.service,0.0,2.2,0.0,0.0,0.0,0.0,0.0,0.0,0.0,0.0,0.0,0.0,25.0,normal
2026-06-01T00:58:40Z,infra-2,unknown,pod-9014eb51,nginx-proxy,0.0,0.0,0.0,0.0,0.0,46273.0,46321.0,0.0,0.0,0.0,0.0,0.0,38.0,normal
2026-06-01T00:58:40Z,infra-2,node,system,cgroup,0.0,0.0,0.0,0.0,0.0,0.0,0.0,13385768.0,114913280.0,4.9790378855534705,0.0,1.0,58133.0,normal
2026-06-01T00:58:40Z,infra-2,node,system,udisks2.service,0.0,0.0,0.0,0.0,0.0,0.0,0.0,0.0,0.0,0.0,0.0,0.0,2.0,normal
2026-06-01T00:58:40Z,infra-2,node,system,polkit.service,0.0,0.0,0.0,0.0,0.0,0.0,0.0,0.0,0.0,0.0,0.0,0.0,2.0,normal
2026-06-01T00:58:51Z,infra-2,monitoring,my-monitoring-prometheus-node-exporter-j2jh9,node-exporter,0.4,0.2,0.0,0.0,0.0,208.0,3254.0,0.0,0.0,0.0,0.0,0.0,16.0,normal
2026-06-01T00:58:51Z,infra-2,node,system,init.scope,27.6,10.2,27.0,0.0,0.0,0.0,0.0,0.0,0.0,0.0,0.0,0.0,60.0,normal
2026-06-01T00:58:51Z,infra-2,longhorn-system,instance-manager-9524f97f257d155c6fbc9114a7b0571e,instance-manager,179.6,2.3,10.2,0.4,0.0,468.0,455.0,0.0,0.0,0.0,6.0,6.0,320.0,normal
2026-06-01T00:58:51Z,infra-2,node,system,networkd-dispatcher.service,3.8,0.9,4.4,0.0,0.0,0.0,0.0,0.0,0.0,0.0,3.0,3.0,16.0,normal
2026-06-01T00:58:51Z,infra-2,kube-system,kube-proxy-vkjjf,kube-proxy,2.0,0.4,0.0,0.0,0.0,14646.0,96.0,0.0,0.0,0.0,0.0,0.0,98.0,normal
2026-06-01T00:58:51Z,infra-2,node,system,systemd-resolved.service,1.9,0.6,2.0,0.0,0.0,0.0,0.0,0.0,0.0,0.0,0.0,0.0,4.0,normal
2026-06-01T00:58:51Z,infra-2,node,system,containerd.service,1213.2,769.2,295.4,0.0,0.0,0.0,0.0,0.0,26775552.0,34.781011549999995,44.0,376.0,20690.0,normal
2026-06-01T00:58:51Z,infra-2,kube-system,tetragon-hsmd6,export-stdout,990.3,988.9,0.1,0.0,0.0,0.0,0.0,0.0,0.0,0.0,0.0,0.0,471.0,normal
2026-06-01T00:58:51Z,infra-2,node,system,udev,2.2,0.5,33.6,0.0,0.0,0.0,0.0,0.0,0.0,0.0,1.0,3.0,16.0,normal
2026-06-01T00:58:51Z,infra-2,node,system,dbus.service,2.6,0.0,1.0,0.0,0.0,0.0,0.0,0.0,0.0,0.0,0.0,0.0,101.0,normal
2026-06-01T00:58:51Z,infra-2,node,system,systemd-journald.service,12.6,0.0,9.0,0.0,0.0,0.0,0.0,0.0,0.0,0.0,0.0,0.0,40.0,normal
2026-06-01T00:58:51Z,infra-2,longhorn-system,engine-image-ei-843accdd-d7z8z,engine-image-ei-843accdd,12.4,1.0,12.8,0.0,0.0,0.0,0.0,0.0,0.0,0.0,10.0,22.0,650.0,normal
2026-06-01T00:58:51Z,infra-2,gpu-operator,gpu-operator-1764036362-node-feature-discovery-worker-x787x,worker,0.6,0.2,0.0,0.0,0.0,222.0,188.0,0.0,0.0,0.0,0.0,0.0,35.0,normal
2026-06-01T00:58:51Z,infra-2,longhorn-system,engine-image-ei-3154f3aa-xvvgq,engine-image-ei-3154f3aa,12.4,1.0,12.8,0.0,0.0,0.0,0.0,0.0,0.0,0.0,10.0,27.0,880.0,normal
2026-06-01T00:58:51Z,infra-2,node,system,polkit.service,2.7,4.6,0.0,0.0,0.0,0.0,0.0,0.0,0.0,0.0,0.0,0.0,23.0,normal
2026-06-01T00:58:51Z,infra-2,ebpf-final,ebpf-collector-8kqsx,collector,0.2,0.7,0.3,0.1,0.0,10758.0,14592.0,0.0,0.0,0.0,0.0,0.0,12.0,normal
2026-06-01T00:58:51Z,infra-2,kube-system,kube-ovn-cni-mqq42,cni-server,381.0,27.7,432.1,0.4,0.0,217986.0,1344.0,0.0,4096.0,0.138831,177.0,199.0,5198.0,normal
2026-06-01T00:58:51Z,infra-2,node,system,systemd-networkd.service,1.0,0.5,1.5,0.0,0.0,0.0,0.0,0.0,0.0,0.0,0.0,0.0,11.0,normal
2026-06-01T00:58:51Z,infra-2,kube-system,tetragon-hsmd6,tetragon,5.4,362.0,0.6,0.0,0.0,25465.0,318.0,0.0,0.0,0.0,0.0,0.0,14246.0,normal
2026-06-01T00:58:51Z,infra-2,longhorn-system,longhorn-csi-plugin-mvczb,longhorn-csi-plugin,3.1,1.5,0.0,0.0,0.0,0.0,0.0,0.0,0.0,0.0,0.0,0.0,86.0,normal
2026-06-01T00:58:51Z,infra-2,node,system,ModemManager.service,0.1,0.2,0.0,0.0,0.0,0.0,0.0,0.0,0.0,0.0,0.0,0.0,1.0,normal
2026-06-01T00:58:51Z,infra-2,node,system,kubelet.service,406.4,52.8,137.7,1.2,0.0,78057.0,177124.0,0.0,4096.0,0.133158,1.0,1.0,7164.0,normal
2026-06-01T00:58:51Z,infra-2,node,system,rsyslog.service,0.1,3.4,0.0,0.0,0.0,0.0,0.0,0.0,0.0,0.0,0.0,0.0,65.0,normal
2026-06-01T00:58:51Z,infra-2,kube-system,ovs-ovn-t4h8b,openvswitch,89.3,64.0,39.6,0.0,0.0,1706.0,2252.0,0.0,0.0,0.0,52.0,89.0,1259.0,normal
2026-06-01T00:58:51Z,infra-2,kube-system,kube-ovn-pinger-x7szv,pinger,51.3,21.8,13.2,0.2,0.0,115827.0,1579.0,0.0,8192.0,0.112645,17.0,26.0,3900.0,normal
2026-06-01T00:58:51Z,infra-2,longhorn-system,longhorn-csi-plugin-mvczb,node-driver-registrar,0.2,0.2,0.0,0.0,0.0,0.0,0.0,0.0,0.0,0.0,0.0,0.0,10.0,normal
2026-06-01T00:58:51Z,infra-2,node,system,thermald.service,2.9,4.6,0.3,0.0,0.0,0.0,0.0,0.0,0.0,0.0,0.0,0.0,31.0,normal
2026-06-01T00:58:51Z,infra-2,kube-system,nodelocaldns-jqbvl,node-cache,12.8,4.6,0.3,1.0,0.0,4922.0,3562.0,0.0,0.0,0.0,0.0,0.0,677.0,normal
2026-06-01T00:58:51Z,infra-2,longhorn-system,longhorn-csi-plugin-mvczb,longhorn-liveness-probe,3.0,2.1,0.0,0.0,0.0,224.0,274.0,0.0,0.0,0.0,0.0,0.0,170.0,normal
2026-06-01T00:58:51Z,infra-2,longhorn-system,longhorn-manager-8wlkh,longhorn-manager,104.3,26.9,0.1,0.1,0.0,488150.0,10616.0,0.0,0.0,0.0,0.0,0.0,4278.0,normal
2026-06-01T00:58:51Z,infra-2,node,system,udisks2.service,22.7,2.5,2.0,0.0,0.0,0.0,0.0,0.0,0.0,0.0,0.0,0.0,9.0,normal
2026-06-01T00:58:51Z,infra-2,node,system,multipathd.service,0.0,2.1,0.0,0.0,0.0,0.0,0.0,0.0,0.0,0.0,0.0,0.0,20.0,normal
2026-06-01T00:58:51Z,infra-2,unknown,pod-9014eb51,nginx-proxy,0.0,0.0,0.0,0.0,0.0,89227.0,89275.0,0.0,0.0,0.0,0.0,0.0,56.0,normal
2026-06-01T00:58:51Z,infra-2,unknown,unknown,unknown,0.0,0.0,0.0,0.0,0.0,0.0,0.0,27717632.0,0.0,2.623677458041958,0.0,0.0,2754.0,normal
2026-06-01T00:58:51Z,infra-2,node,system,cgroup,0.0,0.0,0.0,0.0,0.0,0.0,0.0,3088424.0,60891136.0,9.96413984485407,0.0,3.0,53578.0,normal
2026-06-01T00:58:51Z,infra-2,unknown,unknown,unknown,0.0,0.0,0.0,0.0,0.0,0.0,0.0,0.0,0.0,0.0,0.0,0.0,3.0,normal
2026-06-01T00:58:51Z,infra-2,node,system,systemd-logind.service,0.0,0.0,0.0,0.0,0.0,0.0,0.0,0.0,0.0,0.0,0.0,0.0,23.0,normal
2026-06-01T00:58:51Z,infra-2,node,system,chrony.service,0.0,0.0,0.0,0.0,0.0,0.0,0.0,0.0,0.0,0.0,0.0,0.0,1.0,normal
2026-06-01T00:59:01Z,infra-2,monitoring,my-monitoring-prometheus-node-exporter-j2jh9,node-exporter,0.2,0.2,0.0,0.0,0.0,208.0,3254.0,0.0,0.0,0.0,0.0,0.0,15.0,normal
2026-06-01T00:59:01Z,infra-2,longhorn-system,instance-manager-9524f97f257d155c6fbc9114a7b0571e,instance-manager,191.6,5.8,11.3,0.5,0.0,1773.0,1513.0,0.0,0.0,0.0,7.0,7.0,489.0,normal
2026-06-01T00:59:01Z,infra-2,kube-system,kube-proxy-vkjjf,kube-proxy,2.2,0.5,0.0,0.0,0.0,14659.0,96.0,0.0,0.0,0.0,0.0,0.0,150.0,normal
2026-06-01T00:59:01Z,infra-2,node,system,containerd.service,400.6,148.8,206.3,0.0,0.0,0.0,0.0,0.0,0.0,0.0,30.0,272.0,14320.0,normal
2026-06-01T00:59:01Z,infra-2,kube-system,tetragon-hsmd6,export-stdout,17.7,16.2,0.0,0.0,0.0,0.0,0.0,0.0,0.0,0.0,0.0,0.0,10.0,normal
2026-06-01T00:59:01Z,infra-2,node,system,udev,0.5,0.0,0.2,0.0,0.0,0.0,0.0,0.0,0.0,0.0,0.0,0.0,1.0,normal
2026-06-01T00:59:01Z,infra-2,longhorn-system,engine-image-ei-843accdd-d7z8z,engine-image-ei-843accdd,12.4,1.0,12.8,0.0,0.0,0.0,0.0,0.0,0.0,0.0,10.0,23.0,631.0,normal
2026-06-01T00:59:01Z,infra-2,gpu-operator,gpu-operator-1764036362-node-feature-discovery-worker-x787x,worker,0.7,0.3,0.0,0.0,0.0,261.0,227.0,0.0,0.0,0.0,0.0,0.0,93.0,normal
2026-06-01T00:59:01Z,infra-2,longhorn-system,engine-image-ei-3154f3aa-xvvgq,engine-image-ei-3154f3aa,12.4,1.0,12.8,0.0,0.0,0.0,0.0,0.0,0.0,0.0,10.0,27.0,813.0,normal
2026-06-01T00:59:01Z,infra-2,ebpf-final,ebpf-collector-8kqsx,collector,131.8,0.9,123.1,0.1,0.0,186721.0,20289.0,0.0,0.0,0.0,0.0,0.0,142.0,normal
2026-06-01T00:59:01Z,infra-2,kube-system,kube-ovn-cni-mqq42,cni-server,318.6,22.3,348.4,0.2,0.0,204198.0,1200.0,0.0,0.0,0.0,133.0,144.0,3565.0,normal
2026-06-01T00:59:01Z,infra-2,kube-system,tetragon-hsmd6,tetragon,4.0,5.0,0.0,0.0,0.0,15142.0,239.0,0.0,0.0,0.0,0.0,0.0,11505.0,normal
2026-06-01T00:59:01Z,infra-2,longhorn-system,longhorn-csi-plugin-mvczb,longhorn-csi-plugin,2.5,1.2,0.0,0.0,0.0,0.0,0.0,0.0,0.0,0.0,0.0,0.0,91.0,normal
2026-06-01T00:59:01Z,infra-2,node,system,kubelet.service,369.2,36.6,128.0,1.2,0.0,37923.0,90489.0,0.0,0.0,0.0,0.0,0.0,5980.0,normal
2026-06-01T00:59:01Z,infra-2,kube-system,ovs-ovn-t4h8b,openvswitch,80.5,43.2,38.5,0.0,0.0,38.0,41.0,0.0,0.0,0.0,52.0,88.0,1081.0,normal
2026-06-01T00:59:01Z,infra-2,kube-system,kube-ovn-pinger-x7szv,pinger,47.7,18.8,13.3,0.2,0.0,115993.0,1579.0,0.0,20480.0,0.227871,17.0,26.0,3444.0,normal
2026-06-01T00:59:01Z,infra-2,longhorn-system,longhorn-csi-plugin-mvczb,node-driver-registrar,0.2,0.2,0.0,0.0,0.0,0.0,0.0,0.0,0.0,0.0,0.0,0.0,10.0,normal
2026-06-01T00:59:01Z,infra-2,node,system,thermald.service,0.2,0.0,0.2,0.0,0.0,0.0,0.0,0.0,0.0,0.0,0.0,0.0,6.0,normal
2026-06-01T00:59:01Z,infra-2,kube-system,nodelocaldns-jqbvl,node-cache,9.7,3.2,0.3,1.1,0.0,3282.0,2997.0,0.0,0.0,0.0,0.0,0.0,494.0,normal
2026-06-01T00:59:01Z,infra-2,longhorn-system,longhorn-csi-plugin-mvczb,longhorn-liveness-probe,2.9,1.9,0.0,0.0,0.0,224.0,274.0,0.0,0.0,0.0,0.0,0.0,193.0,normal
2026-06-01T00:59:01Z,infra-2,longhorn-system,longhorn-manager-8wlkh,longhorn-manager,161.7,29.4,18.9,0.3,0.0,488682.0,23590.0,0.0,0.0,0.0,2.0,9.0,4808.0,normal
2026-06-01T00:59:01Z,infra-2,node,system,multipathd.service,0.0,2.2,0.0,0.0,0.0,0.0,0.0,0.0,0.0,0.0,0.0,0.0,20.0,normal
2026-06-01T00:59:01Z,infra-2,unknown,pod-9014eb51,nginx-proxy,0.0,0.0,0.0,0.0,0.0,46180.0,46228.0,0.0,0.0,0.0,0.0,0.0,31.0,normal
2026-06-01T00:59:01Z,infra-2,node,system,cgroup,0.0,0.0,0.0,0.0,0.0,0.0,0.0,40.0,368640.0,1.2796395882352942,0.0,0.0,45655.0,normal
2026-06-01T00:59:01Z,infra-2,node,system,udisks2.service,0.0,0.0,0.0,0.0,0.0,0.0,0.0,0.0,0.0,0.0,0.0,0.0,2.0,normal
2026-06-01T00:59:01Z,infra-2,node,system,polkit.service,0.0,0.0,0.0,0.0,0.0,0.0,0.0,0.0,0.0,0.0,0.0,0.0,2.0,normal
2026-06-01T00:59:01Z,infra-2,node,system,rpcbind.service,0.0,0.0,0.0,0.0,0.0,0.0,0.0,0.0,0.0,0.0,0.0,0.0,1.0,normal
2026-06-01T00:59:11Z,infra-2,monitoring,my-monitoring-prometheus-node-exporter-j2jh9,node-exporter,101.8,0.7,89.4,0.0,0.0,573.0,21649.0,0.0,0.0,0.0,0.0,0.0,192.0,normal
2026-06-01T00:59:11Z,infra-2,longhorn-system,instance-manager-9524f97f257d155c6fbc9114a7b0571e,instance-manager,179.5,2.4,10.2,0.4,0.0,502.0,472.0,0.0,0.0,0.0,6.0,6.0,275.0,normal
2026-06-01T00:59:11Z,infra-2,kube-system,kube-proxy-vkjjf,kube-proxy,1.8,0.4,0.0,0.0,0.0,14520.0,96.0,0.0,0.0,0.0,0.0,0.0,51.0,normal
2026-06-01T00:59:11Z,infra-2,node,system,containerd.service,484.9,160.0,256.4,0.0,0.0,0.0,0.0,0.0,0.0,0.0,36.0,333.0,16046.0,normal
2026-06-01T00:59:11Z,infra-2,kube-system,tetragon-hsmd6,export-stdout,8.1,6.7,0.0,0.0,0.0,0.0,0.0,0.0,0.0,0.0,0.0,0.0,10.0,normal
2026-06-01T00:59:11Z,infra-2,longhorn-system,engine-image-ei-843accdd-d7z8z,engine-image-ei-843accdd,12.4,1.0,12.8,0.0,0.0,0.0,0.0,0.0,0.0,0.0,10.0,22.0,646.0,normal
2026-06-01T00:59:11Z,infra-2,gpu-operator,gpu-operator-1764036362-node-feature-discovery-worker-x787x,worker,0.6,0.2,0.0,0.0,0.0,222.0,188.0,0.0,0.0,0.0,0.0,0.0,28.0,normal
2026-06-01T00:59:11Z,infra-2,longhorn-system,engine-image-ei-3154f3aa-xvvgq,engine-image-ei-3154f3aa,15.8,1.3,16.3,0.0,0.0,0.0,0.0,0.0,0.0,0.0,13.0,34.0,994.0,normal
2026-06-01T00:59:11Z,infra-2,ebpf-final,ebpf-collector-8kqsx,collector,0.2,0.7,0.3,0.1,0.0,10000.0,13557.0,0.0,0.0,0.0,0.0,0.0,10.0,normal
2026-06-01T00:59:11Z,infra-2,kube-system,kube-ovn-cni-mqq42,cni-server,314.8,22.8,347.2,0.4,0.0,204058.0,1200.0,0.0,0.0,0.0,132.0,152.0,4647.0,normal
2026-06-01T00:59:11Z,infra-2,kube-system,tetragon-hsmd6,tetragon,3.3,3.3,0.0,0.0,0.0,14810.0,239.0,0.0,0.0,0.0,0.0,0.0,11350.0,normal
2026-06-01T00:59:11Z,infra-2,longhorn-system,longhorn-csi-plugin-mvczb,longhorn-csi-plugin,2.5,1.2,0.0,0.0,0.0,0.0,0.0,0.0,0.0,0.0,0.0,0.0,60.0,normal
2026-06-01T00:59:11Z,infra-2,node,system,kubelet.service,347.5,37.6,128.6,1.2,0.0,40237.0,114619.0,0.0,0.0,0.0,0.0,0.0,5886.0,normal
2026-06-01T00:59:11Z,infra-2,kube-system,ovs-ovn-t4h8b,openvswitch,79.4,42.6,38.0,0.0,0.0,38.0,41.0,0.0,0.0,0.0,52.0,89.0,989.0,normal
2026-06-01T00:59:11Z,infra-2,kube-system,kube-ovn-pinger-x7szv,pinger,49.3,19.9,13.2,0.2,0.0,115946.0,1579.0,0.0,12288.0,0.493904,17.0,26.0,3393.0,normal
2026-06-01T00:59:11Z,infra-2,longhorn-system,longhorn-csi-plugin-mvczb,node-driver-registrar,0.2,0.2,0.0,0.0,0.0,0.0,0.0,0.0,0.0,0.0,0.0,0.0,10.0,normal
2026-06-01T00:59:11Z,infra-2,node,system,thermald.service,0.3,0.0,0.3,0.0,0.0,0.0,0.0,0.0,0.0,0.0,0.0,0.0,9.0,normal
2026-06-01T00:59:11Z,infra-2,kube-system,nodelocaldns-jqbvl,node-cache,13.5,4.6,0.4,1.2,0.0,4922.0,3562.0,0.0,0.0,0.0,0.0,0.0,639.0,normal
2026-06-01T00:59:11Z,infra-2,longhorn-system,longhorn-csi-plugin-mvczb,longhorn-liveness-probe,2.9,1.9,0.0,0.0,0.0,224.0,274.0,0.0,0.0,0.0,0.0,0.0,137.0,normal
2026-06-01T00:59:11Z,infra-2,longhorn-system,longhorn-manager-8wlkh,longhorn-manager,97.4,24.3,0.1,0.1,0.0,466824.0,10424.0,0.0,0.0,0.0,0.0,0.0,4076.0,normal
2026-06-01T00:59:11Z,infra-2,node,system,multipathd.service,0.0,2.2,0.0,0.0,0.0,0.0,0.0,0.0,0.0,0.0,0.0,0.0,23.0,normal
2026-06-01T00:59:11Z,infra-2,unknown,pod-9014eb51,nginx-proxy,0.0,0.0,0.0,0.0,0.0,49575.0,49623.0,0.0,0.0,0.0,0.0,0.0,27.0,normal
2026-06-01T00:59:11Z,infra-2,node,system,cgroup,0.0,0.0,0.0,0.0,0.0,0.0,0.0,40.0,1331200.0,0.48548242564102567,0.0,0.0,46678.0,normal
2026-06-01T00:59:11Z,infra-2,node,system,udisks2.service,0.0,0.0,0.0,0.0,0.0,0.0,0.0,0.0,0.0,0.0,0.0,0.0,3.0,normal
2026-06-01T00:59:11Z,infra-2,node,system,polkit.service,0.0,0.0,0.0,0.0,0.0,0.0,0.0,0.0,0.0,0.0,0.0,0.0,3.0,normal
2026-06-01T00:59:11Z,infra-2,node,system,cron.service,0.0,0.0,0.0,0.0,0.0,0.0,0.0,0.0,0.0,0.0,0.0,0.0,1.0,normal
2026-06-01T00:59:21Z,infra-2,monitoring,my-monitoring-prometheus-node-exporter-j2jh9,node-exporter,0.3,0.2,0.0,0.0,0.0,208.0,3254.0,0.0,0.0,0.0,0.0,0.0,15.0,normal
2026-06-01T00:59:21Z,infra-2,longhorn-system,instance-manager-9524f97f257d155c6fbc9114a7b0571e,instance-manager,179.6,2.4,10.2,0.4,0.0,468.0,455.0,0.0,0.0,0.0,6.0,6.0,304.0,normal
2026-06-01T00:59:21Z,infra-2,kube-system,kube-proxy-vkjjf,kube-proxy,1.8,0.3,0.0,0.0,0.0,14642.0,96.0,0.0,0.0,0.0,0.0,0.0,125.0,normal
2026-06-01T00:59:21Z,infra-2,node,system,containerd.service,392.4,140.1,210.4,0.0,0.0,0.0,0.0,0.0,0.0,0.0,32.0,295.0,14139.0,normal
2026-06-01T00:59:21Z,infra-2,kube-system,tetragon-hsmd6,export-stdout,5.8,4.5,0.0,0.0,0.0,0.0,0.0,0.0,0.0,0.0,0.0,0.0,10.0,normal
2026-06-01T00:59:21Z,infra-2,longhorn-system,engine-image-ei-843accdd-d7z8z,engine-image-ei-843accdd,12.4,1.0,12.8,0.0,0.0,0.0,0.0,0.0,0.0,0.0,10.0,22.0,644.0,normal
2026-06-01T00:59:21Z,infra-2,gpu-operator,gpu-operator-1764036362-node-feature-discovery-worker-x787x,worker,0.7,0.3,0.0,0.0,0.0,222.0,188.0,0.0,0.0,0.0,0.0,0.0,32.0,normal
2026-06-01T00:59:21Z,infra-2,longhorn-system,engine-image-ei-3154f3aa-xvvgq,engine-image-ei-3154f3aa,12.4,1.0,12.8,0.0,0.0,0.0,0.0,0.0,0.0,0.0,10.0,27.0,818.0,normal
2026-06-01T00:59:21Z,infra-2,ebpf-final,ebpf-collector-8kqsx,collector,0.2,0.7,0.3,0.1,0.0,9654.0,13091.0,0.0,0.0,0.0,0.0,0.0,11.0,normal
2026-06-01T00:59:21Z,infra-2,kube-system,kube-ovn-cni-mqq42,cni-server,310.3,21.1,345.5,0.2,0.0,185816.0,1104.0,0.0,0.0,0.0,132.0,143.0,3510.0,normal
2026-06-01T00:59:21Z,infra-2,kube-system,tetragon-hsmd6,tetragon,3.2,2.9,0.0,0.0,0.0,14810.0,239.0,0.0,0.0,0.0,0.0,0.0,12027.0,normal
2026-06-01T00:59:21Z,infra-2,longhorn-system,longhorn-csi-plugin-mvczb,longhorn-csi-plugin,2.4,1.1,0.0,0.0,0.0,0.0,0.0,0.0,0.0,0.0,0.0,0.0,70.0,normal
2026-06-01T00:59:21Z,infra-2,node,system,kubelet.service,395.6,32.6,151.2,1.2,0.0,38207.0,87178.0,0.0,0.0,0.0,2.0,2.0,5882.0,normal
2026-06-01T00:59:21Z,infra-2,kube-system,ovs-ovn-t4h8b,openvswitch,87.2,45.1,44.7,0.0,0.0,38.0,41.0,0.0,0.0,0.0,63.0,107.0,1081.0,normal
2026-06-01T00:59:21Z,infra-2,kube-system,kube-ovn-pinger-x7szv,pinger,48.6,18.9,13.2,0.2,0.0,115779.0,1579.0,0.0,12288.0,0.1431665,17.0,26.0,3037.0,normal
2026-06-01T00:59:21Z,infra-2,longhorn-system,longhorn-csi-plugin-mvczb,node-driver-registrar,0.2,0.2,0.0,0.0,0.0,0.0,0.0,0.0,0.0,0.0,0.0,0.0,10.0,normal
2026-06-01T00:59:21Z,infra-2,node,system,thermald.service,0.2,0.0,0.2,0.0,0.0,0.0,0.0,0.0,0.0,0.0,0.0,0.0,6.0,normal
2026-06-01T00:59:21Z,infra-2,kube-system,nodelocaldns-jqbvl,node-cache,12.8,4.2,0.3,1.0,0.0,4922.0,3562.0,0.0,0.0,0.0,0.0,0.0,655.0,normal
2026-06-01T00:59:21Z,infra-2,longhorn-system,longhorn-csi-plugin-mvczb,longhorn-liveness-probe,3.1,2.2,0.0,0.0,0.0,224.0,274.0,0.0,0.0,0.0,0.0,0.0,146.0,normal
2026-06-01T00:59:21Z,infra-2,longhorn-system,longhorn-manager-8wlkh,longhorn-manager,94.5,25.7,0.2,0.1,0.0,429265.0,10113.0,0.0,0.0,0.0,0.0,0.0,3908.0,normal
2026-06-01T00:59:21Z,infra-2,node,system,multipathd.service,0.0,2.3,0.0,0.0,0.0,0.0,0.0,0.0,0.0,0.0,0.0,0.0,23.0,normal
2026-06-01T00:59:21Z,infra-2,unknown,pod-9014eb51,nginx-proxy,0.0,0.0,0.0,0.0,0.0,46448.0,46496.0,0.0,0.0,0.0,0.0,0.0,29.0,normal
2026-06-01T00:59:21Z,infra-2,node,system,cgroup,0.0,0.0,0.0,0.0,0.0,0.0,0.0,40.0,217088.0,0.21065481818181817,0.0,0.0,44599.0,normal
2026-06-01T00:59:21Z,infra-2,node,system,udisks2.service,0.0,0.0,0.0,0.0,0.0,0.0,0.0,0.0,0.0,0.0,0.0,0.0,2.0,normal
2026-06-01T00:59:21Z,infra-2,node,system,polkit.service,0.0,0.0,0.0,0.0,0.0,0.0,0.0,0.0,0.0,0.0,0.0,0.0,2.0,normal
2026-06-01T00:59:32Z,infra-2,monitoring,my-monitoring-prometheus-node-exporter-j2jh9,node-exporter,0.4,0.3,0.0,0.0,0.0,312.0,4881.0,0.0,0.0,0.0,0.0,0.0,24.0,normal
2026-06-01T00:59:32Z,infra-2,longhorn-system,instance-manager-9524f97f257d155c6fbc9114a7b0571e,instance-manager,190.1,4.6,11.3,0.4,0.0,1358.0,1127.0,0.0,0.0,0.0,7.0,7.0,452.0,normal
2026-06-01T00:59:32Z,infra-2,kube-system,kube-proxy-vkjjf,kube-proxy,1.7,0.3,0.0,0.0,0.0,14520.0,96.0,0.0,0.0,0.0,0.0,0.0,90.0,normal
2026-06-01T00:59:32Z,infra-2,node,system,containerd.service,436.5,165.3,215.0,0.0,0.0,0.0,0.0,0.0,0.0,0.0,34.0,316.0,15309.0,normal
2026-06-01T00:59:32Z,infra-2,kube-system,tetragon-hsmd6,export-stdout,19.1,17.5,0.0,0.0,0.0,0.0,0.0,0.0,0.0,0.0,0.0,0.0,11.0,normal
2026-06-01T00:59:32Z,infra-2,longhorn-system,engine-image-ei-843accdd-d7z8z,engine-image-ei-843accdd,12.4,1.0,12.8,0.0,0.0,0.0,0.0,0.0,0.0,0.0,10.0,22.0,632.0,normal
2026-06-01T00:59:32Z,infra-2,gpu-operator,gpu-operator-1764036362-node-feature-discovery-worker-x787x,worker,72.0,10.7,25.4,0.0,0.0,272522.0,454196.0,0.0,0.0,0.0,0.0,0.0,966.0,normal
2026-06-01T00:59:32Z,infra-2,longhorn-system,engine-image-ei-3154f3aa-xvvgq,engine-image-ei-3154f3aa,12.4,1.0,12.8,0.0,0.0,0.0,0.0,0.0,0.0,0.0,10.0,26.0,812.0,normal
2026-06-01T00:59:32Z,infra-2,ebpf-final,ebpf-collector-8kqsx,collector,132.0,0.8,123.2,0.1,0.0,182158.0,14075.0,0.0,0.0,0.0,0.0,0.0,141.0,normal
2026-06-01T00:59:32Z,infra-2,kube-system,kube-ovn-cni-mqq42,cni-server,373.9,27.0,426.9,0.4,0.0,222706.0,1431.0,0.0,0.0,0.0,172.0,193.0,4997.0,normal
2026-06-01T00:59:32Z,infra-2,kube-system,tetragon-hsmd6,tetragon,3.4,5.2,0.0,0.0,0.0,14949.0,222.0,0.0,0.0,0.0,0.0,0.0,13014.0,normal
2026-06-01T00:59:32Z,infra-2,longhorn-system,longhorn-csi-plugin-mvczb,longhorn-csi-plugin,2.4,1.2,0.0,0.0,0.0,0.0,0.0,0.0,0.0,0.0,0.0,0.0,60.0,normal
2026-06-01T00:59:32Z,infra-2,node,system,kubelet.service,369.8,34.0,124.9,1.3,0.0,39778.0,90238.0,0.0,0.0,0.0,0.0,0.0,6207.0,normal
2026-06-01T00:59:32Z,infra-2,kube-system,ovs-ovn-t4h8b,openvswitch,84.5,44.2,39.8,0.0,0.0,38.0,41.0,0.0,0.0,0.0,54.0,91.0,1108.0,normal
2026-06-01T00:59:32Z,infra-2,kube-system,kube-ovn-pinger-x7szv,pinger,44.7,18.6,13.2,0.2,0.0,83502.0,1204.0,0.0,12288.0,0.1784355,17.0,26.0,3439.0,normal
2026-06-01T00:59:32Z,infra-2,longhorn-system,longhorn-csi-plugin-mvczb,node-driver-registrar,0.2,0.2,0.0,0.0,0.0,0.0,0.0,0.0,0.0,0.0,0.0,0.0,10.0,normal
2026-06-01T00:59:32Z,infra-2,node,system,thermald.service,0.3,0.0,0.3,0.0,0.0,0.0,0.0,0.0,0.0,0.0,0.0,0.0,9.0,normal
2026-06-01T00:59:32Z,infra-2,kube-system,nodelocaldns-jqbvl,node-cache,14.0,4.8,0.3,1.1,0.0,5145.0,3785.0,0.0,0.0,0.0,0.0,0.0,716.0,normal
2026-06-01T00:59:32Z,infra-2,longhorn-system,longhorn-csi-plugin-mvczb,longhorn-liveness-probe,2.5,1.9,0.0,0.0,0.0,224.0,274.0,0.0,0.0,0.0,0.0,0.0,139.0,normal
2026-06-01T00:59:32Z,infra-2,longhorn-system,longhorn-manager-8wlkh,longhorn-manager,168.7,29.9,19.0,0.3,0.0,512740.0,19797.0,0.0,0.0,0.0,2.0,8.0,4986.0,normal
2026-06-01T00:59:32Z,infra-2,node,system,multipathd.service,0.0,2.2,0.0,0.0,0.0,0.0,0.0,0.0,0.0,0.0,0.0,0.0,20.0,normal
2026-06-01T00:59:32Z,infra-2,node,system,cgroup,0.0,0.0,0.0,0.0,0.1,0.0,0.0,4136.0,249856.0,1.1131526,0.0,0.0,50039.0,normal
2026-06-01T00:59:32Z,infra-2,unknown,pod-9014eb51,nginx-proxy,0.0,0.0,0.0,0.0,0.0,46236.0,46284.0,0.0,0.0,0.0,0.0,0.0,26.0,normal
2026-06-01T00:59:32Z,infra-2,node,system,udisks2.service,0.0,0.0,0.0,0.0,0.0,0.0,0.0,0.0,0.0,0.0,0.0,0.0,3.0,normal
2026-06-01T00:59:32Z,infra-2,node,system,polkit.service,0.0,0.0,0.0,0.0,0.0,0.0,0.0,0.0,0.0,0.0,0.0,0.0,3.0,normal
2026-06-01T00:59:32Z,infra-2,node,system,rpcbind.service,0.0,0.0,0.0,0.0,0.0,0.0,0.0,0.0,0.0,0.0,0.0,0.0,1.0,normal
2026-06-01T00:59:42Z,infra-2,monitoring,my-monitoring-prometheus-node-exporter-j2jh9,node-exporter,101.8,0.7,89.4,0.0,0.0,573.0,21662.0,0.0,0.0,0.0,0.0,0.0,151.0,normal
2026-06-01T00:59:42Z,infra-2,longhorn-system,instance-manager-9524f97f257d155c6fbc9114a7b0571e,instance-manager,179.6,2.4,10.2,0.4,0.0,468.0,455.0,0.0,0.0,0.0,6.0,6.0,250.0,normal
2026-06-01T00:59:42Z,infra-2,kube-system,kube-proxy-vkjjf,kube-proxy,1.9,0.3,0.0,0.0,0.0,14645.0,96.0,0.0,0.0,0.0,0.0,0.0,103.0,normal
2026-06-01T00:59:42Z,infra-2,node,system,containerd.service,441.5,141.4,245.0,0.0,0.0,0.0,0.0,0.0,0.0,0.0,30.0,279.0,14434.0,normal
2026-06-01T00:59:42Z,infra-2,kube-system,tetragon-hsmd6,export-stdout,8.1,6.7,0.0,0.0,0.0,0.0,0.0,0.0,0.0,0.0,0.0,0.0,10.0,normal
2026-06-01T00:59:42Z,infra-2,longhorn-system,engine-image-ei-843accdd-d7z8z,engine-image-ei-843accdd,12.4,1.0,12.8,0.0,0.0,0.0,0.0,0.0,0.0,0.0,10.0,22.0,628.0,normal
2026-06-01T00:59:42Z,infra-2,gpu-operator,gpu-operator-1764036362-node-feature-discovery-worker-x787x,worker,0.5,0.2,0.0,0.0,0.0,222.0,188.0,0.0,0.0,0.0,0.0,0.0,31.0,normal
2026-06-01T00:59:42Z,infra-2,longhorn-system,engine-image-ei-3154f3aa-xvvgq,engine-image-ei-3154f3aa,12.4,1.0,12.8,0.0,0.0,0.0,0.0,0.0,0.0,0.0,10.0,27.0,841.0,normal
2026-06-01T00:59:42Z,infra-2,ebpf-final,ebpf-collector-8kqsx,collector,0.2,0.7,0.3,0.1,0.0,9663.0,13102.0,0.0,0.0,0.0,0.0,0.0,11.0,normal
2026-06-01T00:59:42Z,infra-2,kube-system,kube-ovn-cni-mqq42,cni-server,310.2,21.6,345.4,0.2,0.0,189209.0,1104.0,0.0,0.0,0.0,130.0,142.0,3351.0,normal
2026-06-01T00:59:42Z,infra-2,kube-system,tetragon-hsmd6,tetragon,5.4,4.0,0.4,0.0,0.0,15175.0,21848.0,0.0,0.0,0.0,0.0,0.0,11553.0,normal
2026-06-01T00:59:42Z,infra-2,longhorn-system,longhorn-csi-plugin-mvczb,longhorn-csi-plugin,3.1,1.7,0.0,0.0,0.0,0.0,0.0,0.0,0.0,0.0,0.0,0.0,72.0,normal
2026-06-01T00:59:42Z,infra-2,node,system,kubelet.service,354.2,35.7,131.0,1.2,0.0,38401.0,113192.0,0.0,0.0,0.0,0.0,0.0,5928.0,normal
2026-06-01T00:59:42Z,infra-2,kube-system,ovs-ovn-t4h8b,openvswitch,79.9,43.4,37.9,0.0,0.0,38.0,41.0,0.0,0.0,0.0,52.0,88.0,1056.0,normal
2026-06-01T00:59:42Z,infra-2,kube-system,kube-ovn-pinger-x7szv,pinger,49.2,19.7,13.2,0.2,0.0,115882.0,1579.0,0.0,12288.0,0.1566905,17.0,26.0,3121.0,normal
2026-06-01T00:59:42Z,infra-2,longhorn-system,longhorn-csi-plugin-mvczb,node-driver-registrar,0.2,0.2,0.0,0.0,0.0,0.0,0.0,0.0,0.0,0.0,0.0,0.0,10.0,normal
2026-06-01T00:59:42Z,infra-2,node,system,thermald.service,0.3,0.0,0.3,0.0,0.0,0.0,0.0,0.0,0.0,0.0,0.0,0.0,9.0,normal
2026-06-01T00:59:42Z,infra-2,kube-system,nodelocaldns-jqbvl,node-cache,28.2,5.7,35.2,1.0,0.0,4922.0,3562.0,0.0,0.0,0.0,12.0,12.0,941.0,normal
2026-06-01T00:59:42Z,infra-2,longhorn-system,longhorn-csi-plugin-mvczb,longhorn-liveness-probe,3.0,2.1,0.0,0.0,0.0,224.0,274.0,0.0,0.0,0.0,0.0,0.0,143.0,normal
2026-06-01T00:59:42Z,infra-2,longhorn-system,longhorn-manager-8wlkh,longhorn-manager,93.9,23.6,0.2,0.1,0.0,437890.0,10142.0,0.0,0.0,0.0,0.0,0.0,3957.0,normal
2026-06-01T00:59:42Z,infra-2,node,system,multipathd.service,0.0,2.2,0.0,0.0,0.0,0.0,0.0,0.0,0.0,0.0,0.0,0.0,20.0,normal
2026-06-01T00:59:42Z,infra-2,node,system,init.scope,0.0,4.0,3.4,0.0,0.0,0.0,0.0,0.0,0.0,0.0,0.0,0.0,6.0,normal
2026-06-01T00:59:42Z,infra-2,unknown,pod-9014eb51,nginx-proxy,0.0,0.0,0.0,0.0,0.0,46408.0,46456.0,0.0,0.0,0.0,0.0,0.0,33.0,normal
2026-06-01T00:59:42Z,infra-2,node,system,cgroup,0.0,0.0,0.0,0.0,0.0,0.0,0.0,40.0,602112.0,0.5550892571428572,0.0,0.0,44998.0,normal
2026-06-01T00:59:42Z,infra-2,node,system,udisks2.service,0.0,0.0,0.0,0.0,0.0,0.0,0.0,0.0,0.0,0.0,0.0,0.0,3.0,normal
2026-06-01T00:59:42Z,infra-2,node,system,chrony.service,0.0,0.0,0.0,0.0,0.0,0.0,0.0,0.0,0.0,0.0,0.0,0.0,2.0,normal
2026-06-01T00:59:42Z,infra-2,node,system,dbus.service,0.0,0.0,0.0,0.0,0.0,0.0,0.0,0.0,0.0,0.0,0.0,0.0,9.0,normal
2026-06-01T00:59:42Z,infra-2,node,system,polkit.service,0.0,0.0,0.0,0.0,0.0,0.0,0.0,0.0,0.0,0.0,0.0,0.0,3.0,normal
2026-06-01T00:59:52Z,infra-2,monitoring,my-monitoring-prometheus-node-exporter-j2jh9,node-exporter,0.4,0.2,0.0,0.0,0.0,208.0,3254.0,0.0,0.0,0.0,0.0,0.0,19.0,normal
2026-06-01T00:59:52Z,infra-2,longhorn-system,instance-manager-9524f97f257d155c6fbc9114a7b0571e,instance-manager,179.2,2.3,10.2,0.4,0.0,468.0,455.0,0.0,0.0,0.0,6.0,6.0,295.0,normal
2026-06-01T00:59:52Z,infra-2,kube-system,kube-proxy-vkjjf,kube-proxy,2.0,0.4,0.0,0.0,0.0,14646.0,96.0,0.0,0.0,0.0,0.0,0.0,102.0,normal
2026-06-01T00:59:52Z,infra-2,node,system,containerd.service,413.8,151.8,215.6,0.0,0.0,0.0,0.0,0.0,0.0,0.0,35.0,322.0,14980.0,normal
2026-06-01T00:59:52Z,infra-2,kube-system,tetragon-hsmd6,export-stdout,5.8,4.5,0.0,0.0,0.0,0.0,0.0,0.0,0.0,0.0,0.0,0.0,10.0,normal
2026-06-01T00:59:52Z,infra-2,longhorn-system,engine-image-ei-843accdd-d7z8z,engine-image-ei-843accdd,12.4,1.0,12.8,0.0,0.0,0.0,0.0,0.0,0.0,0.0,10.0,22.0,609.0,normal
2026-06-01T00:59:52Z,infra-2,gpu-operator,gpu-operator-1764036362-node-feature-discovery-worker-x787x,worker,0.6,0.2,0.0,0.0,0.0,222.0,188.0,0.0,0.0,0.0,0.0,0.0,31.0,normal
2026-06-01T00:59:52Z,infra-2,longhorn-system,engine-image-ei-3154f3aa-xvvgq,engine-image-ei-3154f3aa,12.4,1.0,12.8,0.0,0.0,0.0,0.0,0.0,0.0,0.0,10.0,26.0,839.0,normal
2026-06-01T00:59:52Z,infra-2,ebpf-final,ebpf-collector-8kqsx,collector,0.2,0.7,0.3,0.1,0.0,10340.0,14028.0,0.0,0.0,0.0,0.0,0.0,12.0,normal
2026-06-01T00:59:52Z,infra-2,kube-system,kube-ovn-cni-mqq42,cni-server,426.2,23.1,455.2,0.4,0.0,185810.0,1247.0,0.0,0.0,0.0,138.0,160.0,4701.0,normal
2026-06-01T00:59:52Z,infra-2,kube-system,tetragon-hsmd6,tetragon,4.4,3.8,0.0,0.0,0.0,14957.0,239.0,0.0,0.0,0.0,0.0,0.0,11840.0,normal
2026-06-01T00:59:52Z,infra-2,longhorn-system,longhorn-csi-plugin-mvczb,longhorn-csi-plugin,2.6,1.2,0.0,0.0,0.0,0.0,0.0,0.0,0.0,0.0,0.0,0.0,73.0,normal
2026-06-01T00:59:52Z,infra-2,node,system,kubelet.service,378.5,35.4,124.1,1.2,0.0,39366.0,87985.0,0.0,0.0,0.0,0.0,0.0,6042.0,normal
2026-06-01T00:59:52Z,infra-2,kube-system,ovs-ovn-t4h8b,openvswitch,79.6,44.3,38.1,0.0,0.0,38.0,41.0,0.0,0.0,0.0,52.0,88.0,1059.0,normal
2026-06-01T00:59:52Z,infra-2,kube-system,kube-ovn-pinger-x7szv,pinger,47.0,19.8,13.3,0.2,0.0,116132.0,1579.0,0.0,8192.0,0.2684665,17.0,26.0,3276.0,normal
2026-06-01T00:59:52Z,infra-2,longhorn-system,longhorn-csi-plugin-mvczb,node-driver-registrar,0.2,0.2,0.0,0.0,0.0,0.0,0.0,0.0,0.0,0.0,0.0,0.0,10.0,normal
2026-06-01T00:59:52Z,infra-2,node,system,thermald.service,0.2,0.0,0.2,0.0,0.0,0.0,0.0,0.0,0.0,0.0,0.0,0.0,6.0,normal
2026-06-01T00:59:52Z,infra-2,kube-system,nodelocaldns-jqbvl,node-cache,12.9,4.3,0.3,1.0,0.0,4922.0,3562.0,0.0,0.0,0.0,0.0,0.0,619.0,normal
2026-06-01T00:59:52Z,infra-2,longhorn-system,longhorn-csi-plugin-mvczb,longhorn-liveness-probe,3.4,2.1,0.0,0.0,0.0,224.0,274.0,0.0,0.0,0.0,0.0,0.0,127.0,normal
2026-06-01T00:59:52Z,infra-2,longhorn-system,longhorn-manager-8wlkh,longhorn-manager,97.0,25.2,0.2,0.1,0.0,430804.0,10523.0,0.0,0.0,0.0,0.0,0.0,4099.0,normal
2026-06-01T00:59:52Z,infra-2,node,system,multipathd.service,0.0,2.1,0.0,0.0,0.0,0.0,0.0,0.0,0.0,0.0,0.0,0.0,20.0,normal
2026-06-01T00:59:52Z,infra-2,unknown,pod-9014eb51,nginx-proxy,0.0,0.0,0.0,0.0,0.0,48402.0,48450.0,0.0,0.0,0.0,0.0,0.0,31.0,normal
2026-06-01T00:59:52Z,infra-2,node,system,cgroup,0.0,0.0,0.0,0.0,0.0,0.0,0.0,32.0,212992.0,1.0311196,0.0,0.0,46620.0,normal
2026-06-01T00:59:52Z,infra-2,node,system,udisks2.service,0.0,0.0,0.0,0.0,0.0,0.0,0.0,0.0,0.0,0.0,0.0,0.0,2.0,normal
2026-06-01T00:59:52Z,infra-2,node,system,polkit.service,0.0,0.0,0.0,0.0,0.0,0.0,0.0,0.0,0.0,0.0,0.0,0.0,3.0,normal
2026-06-01T01:00:02Z,infra-2,monitoring,my-monitoring-prometheus-node-exporter-j2jh9,node-exporter,0.3,0.2,0.0,0.0,0.0,208.0,3254.0,0.0,0.0,0.0,0.0,0.0,16.0,normal
2026-06-01T01:00:02Z,infra-2,node,system,init.scope,8.3,2.2,9.9,0.0,0.0,0.0,0.0,0.0,0.0,0.0,1.0,2.0,9.0,normal
2026-06-01T01:00:02Z,infra-2,longhorn-system,instance-manager-9524f97f257d155c6fbc9114a7b0571e,instance-manager,192.8,6.2,11.3,0.5,0.0,1807.0,1582.0,0.0,0.0,0.0,7.0,7.0,489.0,normal
2026-06-01T01:00:02Z,infra-2,kube-system,kube-proxy-vkjjf,kube-proxy,2.3,0.3,0.0,0.0,0.0,14659.0,96.0,0.0,0.0,0.0,0.0,0.0,104.0,normal
2026-06-01T01:00:02Z,infra-2,node,system,containerd.service,409.5,153.3,209.5,0.0,0.0,0.0,0.0,0.0,0.0,0.0,31.0,284.0,13569.0,normal
2026-06-01T01:00:02Z,infra-2,kube-system,tetragon-hsmd6,export-stdout,17.7,16.2,0.0,0.0,0.0,0.0,0.0,0.0,0.0,0.0,0.0,0.0,10.0,normal
2026-06-01T01:00:02Z,infra-2,node,system,systemd-journald.service,1.1,0.1,1.0,0.0,0.0,0.0,0.0,0.0,0.0,0.0,0.0,0.0,5.0,normal
2026-06-01T01:00:02Z,infra-2,longhorn-system,engine-image-ei-843accdd-d7z8z,engine-image-ei-843accdd,15.2,1.2,15.7,0.0,0.0,0.0,0.0,0.0,0.0,0.0,12.0,27.0,772.0,normal
2026-06-01T01:00:02Z,infra-2,gpu-operator,gpu-operator-1764036362-node-feature-discovery-worker-x787x,worker,0.7,0.4,0.0,0.0,0.0,261.0,227.0,0.0,0.0,0.0,0.0,0.0,33.0,normal
2026-06-01T01:00:02Z,infra-2,longhorn-system,engine-image-ei-3154f3aa-xvvgq,engine-image-ei-3154f3aa,12.4,1.0,12.8,0.0,0.0,0.0,0.0,0.0,0.0,0.0,10.0,25.0,791.0,normal
2026-06-01T01:00:02Z,infra-2,ebpf-final,ebpf-collector-8kqsx,collector,131.4,0.8,123.1,0.1,0.0,182160.0,14064.0,0.0,0.0,0.0,0.0,0.0,133.0,normal
2026-06-01T01:00:02Z,infra-2,kube-system,kube-ovn-cni-mqq42,cni-server,365.1,26.3,422.4,0.2,0.0,204198.0,1200.0,0.0,0.0,0.0,169.0,179.0,4014.0,normal
2026-06-01T01:00:02Z,infra-2,kube-system,tetragon-hsmd6,tetragon,4.6,5.4,0.0,0.0,0.0,15313.0,239.0,0.0,0.0,0.0,0.0,0.0,11707.0,normal
2026-06-01T01:00:02Z,infra-2,longhorn-system,longhorn-csi-plugin-mvczb,longhorn-csi-plugin,2.8,1.4,0.0,0.0,0.0,0.0,0.0,0.0,0.0,0.0,0.0,0.0,66.0,normal
2026-06-01T01:00:02Z,infra-2,node,system,kubelet.service,336.0,35.9,122.6,1.2,0.0,37920.0,90490.0,0.0,0.0,0.0,0.0,0.0,6005.0,normal
2026-06-01T01:00:02Z,infra-2,unknown,unknown,unknown,14.7,2.8,10.4,0.0,0.0,0.0,0.0,16384.0,0.0,14.458525,2.0,0.0,5.0,normal
2026-06-01T01:00:02Z,infra-2,kube-system,ovs-ovn-t4h8b,openvswitch,78.9,42.8,37.8,0.0,0.0,38.0,41.0,0.0,0.0,0.0,52.0,88.0,1036.0,normal
2026-06-01T01:00:02Z,infra-2,kube-system,kube-ovn-pinger-x7szv,pinger,18.0,16.1,0.0,0.0,0.0,32411.0,375.0,0.0,12288.0,0.138568,0.0,0.0,3264.0,normal
2026-06-01T01:00:02Z,infra-2,longhorn-system,longhorn-csi-plugin-mvczb,node-driver-registrar,0.3,0.3,0.0,0.0,0.0,0.0,0.0,0.0,0.0,0.0,0.0,0.0,15.0,normal
2026-06-01T01:00:02Z,infra-2,node,system,thermald.service,0.3,0.0,0.3,0.0,0.0,0.0,0.0,0.0,0.0,0.0,0.0,0.0,9.0,normal
2026-06-01T01:00:02Z,infra-2,kube-system,nodelocaldns-jqbvl,node-cache,13.7,4.7,0.4,1.0,0.0,4922.0,3562.0,0.0,0.0,0.0,0.0,0.0,642.0,normal
2026-06-01T01:00:02Z,infra-2,longhorn-system,longhorn-csi-plugin-mvczb,longhorn-liveness-probe,3.2,2.1,0.0,0.0,0.0,224.0,274.0,0.0,0.0,0.0,0.0,0.0,208.0,normal
2026-06-01T01:00:02Z,infra-2,longhorn-system,longhorn-manager-8wlkh,longhorn-manager,166.2,33.1,18.9,0.3,0.0,474757.0,19435.0,0.0,0.0,0.0,2.0,8.0,4851.0,normal
2026-06-01T01:00:02Z,infra-2,node,system,multipathd.service,0.0,2.4,0.0,0.0,0.0,0.0,0.0,0.0,0.0,0.0,0.0,0.0,22.0,normal
2026-06-01T01:00:02Z,infra-2,node,system,rsyslog.service,0.0,0.3,0.0,0.0,0.0,0.0,0.0,0.0,0.0,0.0,0.0,0.0,6.0,normal
2026-06-01T01:00:02Z,infra-2,node,system,cgroup,0.0,0.0,0.0,0.0,0.2,0.0,0.0,4144.0,249856.0,0.20945872727272727,0.0,2.0,45156.0,normal
2026-06-01T01:00:02Z,infra-2,unknown,pod-9014eb51,nginx-proxy,0.0,0.0,0.0,0.0,0.0,46155.0,46203.0,0.0,0.0,0.0,0.0,0.0,32.0,normal
2026-06-01T01:00:02Z,infra-2,node,system,udisks2.service,0.0,0.0,0.0,0.0,0.0,0.0,0.0,0.0,0.0,0.0,0.0,0.0,3.0,normal
2026-06-01T01:00:02Z,infra-2,node,system,systemd-logind.service,0.0,0.0,0.0,0.0,0.0,0.0,0.0,0.0,0.0,0.0,0.0,0.0,16.0,normal
2026-06-01T01:00:02Z,infra-2,node,system,dbus.service,0.0,0.0,0.0,0.0,0.0,0.0,0.0,0.0,0.0,0.0,0.0,0.0,4.0,normal
2026-06-01T01:00:02Z,infra-2,node,system,polkit.service,0.0,0.0,0.0,0.0,0.0,0.0,0.0,0.0,0.0,0.0,0.0,0.0,3.0,normal
2026-06-01T01:00:02Z,infra-2,node,system,rpcbind.service,0.0,0.0,0.0,0.0,0.0,0.0,0.0,0.0,0.0,0.0,0.0,0.0,1.0,normal
2026-06-01T01:00:02Z,infra-2,node,system,cron.service,0.0,0.0,0.0,0.0,0.0,0.0,0.0,0.0,0.0,0.0,0.0,0.0,1.0,normal
2026-06-01T01:00:12Z,infra-2,monitoring,my-monitoring-prometheus-node-exporter-j2jh9,node-exporter,101.9,0.7,89.4,0.0,0.0,573.0,21667.0,0.0,0.0,0.0,0.0,0.0,170.0,normal
2026-06-01T01:00:12Z,infra-2,longhorn-system,instance-manager-9524f97f257d155c6fbc9114a7b0571e,instance-manager,180.2,2.4,10.2,0.4,0.0,468.0,455.0,0.0,0.0,0.0,6.0,6.0,250.0,normal
2026-06-01T01:00:12Z,infra-2,kube-system,kube-proxy-vkjjf,kube-proxy,53.0,3.3,147.7,0.0,0.0,14520.0,96.0,0.0,0.0,0.0,55.0,55.0,956.0,normal
2026-06-01T01:00:12Z,infra-2,node,system,containerd.service,475.1,155.5,252.7,0.0,0.0,0.0,0.0,0.0,0.0,0.0,34.0,315.0,15682.0,normal
2026-06-01T01:00:12Z,infra-2,kube-system,tetragon-hsmd6,export-stdout,8.1,6.7,0.0,0.0,0.0,0.0,0.0,0.0,0.0,0.0,0.0,0.0,10.0,normal
2026-06-01T01:00:12Z,infra-2,node,system,systemd-journald.service,0.1,0.0,0.0,0.0,0.0,0.0,0.0,0.0,0.0,0.0,0.0,0.0,1.0,normal
2026-06-01T01:00:12Z,infra-2,longhorn-system,engine-image-ei-843accdd-d7z8z,engine-image-ei-843accdd,12.4,1.0,12.8,0.0,0.0,0.0,0.0,0.0,0.0,0.0,10.0,22.0,651.0,normal
2026-06-01T01:00:12Z,infra-2,gpu-operator,gpu-operator-1764036362-node-feature-discovery-worker-x787x,worker,0.6,0.2,0.0,0.0,0.0,222.0,188.0,0.0,0.0,0.0,0.0,0.0,31.0,normal
2026-06-01T01:00:12Z,infra-2,longhorn-system,engine-image-ei-3154f3aa-xvvgq,engine-image-ei-3154f3aa,12.4,1.0,12.8,0.0,0.0,0.0,0.0,0.0,0.0,0.0,10.0,26.0,806.0,normal
2026-06-01T01:00:12Z,infra-2,ebpf-final,ebpf-collector-8kqsx,collector,0.2,0.7,0.3,0.1,0.0,12073.0,16395.0,0.0,0.0,0.0,0.0,0.0,11.0,normal
2026-06-01T01:00:12Z,infra-2,kube-system,kube-ovn-cni-mqq42,cni-server,317.2,23.3,347.2,0.4,0.0,203900.0,1200.0,0.0,0.0,0.0,132.0,153.0,4351.0,normal
2026-06-01T01:00:12Z,infra-2,kube-system,tetragon-hsmd6,tetragon,4.5,3.7,0.1,0.0,0.0,15077.0,371.0,0.0,0.0,0.0,0.0,0.0,12594.0,normal
2026-06-01T01:00:12Z,infra-2,longhorn-system,longhorn-csi-plugin-mvczb,longhorn-csi-plugin,2.3,1.2,0.0,0.0,0.0,0.0,0.0,0.0,0.0,0.0,0.0,0.0,123.0,normal
2026-06-01T01:00:12Z,infra-2,node,system,kubelet.service,368.8,37.8,131.9,1.2,0.0,42949.0,115423.0,0.0,0.0,0.0,0.0,0.0,5788.0,normal
2026-06-01T01:00:12Z,infra-2,kube-system,ovs-ovn-t4h8b,openvswitch,79.2,42.4,37.9,0.0,0.0,38.0,41.0,0.0,0.0,0.0,52.0,88.0,1039.0,normal
2026-06-01T01:00:12Z,infra-2,kube-system,kube-ovn-pinger-x7szv,pinger,50.1,21.3,13.2,0.2,0.0,115821.0,1579.0,0.0,12288.0,0.1327235,17.0,26.0,3865.0,normal
2026-06-01T01:00:12Z,infra-2,longhorn-system,longhorn-csi-plugin-mvczb,node-driver-registrar,0.2,0.2,0.0,0.0,0.0,0.0,0.0,0.0,0.0,0.0,0.0,0.0,10.0,normal
2026-06-01T01:00:12Z,infra-2,node,system,thermald.service,0.2,0.0,0.2,0.0,0.0,0.0,0.0,0.0,0.0,0.0,0.0,0.0,6.0,normal
2026-06-01T01:00:12Z,infra-2,kube-system,nodelocaldns-jqbvl,node-cache,13.1,4.8,0.3,1.0,0.0,4922.0,3562.0,0.0,0.0,0.0,0.0,0.0,654.0,normal
2026-06-01T01:00:12Z,infra-2,longhorn-system,longhorn-csi-plugin-mvczb,longhorn-liveness-probe,3.5,2.3,0.0,0.0,0.0,224.0,274.0,0.0,0.0,0.0,0.0,0.0,140.0,normal
2026-06-01T01:00:12Z,infra-2,longhorn-system,longhorn-manager-8wlkh,longhorn-manager,103.0,25.1,0.2,0.1,0.0,467239.0,11384.0,0.0,0.0,0.0,0.0,0.0,4243.0,normal
2026-06-01T01:00:12Z,infra-2,node,system,multipathd.service,0.0,2.2,0.0,0.0,0.0,0.0,0.0,0.0,0.0,0.0,0.0,0.0,20.0,normal
2026-06-01T01:00:12Z,infra-2,unknown,pod-9014eb51,nginx-proxy,0.0,0.0,0.0,0.0,0.0,52073.0,52121.0,0.0,0.0,0.0,0.0,0.0,36.0,normal
2026-06-01T01:00:12Z,infra-2,node,system,cgroup,0.0,0.0,0.0,0.0,0.0,0.0,0.0,40.0,790528.0,0.3804990303030303,0.0,0.0,47397.0,normal
2026-06-01T01:00:12Z,infra-2,node,system,udisks2.service,0.0,0.0,0.0,0.0,0.0,0.0,0.0,0.0,0.0,0.0,0.0,0.0,2.0,normal
2026-06-01T01:00:12Z,infra-2,node,system,polkit.service,0.0,0.0,0.0,0.0,0.0,0.0,0.0,0.0,0.0,0.0,0.0,0.0,3.0,normal
2026-06-01T01:00:22Z,infra-2,monitoring,my-monitoring-prometheus-node-exporter-j2jh9,node-exporter,0.4,0.2,0.0,0.0,0.0,208.0,3254.0,0.0,0.0,0.0,0.0,0.0,18.0,normal
2026-06-01T01:00:22Z,infra-2,longhorn-system,instance-manager-9524f97f257d155c6fbc9114a7b0571e,instance-manager,12.4,1.3,1.2,0.0,0.0,468.0,395.0,0.0,0.0,0.0,1.0,1.0,152.0,normal
2026-06-01T01:00:22Z,infra-2,kube-system,kube-proxy-vkjjf,kube-proxy,2.0,0.4,0.0,0.0,0.0,14642.0,96.0,0.0,0.0,0.0,0.0,0.0,77.0,normal
2026-06-01T01:00:22Z,infra-2,node,system,containerd.service,375.7,132.9,202.8,0.0,0.0,0.0,0.0,0.0,0.0,0.0,28.0,257.0,13185.0,normal
2026-06-01T01:00:22Z,infra-2,kube-system,tetragon-hsmd6,export-stdout,5.1,3.9,0.0,0.0,0.0,0.0,0.0,0.0,0.0,0.0,0.0,0.0,10.0,normal
2026-06-01T01:00:22Z,infra-2,longhorn-system,engine-image-ei-843accdd-d7z8z,engine-image-ei-843accdd,12.4,1.0,12.8,0.0,0.0,0.0,0.0,0.0,0.0,0.0,10.0,23.0,640.0,normal
2026-06-01T01:00:22Z,infra-2,gpu-operator,gpu-operator-1764036362-node-feature-discovery-worker-x787x,worker,0.5,0.2,0.0,0.0,0.0,222.0,188.0,0.0,0.0,0.0,0.0,0.0,29.0,normal
2026-06-01T01:00:22Z,infra-2,longhorn-system,engine-image-ei-3154f3aa-xvvgq,engine-image-ei-3154f3aa,12.4,1.0,12.8,0.0,0.0,0.0,0.0,0.0,0.0,0.0,10.0,26.0,770.0,normal
2026-06-01T01:00:22Z,infra-2,ebpf-final,ebpf-collector-8kqsx,collector,0.2,0.7,0.3,0.1,0.0,9665.0,13111.0,0.0,0.0,0.0,0.0,0.0,9.0,normal
2026-06-01T01:00:22Z,infra-2,kube-system,kube-ovn-cni-mqq42,cni-server,318.2,22.5,348.4,0.2,0.0,204197.0,1200.0,0.0,0.0,0.0,133.0,144.0,3498.0,normal
2026-06-01T01:00:22Z,infra-2,kube-system,tetragon-hsmd6,tetragon,4.1,3.3,0.0,0.0,0.0,14930.0,373.0,0.0,0.0,0.0,0.0,0.0,11433.0,normal
2026-06-01T01:00:22Z,infra-2,longhorn-system,longhorn-csi-plugin-mvczb,longhorn-csi-plugin,2.4,1.1,0.0,0.0,0.0,0.0,0.0,0.0,0.0,0.0,0.0,0.0,80.0,normal
2026-06-01T01:00:22Z,infra-2,node,system,kubelet.service,382.8,34.9,140.0,1.2,0.0,38460.0,87462.0,0.0,0.0,0.0,2.0,2.0,5644.0,normal
2026-06-01T01:00:22Z,infra-2,kube-system,ovs-ovn-t4h8b,openvswitch,80.7,44.3,37.9,0.0,0.0,38.0,41.0,0.0,0.0,0.0,52.0,88.0,1072.0,normal
2026-06-01T01:00:22Z,infra-2,kube-system,kube-ovn-pinger-x7szv,pinger,52.5,22.7,13.2,0.2,0.0,115910.0,1579.0,0.0,12288.0,0.155431,17.0,26.0,3874.0,normal
2026-06-01T01:00:22Z,infra-2,longhorn-system,longhorn-csi-plugin-mvczb,node-driver-registrar,0.2,0.2,0.0,0.0,0.0,0.0,0.0,0.0,0.0,0.0,0.0,0.0,10.0,normal
2026-06-01T01:00:22Z,infra-2,node,system,thermald.service,0.3,0.0,0.3,0.0,0.0,0.0,0.0,0.0,0.0,0.0,0.0,0.0,9.0,normal
2026-06-01T01:00:22Z,infra-2,kube-system,nodelocaldns-jqbvl,node-cache,13.2,4.7,0.3,1.0,0.0,4922.0,3562.0,0.0,0.0,0.0,0.0,0.0,633.0,normal
2026-06-01T01:00:22Z,infra-2,longhorn-system,longhorn-csi-plugin-mvczb,longhorn-liveness-probe,2.8,1.9,0.0,0.0,0.0,224.0,274.0,0.0,0.0,0.0,0.0,0.0,141.0,normal
2026-06-01T01:00:22Z,infra-2,longhorn-system,longhorn-manager-8wlkh,longhorn-manager,102.4,26.5,0.2,0.1,0.1,467630.0,10831.0,0.0,0.0,0.0,0.0,0.0,4175.0,normal
2026-06-01T01:00:22Z,infra-2,node,system,multipathd.service,0.0,2.2,0.0,0.0,0.0,0.0,0.0,0.0,0.0,0.0,0.0,0.0,20.0,normal
2026-06-01T01:00:22Z,infra-2,unknown,pod-9014eb51,nginx-proxy,0.0,0.0,0.0,0.0,0.0,46906.0,46954.0,0.0,0.0,0.0,0.0,0.0,32.0,normal
2026-06-01T01:00:22Z,infra-2,node,system,cgroup,0.0,0.0,0.0,0.0,0.0,0.0,0.0,32.0,393216.0,0.5508477111111111,0.0,0.0,44458.0,normal
2026-06-01T01:00:22Z,infra-2,node,system,udisks2.service,0.0,0.0,0.0,0.0,0.0,0.0,0.0,0.0,0.0,0.0,0.0,0.0,3.0,normal
2026-06-01T01:00:22Z,infra-2,node,system,rsyslog.service,0.0,0.0,0.0,0.0,0.0,0.0,0.0,0.0,0.0,0.0,0.0,0.0,1.0,normal
2026-06-01T01:00:22Z,infra-2,node,system,polkit.service,0.0,0.0,0.0,0.0,0.0,0.0,0.0,0.0,0.0,0.0,0.0,0.0,3.0,normal
2026-06-01T01:00:33Z,infra-2,monitoring,my-monitoring-prometheus-node-exporter-j2jh9,node-exporter,0.2,0.2,0.0,0.0,0.0,208.0,3254.0,0.0,0.0,0.0,0.0,0.0,14.0,normal
2026-06-01T01:00:33Z,infra-2,longhorn-system,instance-manager-9524f97f257d155c6fbc9114a7b0571e,instance-manager,189.6,4.5,11.3,0.4,0.0,1334.0,1127.0,0.0,0.0,0.0,7.0,7.0,504.0,normal
2026-06-01T01:00:33Z,infra-2,kube-system,kube-proxy-vkjjf,kube-proxy,1.5,0.4,0.0,0.0,0.0,14520.0,96.0,0.0,0.0,0.0,0.0,0.0,91.0,normal
2026-06-01T01:00:33Z,infra-2,node,system,containerd.service,407.6,152.9,206.9,0.0,0.0,0.0,0.0,0.0,0.0,0.0,30.0,278.0,13881.0,normal
2026-06-01T01:00:33Z,infra-2,kube-system,tetragon-hsmd6,export-stdout,19.7,18.1,0.0,0.0,0.0,0.0,0.0,0.0,0.0,0.0,0.0,0.0,11.0,normal
2026-06-01T01:00:33Z,infra-2,longhorn-system,engine-image-ei-843accdd-d7z8z,engine-image-ei-843accdd,12.4,1.0,12.8,0.0,0.0,0.0,0.0,0.0,0.0,0.0,10.0,22.0,635.0,normal
2026-06-01T01:00:33Z,infra-2,gpu-operator,gpu-operator-1764036362-node-feature-discovery-worker-x787x,worker,54.6,4.1,25.4,0.0,0.0,135978.0,1763.0,0.0,0.0,0.0,0.0,0.0,577.0,normal
2026-06-01T01:00:33Z,infra-2,longhorn-system,engine-image-ei-3154f3aa-xvvgq,engine-image-ei-3154f3aa,12.4,1.0,12.8,0.0,0.0,0.0,0.0,0.0,0.0,0.0,10.0,26.0,884.0,normal
2026-06-01T01:00:33Z,infra-2,ebpf-final,ebpf-collector-8kqsx,collector,131.7,0.8,123.2,0.1,0.0,182497.0,14538.0,0.0,0.0,0.0,0.0,0.0,140.0,normal
2026-06-01T01:00:33Z,infra-2,kube-system,kube-ovn-cni-mqq42,cni-server,366.0,26.6,422.4,0.2,0.0,203900.0,1200.0,0.0,0.0,0.0,169.0,179.0,4132.0,normal
2026-06-01T01:00:33Z,infra-2,kube-system,tetragon-hsmd6,tetragon,4.5,5.8,0.0,0.0,0.0,15208.0,1375.0,0.0,0.0,0.0,0.0,0.0,11835.0,normal
2026-06-01T01:00:33Z,infra-2,longhorn-system,longhorn-csi-plugin-mvczb,longhorn-csi-plugin,2.3,1.0,0.0,0.0,0.0,0.0,0.0,0.0,0.0,0.0,0.0,0.0,57.0,normal
2026-06-01T01:00:33Z,infra-2,node,system,kubelet.service,353.3,35.5,125.2,1.2,0.0,39199.0,90442.0,0.0,0.0,0.0,0.0,0.0,6083.0,normal
2026-06-01T01:00:33Z,infra-2,kube-system,ovs-ovn-t4h8b,openvswitch,82.1,45.2,38.0,0.0,0.0,38.0,41.0,0.0,0.0,0.0,52.0,88.0,1117.0,normal
2026-06-01T01:00:33Z,infra-2,kube-system,kube-ovn-pinger-x7szv,pinger,47.7,19.5,13.2,0.2,0.0,115943.0,1579.0,0.0,12288.0,0.134264,17.0,26.0,3547.0,normal
2026-06-01T01:00:33Z,infra-2,longhorn-system,longhorn-csi-plugin-mvczb,node-driver-registrar,0.2,0.2,0.0,0.0,0.0,0.0,0.0,0.0,0.0,0.0,0.0,0.0,10.0,normal
2026-06-01T01:00:33Z,infra-2,node,system,thermald.service,0.2,0.0,0.2,0.0,0.0,0.0,0.0,0.0,0.0,0.0,0.0,0.0,6.0,normal
2026-06-01T01:00:33Z,infra-2,kube-system,nodelocaldns-jqbvl,node-cache,14.5,5.0,0.4,1.1,0.0,5145.0,3785.0,0.0,0.0,0.0,0.0,0.0,772.0,normal
2026-06-01T01:00:33Z,infra-2,longhorn-system,longhorn-csi-plugin-mvczb,longhorn-liveness-probe,2.9,2.1,0.0,0.0,0.0,224.0,274.0,0.0,0.0,0.0,0.0,0.0,184.0,normal
2026-06-01T01:00:33Z,infra-2,longhorn-system,longhorn-manager-8wlkh,longhorn-manager,163.5,29.4,19.1,0.3,0.0,476839.0,19743.0,0.0,0.0,0.0,2.0,9.0,4894.0,normal
2026-06-01T01:00:33Z,infra-2,node,system,multipathd.service,0.0,2.1,0.0,0.0,0.0,0.0,0.0,0.0,0.0,0.0,0.0,0.0,21.0,normal
2026-06-01T01:00:33Z,infra-2,unknown,pod-9014eb51,nginx-proxy,0.0,0.0,0.0,0.0,0.0,46280.0,46328.0,0.0,0.0,0.0,0.0,0.0,27.0,normal
2026-06-01T01:00:33Z,infra-2,node,system,cgroup,0.0,0.0,0.0,0.0,0.0,0.0,0.0,40.0,520192.0,0.3136941538461539,0.0,0.0,46863.0,normal
2026-06-01T01:00:33Z,infra-2,node,system,udisks2.service,0.0,0.0,0.0,0.0,0.0,0.0,0.0,0.0,0.0,0.0,0.0,0.0,2.0,normal
2026-06-01T01:00:33Z,infra-2,node,system,polkit.service,0.0,0.0,0.0,0.0,0.0,0.0,0.0,0.0,0.0,0.0,0.0,0.0,2.0,normal
2026-06-01T01:00:33Z,infra-2,node,system,rpcbind.service,0.0,0.0,0.0,0.0,0.0,0.0,0.0,0.0,0.0,0.0,0.0,0.0,1.0,normal
2026-06-01T01:00:43Z,infra-2,monitoring,my-monitoring-prometheus-node-exporter-j2jh9,node-exporter,101.9,0.7,89.4,0.0,0.0,573.0,21654.0,0.0,0.0,0.0,0.0,0.0,168.0,normal
2026-06-01T01:00:43Z,infra-2,node,system,init.scope,0.8,4.0,3.8,0.0,0.0,0.0,0.0,0.0,0.0,0.0,0.0,0.0,7.0,normal
2026-06-01T01:00:43Z,infra-2,longhorn-system,instance-manager-9524f97f257d155c6fbc9114a7b0571e,instance-manager,179.8,2.6,10.2,0.4,0.0,468.0,455.0,0.0,0.0,0.0,6.0,6.0,272.0,normal
2026-06-01T01:00:43Z,infra-2,kube-system,kube-proxy-vkjjf,kube-proxy,2.0,0.4,0.0,0.0,0.0,14645.0,96.0,0.0,0.0,0.0,0.0,0.0,82.0,normal
2026-06-01T01:00:43Z,infra-2,node,system,systemd-resolved.service,0.1,0.0,0.0,0.0,0.0,0.0,0.0,0.0,0.0,0.0,0.0,0.0,1.0,normal
2026-06-01T01:00:43Z,infra-2,node,system,containerd.service,473.3,155.5,252.4,0.0,0.0,0.0,0.0,0.0,0.0,0.0,34.0,312.0,15433.0,normal
2026-06-01T01:00:43Z,infra-2,kube-system,tetragon-hsmd6,export-stdout,8.1,6.7,0.0,0.0,0.0,0.0,0.0,0.0,0.0,0.0,0.0,0.0,10.0,normal
2026-06-01T01:00:43Z,infra-2,node,system,udev,0.1,0.0,0.0,0.0,0.0,0.0,0.0,0.0,0.0,0.0,0.0,0.0,1.0,normal
2026-06-01T01:00:43Z,infra-2,node,system,systemd-journald.service,3.1,0.0,2.1,0.0,0.0,0.0,0.0,0.0,8192.0,0.1340265,0.0,1.0,14.0,normal
2026-06-01T01:00:43Z,infra-2,longhorn-system,engine-image-ei-843accdd-d7z8z,engine-image-ei-843accdd,12.4,1.0,12.8,0.0,0.0,0.0,0.0,0.0,0.0,0.0,10.0,22.0,644.0,normal
2026-06-01T01:00:43Z,infra-2,gpu-operator,gpu-operator-1764036362-node-feature-discovery-worker-x787x,worker,0.5,0.2,0.0,0.0,0.0,222.0,188.0,0.0,0.0,0.0,0.0,0.0,33.0,normal
2026-06-01T01:00:43Z,infra-2,longhorn-system,engine-image-ei-3154f3aa-xvvgq,engine-image-ei-3154f3aa,12.4,1.0,12.8,0.0,0.0,0.0,0.0,0.0,0.0,0.0,10.0,26.0,808.0,normal
2026-06-01T01:00:43Z,infra-2,ebpf-final,ebpf-collector-8kqsx,collector,0.2,0.7,0.3,0.1,0.0,9658.0,13107.0,0.0,0.0,0.0,0.0,0.0,11.0,normal
2026-06-01T01:00:43Z,infra-2,kube-system,kube-ovn-cni-mqq42,cni-server,316.1,22.6,347.2,0.4,0.0,204047.0,1200.0,0.0,0.0,0.0,132.0,152.0,4576.0,normal
2026-06-01T01:00:43Z,infra-2,node,system,systemd-networkd.service,0.1,0.0,0.0,0.0,0.0,0.0,0.0,0.0,0.0,0.0,0.0,0.0,1.0,normal
2026-06-01T01:00:43Z,infra-2,kube-system,tetragon-hsmd6,tetragon,5.6,4.0,0.4,0.0,0.0,15175.0,21826.0,0.0,0.0,0.0,0.0,0.0,12051.0,normal
2026-06-01T01:00:43Z,infra-2,longhorn-system,longhorn-csi-plugin-mvczb,longhorn-csi-plugin,2.6,1.2,0.0,0.0,0.0,0.0,0.0,0.0,0.0,0.0,0.0,0.0,66.0,normal
2026-06-01T01:00:43Z,infra-2,node,system,kubelet.service,355.4,37.3,131.4,1.2,0.0,38379.0,113121.0,0.0,0.0,0.0,0.0,0.0,5952.0,normal
2026-06-01T01:00:43Z,infra-2,kube-system,ovs-ovn-t4h8b,openvswitch,83.3,45.5,37.9,0.0,0.0,38.0,41.0,0.0,0.0,0.0,52.0,88.0,1076.0,normal
2026-06-01T01:00:43Z,infra-2,kube-system,kube-ovn-pinger-x7szv,pinger,51.4,22.4,13.2,0.2,0.0,115832.0,1579.0,0.0,12288.0,0.1380485,17.0,26.0,3575.0,normal
2026-06-01T01:00:43Z,infra-2,longhorn-system,longhorn-csi-plugin-mvczb,node-driver-registrar,0.2,0.2,0.0,0.0,0.0,0.0,0.0,0.0,0.0,0.0,0.0,0.0,10.0,normal
2026-06-01T01:00:43Z,infra-2,node,system,thermald.service,0.3,0.0,0.3,0.0,0.0,0.0,0.0,0.0,0.0,0.0,0.0,0.0,9.0,normal
2026-06-01T01:00:43Z,infra-2,kube-system,nodelocaldns-jqbvl,node-cache,27.8,5.6,35.1,1.0,0.0,4922.0,3562.0,0.0,0.0,0.0,12.0,12.0,816.0,normal
2026-06-01T01:00:43Z,infra-2,longhorn-system,longhorn-csi-plugin-mvczb,longhorn-liveness-probe,2.8,2.0,0.0,0.0,0.0,224.0,274.0,0.0,0.0,0.0,0.0,0.0,120.0,normal
2026-06-01T01:00:43Z,infra-2,longhorn-system,longhorn-manager-8wlkh,longhorn-manager,100.6,26.0,0.1,0.1,0.0,467013.0,10293.0,0.0,0.0,0.0,0.0,0.0,4182.0,normal
2026-06-01T01:00:43Z,infra-2,node,system,multipathd.service,0.0,2.2,0.0,0.0,0.0,0.0,0.0,0.0,0.0,0.0,0.0,0.0,20.0,normal
2026-06-01T01:00:43Z,infra-2,node,system,rsyslog.service,0.0,0.3,0.0,0.0,0.0,0.0,0.0,0.0,0.0,0.0,0.0,0.0,6.0,normal
2026-06-01T01:00:43Z,infra-2,unknown,pod-9014eb51,nginx-proxy,0.0,0.0,0.0,0.0,0.0,46359.0,46407.0,0.0,0.0,0.0,0.0,0.0,24.0,normal
2026-06-01T01:00:43Z,infra-2,node,system,cgroup,0.0,0.0,0.0,0.0,0.0,0.0,0.0,40.0,405504.0,1.9297221578947368,0.0,0.0,46268.0,normal
2026-06-01T01:00:43Z,infra-2,node,system,udisks2.service,0.0,0.0,0.0,0.0,0.0,0.0,0.0,0.0,0.0,0.0,0.0,0.0,3.0,normal
2026-06-01T01:00:43Z,infra-2,node,system,dbus.service,0.0,0.0,0.0,0.0,0.0,0.0,0.0,0.0,0.0,0.0,0.0,0.0,9.0,normal
2026-06-01T01:00:43Z,infra-2,node,system,polkit.service,0.0,0.0,0.0,0.0,0.0,0.0,0.0,0.0,0.0,0.0,0.0,0.0,3.0,normal
2026-06-01T01:00:53Z,infra-2,monitoring,my-monitoring-prometheus-node-exporter-j2jh9,node-exporter,0.3,0.2,0.0,0.0,0.0,208.0,3254.0,0.0,0.0,0.0,0.0,0.0,14.0,normal
2026-06-01T01:00:53Z,infra-2,longhorn-system,instance-manager-9524f97f257d155c6fbc9114a7b0571e,instance-manager,179.7,2.6,10.2,0.4,0.0,468.0,455.0,0.0,0.0,0.0,6.0,6.0,297.0,normal
2026-06-01T01:00:53Z,infra-2,kube-system,kube-proxy-vkjjf,kube-proxy,1.9,0.5,0.0,0.0,0.0,14646.0,96.0,0.0,0.0,0.0,0.0,0.0,121.0,normal
2026-06-01T01:00:53Z,infra-2,node,system,containerd.service,383.8,137.6,206.5,0.0,0.0,0.0,0.0,0.0,0.0,0.0,30.0,275.0,13221.0,normal
2026-06-01T01:00:53Z,infra-2,kube-system,tetragon-hsmd6,export-stdout,5.8,4.5,0.0,0.0,0.0,0.0,0.0,0.0,0.0,0.0,0.0,0.0,11.0,normal
2026-06-01T01:00:53Z,infra-2,node,system,systemd-journald.service,0.1,0.0,0.0,0.0,0.0,0.0,0.0,0.0,0.0,0.0,0.0,0.0,2.0,normal
2026-06-01T01:00:53Z,infra-2,longhorn-system,engine-image-ei-843accdd-d7z8z,engine-image-ei-843accdd,12.4,1.0,12.8,0.0,0.0,0.0,0.0,0.0,0.0,0.0,10.0,22.0,642.0,normal
2026-06-01T01:00:53Z,infra-2,gpu-operator,gpu-operator-1764036362-node-feature-discovery-worker-x787x,worker,0.7,0.3,0.0,0.0,0.0,222.0,188.0,0.0,0.0,0.0,0.0,0.0,33.0,normal
2026-06-01T01:00:53Z,infra-2,longhorn-system,engine-image-ei-3154f3aa-xvvgq,engine-image-ei-3154f3aa,12.4,1.0,12.8,0.0,0.0,0.0,0.0,0.0,0.0,0.0,10.0,26.0,853.0,normal
2026-06-01T01:00:53Z,infra-2,ebpf-final,ebpf-collector-8kqsx,collector,0.2,0.7,0.3,0.1,0.0,11755.0,15931.0,0.0,0.0,0.0,0.0,0.0,11.0,normal
2026-06-01T01:00:53Z,infra-2,kube-system,kube-ovn-cni-mqq42,cni-server,321.1,23.0,349.7,0.2,0.0,204047.0,1200.0,0.0,0.0,0.0,134.0,144.0,3623.0,normal
2026-06-01T01:00:53Z,infra-2,kube-system,tetragon-hsmd6,tetragon,3.3,3.0,0.0,0.0,0.0,14810.0,239.0,0.0,0.0,0.0,0.0,0.0,10901.0,normal
2026-06-01T01:00:53Z,infra-2,longhorn-system,longhorn-csi-plugin-mvczb,longhorn-csi-plugin,2.4,1.2,0.0,0.0,0.0,0.0,0.0,0.0,0.0,0.0,0.0,0.0,69.0,normal
2026-06-01T01:00:53Z,infra-2,node,system,kubelet.service,350.7,36.0,122.0,1.2,0.0,37924.0,87243.0,0.0,0.0,0.0,0.0,0.0,5379.0,normal
2026-06-01T01:00:53Z,infra-2,kube-system,ovs-ovn-t4h8b,openvswitch,80.2,44.8,38.1,0.0,0.0,38.0,41.0,0.0,0.0,0.0,52.0,88.0,1015.0,normal
2026-06-01T01:00:53Z,infra-2,kube-system,kube-ovn-pinger-x7szv,pinger,50.8,22.1,13.3,0.2,0.0,115904.0,1579.0,0.0,12288.0,0.1616715,17.0,26.0,3595.0,normal
2026-06-01T01:00:53Z,infra-2,longhorn-system,longhorn-csi-plugin-mvczb,node-driver-registrar,0.2,0.2,0.0,0.0,0.0,0.0,0.0,0.0,0.0,0.0,0.0,0.0,10.0,normal
2026-06-01T01:00:53Z,infra-2,node,system,thermald.service,0.2,0.0,0.2,0.0,0.0,0.0,0.0,0.0,0.0,0.0,0.0,0.0,6.0,normal
2026-06-01T01:00:53Z,infra-2,kube-system,nodelocaldns-jqbvl,node-cache,13.0,4.3,0.3,1.0,0.0,4922.0,3562.0,0.0,0.0,0.0,0.0,0.0,669.0,normal
2026-06-01T01:00:53Z,infra-2,longhorn-system,longhorn-csi-plugin-mvczb,longhorn-liveness-probe,3.1,1.8,0.0,0.0,0.0,224.0,274.0,0.0,0.0,0.0,0.0,0.0,151.0,normal
2026-06-01T01:00:53Z,infra-2,longhorn-system,longhorn-manager-8wlkh,longhorn-manager,103.2,25.5,0.2,0.1,0.0,468026.0,10719.0,0.0,0.0,0.0,0.0,0.0,4196.0,normal
2026-06-01T01:00:53Z,infra-2,node,system,multipathd.service,0.0,2.2,0.0,0.0,0.0,0.0,0.0,0.0,0.0,0.0,0.0,0.0,20.0,normal
2026-06-01T01:00:53Z,infra-2,node,system,rsyslog.service,0.0,0.2,0.0,0.0,0.0,0.0,0.0,0.0,0.0,0.0,0.0,0.0,3.0,normal
2026-06-01T01:00:53Z,infra-2,unknown,pod-9014eb51,nginx-proxy,0.0,0.0,0.0,0.0,0.0,46188.0,46236.0,0.0,0.0,0.0,0.0,0.0,24.0,normal
2026-06-01T01:00:53Z,infra-2,node,system,cgroup,0.0,0.0,0.0,0.0,0.0,0.0,0.0,40.0,610304.0,0.7846007407407408,0.0,0.0,43630.0,normal
2026-06-01T01:00:53Z,infra-2,node,system,udisks2.service,0.0,0.0,0.0,0.0,0.0,0.0,0.0,0.0,0.0,0.0,0.0,0.0,2.0,normal
2026-06-01T01:00:53Z,infra-2,node,system,polkit.service,0.0,0.0,0.0,0.0,0.0,0.0,0.0,0.0,0.0,0.0,0.0,0.0,2.0,normal
2026-06-01T01:01:03Z,infra-2,monitoring,my-monitoring-prometheus-node-exporter-j2jh9,node-exporter,0.3,0.2,0.0,0.0,0.0,208.0,3254.0,0.0,0.0,0.0,0.0,0.0,13.0,normal
2026-06-01T01:01:03Z,infra-2,longhorn-system,instance-manager-9524f97f257d155c6fbc9114a7b0571e,instance-manager,194.2,6.4,11.3,0.5,0.0,1807.0,1581.0,0.0,0.0,0.0,7.0,7.0,496.0,normal
2026-06-01T01:01:03Z,infra-2,kube-system,kube-proxy-vkjjf,kube-proxy,1.9,0.4,0.0,0.0,0.0,14659.0,96.0,0.0,0.0,0.0,0.0,0.0,51.0,normal
2026-06-01T01:01:03Z,infra-2,node,system,containerd.service,555.4,172.3,290.8,0.0,0.0,0.0,0.0,0.0,0.0,0.0,34.0,315.0,16609.0,normal
2026-06-01T01:01:03Z,infra-2,kube-system,tetragon-hsmd6,export-stdout,17.0,15.6,0.0,0.0,0.0,0.0,0.0,0.0,0.0,0.0,0.0,0.0,10.0,normal
2026-06-01T01:01:03Z,infra-2,node,system,systemd-journald.service,1.4,0.0,1.0,0.0,0.0,0.0,0.0,0.0,0.0,0.0,0.0,0.0,3.0,normal
2026-06-01T01:01:03Z,infra-2,longhorn-system,engine-image-ei-843accdd-d7z8z,engine-image-ei-843accdd,12.4,1.0,12.8,0.0,0.0,0.0,0.0,0.0,0.0,0.0,10.0,22.0,605.0,normal
2026-06-01T01:01:03Z,infra-2,gpu-operator,gpu-operator-1764036362-node-feature-discovery-worker-x787x,worker,0.7,0.4,0.0,0.0,0.0,261.0,227.0,0.0,0.0,0.0,0.0,0.0,80.0,normal
2026-06-01T01:01:03Z,infra-2,longhorn-system,engine-image-ei-3154f3aa-xvvgq,engine-image-ei-3154f3aa,12.4,1.0,12.8,0.0,0.0,0.0,0.0,0.0,0.0,0.0,10.0,26.0,807.0,normal
2026-06-01T01:01:03Z,infra-2,ebpf-final,ebpf-collector-8kqsx,collector,132.1,0.8,123.1,0.1,0.0,182856.0,15022.0,0.0,0.0,0.0,0.0,0.0,138.0,normal
2026-06-01T01:01:03Z,infra-2,kube-system,kube-ovn-cni-mqq42,cni-server,315.2,23.0,347.2,0.4,0.0,204198.0,1200.0,0.0,0.0,0.0,132.0,154.0,4413.0,normal
2026-06-01T01:01:03Z,infra-2,kube-system,tetragon-hsmd6,tetragon,4.3,5.6,0.0,0.0,0.0,14971.0,239.0,0.0,0.0,0.0,0.0,0.0,11776.0,normal
2026-06-01T01:01:03Z,infra-2,longhorn-system,longhorn-csi-plugin-mvczb,longhorn-csi-plugin,2.7,1.7,0.0,0.0,0.0,0.0,0.0,0.0,0.0,0.0,0.0,0.0,73.0,normal
2026-06-01T01:01:03Z,infra-2,node,system,kubelet.service,379.6,40.3,133.6,1.2,0.0,40421.0,120391.0,0.0,0.0,0.0,0.0,0.0,6232.0,normal
2026-06-01T01:01:03Z,infra-2,kube-system,ovs-ovn-t4h8b,openvswitch,81.8,44.2,38.2,0.0,0.0,38.0,41.0,0.0,0.0,0.0,52.0,88.0,1072.0,normal
2026-06-01T01:01:03Z,infra-2,kube-system,kube-ovn-pinger-x7szv,pinger,49.6,20.1,13.2,0.2,0.0,115902.0,1579.0,0.0,12288.0,0.1510325,17.0,26.0,3571.0,normal
2026-06-01T01:01:03Z,infra-2,longhorn-system,longhorn-csi-plugin-mvczb,node-driver-registrar,0.2,0.2,0.0,0.0,0.0,0.0,0.0,0.0,0.0,0.0,0.0,0.0,10.0,normal
2026-06-01T01:01:03Z,infra-2,node,system,thermald.service,0.3,0.0,0.3,0.0,0.0,0.0,0.0,0.0,0.0,0.0,0.0,0.0,9.0,normal
2026-06-01T01:01:03Z,infra-2,kube-system,nodelocaldns-jqbvl,node-cache,13.7,4.6,0.4,1.0,0.0,4922.0,3562.0,0.0,0.0,0.0,0.0,0.0,668.0,normal
2026-06-01T01:01:03Z,infra-2,longhorn-system,longhorn-csi-plugin-mvczb,longhorn-liveness-probe,3.1,1.9,0.0,0.0,0.0,224.0,274.0,0.0,0.0,0.0,0.0,0.0,187.0,normal
2026-06-01T01:01:03Z,infra-2,longhorn-system,longhorn-manager-8wlkh,longhorn-manager,166.0,31.3,19.0,0.3,0.0,496400.0,20977.0,0.0,0.0,0.0,2.0,8.0,5060.0,normal
2026-06-01T01:01:03Z,infra-2,node,system,multipathd.service,0.0,2.3,0.0,0.0,0.0,0.0,0.0,0.0,0.0,0.0,0.0,0.0,22.0,normal
2026-06-01T01:01:03Z,infra-2,node,system,rsyslog.service,0.0,0.2,0.0,0.0,0.0,0.0,0.0,0.0,0.0,0.0,0.0,0.0,4.0,normal
2026-06-01T01:01:03Z,infra-2,node,system,cgroup,0.0,0.0,0.0,0.0,0.5,0.0,0.0,40.0,577536.0,1.4926696976744185,0.0,0.0,48560.0,normal
2026-06-01T01:01:03Z,infra-2,unknown,pod-9014eb51,nginx-proxy,0.0,0.0,0.0,0.0,0.0,49781.0,49829.0,0.0,0.0,0.0,0.0,0.0,30.0,normal
2026-06-01T01:01:03Z,infra-2,node,system,udisks2.service,0.0,0.0,0.0,0.0,0.0,0.0,0.0,0.0,0.0,0.0,0.0,0.0,3.0,normal
2026-06-01T01:01:03Z,infra-2,node,system,chrony.service,0.0,0.0,0.0,0.0,0.0,0.0,0.0,0.0,0.0,0.0,0.0,0.0,2.0,normal
2026-06-01T01:01:03Z,infra-2,node,system,polkit.service,0.0,0.0,0.0,0.0,0.0,0.0,0.0,0.0,0.0,0.0,0.0,0.0,3.0,normal
2026-06-01T01:01:03Z,infra-2,node,system,rpcbind.service,0.0,0.0,0.0,0.0,0.0,0.0,0.0,0.0,0.0,0.0,0.0,0.0,1.0,normal
2026-06-01T01:01:03Z,infra-2,node,system,cron.service,0.0,0.0,0.0,0.0,0.0,0.0,0.0,0.0,0.0,0.0,0.0,0.0,1.0,normal
2026-06-01T01:01:13Z,infra-2,monitoring,my-monitoring-prometheus-node-exporter-j2jh9,node-exporter,101.8,0.7,89.4,0.0,0.0,573.0,21638.0,0.0,0.0,0.0,0.0,0.0,103.0,normal
2026-06-01T01:01:13Z,infra-2,longhorn-system,instance-manager-9524f97f257d155c6fbc9114a7b0571e,instance-manager,179.4,2.3,10.2,0.4,0.0,468.0,438.0,0.0,0.0,0.0,6.0,6.0,277.0,normal
2026-06-01T01:01:13Z,infra-2,kube-system,kube-proxy-vkjjf,kube-proxy,1.6,0.3,0.0,0.0,0.0,14520.0,96.0,0.0,0.0,0.0,0.0,0.0,84.0,normal
2026-06-01T01:01:13Z,infra-2,node,system,containerd.service,322.7,132.7,168.6,0.0,0.0,0.0,0.0,0.0,0.0,0.0,30.0,277.0,13526.0,normal
2026-06-01T01:01:13Z,infra-2,kube-system,tetragon-hsmd6,export-stdout,8.0,6.7,0.0,0.0,0.0,0.0,0.0,0.0,0.0,0.0,0.0,0.0,10.0,normal
2026-06-01T01:01:13Z,infra-2,longhorn-system,engine-image-ei-843accdd-d7z8z,engine-image-ei-843accdd,12.4,1.0,12.8,0.0,0.0,0.0,0.0,0.0,0.0,0.0,10.0,22.0,652.0,normal
2026-06-01T01:01:13Z,infra-2,gpu-operator,gpu-operator-1764036362-node-feature-discovery-worker-x787x,worker,0.5,0.2,0.0,0.0,0.0,222.0,188.0,0.0,0.0,0.0,0.0,0.0,30.0,normal
2026-06-01T01:01:13Z,infra-2,longhorn-system,engine-image-ei-3154f3aa-xvvgq,engine-image-ei-3154f3aa,12.4,1.0,12.8,0.0,0.0,0.0,0.0,0.0,0.0,0.0,10.0,27.0,862.0,normal
2026-06-01T01:01:13Z,infra-2,ebpf-final,ebpf-collector-8kqsx,collector,0.2,0.7,0.3,0.1,0.0,11056.0,14982.0,0.0,0.0,0.0,0.0,0.0,11.0,normal
2026-06-01T01:01:13Z,infra-2,kube-system,kube-ovn-cni-mqq42,cni-server,368.2,26.5,425.4,0.2,0.0,203900.0,1200.0,0.0,0.0,0.0,172.0,183.0,3989.0,normal
2026-06-01T01:01:13Z,infra-2,kube-system,tetragon-hsmd6,tetragon,4.0,3.5,0.0,0.0,0.0,14981.0,239.0,0.0,0.0,0.0,0.0,0.0,12078.0,normal
2026-06-01T01:01:13Z,infra-2,longhorn-system,longhorn-csi-plugin-mvczb,longhorn-csi-plugin,2.4,1.3,0.0,0.0,0.0,0.0,0.0,0.0,0.0,0.0,0.0,0.0,64.0,normal
2026-06-01T01:01:13Z,infra-2,node,system,kubelet.service,355.9,33.6,123.5,1.2,0.0,37586.0,84442.0,0.0,0.0,0.0,0.0,0.0,5321.0,normal
2026-06-01T01:01:13Z,infra-2,kube-system,ovs-ovn-t4h8b,openvswitch,81.5,44.4,37.9,0.0,0.0,38.0,41.0,0.0,0.0,0.0,52.0,88.0,1049.0,normal
2026-06-01T01:01:13Z,infra-2,kube-system,kube-ovn-pinger-x7szv,pinger,46.9,18.3,13.2,0.2,0.0,116017.0,1579.0,0.0,12288.0,0.144035,17.0,26.0,3228.0,normal
2026-06-01T01:01:13Z,infra-2,longhorn-system,longhorn-csi-plugin-mvczb,node-driver-registrar,0.2,0.2,0.0,0.0,0.0,0.0,0.0,0.0,0.0,0.0,0.0,0.0,10.0,normal
2026-06-01T01:01:13Z,infra-2,node,system,thermald.service,0.2,0.0,0.2,0.0,0.0,0.0,0.0,0.0,0.0,0.0,0.0,0.0,6.0,normal
2026-06-01T01:01:13Z,infra-2,kube-system,nodelocaldns-jqbvl,node-cache,9.4,3.2,0.3,1.0,0.0,3059.0,2774.0,0.0,0.0,0.0,0.0,0.0,436.0,normal
2026-06-01T01:01:13Z,infra-2,longhorn-system,longhorn-csi-plugin-mvczb,longhorn-liveness-probe,3.2,2.2,0.0,0.0,0.0,224.0,274.0,0.0,0.0,0.0,0.0,0.0,154.0,normal
2026-06-01T01:01:13Z,infra-2,longhorn-system,longhorn-manager-8wlkh,longhorn-manager,100.5,23.0,0.1,0.1,0.0,467408.0,10572.0,0.0,0.0,0.0,0.0,0.0,4157.0,normal
2026-06-01T01:01:13Z,infra-2,node,system,multipathd.service,0.0,2.2,0.0,0.0,0.0,0.0,0.0,0.0,0.0,0.0,0.0,0.0,20.0,normal
2026-06-01T01:01:13Z,infra-2,unknown,pod-9014eb51,nginx-proxy,0.0,0.0,0.0,0.0,0.0,45771.0,45819.0,0.0,0.0,0.0,0.0,0.0,25.0,normal
2026-06-01T01:01:13Z,infra-2,node,system,cgroup,0.0,0.0,0.0,0.0,0.0,0.0,0.0,40.0,450560.0,0.34376140000000005,0.0,0.0,44327.0,normal
2026-06-01T01:01:13Z,infra-2,node,system,udisks2.service,0.0,0.0,0.0,0.0,0.0,0.0,0.0,0.0,0.0,0.0,0.0,0.0,2.0,normal
2026-06-01T01:01:13Z,infra-2,node,system,polkit.service,0.0,0.0,0.0,0.0,0.0,0.0,0.0,0.0,0.0,0.0,0.0,0.0,2.0,normal
2026-06-01T01:01:23Z,infra-2,monitoring,my-monitoring-prometheus-node-exporter-j2jh9,node-exporter,0.2,0.2,0.0,0.0,0.0,208.0,3254.0,0.0,0.0,0.0,0.0,0.0,14.0,normal
2026-06-01T01:01:23Z,infra-2,longhorn-system,instance-manager-9524f97f257d155c6fbc9114a7b0571e,instance-manager,178.9,2.2,10.2,0.4,0.0,468.0,438.0,0.0,0.0,0.0,6.0,6.0,260.0,normal
2026-06-01T01:01:23Z,infra-2,kube-system,kube-proxy-vkjjf,kube-proxy,1.8,0.4,0.0,0.0,0.0,14642.0,96.0,0.0,0.0,0.0,0.0,0.0,53.0,normal
2026-06-01T01:01:23Z,infra-2,node,system,containerd.service,409.4,150.5,214.3,0.0,0.0,0.0,0.0,0.0,0.0,0.0,34.0,310.0,14442.0,normal
2026-06-01T01:01:23Z,infra-2,kube-system,tetragon-hsmd6,export-stdout,5.7,4.5,0.0,0.0,0.0,0.0,0.0,0.0,0.0,0.0,0.0,0.0,10.0,normal
2026-06-01T01:01:23Z,infra-2,longhorn-system,engine-image-ei-843accdd-d7z8z,engine-image-ei-843accdd,12.4,1.0,12.8,0.0,0.0,0.0,0.0,0.0,0.0,0.0,10.0,23.0,659.0,normal
2026-06-01T01:01:23Z,infra-2,gpu-operator,gpu-operator-1764036362-node-feature-discovery-worker-x787x,worker,55.8,4.0,25.4,0.0,0.0,136017.0,1802.0,0.0,0.0,0.0,0.0,0.0,569.0,normal
2026-06-01T01:01:23Z,infra-2,longhorn-system,engine-image-ei-3154f3aa-xvvgq,engine-image-ei-3154f3aa,12.4,1.0,12.8,0.0,0.0,0.0,0.0,0.0,0.0,0.0,10.0,26.0,826.0,normal
2026-06-01T01:01:23Z,infra-2,ebpf-final,ebpf-collector-8kqsx,collector,0.2,0.7,0.3,0.1,0.0,9307.0,12624.0,0.0,0.0,0.0,0.0,0.0,9.0,normal
2026-06-01T01:01:23Z,infra-2,kube-system,kube-ovn-cni-mqq42,cni-server,316.6,22.0,347.2,0.4,0.0,204197.0,1200.0,0.0,0.0,0.0,132.0,152.0,4373.0,normal
2026-06-01T01:01:23Z,infra-2,kube-system,tetragon-hsmd6,tetragon,4.0,3.8,0.0,0.0,0.0,14957.0,239.0,0.0,0.0,0.0,0.0,0.0,11438.0,normal
2026-06-01T01:01:23Z,infra-2,longhorn-system,longhorn-csi-plugin-mvczb,longhorn-csi-plugin,2.5,1.4,0.0,0.0,0.0,0.0,0.0,0.0,0.0,0.0,0.0,0.0,58.0,normal
2026-06-01T01:01:23Z,infra-2,node,system,kubelet.service,362.3,34.8,135.4,1.2,0.0,38189.0,87423.0,0.0,0.0,0.0,2.0,2.0,5861.0,normal
2026-06-01T01:01:23Z,infra-2,kube-system,ovs-ovn-t4h8b,openvswitch,78.5,41.8,37.9,0.0,0.0,38.0,41.0,0.0,0.0,0.0,52.0,88.0,1030.0,normal
2026-06-01T01:01:23Z,infra-2,kube-system,kube-ovn-pinger-x7szv,pinger,46.1,19.3,13.2,0.2,0.0,116082.0,1531.0,0.0,12288.0,0.124614,17.0,26.0,3271.0,normal
2026-06-01T01:01:23Z,infra-2,longhorn-system,longhorn-csi-plugin-mvczb,node-driver-registrar,0.2,0.2,0.0,0.0,0.0,0.0,0.0,0.0,0.0,0.0,0.0,0.0,10.0,normal
2026-06-01T01:01:23Z,infra-2,node,system,thermald.service,0.3,0.0,0.3,0.0,0.0,0.0,0.0,0.0,0.0,0.0,0.0,0.0,9.0,normal
2026-06-01T01:01:23Z,infra-2,kube-system,nodelocaldns-jqbvl,node-cache,12.8,4.3,0.3,1.2,0.0,4922.0,3562.0,0.0,0.0,0.0,0.0,0.0,601.0,normal
2026-06-01T01:01:23Z,infra-2,longhorn-system,longhorn-csi-plugin-mvczb,longhorn-liveness-probe,3.2,2.0,0.0,0.0,0.0,224.0,274.0,0.0,0.0,0.0,0.0,0.0,112.0,normal
2026-06-01T01:01:23Z,infra-2,longhorn-system,longhorn-manager-8wlkh,longhorn-manager,103.9,27.8,0.2,0.1,0.1,467945.0,10663.0,0.0,0.0,0.0,0.0,0.0,4145.0,normal
2026-06-01T01:01:23Z,infra-2,node,system,multipathd.service,0.0,2.2,0.0,0.0,0.0,0.0,0.0,0.0,0.0,0.0,0.0,0.0,21.0,normal
2026-06-01T01:01:23Z,infra-2,unknown,pod-9014eb51,nginx-proxy,0.0,0.0,0.0,0.0,0.0,46447.0,46495.0,0.0,0.0,0.0,0.0,0.0,29.0,normal
2026-06-01T01:01:23Z,infra-2,node,system,cgroup,0.0,0.0,0.0,0.0,0.0,0.0,0.0,40.0,290816.0,0.23023814285714286,0.0,0.0,44894.0,normal
2026-06-01T01:01:23Z,infra-2,node,system,udisks2.service,0.0,0.0,0.0,0.0,0.0,0.0,0.0,0.0,0.0,0.0,0.0,0.0,3.0,normal
2026-06-01T01:01:23Z,infra-2,node,system,chrony.service,0.0,0.0,0.0,0.0,0.0,0.0,0.0,0.0,0.0,0.0,0.0,0.0,2.0,normal
2026-06-01T01:01:23Z,infra-2,node,system,polkit.service,0.0,0.0,0.0,0.0,0.0,0.0,0.0,0.0,0.0,0.0,0.0,0.0,3.0,normal
2026-06-01T01:01:34Z,infra-2,monitoring,my-monitoring-prometheus-node-exporter-j2jh9,node-exporter,0.4,0.2,0.0,0.0,0.0,208.0,3254.0,0.0,0.0,0.0,0.0,0.0,14.0,normal
2026-06-01T01:01:34Z,infra-2,longhorn-system,instance-manager-9524f97f257d155c6fbc9114a7b0571e,instance-manager,190.1,4.8,11.3,0.4,0.0,1358.0,1110.0,0.0,0.0,0.0,7.0,7.0,451.0,normal
2026-06-01T01:01:34Z,infra-2,kube-system,kube-proxy-vkjjf,kube-proxy,2.0,0.3,0.0,0.0,0.0,14520.0,96.0,0.0,0.0,0.0,0.0,0.0,99.0,normal
2026-06-01T01:01:34Z,infra-2,node,system,containerd.service,592.5,202.0,282.8,0.0,0.0,0.0,0.0,0.0,0.0,0.0,30.0,276.0,15712.0,normal
2026-06-01T01:01:34Z,infra-2,kube-system,tetragon-hsmd6,export-stdout,62.1,60.5,0.0,0.0,0.0,0.0,0.0,0.0,0.0,0.0,0.0,0.0,14.0,normal
2026-06-01T01:01:34Z,infra-2,node,system,systemd-journald.service,1.4,0.0,1.1,0.0,0.0,0.0,0.0,0.0,0.0,0.0,0.0,0.0,2.0,normal
2026-06-01T01:01:34Z,infra-2,longhorn-system,engine-image-ei-843accdd-d7z8z,engine-image-ei-843accdd,12.4,1.0,12.8,0.0,0.0,0.0,0.0,0.0,0.0,0.0,10.0,22.0,616.0,normal
2026-06-01T01:01:34Z,infra-2,gpu-operator,gpu-operator-1764036362-node-feature-discovery-worker-x787x,worker,0.6,0.2,0.0,0.0,0.0,222.0,188.0,0.0,0.0,0.0,0.0,0.0,24.0,normal
2026-06-01T01:01:34Z,infra-2,longhorn-system,engine-image-ei-3154f3aa-xvvgq,engine-image-ei-3154f3aa,12.4,1.0,12.8,0.0,0.0,0.0,0.0,0.0,0.0,0.0,10.0,26.0,821.0,normal
2026-06-01T01:01:34Z,infra-2,ebpf-final,ebpf-collector-8kqsx,collector,132.2,0.8,123.2,0.1,0.0,182502.0,14547.0,0.0,0.0,0.0,0.0,0.0,140.0,normal
2026-06-01T01:01:34Z,infra-2,kube-system,kube-ovn-cni-mqq42,cni-server,311.3,21.4,345.5,0.2,0.0,204169.0,1327.0,0.0,0.0,0.0,130.0,140.0,3736.0,normal
2026-06-01T01:01:34Z,infra-2,kube-system,tetragon-hsmd6,tetragon,3.8,11.9,0.0,0.0,0.0,14949.0,239.0,0.0,0.0,0.0,0.0,0.0,11283.0,normal
2026-06-01T01:01:34Z,infra-2,longhorn-system,longhorn-csi-plugin-mvczb,longhorn-csi-plugin,2.9,1.4,0.0,0.0,0.0,0.0,0.0,0.0,0.0,0.0,0.0,0.0,62.0,normal
2026-06-01T01:01:34Z,infra-2,node,system,kubelet.service,362.3,37.2,133.0,1.2,0.0,38502.0,119077.0,0.0,0.0,0.0,0.0,0.0,6125.0,normal
2026-06-01T01:01:34Z,infra-2,kube-system,ovs-ovn-t4h8b,openvswitch,80.3,45.8,38.1,0.0,0.0,38.0,41.0,0.0,0.0,0.0,52.0,88.0,1053.0,normal
2026-06-01T01:01:34Z,infra-2,kube-system,kube-ovn-pinger-x7szv,pinger,50.1,20.9,13.2,0.2,0.0,115851.0,1579.0,0.0,12288.0,0.1424195,17.0,26.0,3933.0,normal
2026-06-01T01:01:34Z,infra-2,longhorn-system,longhorn-csi-plugin-mvczb,node-driver-registrar,0.2,0.2,0.0,0.0,0.0,0.0,0.0,0.0,0.0,0.0,0.0,0.0,10.0,normal
2026-06-01T01:01:34Z,infra-2,node,system,thermald.service,0.3,0.0,0.3,0.0,0.0,0.0,0.0,0.0,0.0,0.0,0.0,0.0,3.0,normal
2026-06-01T01:01:34Z,infra-2,kube-system,nodelocaldns-jqbvl,node-cache,13.6,4.5,0.4,1.1,0.0,5145.0,3785.0,0.0,0.0,0.0,0.0,0.0,640.0,normal
2026-06-01T01:01:34Z,infra-2,longhorn-system,longhorn-csi-plugin-mvczb,longhorn-liveness-probe,3.2,2.1,0.0,0.0,0.0,224.0,274.0,0.0,0.0,0.0,0.0,0.0,185.0,normal
2026-06-01T01:01:34Z,infra-2,longhorn-system,longhorn-manager-8wlkh,longhorn-manager,347.7,31.8,182.8,0.3,0.0,519659.0,28725.0,0.0,0.0,0.0,17.0,18.0,5403.0,normal
2026-06-01T01:01:34Z,infra-2,node,system,multipathd.service,0.0,2.1,0.0,0.0,0.0,0.0,0.0,0.0,0.0,0.0,0.0,0.0,24.0,normal
2026-06-01T01:01:34Z,infra-2,node,system,rsyslog.service,0.0,0.1,0.0,0.0,0.0,0.0,0.0,0.0,0.0,0.0,0.0,0.0,2.0,normal
2026-06-01T01:01:34Z,infra-2,unknown,pod-9014eb51,nginx-proxy,0.0,0.0,0.0,0.0,0.0,46282.0,46330.0,0.0,0.0,0.0,0.0,0.0,27.0,normal
2026-06-01T01:01:34Z,infra-2,node,system,cgroup,0.0,0.0,0.0,0.0,0.0,0.0,0.0,40.0,860160.0,0.5580233846153846,0.0,0.0,48074.0,normal
2026-06-01T01:01:34Z,infra-2,node,system,udisks2.service,0.0,0.0,0.0,0.0,0.0,0.0,0.0,0.0,0.0,0.0,0.0,0.0,3.0,normal
2026-06-01T01:01:34Z,infra-2,node,system,polkit.service,0.0,0.0,0.0,0.0,0.0,0.0,0.0,0.0,0.0,0.0,0.0,0.0,3.0,normal
2026-06-01T01:01:34Z,infra-2,node,system,rpcbind.service,0.0,0.0,0.0,0.0,0.0,0.0,0.0,0.0,0.0,0.0,0.0,0.0,1.0,normal
2026-06-01T01:01:44Z,infra-2,monitoring,my-monitoring-prometheus-node-exporter-j2jh9,node-exporter,101.8,0.7,89.4,0.0,0.0,573.0,21668.0,0.0,0.0,0.0,0.0,0.0,163.0,normal
2026-06-01T01:01:44Z,infra-2,node,system,init.scope,0.2,4.0,3.5,0.0,0.0,0.0,0.0,0.0,0.0,0.0,0.0,0.0,7.0,normal
2026-06-01T01:01:44Z,infra-2,longhorn-system,instance-manager-9524f97f257d155c6fbc9114a7b0571e,instance-manager,180.1,2.8,10.2,0.4,0.0,468.0,455.0,0.0,0.0,0.0,6.0,6.0,316.0,normal
2026-06-01T01:01:44Z,infra-2,kube-system,kube-proxy-vkjjf,kube-proxy,2.5,0.4,0.0,0.0,0.0,14645.0,96.0,0.0,0.0,0.0,0.0,0.0,103.0,normal
2026-06-01T01:01:44Z,infra-2,node,system,containerd.service,350.8,147.2,176.3,0.0,0.0,0.0,0.0,0.0,0.0,0.0,34.0,310.0,14211.0,normal
2026-06-01T01:01:44Z,infra-2,kube-system,tetragon-hsmd6,export-stdout,7.4,6.1,0.0,0.0,0.0,0.0,0.0,0.0,0.0,0.0,0.0,0.0,10.0,normal
2026-06-01T01:01:44Z,infra-2,longhorn-system,engine-image-ei-843accdd-d7z8z,engine-image-ei-843accdd,12.4,1.0,12.8,0.0,0.0,0.0,0.0,0.0,0.0,0.0,10.0,22.0,673.0,normal
2026-06-01T01:01:44Z,infra-2,gpu-operator,gpu-operator-1764036362-node-feature-discovery-worker-x787x,worker,0.6,0.2,0.0,0.0,0.0,222.0,188.0,0.0,0.0,0.0,0.0,0.0,32.0,normal
2026-06-01T01:01:44Z,infra-2,longhorn-system,engine-image-ei-3154f3aa-xvvgq,engine-image-ei-3154f3aa,12.4,1.0,12.8,0.0,0.0,0.0,0.0,0.0,0.0,0.0,10.0,26.0,859.0,normal
2026-06-01T01:01:44Z,infra-2,ebpf-final,ebpf-collector-8kqsx,collector,0.2,0.7,0.3,0.1,0.0,10357.0,14052.0,0.0,0.0,0.0,0.0,0.0,9.0,normal
2026-06-01T01:01:44Z,infra-2,kube-system,kube-ovn-cni-mqq42,cni-server,374.2,27.5,428.5,0.4,0.0,204047.0,1200.0,0.0,0.0,0.0,175.0,196.0,5109.0,normal
2026-06-01T01:01:44Z,infra-2,kube-system,tetragon-hsmd6,tetragon,6.0,4.5,0.4,0.0,0.0,15175.0,21830.0,0.0,0.0,0.0,0.0,0.0,13101.0,normal
2026-06-01T01:01:44Z,infra-2,longhorn-system,longhorn-csi-plugin-mvczb,longhorn-csi-plugin,2.1,1.0,0.0,0.0,0.0,0.0,0.0,0.0,0.0,0.0,0.0,0.0,77.0,normal
2026-06-01T01:01:44Z,infra-2,node,system,systemd-logind.service,0.1,0.0,0.0,0.0,0.0,0.0,0.0,0.0,0.0,0.0,0.0,0.0,1.0,normal
2026-06-01T01:01:44Z,infra-2,node,system,kubelet.service,383.1,35.4,126.3,1.2,0.0,38226.0,84937.0,0.0,0.0,0.0,0.0,0.0,5997.0,normal
2026-06-01T01:01:44Z,infra-2,kube-system,ovs-ovn-t4h8b,openvswitch,80.1,43.3,37.9,0.0,0.0,38.0,41.0,0.0,0.0,0.0,52.0,88.0,1057.0,normal
2026-06-01T01:01:44Z,infra-2,kube-system,kube-ovn-pinger-x7szv,pinger,38.1,17.8,13.3,0.2,0.0,83501.0,1156.0,0.0,12288.0,8.7469245,17.0,26.0,3114.0,normal
2026-06-01T01:01:44Z,infra-2,longhorn-system,longhorn-csi-plugin-mvczb,node-driver-registrar,0.2,0.2,0.0,0.0,0.0,0.0,0.0,0.0,0.0,0.0,0.0,0.0,10.0,normal
2026-06-01T01:01:44Z,infra-2,node,system,thermald.service,0.2,0.0,0.2,0.0,0.0,0.0,0.0,0.0,0.0,0.0,0.0,0.0,2.0,normal
2026-06-01T01:01:44Z,infra-2,kube-system,nodelocaldns-jqbvl,node-cache,28.3,5.7,35.1,1.0,0.0,4922.0,3562.0,0.0,0.0,0.0,12.0,12.0,864.0,normal
2026-06-01T01:01:44Z,infra-2,longhorn-system,longhorn-csi-plugin-mvczb,longhorn-liveness-probe,3.0,1.9,0.0,0.0,0.0,224.0,274.0,0.0,0.0,0.0,0.0,0.0,175.0,normal
2026-06-01T01:01:44Z,infra-2,longhorn-system,longhorn-manager-8wlkh,longhorn-manager,102.3,25.4,0.2,0.1,0.0,474358.0,11489.0,0.0,0.0,0.0,0.0,0.0,4016.0,normal
2026-06-01T01:01:44Z,infra-2,node,system,multipathd.service,0.0,2.2,0.0,0.0,0.0,0.0,0.0,0.0,0.0,0.0,0.0,0.0,20.0,normal
2026-06-01T01:01:44Z,infra-2,unknown,pod-9014eb51,nginx-proxy,0.0,0.0,0.0,0.0,0.0,46544.0,46592.0,0.0,0.0,0.0,0.0,0.0,38.0,normal
2026-06-01T01:01:44Z,infra-2,node,system,cgroup,0.0,0.0,0.0,0.0,0.0,0.0,0.0,40.0,368640.0,0.602958175,0.0,0.0,47312.0,normal
2026-06-01T01:01:44Z,infra-2,node,system,udisks2.service,0.0,0.0,0.0,0.0,0.0,0.0,0.0,0.0,0.0,0.0,0.0,0.0,2.0,normal
2026-06-01T01:01:44Z,infra-2,node,system,dbus.service,0.0,0.0,0.0,0.0,0.0,0.0,0.0,0.0,0.0,0.0,0.0,0.0,9.0,normal
2026-06-01T01:01:44Z,infra-2,node,system,polkit.service,0.0,0.0,0.0,0.0,0.0,0.0,0.0,0.0,0.0,0.0,0.0,0.0,2.0,normal
2026-06-01T01:01:54Z,infra-2,monitoring,my-monitoring-prometheus-node-exporter-j2jh9,node-exporter,0.3,0.2,0.0,0.0,0.0,208.0,3254.0,0.0,0.0,0.0,0.0,0.0,19.0,normal
2026-06-01T01:01:54Z,infra-2,longhorn-system,instance-manager-9524f97f257d155c6fbc9114a7b0571e,instance-manager,177.4,1.3,10.2,0.4,0.0,0.0,60.0,0.0,0.0,0.0,6.0,6.0,257.0,normal
2026-06-01T01:01:54Z,infra-2,kube-system,kube-proxy-vkjjf,kube-proxy,2.3,0.3,0.1,0.0,0.0,11752.0,196.0,0.0,0.0,0.0,0.0,0.0,108.0,normal
2026-06-01T01:01:54Z,infra-2,node,system,containerd.service,386.4,138.1,206.5,0.0,0.0,0.0,0.0,0.0,0.0,0.0,30.0,274.0,13641.0,normal
2026-06-01T01:01:54Z,infra-2,kube-system,tetragon-hsmd6,export-stdout,5.7,4.5,0.0,0.0,0.0,0.0,0.0,0.0,0.0,0.0,0.0,0.0,10.0,normal
2026-06-01T01:01:54Z,infra-2,longhorn-system,engine-image-ei-843accdd-d7z8z,engine-image-ei-843accdd,12.4,1.0,12.8,0.0,0.0,0.0,0.0,0.0,0.0,0.0,10.0,23.0,687.0,normal
2026-06-01T01:01:54Z,infra-2,gpu-operator,gpu-operator-1764036362-node-feature-discovery-worker-x787x,worker,0.9,0.4,0.0,0.0,0.0,261.0,227.0,0.0,0.0,0.0,0.0,0.0,94.0,normal
2026-06-01T01:01:54Z,infra-2,longhorn-system,engine-image-ei-3154f3aa-xvvgq,engine-image-ei-3154f3aa,12.4,1.0,12.8,0.0,0.0,0.0,0.0,0.0,0.0,0.0,10.0,26.0,878.0,normal
2026-06-01T01:01:54Z,infra-2,ebpf-final,ebpf-collector-8kqsx,collector,0.2,0.7,0.3,0.1,0.0,10352.0,14028.0,0.0,0.0,0.0,0.0,0.0,9.0,normal
2026-06-01T01:01:54Z,infra-2,kube-system,kube-ovn-cni-mqq42,cni-server,312.1,21.4,346.7,0.2,0.0,178759.0,1188.0,0.0,0.0,0.0,131.0,141.0,3842.0,normal
2026-06-01T01:01:54Z,infra-2,kube-system,tetragon-hsmd6,tetragon,2.8,2.3,0.0,0.0,0.0,14810.0,239.0,0.0,0.0,0.0,0.0,0.0,11113.0,normal
2026-06-01T01:01:54Z,infra-2,longhorn-system,longhorn-csi-plugin-mvczb,longhorn-csi-plugin,2.4,1.0,0.0,0.0,0.0,0.0,0.0,0.0,0.0,0.0,0.0,0.0,72.0,normal
2026-06-01T01:01:54Z,infra-2,node,system,kubelet.service,323.9,33.9,120.6,1.2,0.0,37865.0,87412.0,0.0,0.0,0.0,0.0,0.0,6085.0,normal
2026-06-01T01:01:54Z,infra-2,kube-system,ovs-ovn-t4h8b,openvswitch,81.0,45.4,38.1,0.0,0.0,38.0,41.0,0.0,0.0,0.0,52.0,88.0,1074.0,normal
2026-06-01T01:01:54Z,infra-2,kube-system,kube-ovn-pinger-x7szv,pinger,49.7,19.9,13.2,0.2,0.0,115888.0,1579.0,0.0,12288.0,0.140645,17.0,26.0,3557.0,normal
2026-06-01T01:01:54Z,infra-2,longhorn-system,longhorn-csi-plugin-mvczb,node-driver-registrar,0.2,0.2,0.0,0.0,0.0,0.0,0.0,0.0,0.0,0.0,0.0,0.0,10.0,normal
2026-06-01T01:01:54Z,infra-2,node,system,thermald.service,0.3,0.0,0.3,0.0,0.0,0.0,0.0,0.0,0.0,0.0,0.0,0.0,3.0,normal
2026-06-01T01:01:54Z,infra-2,kube-system,nodelocaldns-jqbvl,node-cache,12.7,4.5,0.3,1.0,0.0,4922.0,3562.0,0.0,0.0,0.0,0.0,0.0,659.0,normal
2026-06-01T01:01:54Z,infra-2,longhorn-system,longhorn-csi-plugin-mvczb,longhorn-liveness-probe,2.9,2.1,0.0,0.0,0.0,224.0,274.0,0.0,0.0,0.0,0.0,0.0,139.0,normal
2026-06-01T01:01:54Z,infra-2,longhorn-system,longhorn-manager-8wlkh,longhorn-manager,91.1,24.3,0.1,0.0,0.0,407016.0,5388.0,0.0,0.0,0.0,0.0,0.0,4042.0,normal
2026-06-01T01:01:54Z,infra-2,node,system,multipathd.service,0.0,2.2,0.0,0.0,0.0,0.0,0.0,0.0,0.0,0.0,0.0,0.0,20.0,normal
2026-06-01T01:01:54Z,infra-2,unknown,pod-9014eb51,nginx-proxy,0.0,0.0,0.0,0.0,0.0,43334.0,43382.0,0.0,0.0,0.0,0.0,0.0,28.0,normal
2026-06-01T01:01:54Z,infra-2,node,system,cgroup,0.0,0.0,0.0,0.0,0.0,0.0,0.0,40.0,200704.0,0.21776710000000002,0.0,0.0,44395.0,normal
2026-06-01T01:01:54Z,infra-2,node,system,udisks2.service,0.0,0.0,0.0,0.0,0.0,0.0,0.0,0.0,0.0,0.0,0.0,0.0,3.0,normal
2026-06-01T01:01:54Z,infra-2,node,system,polkit.service,0.0,0.0,0.0,0.0,0.0,0.0,0.0,0.0,0.0,0.0,0.0,0.0,3.0,normal
2026-06-01T01:02:04Z,infra-2,monitoring,my-monitoring-prometheus-node-exporter-j2jh9,node-exporter,0.4,0.2,0.0,0.0,0.0,208.0,3254.0,0.0,0.0,0.0,0.0,0.0,16.0,normal
2026-06-01T01:02:04Z,infra-2,longhorn-system,instance-manager-9524f97f257d155c6fbc9114a7b0571e,instance-manager,192.8,6.3,11.3,0.5,0.0,1808.0,1582.0,0.0,0.0,0.0,7.0,7.0,418.0,normal
2026-06-01T01:02:04Z,infra-2,kube-system,kube-proxy-vkjjf,kube-proxy,0.6,0.4,0.0,0.0,0.0,3153.0,96.0,0.0,0.0,0.0,0.0,0.0,75.0,normal
2026-06-01T01:02:04Z,infra-2,node,system,containerd.service,550.0,170.5,363.0,0.0,0.0,0.0,0.0,0.0,0.0,0.0,34.0,313.0,16564.0,normal
2026-06-01T01:02:04Z,infra-2,kube-system,tetragon-hsmd6,export-stdout,17.6,16.2,0.0,0.0,0.0,0.0,0.0,0.0,0.0,0.0,0.0,0.0,10.0,normal
2026-06-01T01:02:04Z,infra-2,longhorn-system,engine-image-ei-843accdd-d7z8z,engine-image-ei-843accdd,12.4,1.0,12.8,0.0,0.0,0.0,0.0,0.0,0.0,0.0,10.0,22.0,606.0,normal
2026-06-01T01:02:04Z,infra-2,gpu-operator,gpu-operator-1764036362-node-feature-discovery-worker-x787x,worker,0.5,0.2,0.0,0.0,0.0,222.0,188.0,0.0,0.0,0.0,0.0,0.0,27.0,normal
2026-06-01T01:02:04Z,infra-2,longhorn-system,engine-image-ei-3154f3aa-xvvgq,engine-image-ei-3154f3aa,12.4,1.0,12.8,0.0,0.0,0.0,0.0,0.0,0.0,0.0,10.0,26.0,816.0,normal
2026-06-01T01:02:04Z,infra-2,ebpf-final,ebpf-collector-8kqsx,collector,132.3,0.8,123.1,0.1,0.0,182157.0,14070.0,0.0,0.0,0.0,0.0,0.0,140.0,normal
2026-06-01T01:02:04Z,infra-2,kube-system,kube-ovn-cni-mqq42,cni-server,317.0,22.5,350.2,0.4,0.0,184774.0,1056.0,0.0,0.0,0.0,135.0,155.0,4752.0,normal
2026-06-01T01:02:04Z,infra-2,kube-system,tetragon-hsmd6,tetragon,5.1,5.7,0.0,0.0,0.0,15142.0,239.0,0.0,0.0,0.0,0.0,0.0,11711.0,normal
2026-06-01T01:02:04Z,infra-2,longhorn-system,longhorn-csi-plugin-mvczb,longhorn-csi-plugin,4.3,2.1,0.0,0.0,0.0,0.0,0.0,0.0,0.0,0.0,0.0,0.0,117.0,normal
2026-06-01T01:02:04Z,infra-2,node,system,kubelet.service,380.7,38.2,130.4,1.3,0.0,38385.0,119043.0,0.0,0.0,0.0,0.0,0.0,6468.0,normal
2026-06-01T01:02:04Z,infra-2,kube-system,ovs-ovn-t4h8b,openvswitch,81.3,43.5,38.2,0.0,0.0,38.0,41.0,0.0,0.0,0.0,52.0,88.0,1045.0,normal
2026-06-01T01:02:04Z,infra-2,kube-system,kube-ovn-pinger-x7szv,pinger,37.0,18.0,13.2,0.2,0.0,33736.0,828.0,0.0,12288.0,0.1267055,17.0,26.0,3016.0,normal
2026-06-01T01:02:04Z,infra-2,longhorn-system,longhorn-csi-plugin-mvczb,node-driver-registrar,0.2,0.2,0.0,0.0,0.0,0.0,0.0,0.0,0.0,0.0,0.0,0.0,10.0,normal
2026-06-01T01:02:04Z,infra-2,node,system,thermald.service,0.2,0.0,0.2,0.0,0.0,0.0,0.0,0.0,0.0,0.0,0.0,0.0,2.0,normal
2026-06-01T01:02:04Z,infra-2,kube-system,nodelocaldns-jqbvl,node-cache,12.8,4.3,0.4,1.0,0.0,4922.0,3562.0,0.0,0.0,0.0,0.0,0.0,577.0,normal
2026-06-01T01:02:04Z,infra-2,longhorn-system,longhorn-csi-plugin-mvczb,longhorn-liveness-probe,4.2,2.8,0.0,0.0,0.0,336.0,411.0,0.0,0.0,0.0,0.0,0.0,259.0,normal
2026-06-01T01:02:04Z,infra-2,longhorn-system,longhorn-manager-8wlkh,longhorn-manager,157.9,28.8,19.0,0.3,0.0,450282.0,19395.0,0.0,0.0,0.0,2.0,8.0,4656.0,normal
2026-06-01T01:02:04Z,infra-2,node,system,multipathd.service,0.0,2.4,0.0,0.0,0.0,0.0,0.0,0.0,0.0,0.0,0.0,0.0,22.0,normal
2026-06-01T01:02:04Z,infra-2,node,system,cgroup,0.0,0.0,0.0,0.0,0.3,0.0,0.0,40.0,688128.0,0.5166297435897436,0.0,0.0,48799.0,normal
2026-06-01T01:02:04Z,infra-2,unknown,pod-9014eb51,nginx-proxy,0.0,0.0,0.0,0.0,0.0,34650.0,34698.0,0.0,0.0,0.0,0.0,0.0,23.0,normal
2026-06-01T01:02:04Z,infra-2,node,system,udisks2.service,0.0,0.0,0.0,0.0,0.0,0.0,0.0,0.0,0.0,0.0,0.0,0.0,2.0,normal
2026-06-01T01:02:04Z,infra-2,node,system,polkit.service,0.0,0.0,0.0,0.0,0.0,0.0,0.0,0.0,0.0,0.0,0.0,0.0,2.0,normal
2026-06-01T01:02:04Z,infra-2,node,system,rpcbind.service,0.0,0.0,0.0,0.0,0.0,0.0,0.0,0.0,0.0,0.0,0.0,0.0,1.0,normal
2026-06-01T01:02:04Z,infra-2,node,system,cron.service,0.0,0.0,0.0,0.0,0.0,0.0,0.0,0.0,0.0,0.0,0.0,0.0,1.0,normal
2026-06-01T01:02:14Z,infra-2,monitoring,my-monitoring-prometheus-node-exporter-j2jh9,node-exporter,101.7,0.7,89.4,0.0,0.0,573.0,21647.0,0.0,0.0,0.0,0.0,0.0,118.0,normal
2026-06-01T01:02:14Z,infra-2,longhorn-system,instance-manager-9524f97f257d155c6fbc9114a7b0571e,instance-manager,179.4,2.2,10.2,0.4,0.0,468.0,455.0,0.0,0.0,0.0,6.0,6.0,248.0,normal
2026-06-01T01:02:14Z,infra-2,kube-system,kube-proxy-vkjjf,kube-proxy,1.9,0.2,0.0,0.0,0.0,14520.0,96.0,0.0,0.0,0.0,0.0,0.0,111.0,normal
2026-06-01T01:02:14Z,infra-2,node,system,containerd.service,321.9,132.7,168.5,0.0,0.0,0.0,0.0,0.0,0.0,0.0,30.0,270.0,12989.0,normal
2026-06-01T01:02:14Z,infra-2,kube-system,tetragon-hsmd6,export-stdout,7.9,6.6,0.0,0.0,0.0,0.0,0.0,0.0,0.0,0.0,0.0,0.0,10.0,normal
2026-06-01T01:02:14Z,infra-2,longhorn-system,engine-image-ei-843accdd-d7z8z,engine-image-ei-843accdd,12.4,1.0,12.8,0.0,0.0,0.0,0.0,0.0,0.0,0.0,10.0,22.0,651.0,normal
2026-06-01T01:02:14Z,infra-2,gpu-operator,gpu-operator-1764036362-node-feature-discovery-worker-x787x,worker,0.6,0.2,0.0,0.0,0.0,222.0,188.0,0.0,0.0,0.0,0.0,0.0,29.0,normal
2026-06-01T01:02:14Z,infra-2,longhorn-system,engine-image-ei-3154f3aa-xvvgq,engine-image-ei-3154f3aa,12.4,1.0,12.8,0.0,0.0,0.0,0.0,0.0,0.0,0.0,10.0,26.0,828.0,normal
2026-06-01T01:02:14Z,infra-2,ebpf-final,ebpf-collector-8kqsx,collector,0.2,0.7,0.3,0.1,0.0,10004.0,13565.0,0.0,0.0,0.0,0.0,0.0,9.0,normal
2026-06-01T01:02:14Z,infra-2,kube-system,kube-ovn-cni-mqq42,cni-server,312.4,22.2,345.6,0.2,0.0,204297.0,1441.0,0.0,0.0,0.0,130.0,145.0,3622.0,normal
2026-06-01T01:02:14Z,infra-2,kube-system,tetragon-hsmd6,tetragon,3.7,3.8,0.0,0.0,0.0,437.0,143.0,0.0,0.0,0.0,0.0,0.0,10471.0,normal
2026-06-01T01:02:14Z,infra-2,longhorn-system,longhorn-csi-plugin-mvczb,longhorn-csi-plugin,2.1,0.9,0.0,0.0,0.0,0.0,0.0,0.0,0.0,0.0,0.0,0.0,128.0,normal
2026-06-01T01:02:14Z,infra-2,node,system,kubelet.service,349.5,32.4,124.5,1.2,0.0,8497.0,83788.0,0.0,0.0,0.0,0.0,0.0,5460.0,normal
2026-06-01T01:02:14Z,infra-2,kube-system,ovs-ovn-t4h8b,openvswitch,80.5,44.2,37.5,0.0,0.0,38.0,41.0,0.0,0.0,0.0,52.0,88.0,1073.0,normal
2026-06-01T01:02:14Z,infra-2,kube-system,kube-ovn-pinger-x7szv,pinger,29.8,17.3,0.0,0.0,0.0,114687.0,1126.0,0.0,12288.0,0.1482295,0.0,0.0,3539.0,normal
2026-06-01T01:02:14Z,infra-2,longhorn-system,longhorn-csi-plugin-mvczb,node-driver-registrar,0.2,0.2,0.0,0.0,0.0,0.0,0.0,0.0,0.0,0.0,0.0,0.0,10.0,normal
2026-06-01T01:02:14Z,infra-2,node,system,thermald.service,0.3,0.0,0.3,0.0,0.0,0.0,0.0,0.0,0.0,0.0,0.0,0.0,3.0,normal
2026-06-01T01:02:14Z,infra-2,kube-system,nodelocaldns-jqbvl,node-cache,13.5,4.8,0.3,1.0,0.0,4922.0,3562.0,0.0,0.0,0.0,0.0,0.0,623.0,normal
2026-06-01T01:02:14Z,infra-2,longhorn-system,longhorn-csi-plugin-mvczb,longhorn-liveness-probe,2.7,1.8,0.0,0.0,0.0,224.0,274.0,0.0,0.0,0.0,0.0,0.0,148.0,normal
2026-06-01T01:02:14Z,infra-2,longhorn-system,longhorn-manager-8wlkh,longhorn-manager,100.3,24.4,0.1,0.1,0.0,465629.0,10236.0,0.0,0.0,0.0,0.0,0.0,4073.0,normal
2026-06-01T01:02:14Z,infra-2,node,system,multipathd.service,0.0,2.1,0.0,0.0,0.0,0.0,0.0,0.0,0.0,0.0,0.0,0.0,20.0,normal
2026-06-01T01:02:14Z,infra-2,unknown,pod-9014eb51,nginx-proxy,0.0,0.0,0.0,0.0,0.0,15984.0,16032.0,0.0,0.0,0.0,0.0,0.0,17.0,normal
2026-06-01T01:02:14Z,infra-2,node,system,cgroup,0.0,0.0,0.0,0.0,0.0,0.0,0.0,40.0,458752.0,0.5036795238095237,0.0,0.0,42636.0,normal
2026-06-01T01:02:14Z,infra-2,node,system,udisks2.service,0.0,0.0,0.0,0.0,0.0,0.0,0.0,0.0,0.0,0.0,0.0,0.0,3.0,normal
2026-06-01T01:02:14Z,infra-2,node,system,polkit.service,0.0,0.0,0.0,0.0,0.0,0.0,0.0,0.0,0.0,0.0,0.0,0.0,3.0,normal
2026-06-01T01:02:25Z,infra-2,monitoring,my-monitoring-prometheus-node-exporter-j2jh9,node-exporter,0.4,0.2,0.0,0.0,0.0,208.0,3254.0,0.0,0.0,0.0,0.0,0.0,18.0,normal
2026-06-01T01:02:25Z,infra-2,node,system,init.scope,0.2,0.0,0.1,0.0,0.0,0.0,0.0,0.0,0.0,0.0,0.0,0.0,1.0,normal
2026-06-01T01:02:25Z,infra-2,longhorn-system,instance-manager-9524f97f257d155c6fbc9114a7b0571e,instance-manager,179.6,2.5,10.2,0.4,0.0,468.0,438.0,0.0,0.0,0.0,6.0,6.0,301.0,normal
2026-06-01T01:02:25Z,infra-2,kube-system,kube-proxy-vkjjf,kube-proxy,2.0,0.5,0.0,0.0,0.0,14642.0,96.0,0.0,0.0,0.0,0.0,0.0,103.0,normal
2026-06-01T01:02:25Z,infra-2,node,system,containerd.service,390.3,139.3,206.8,0.0,0.0,0.0,0.0,0.0,0.0,0.0,30.0,278.0,13868.0,normal
2026-06-01T01:02:25Z,infra-2,kube-system,tetragon-hsmd6,export-stdout,7.8,6.4,0.0,0.0,0.0,0.0,0.0,0.0,0.0,0.0,0.0,0.0,10.0,normal
2026-06-01T01:02:25Z,infra-2,node,system,systemd-journald.service,0.1,0.0,0.0,0.0,0.0,0.0,0.0,0.0,0.0,0.0,0.0,0.0,1.0,normal
2026-06-01T01:02:25Z,infra-2,longhorn-system,engine-image-ei-843accdd-d7z8z,engine-image-ei-843accdd,12.4,1.0,12.8,0.0,0.0,0.0,0.0,0.0,0.0,0.0,10.0,22.0,651.0,normal
2026-06-01T01:02:25Z,infra-2,gpu-operator,gpu-operator-1764036362-node-feature-discovery-worker-x787x,worker,56.2,4.0,25.4,0.0,0.0,135978.0,1763.0,0.0,0.0,0.0,0.0,0.0,577.0,normal
2026-06-01T01:02:25Z,infra-2,longhorn-system,engine-image-ei-3154f3aa-xvvgq,engine-image-ei-3154f3aa,12.4,1.0,12.8,0.0,0.0,0.0,0.0,0.0,0.0,0.0,10.0,26.0,863.0,normal
2026-06-01T01:02:25Z,infra-2,ebpf-final,ebpf-collector-8kqsx,collector,0.2,0.7,0.3,0.1,0.0,9304.0,12620.0,0.0,0.0,0.0,0.0,0.0,10.0,normal
2026-06-01T01:02:25Z,infra-2,kube-system,kube-ovn-cni-mqq42,cni-server,364.3,26.4,422.4,0.2,0.0,204058.0,1200.0,0.0,0.0,0.0,169.0,180.0,3979.0,normal
2026-06-01T01:02:25Z,infra-2,kube-system,tetragon-hsmd6,tetragon,3.4,3.1,0.0,0.0,0.0,14810.0,239.0,0.0,0.0,0.0,0.0,0.0,12151.0,normal
2026-06-01T01:02:25Z,infra-2,longhorn-system,longhorn-csi-plugin-mvczb,longhorn-csi-plugin,2.2,0.9,0.0,0.0,0.0,0.0,0.0,0.0,0.0,0.0,0.0,0.0,78.0,normal
2026-06-01T01:02:25Z,infra-2,node,system,kubelet.service,362.5,35.0,136.0,1.2,0.0,40539.0,88657.0,0.0,0.0,0.0,2.0,2.0,5558.0,normal
2026-06-01T01:02:25Z,infra-2,kube-system,ovs-ovn-t4h8b,openvswitch,79.3,42.7,37.9,0.0,0.0,38.0,41.0,0.0,0.0,0.0,52.0,88.0,1065.0,normal
2026-06-01T01:02:25Z,infra-2,kube-system,kube-ovn-pinger-x7szv,pinger,50.0,21.2,13.2,0.2,0.0,116065.0,1579.0,0.0,8192.0,0.1382355,17.0,26.0,3952.0,normal
2026-06-01T01:02:25Z,infra-2,longhorn-system,longhorn-csi-plugin-mvczb,node-driver-registrar,0.2,0.2,0.0,0.0,0.0,0.0,0.0,0.0,0.0,0.0,0.0,0.0,10.0,normal
2026-06-01T01:02:25Z,infra-2,node,system,thermald.service,0.2,0.0,0.2,0.0,0.0,0.0,0.0,0.0,0.0,0.0,0.0,0.0,2.0,normal
2026-06-01T01:02:25Z,infra-2,kube-system,nodelocaldns-jqbvl,node-cache,12.9,4.2,0.4,1.0,0.0,4922.0,3562.0,0.0,0.0,0.0,0.0,0.0,633.0,normal
2026-06-01T01:02:25Z,infra-2,longhorn-system,longhorn-csi-plugin-mvczb,longhorn-liveness-probe,2.9,1.9,0.0,0.0,0.0,224.0,274.0,0.0,0.0,0.0,0.0,0.0,154.0,normal
2026-06-01T01:02:25Z,infra-2,longhorn-system,longhorn-manager-8wlkh,longhorn-manager,98.0,24.8,0.2,0.1,0.0,466739.0,10463.0,0.0,0.0,0.0,0.0,0.0,4341.0,normal
2026-06-01T01:02:25Z,infra-2,node,system,multipathd.service,0.0,2.2,0.0,0.0,0.0,0.0,0.0,0.0,0.0,0.0,0.0,0.0,20.0,normal
2026-06-01T01:02:25Z,infra-2,unknown,pod-9014eb51,nginx-proxy,0.0,0.0,0.0,0.0,0.0,50189.0,50237.0,0.0,0.0,0.0,0.0,0.0,28.0,normal
2026-06-01T01:02:25Z,infra-2,node,system,cgroup,0.0,0.0,0.0,0.0,0.0,0.0,0.0,40.0,299008.0,0.22690657142857143,0.0,0.0,46922.0,normal
2026-06-01T01:02:25Z,infra-2,node,system,udisks2.service,0.0,0.0,0.0,0.0,0.0,0.0,0.0,0.0,0.0,0.0,0.0,0.0,2.0,normal
2026-06-01T01:02:25Z,infra-2,node,system,polkit.service,0.0,0.0,0.0,0.0,0.0,0.0,0.0,0.0,0.0,0.0,0.0,0.0,2.0,normal
2026-06-01T01:02:35Z,infra-2,monitoring,my-monitoring-prometheus-node-exporter-j2jh9,node-exporter,0.3,0.2,0.0,0.0,0.0,208.0,3254.0,0.0,0.0,0.0,0.0,0.0,14.0,normal
2026-06-01T01:02:35Z,infra-2,longhorn-system,instance-manager-9524f97f257d155c6fbc9114a7b0571e,instance-manager,189.8,4.2,11.3,0.4,0.0,1357.0,1110.0,0.0,0.0,0.0,7.0,7.0,435.0,normal
2026-06-01T01:02:35Z,infra-2,kube-system,kube-proxy-vkjjf,kube-proxy,1.7,0.3,0.0,0.0,0.0,14520.0,96.0,0.0,0.0,0.0,0.0,0.0,89.0,normal
2026-06-01T01:02:35Z,infra-2,node,system,containerd.service,584.6,187.4,297.9,0.0,0.0,0.0,0.0,0.0,0.0,0.0,38.0,345.0,17832.0,normal
2026-06-01T01:02:35Z,infra-2,kube-system,tetragon-hsmd6,export-stdout,16.8,15.5,0.0,0.0,0.0,0.0,0.0,0.0,0.0,0.0,0.0,0.0,11.0,normal
2026-06-01T01:02:35Z,infra-2,node,system,systemd-journald.service,1.4,0.0,1.1,0.0,0.0,0.0,0.0,0.0,0.0,0.0,0.0,0.0,4.0,normal
2026-06-01T01:02:35Z,infra-2,longhorn-system,engine-image-ei-843accdd-d7z8z,engine-image-ei-843accdd,15.8,1.3,16.3,0.0,0.0,0.0,0.0,0.0,0.0,0.0,13.0,29.0,849.0,normal
2026-06-01T01:02:35Z,infra-2,gpu-operator,gpu-operator-1764036362-node-feature-discovery-worker-x787x,worker,0.4,0.2,0.0,0.0,0.0,222.0,188.0,0.0,0.0,0.0,0.0,0.0,59.0,normal
2026-06-01T01:02:35Z,infra-2,longhorn-system,engine-image-ei-3154f3aa-xvvgq,engine-image-ei-3154f3aa,15.2,1.2,15.7,0.0,0.0,0.0,0.0,0.0,0.0,0.0,12.0,32.0,1024.0,normal
2026-06-01T01:02:35Z,infra-2,ebpf-final,ebpf-collector-8kqsx,collector,130.1,0.8,123.2,0.1,0.0,182850.0,15022.0,0.0,0.0,0.0,0.0,0.0,121.0,normal
2026-06-01T01:02:35Z,infra-2,kube-system,kube-ovn-cni-mqq42,cni-server,321.9,22.8,350.2,0.4,0.0,204049.0,1200.0,0.0,0.0,0.0,135.0,156.0,4346.0,normal
2026-06-01T01:02:35Z,infra-2,kube-system,tetragon-hsmd6,tetragon,3.6,4.8,0.0,0.0,0.0,14949.0,239.0,0.0,0.0,0.0,0.0,0.0,11968.0,normal
2026-06-01T01:02:35Z,infra-2,longhorn-system,longhorn-csi-plugin-mvczb,longhorn-csi-plugin,3.0,1.4,0.0,0.0,0.0,0.0,0.0,0.0,0.0,0.0,0.0,0.0,74.0,normal
2026-06-01T01:02:35Z,infra-2,node,system,kubelet.service,357.9,40.0,132.2,1.2,0.0,38475.0,118955.0,0.0,0.0,0.0,0.0,0.0,5996.0,normal
2026-06-01T01:02:35Z,infra-2,kube-system,ovs-ovn-t4h8b,openvswitch,83.2,46.4,38.0,0.0,0.0,38.0,41.0,0.0,0.0,0.0,52.0,88.0,1165.0,normal
2026-06-01T01:02:35Z,infra-2,kube-system,kube-ovn-pinger-x7szv,pinger,44.3,20.5,13.2,0.2,0.0,116014.0,1435.0,0.0,12288.0,0.1610255,17.0,26.0,3394.0,normal
2026-06-01T01:02:35Z,infra-2,longhorn-system,longhorn-csi-plugin-mvczb,node-driver-registrar,0.2,0.2,0.0,0.0,0.0,0.0,0.0,0.0,0.0,0.0,0.0,0.0,11.0,normal
2026-06-01T01:02:35Z,infra-2,node,system,thermald.service,0.3,0.0,0.3,0.0,0.0,0.0,0.0,0.0,0.0,0.0,0.0,0.0,3.0,normal
2026-06-01T01:02:35Z,infra-2,kube-system,nodelocaldns-jqbvl,node-cache,14.0,5.0,0.3,1.1,0.0,5145.0,3785.0,0.0,0.0,0.0,0.0,0.0,640.0,normal
2026-06-01T01:02:35Z,infra-2,longhorn-system,longhorn-csi-plugin-mvczb,longhorn-liveness-probe,3.3,2.3,0.0,0.0,0.0,224.0,274.0,0.0,0.0,0.0,0.0,0.0,200.0,normal
2026-06-01T01:02:35Z,infra-2,longhorn-system,longhorn-manager-8wlkh,longhorn-manager,162.7,30.0,19.1,0.3,0.0,476744.0,31100.0,0.0,0.0,0.0,2.0,9.0,4785.0,normal
2026-06-01T01:02:35Z,infra-2,node,system,multipathd.service,0.0,2.2,0.0,0.0,0.0,0.0,0.0,0.0,0.0,0.0,0.0,0.0,20.0,normal
2026-06-01T01:02:35Z,infra-2,node,system,rsyslog.service,0.0,0.4,0.0,0.0,0.0,0.0,0.0,0.0,0.0,0.0,0.0,0.0,8.0,normal
2026-06-01T01:02:35Z,infra-2,node,system,cgroup,0.0,0.0,0.0,0.0,0.1,0.0,0.0,40.0,487424.0,0.313941625,0.0,0.0,49554.0,normal
2026-06-01T01:02:35Z,infra-2,unknown,pod-9014eb51,nginx-proxy,0.0,0.0,0.0,0.0,0.0,46298.0,46346.0,0.0,0.0,0.0,0.0,0.0,27.0,normal
2026-06-01T01:02:35Z,infra-2,node,system,udisks2.service,0.0,0.0,0.0,0.0,0.0,0.0,0.0,0.0,0.0,0.0,0.0,0.0,3.0,normal
2026-06-01T01:02:35Z,infra-2,node,system,polkit.service,0.0,0.0,0.0,0.0,0.0,0.0,0.0,0.0,0.0,0.0,0.0,0.0,3.0,normal
2026-06-01T01:02:35Z,infra-2,node,system,rpcbind.service,0.0,0.0,0.0,0.0,0.0,0.0,0.0,0.0,0.0,0.0,0.0,0.0,1.0,normal
2026-06-01T01:02:45Z,infra-2,monitoring,my-monitoring-prometheus-node-exporter-j2jh9,node-exporter,101.9,0.7,89.4,0.0,0.0,573.0,21648.0,0.0,0.0,0.0,0.0,0.0,120.0,normal
2026-06-01T01:02:45Z,infra-2,node,system,init.scope,0.6,4.0,3.7,0.0,0.0,0.0,0.0,0.0,0.0,0.0,0.0,0.0,7.0,normal
2026-06-01T01:02:45Z,infra-2,longhorn-system,instance-manager-9524f97f257d155c6fbc9114a7b0571e,instance-manager,13.3,1.6,1.2,0.0,0.0,468.0,395.0,0.0,0.0,0.0,1.0,1.0,158.0,normal
2026-06-01T01:02:45Z,infra-2,kube-system,kube-proxy-vkjjf,kube-proxy,2.4,0.4,0.0,0.0,0.0,14771.0,96.0,0.0,0.0,0.0,0.0,0.0,120.0,normal
2026-06-01T01:02:45Z,infra-2,node,system,systemd-resolved.service,0.1,0.0,0.0,0.0,0.0,0.0,0.0,0.0,0.0,0.0,0.0,0.0,1.0,normal
2026-06-01T01:02:45Z,infra-2,node,system,containerd.service,314.2,129.9,164.8,0.0,0.0,0.0,0.0,0.0,0.0,0.0,28.0,257.0,12524.0,normal
2026-06-01T01:02:45Z,infra-2,kube-system,tetragon-hsmd6,export-stdout,7.8,6.6,0.0,0.0,0.0,0.0,0.0,0.0,0.0,0.0,0.0,0.0,10.0,normal
2026-06-01T01:02:45Z,infra-2,node,system,udev,0.1,0.0,0.0,0.0,0.0,0.0,0.0,0.0,0.0,0.0,0.0,0.0,1.0,normal
2026-06-01T01:02:45Z,infra-2,longhorn-system,engine-image-ei-843accdd-d7z8z,engine-image-ei-843accdd,12.4,1.0,12.8,0.0,0.0,0.0,0.0,0.0,0.0,0.0,10.0,22.0,638.0,normal
2026-06-01T01:02:45Z,infra-2,gpu-operator,gpu-operator-1764036362-node-feature-discovery-worker-x787x,worker,0.6,0.4,0.0,0.0,0.0,222.0,188.0,0.0,0.0,0.0,0.0,0.0,47.0,normal
2026-06-01T01:02:45Z,infra-2,longhorn-system,engine-image-ei-3154f3aa-xvvgq,engine-image-ei-3154f3aa,12.4,1.0,12.8,0.0,0.0,0.0,0.0,0.0,0.0,0.0,10.0,26.0,852.0,normal
2026-06-01T01:02:45Z,infra-2,ebpf-final,ebpf-collector-8kqsx,collector,0.2,0.7,0.3,0.1,0.0,10358.0,14042.0,0.0,0.0,0.0,0.0,0.0,9.0,normal
2026-06-01T01:02:45Z,infra-2,kube-system,kube-ovn-cni-mqq42,cni-server,311.6,21.3,345.4,0.2,0.0,207661.0,1235.0,0.0,0.0,0.0,130.0,141.0,3513.0,normal
2026-06-01T01:02:45Z,infra-2,node,system,systemd-networkd.service,0.1,0.0,0.0,0.0,0.0,0.0,0.0,0.0,0.0,0.0,0.0,0.0,3.0,normal
2026-06-01T01:02:45Z,infra-2,kube-system,tetragon-hsmd6,tetragon,5.7,4.1,0.4,0.0,0.0,15175.0,21808.0,0.0,0.0,0.0,0.0,0.0,11520.0,normal
2026-06-01T01:02:45Z,infra-2,longhorn-system,longhorn-csi-plugin-mvczb,longhorn-csi-plugin,2.5,1.4,0.0,0.0,0.0,0.0,0.0,0.0,0.0,0.0,0.0,0.0,61.0,normal
2026-06-01T01:02:45Z,infra-2,node,system,kubelet.service,403.8,35.8,132.8,1.2,0.0,38217.0,84642.0,0.0,0.0,0.0,0.0,0.0,5661.0,normal
2026-06-01T01:02:45Z,infra-2,kube-system,ovs-ovn-t4h8b,openvswitch,85.8,54.2,38.4,0.0,0.0,1608.0,41.0,0.0,0.0,0.0,52.0,88.0,1093.0,normal
2026-06-01T01:02:45Z,infra-2,kube-system,kube-ovn-pinger-x7szv,pinger,50.1,21.9,13.3,0.2,0.0,115886.0,1579.0,0.0,12288.0,0.1451585,17.0,26.0,3799.0,normal
2026-06-01T01:02:45Z,infra-2,longhorn-system,longhorn-csi-plugin-mvczb,node-driver-registrar,0.2,0.2,0.0,0.0,0.0,0.0,0.0,0.0,0.0,0.0,0.0,0.0,10.0,normal
2026-06-01T01:02:45Z,infra-2,node,system,thermald.service,0.2,0.0,0.2,0.0,0.0,0.0,0.0,0.0,0.0,0.0,0.0,0.0,4.0,normal
2026-06-01T01:02:45Z,infra-2,kube-system,nodelocaldns-jqbvl,node-cache,28.3,5.8,35.4,1.0,0.0,4922.0,3562.0,0.0,0.0,0.0,12.0,12.0,721.0,normal
2026-06-01T01:02:45Z,infra-2,longhorn-system,longhorn-csi-plugin-mvczb,longhorn-liveness-probe,3.1,1.9,0.0,0.0,0.0,224.0,274.0,0.0,0.0,0.0,0.0,0.0,179.0,normal
2026-06-01T01:02:45Z,infra-2,longhorn-system,longhorn-manager-8wlkh,longhorn-manager,104.2,26.8,0.1,0.1,0.0,487085.0,10576.0,0.0,0.0,0.0,0.0,0.0,4217.0,normal
2026-06-01T01:02:45Z,infra-2,node,system,multipathd.service,0.0,2.1,0.0,0.0,0.0,0.0,0.0,0.0,0.0,0.0,0.0,0.0,20.0,normal
2026-06-01T01:02:45Z,infra-2,unknown,pod-9014eb51,nginx-proxy,0.0,0.0,0.0,0.0,0.0,46636.0,46684.0,0.0,0.0,0.0,0.0,0.0,30.0,normal
2026-06-01T01:02:45Z,infra-2,node,system,cgroup,0.0,0.0,0.0,0.0,0.0,0.0,0.0,40.0,364544.0,0.2565249375,0.0,0.0,43713.0,normal
2026-06-01T01:02:45Z,infra-2,node,system,udisks2.service,0.0,0.0,0.0,0.0,0.0,0.0,0.0,0.0,0.0,0.0,0.0,0.0,2.0,normal
2026-06-01T01:02:45Z,infra-2,node,system,dbus.service,0.0,0.0,0.0,0.0,0.0,0.0,0.0,0.0,0.0,0.0,0.0,0.0,9.0,normal
2026-06-01T01:02:45Z,infra-2,node,system,polkit.service,0.0,0.0,0.0,0.0,0.0,0.0,0.0,0.0,0.0,0.0,0.0,0.0,2.0,normal
