timestamp,node,namespace,pod,container,anomaly_score,is_anomaly,top_features
2026-05-27T03:10:58Z,mock-node,default,mock-pod,app,0.304467,False,"[{""feature"": ""disk_read_bytes"", ""value"": 15689.512, ""z"": -1.514}, {""feature"": ""syscall_write_rate"", ""value"": 109.568, ""z"": 1.477}, {""feature"": ""syscall_read_rate"", ""value"": 178.984, ""z"": 1.29}]"
2026-05-27T03:11:08Z,mock-node,default,mock-pod,app,0.269754,False,"[{""feature"": ""tcp_retransmit_rate"", ""value"": 0.272, ""z"": 2.428}, {""feature"": ""syscall_write_rate"", ""value"": 69.671, ""z"": -1.547}, {""feature"": ""disk_read_bytes"", ""value"": 23698.272, ""z"": 1.216}]"
2026-05-27T03:11:18Z,mock-node,default,mock-pod,app,0.099799,False,"[{""feature"": ""syscall_open_rate"", ""value"": 16.753, ""z"": -1.099}, {""feature"": ""process_fork_count"", ""value"": 0.837, ""z"": -1.086}, {""feature"": ""disk_read_bytes"", ""value"": 23264.556, ""z"": 1.068}]"
2026-05-27T03:11:28Z,mock-node,default,mock-pod,app,0.404705,False,"[{""feature"": ""syscall_write_rate"", ""value"": 116.738, ""z"": 2.021}, {""feature"": ""network_tx_bytes"", ""value"": 30694.979, ""z"": -1.567}, {""feature"": ""process_exec_count"", ""value"": 0.804, ""z"": -1.365}]"
2026-05-27T03:11:38Z,mock-node,default,mock-pod,app,0.322287,False,"[{""feature"": ""process_fork_count"", ""value"": 0.785, ""z"": -1.445}, {""feature"": ""syscall_read_rate"", ""value"": 182.198, ""z"": 1.433}, {""feature"": ""syscall_open_rate"", ""value"": 16.002, ""z"": -1.348}]"
2026-05-27T03:11:48Z,mock-node,default,mock-pod,app,0.306432,False,"[{""feature"": ""syscall_write_rate"", ""value"": 66.595, ""z"": -1.78}, {""feature"": ""disk_read_bytes"", ""value"": 24503.622, ""z"": 1.491}, {""feature"": ""disk_io_latency_ms"", ""value"": 2.4, ""z"": 1.304}]"
2026-05-27T03:11:58Z,mock-node,default,mock-pod,app,0.559422,False,"[{""feature"": ""syscall_read_rate"", ""value"": 86.195, ""z"": -2.826}, {""feature"": ""network_tx_bytes"", ""value"": 25245.399, ""z"": -2.485}, {""feature"": ""process_fork_count"", ""value"": 1.188, ""z"": 1.342}]"
2026-05-27T03:12:08Z,mock-node,default,mock-pod,app,0.46724,False,"[{""feature"": ""disk_io_latency_ms"", ""value"": 2.569, ""z"": 1.862}, {""feature"": ""syscall_open_rate"", ""value"": 14.564, ""z"": -1.824}, {""feature"": ""tcp_connect_rate"", ""value"": 5.93, ""z"": 1.271}]"
2026-05-27T03:12:18Z,mock-node,default,mock-pod,app,0.258124,False,"[{""feature"": ""tcp_retransmit_rate"", ""value"": 0.159, ""z"": -1.368}, {""feature"": ""process_fork_count"", ""value"": 1.178, ""z"": 1.273}, {""feature"": ""syscall_read_rate"", ""value"": 124.094, ""z"": -1.145}]"
2026-05-27T03:12:28Z,mock-node,default,mock-pod,app,0.377515,False,"[{""feature"": ""tcp_retransmit_rate"", ""value"": 0.258, ""z"": 1.958}, {""feature"": ""syscall_open_rate"", ""value"": 14.716, ""z"": -1.773}, {""feature"": ""syscall_read_rate"", ""value"": 119.135, ""z"": -1.365}]"
2026-05-27T03:12:38Z,mock-node,default,mock-pod,app,0.166597,False,"[{""feature"": ""disk_read_bytes"", ""value"": 16791.873, ""z"": -1.138}, {""feature"": ""tcp_connect_rate"", ""value"": 5.774, ""z"": 1.064}, {""feature"": ""process_exec_count"", ""value"": 1.147, ""z"": 1.004}]"
2026-05-27T03:12:48Z,mock-node,default,mock-pod,app,0.370315,False,"[{""feature"": ""syscall_write_rate"", ""value"": 112.456, ""z"": 1.696}, {""feature"": ""network_rx_bytes"", ""value"": 39112.183, ""z"": -1.394}, {""feature"": ""syscall_open_rate"", ""value"": 24.063, ""z"": 1.322}]"
2026-05-27T03:12:58Z,mock-node,default,mock-pod,app,0.402778,False,"[{""feature"": ""tcp_connect_rate"", ""value"": 7.009, ""z"": 2.702}, {""feature"": ""disk_read_bytes"", ""value"": 24276.84, ""z"": 1.414}, {""feature"": ""process_fork_count"", ""value"": 1.191, ""z"": 1.363}]"
2026-05-27T03:13:08Z,mock-node,default,mock-pod,app,0.459177,False,"[{""feature"": ""network_tx_bytes"", ""value"": 53193.357, ""z"": 2.223}, {""feature"": ""syscall_write_rate"", ""value"": 117.001, ""z"": 2.041}, {""feature"": ""tcp_retransmit_rate"", ""value"": 0.256, ""z"": 1.89}]"
2026-05-27T03:13:18Z,mock-node,default,mock-pod,app,0.659211,False,"[{""feature"": ""syscall_write_rate"", ""value"": 58.682, ""z"": -2.38}, {""feature"": ""network_rx_bytes"", ""value"": 35054.664, ""z"": -1.907}, {""feature"": ""tcp_retransmit_rate"", ""value"": 0.255, ""z"": 1.857}]"
2026-05-27T03:13:28Z,mock-node,default,mock-pod,app,0.32391,False,"[{""feature"": ""process_fork_count"", ""value"": 1.261, ""z"": 1.847}, {""feature"": ""network_tx_bytes"", ""value"": 50820.209, ""z"": 1.823}, {""feature"": ""syscall_write_rate"", ""value"": 105.841, ""z"": 1.195}]"
2026-05-27T03:13:38Z,mock-node,default,mock-pod,app,0.549811,False,"[{""feature"": ""disk_write_bytes"", ""value"": 8483.435, ""z"": -2.894}, {""feature"": ""process_fork_count"", ""value"": 1.24, ""z"": 1.702}, {""feature"": ""tcp_connect_rate"", ""value"": 3.728, ""z"": -1.648}]"
2026-05-27T03:13:48Z,mock-node,default,mock-pod,app,0.324604,False,"[{""feature"": ""process_fork_count"", ""value"": 1.301, ""z"": 2.124}, {""feature"": ""tcp_retransmit_rate"", ""value"": 0.159, ""z"": -1.368}, {""feature"": ""process_exec_count"", ""value"": 0.849, ""z"": -1.054}]"
2026-05-27T03:13:58Z,mock-node,default,mock-pod,app,0.439057,False,"[{""feature"": ""disk_read_bytes"", ""value"": 14527.168, ""z"": -1.91}, {""feature"": ""tcp_retransmit_rate"", ""value"": 0.254, ""z"": 1.823}, {""feature"": ""disk_io_latency_ms"", ""value"": 2.349, ""z"": 1.135}]"
2026-05-27T03:14:08Z,mock-node,default,mock-pod,app,0.224174,False,"[{""feature"": ""disk_write_bytes"", ""value"": 18899.524, ""z"": 1.785}, {""feature"": ""tcp_connect_rate"", ""value"": 5.748, ""z"": 1.03}, {""feature"": ""network_rx_bytes"", ""value"": 57395.181, ""z"": 0.919}]"
2026-05-27T03:14:18Z,mock-node,default,mock-pod,app,0.610609,False,"[{""feature"": ""context_switch_count"", ""value"": 570.422, ""z"": -1.992}, {""feature"": ""process_exec_count"", ""value"": 1.263, ""z"": 1.805}, {""feature"": ""disk_io_latency_ms"", ""value"": 2.495, ""z"": 1.618}]"
2026-05-27T03:14:28Z,mock-node,default,mock-pod,app,0.245296,False,"[{""feature"": ""syscall_read_rate"", ""value"": 191.309, ""z"": 1.837}, {""feature"": ""tcp_retransmit_rate"", ""value"": 0.234, ""z"": 1.151}, {""feature"": ""network_rx_bytes"", ""value"": 58811.449, ""z"": 1.098}]"
2026-05-27T03:14:38Z,mock-node,default,mock-pod,app,0.359522,False,"[{""feature"": ""syscall_open_rate"", ""value"": 26.791, ""z"": 2.225}, {""feature"": ""process_fork_count"", ""value"": 0.796, ""z"": -1.369}, {""feature"": ""disk_read_bytes"", ""value"": 24061.772, ""z"": 1.34}]"
2026-05-27T03:14:48Z,mock-node,default,mock-pod,app,0.211645,False,"[{""feature"": ""syscall_read_rate"", ""value"": 178.057, ""z"": 1.249}, {""feature"": ""disk_write_bytes"", ""value"": 12361.929, ""z"": -1.152}, {""feature"": ""network_rx_bytes"", ""value"": 58130.313, ""z"": 1.012}]"
2026-05-27T03:14:58Z,mock-node,default,mock-pod,app,0.237203,False,"[{""feature"": ""syscall_write_rate"", ""value"": 113.898, ""z"": 1.806}, {""feature"": ""network_tx_bytes"", ""value"": 32896.762, ""z"": -1.196}, {""feature"": ""network_rx_bytes"", ""value"": 58112.673, ""z"": 1.009}]"
2026-05-27T03:15:08Z,mock-node,default,mock-pod,app,0.397115,False,"[{""feature"": ""network_rx_bytes"", ""value"": 35068.94, ""z"": -1.905}, {""feature"": ""tcp_retransmit_rate"", ""value"": 0.251, ""z"": 1.722}, {""feature"": ""syscall_write_rate"", ""value"": 107.079, ""z"": 1.289}]"
2026-05-27T03:15:18Z,mock-node,default,mock-pod,app,0.354698,False,"[{""feature"": ""syscall_write_rate"", ""value"": 51.436, ""z"": -2.929}, {""feature"": ""tcp_retransmit_rate"", ""value"": 0.228, ""z"": 0.95}, {""feature"": ""context_switch_count"", ""value"": 695.438, ""z"": -0.931}]"
2026-05-27T03:15:28Z,mock-node,default,mock-pod,app,0.50065,False,"[{""feature"": ""syscall_open_rate"", ""value"": 13.83, ""z"": -2.067}, {""feature"": ""syscall_read_rate"", ""value"": 194.483, ""z"": 1.978}, {""feature"": ""process_exec_count"", ""value"": 0.783, ""z"": -1.51}]"
2026-05-27T03:15:38Z,mock-node,default,mock-pod,app,0.165153,False,"[{""feature"": ""syscall_read_rate"", ""value"": 189.815, ""z"": 1.771}, {""feature"": ""syscall_open_rate"", ""value"": 16.432, ""z"": -1.205}, {""feature"": ""network_rx_bytes"", ""value"": 43371.399, ""z"": -0.855}]"
2026-05-27T03:15:48Z,mock-node,default,mock-pod,app,0.079226,False,"[{""feature"": ""disk_read_bytes"", ""value"": 16641.815, ""z"": -1.189}, {""feature"": ""process_fork_count"", ""value"": 0.826, ""z"": -1.162}, {""feature"": ""network_tx_bytes"", ""value"": 34685.269, ""z"": -0.895}]"
2026-05-27T03:15:58Z,mock-node,default,mock-pod,app,0.314546,False,"[{""feature"": ""process_exec_count"", ""value"": 1.28, ""z"": 1.922}, {""feature"": ""tcp_connect_rate"", ""value"": 3.879, ""z"": -1.448}, {""feature"": ""process_fork_count"", ""value"": 0.815, ""z"": -1.238}]"
2026-05-27T03:16:08Z,mock-node,default,mock-pod,app,0.547408,False,"[{""feature"": ""tcp_connect_rate"", ""value"": 3.467, ""z"": -1.995}, {""feature"": ""process_exec_count"", ""value"": 0.727, ""z"": -1.897}, {""feature"": ""network_tx_bytes"", ""value"": 48616.25, ""z"": 1.452}]"
2026-05-27T03:16:18Z,mock-node,default,mock-pod,app,0.283851,False,"[{""feature"": ""tcp_connect_rate"", ""value"": 3.745, ""z"": -1.626}, {""feature"": ""syscall_write_rate"", ""value"": 71.925, ""z"": -1.376}, {""feature"": ""syscall_open_rate"", ""value"": 23.958, ""z"": 1.287}]"
2026-05-27T03:16:28Z,mock-node,default,mock-pod,app,0.578093,False,"[{""feature"": ""network_rx_bytes"", ""value"": 70458.871, ""z"": 2.571}, {""feature"": ""process_exec_count"", ""value"": 1.329, ""z"": 2.26}, {""feature"": ""syscall_read_rate"", ""value"": 117.49, ""z"": -1.438}]"
2026-05-27T03:16:38Z,mock-node,default,mock-pod,app,0.525496,False,"[{""feature"": ""tcp_retransmit_rate"", ""value"": 0.136, ""z"": -2.14}, {""feature"": ""syscall_write_rate"", ""value"": 64.408, ""z"": -1.946}, {""feature"": ""context_switch_count"", ""value"": 984.175, ""z"": 1.521}]"
2026-05-27T03:16:48Z,mock-node,default,mock-pod,app,0.181029,False,"[{""feature"": ""disk_write_bytes"", ""value"": 18743.975, ""z"": 1.716}, {""feature"": ""syscall_read_rate"", ""value"": 185.115, ""z"": 1.562}, {""feature"": ""tcp_connect_rate"", ""value"": 4.38, ""z"": -0.784}]"
2026-05-27T03:16:58Z,mock-node,default,mock-pod,app,0.349433,False,"[{""feature"": ""process_fork_count"", ""value"": 0.736, ""z"": -1.784}, {""feature"": ""disk_io_latency_ms"", ""value"": 2.455, ""z"": 1.486}, {""feature"": ""disk_read_bytes"", ""value"": 23940.457, ""z"": 1.299}]"
2026-05-27T03:17:08Z,mock-node,default,mock-pod,app,0.671854,False,"[{""feature"": ""process_fork_count"", ""value"": 0.627, ""z"": -2.538}, {""feature"": ""syscall_write_rate"", ""value"": 63.481, ""z"": -2.016}, {""feature"": ""disk_read_bytes"", ""value"": 24236.767, ""z"": 1.4}]"
2026-05-27T03:17:18Z,mock-node,default,mock-pod,app,0.323199,False,"[{""feature"": ""syscall_write_rate"", ""value"": 53.706, ""z"": -2.757}, {""feature"": ""process_exec_count"", ""value"": 0.847, ""z"": -1.068}, {""feature"": ""network_tx_bytes"", ""value"": 34364.032, ""z"": -0.949}]"
2026-05-27T03:17:28Z,mock-node,default,mock-pod,app,0.323081,False,"[{""feature"": ""disk_io_latency_ms"", ""value"": 1.494, ""z"": -1.69}, {""feature"": ""syscall_open_rate"", ""value"": 15.548, ""z"": -1.498}, {""feature"": ""tcp_connect_rate"", ""value"": 3.918, ""z"": -1.397}]"
2026-05-27T03:17:38Z,mock-node,default,mock-pod,app,0.283953,False,"[{""feature"": ""network_rx_bytes"", ""value"": 27790.893, ""z"": -2.825}, {""feature"": ""syscall_read_rate"", ""value"": 174.954, ""z"": 1.111}, {""feature"": ""disk_write_bytes"", ""value"": 12982.169, ""z"": -0.873}]"
2026-05-27T03:17:48Z,mock-node,default,mock-pod,app,0.482782,False,"[{""feature"": ""disk_read_bytes"", ""value"": 15040.224, ""z"": -1.735}, {""feature"": ""syscall_write_rate"", ""value"": 67.785, ""z"": -1.69}, {""feature"": ""tcp_connect_rate"", ""value"": 3.947, ""z"": -1.358}]"
2026-05-27T03:17:58Z,mock-node,default,mock-pod,app,0.431036,False,"[{""feature"": ""process_fork_count"", ""value"": 0.705, ""z"": -1.999}, {""feature"": ""syscall_open_rate"", ""value"": 24.836, ""z"": 1.577}, {""feature"": ""network_rx_bytes"", ""value"": 39461.963, ""z"": -1.349}]"
2026-05-27T03:18:08Z,mock-node,default,mock-pod,app,0.301001,False,"[{""feature"": ""process_fork_count"", ""value"": 0.638, ""z"": -2.462}, {""feature"": ""network_rx_bytes"", ""value"": 37631.535, ""z"": -1.581}, {""feature"": ""syscall_open_rate"", ""value"": 17.005, ""z"": -1.016}]"
2026-05-27T03:18:18Z,mock-node,default,mock-pod,app,0.331734,False,"[{""feature"": ""disk_write_bytes"", ""value"": 18779.67, ""z"": 1.732}, {""feature"": ""context_switch_count"", ""value"": 604.464, ""z"": -1.703}, {""feature"": ""tcp_connect_rate"", ""value"": 4.052, ""z"": -1.219}]"
2026-05-27T03:18:28Z,mock-node,default,mock-pod,app,0.402274,False,"[{""feature"": ""tcp_retransmit_rate"", ""value"": 0.146, ""z"": -1.804}, {""feature"": ""process_exec_count"", ""value"": 1.234, ""z"": 1.604}, {""feature"": ""network_tx_bytes"", ""value"": 48166.727, ""z"": 1.376}]"
2026-05-27T03:18:38Z,mock-node,default,mock-pod,app,0.655838,False,"[{""feature"": ""syscall_write_rate"", ""value"": 124.254, ""z"": 2.591}, {""feature"": ""tcp_retransmit_rate"", ""value"": 0.263, ""z"": 2.126}, {""feature"": ""tcp_connect_rate"", ""value"": 3.608, ""z"": -1.808}]"
2026-05-27T03:18:48Z,mock-node,default,mock-pod,app,0.323591,False,"[{""feature"": ""tcp_connect_rate"", ""value"": 6.035, ""z"": 1.41}, {""feature"": ""context_switch_count"", ""value"": 953.387, ""z"": 1.259}, {""feature"": ""process_exec_count"", ""value"": 1.181, ""z"": 1.238}]"
2026-05-27T03:18:58Z,mock-node,default,mock-pod,app,0.234171,False,"[{""feature"": ""process_exec_count"", ""value"": 0.743, ""z"": -1.786}, {""feature"": ""syscall_write_rate"", ""value"": 111.447, ""z"": 1.62}, {""feature"": ""process_fork_count"", ""value"": 0.819, ""z"": -1.21}]"
2026-05-27T03:19:08Z,mock-node,default,mock-pod,app,0.417276,False,"[{""feature"": ""syscall_open_rate"", ""value"": 14.719, ""z"": -1.772}, {""feature"": ""network_tx_bytes"", ""value"": 49568.243, ""z"": 1.612}, {""feature"": ""tcp_connect_rate"", ""value"": 6.008, ""z"": 1.375}]"
2026-05-27T03:19:18Z,mock-node,default,mock-pod,app,0.176848,False,"[{""feature"": ""disk_write_bytes"", ""value"": 10897.076, ""z"": -1.81}, {""feature"": ""disk_io_latency_ms"", ""value"": 1.635, ""z"": -1.224}, {""feature"": ""tcp_connect_rate"", ""value"": 4.244, ""z"": -0.964}]"
2026-05-27T03:19:28Z,mock-node,default,mock-pod,app,0.440411,False,"[{""feature"": ""tcp_connect_rate"", ""value"": 3.528, ""z"": -1.914}, {""feature"": ""syscall_read_rate"", ""value"": 107.536, ""z"": -1.879}, {""feature"": ""network_rx_bytes"", ""value"": 37508.547, ""z"": -1.596}]"
2026-05-27T03:19:38Z,mock-node,default,mock-pod,app,0.199246,False,"[{""feature"": ""network_rx_bytes"", ""value"": 36225.688, ""z"": -1.759}, {""feature"": ""tcp_retransmit_rate"", ""value"": 0.235, ""z"": 1.185}, {""feature"": ""syscall_read_rate"", ""value"": 170.581, ""z"": 0.917}]"
2026-05-27T03:19:48Z,mock-node,default,mock-pod,app,0.705458,False,"[{""feature"": ""process_fork_count"", ""value"": 1.326, ""z"": 2.297}, {""feature"": ""disk_write_bytes"", ""value"": 10637.652, ""z"": -1.927}, {""feature"": ""disk_read_bytes"", ""value"": 14610.63, ""z"": -1.881}]"
2026-05-27T03:19:58Z,mock-node,default,mock-pod,app,0.315137,False,"[{""feature"": ""disk_io_latency_ms"", ""value"": 2.587, ""z"": 1.922}, {""feature"": ""process_exec_count"", ""value"": 0.804, ""z"": -1.365}, {""feature"": ""syscall_open_rate"", ""value"": 16.967, ""z"": -1.028}]"
2026-05-27T03:20:08Z,mock-node,default,mock-pod,app,0.648648,False,"[{""feature"": ""tcp_retransmit_rate"", ""value"": 0.282, ""z"": 2.764}, {""feature"": ""network_tx_bytes"", ""value"": 50923.443, ""z"": 1.841}, {""feature"": ""syscall_open_rate"", ""value"": 15.071, ""z"": -1.656}]"
2026-05-27T03:20:18Z,mock-node,default,mock-pod,app,0.426335,False,"[{""feature"": ""syscall_write_rate"", ""value"": 118.409, ""z"": 2.148}, {""feature"": ""syscall_read_rate"", ""value"": 105.396, ""z"": -1.974}, {""feature"": ""network_tx_bytes"", ""value"": 32557.945, ""z"": -1.253}]"
2026-05-27T03:20:28Z,mock-node,default,mock-pod,app,0.343997,False,"[{""feature"": ""disk_write_bytes"", ""value"": 10851.682, ""z"": -1.83}, {""feature"": ""network_tx_bytes"", ""value"": 47781.827, ""z"": 1.311}, {""feature"": ""context_switch_count"", ""value"": 953.103, ""z"": 1.257}]"
2026-05-27T03:20:38Z,mock-node,default,mock-pod,app,0.586104,False,"[{""feature"": ""tcp_connect_rate"", ""value"": 3.165, ""z"": -2.395}, {""feature"": ""context_switch_count"", ""value"": 550.62, ""z"": -2.161}, {""feature"": ""disk_write_bytes"", ""value"": 18576.842, ""z"": 1.64}]"
2026-05-27T03:20:48Z,mock-node,default,mock-pod,app,0.198821,False,"[{""feature"": ""disk_io_latency_ms"", ""value"": 2.531, ""z"": 1.737}, {""feature"": ""disk_write_bytes"", ""value"": 17430.166, ""z"": 1.125}, {""feature"": ""tcp_retransmit_rate"", ""value"": 0.224, ""z"": 0.816}]"
2026-05-27T03:20:58Z,mock-node,default,mock-pod,app,0.83767,True,"[{""feature"": ""process_exec_count"", ""value"": 1.38, ""z"": 2.613}, {""feature"": ""context_switch_count"", ""value"": 537.037, ""z"": -2.276}, {""feature"": ""disk_read_bytes"", ""value"": 25350.865, ""z"": 1.78}]"
2026-05-27T03:21:08Z,mock-node,default,mock-pod,app,1.0,True,"[{""feature"": ""disk_io_latency_ms"", ""value"": 1.165, ""z"": -2.777}, {""feature"": ""syscall_write_rate"", ""value"": 122.079, ""z"": 2.426}, {""feature"": ""tcp_retransmit_rate"", ""value"": 0.137, ""z"": -2.107}]"
2026-05-27T03:21:18Z,mock-node,default,mock-pod,app,0.172116,False,"[{""feature"": ""syscall_open_rate"", ""value"": 24.029, ""z"": 1.31}, {""feature"": ""network_tx_bytes"", ""value"": 47335.413, ""z"": 1.236}, {""feature"": ""process_fork_count"", ""value"": 0.822, ""z"": -1.189}]"
2026-05-27T03:21:28Z,mock-node,default,mock-pod,app,0.101455,False,"[{""feature"": ""syscall_write_rate"", ""value"": 71.527, ""z"": -1.406}, {""feature"": ""process_exec_count"", ""value"": 0.865, ""z"": -0.944}, {""feature"": ""disk_io_latency_ms"", ""value"": 1.753, ""z"": -0.834}]"
2026-05-27T03:21:38Z,mock-node,default,mock-pod,app,0.512341,False,"[{""feature"": ""disk_io_latency_ms"", ""value"": 2.618, ""z"": 2.024}, {""feature"": ""tcp_connect_rate"", ""value"": 6.323, ""z"": 1.792}, {""feature"": ""process_exec_count"", ""value"": 0.755, ""z"": -1.703}]"
2026-05-27T03:21:48Z,mock-node,default,mock-pod,app,0.366487,False,"[{""feature"": ""network_tx_bytes"", ""value"": 29121.46, ""z"": -1.832}, {""feature"": ""tcp_connect_rate"", ""value"": 6.262, ""z"": 1.711}, {""feature"": ""process_exec_count"", ""value"": 1.237, ""z"": 1.625}]"
2026-05-27T03:21:58Z,mock-node,default,mock-pod,app,0.132003,False,"[{""feature"": ""syscall_open_rate"", ""value"": 23.962, ""z"": 1.288}, {""feature"": ""tcp_connect_rate"", ""value"": 4.101, ""z"": -1.154}, {""feature"": ""syscall_read_rate"", ""value"": 127.194, ""z"": -1.007}]"
2026-05-27T03:22:08Z,mock-node,default,mock-pod,app,0.593797,False,"[{""feature"": ""process_exec_count"", ""value"": 0.663, ""z"": -2.339}, {""feature"": ""disk_read_bytes"", ""value"": 16299.162, ""z"": -1.306}, {""feature"": ""syscall_write_rate"", ""value"": 106.988, ""z"": 1.282}]"
2026-05-27T03:22:18Z,mock-node,default,mock-pod,app,0.70635,False,"[{""feature"": ""tcp_retransmit_rate"", ""value"": 0.122, ""z"": -2.61}, {""feature"": ""context_switch_count"", ""value"": 569.824, ""z"": -1.998}, {""feature"": ""disk_write_bytes"", ""value"": 18670.668, ""z"": 1.683}]"
2026-05-27T03:22:28Z,mock-node,default,mock-pod,app,0.663749,False,"[{""feature"": ""tcp_connect_rate"", ""value"": 6.374, ""z"": 1.86}, {""feature"": ""disk_read_bytes"", ""value"": 14785.116, ""z"": -1.822}, {""feature"": ""tcp_retransmit_rate"", ""value"": 0.159, ""z"": -1.368}]"
2026-05-27T03:22:38Z,mock-node,default,mock-pod,app,0.294675,False,"[{""feature"": ""disk_read_bytes"", ""value"": 25913.969, ""z"": 1.972}, {""feature"": ""context_switch_count"", ""value"": 603.907, ""z"": -1.708}, {""feature"": ""tcp_connect_rate"", ""value"": 5.615, ""z"": 0.853}]"
2026-05-27T03:22:48Z,mock-node,default,mock-pod,app,0.20343,False,"[{""feature"": ""disk_read_bytes"", ""value"": 24685.084, ""z"": 1.553}, {""feature"": ""network_tx_bytes"", ""value"": 33186.829, ""z"": -1.147}, {""feature"": ""tcp_retransmit_rate"", ""value"": 0.166, ""z"": -1.132}]"
2026-05-27T03:22:58Z,mock-node,default,mock-pod,app,0.803672,False,"[{""feature"": ""disk_write_bytes"", ""value"": 9323.159, ""z"": -2.517}, {""feature"": ""syscall_open_rate"", ""value"": 12.662, ""z"": -2.454}, {""feature"": ""disk_io_latency_ms"", ""value"": 1.359, ""z"": -2.136}]"
2026-05-27T03:23:08Z,mock-node,default,mock-pod,app,0.340552,False,"[{""feature"": ""syscall_read_rate"", ""value"": 194.647, ""z"": 1.985}, {""feature"": ""disk_io_latency_ms"", ""value"": 1.472, ""z"": -1.762}, {""feature"": ""context_switch_count"", ""value"": 635.73, ""z"": -1.438}]"
2026-05-27T03:23:18Z,mock-node,default,mock-pod,app,0.264425,False,"[{""feature"": ""process_exec_count"", ""value"": 0.754, ""z"": -1.71}, {""feature"": ""process_fork_count"", ""value"": 1.213, ""z"": 1.515}, {""feature"": ""syscall_open_rate"", ""value"": 16.569, ""z"": -1.16}]"
2026-05-27T03:23:28Z,mock-node,default,mock-pod,app,0.325799,False,"[{""feature"": ""network_rx_bytes"", ""value"": 34094.3, ""z"": -2.028}, {""feature"": ""syscall_write_rate"", ""value"": 65.544, ""z"": -1.86}, {""feature"": ""syscall_read_rate"", ""value"": 176.017, ""z"": 1.158}]"
2026-05-27T03:23:38Z,mock-node,default,mock-pod,app,0.550674,False,"[{""feature"": ""syscall_open_rate"", ""value"": 27.054, ""z"": 2.312}, {""feature"": ""process_fork_count"", ""value"": 1.232, ""z"": 1.647}, {""feature"": ""network_tx_bytes"", ""value"": 30571.263, ""z"": -1.588}]"
2026-05-27T03:23:48Z,mock-node,default,mock-pod,app,0.396642,False,"[{""feature"": ""tcp_connect_rate"", ""value"": 3.45, ""z"": -2.017}, {""feature"": ""process_exec_count"", ""value"": 1.227, ""z"": 1.556}, {""feature"": ""tcp_retransmit_rate"", ""value"": 0.156, ""z"": -1.468}]"
2026-05-27T03:23:58Z,mock-node,default,mock-pod,app,0.37148,False,"[{""feature"": ""network_rx_bytes"", ""value"": 64021.377, ""z"": 1.757}, {""feature"": ""process_fork_count"", ""value"": 0.799, ""z"": -1.348}, {""feature"": ""disk_read_bytes"", ""value"": 16514.701, ""z"": -1.232}]"
2026-05-27T03:24:08Z,mock-node,default,mock-pod,app,0.234586,False,"[{""feature"": ""syscall_read_rate"", ""value"": 106.126, ""z"": -1.942}, {""feature"": ""process_exec_count"", ""value"": 0.815, ""z"": -1.289}, {""feature"": ""syscall_open_rate"", ""value"": 23.209, ""z"": 1.039}]"
2026-05-27T03:24:18Z,mock-node,default,mock-pod,app,0.371433,False,"[{""feature"": ""process_fork_count"", ""value"": 0.606, ""z"": -2.683}, {""feature"": ""disk_read_bytes"", ""value"": 23899.263, ""z"": 1.285}, {""feature"": ""process_exec_count"", ""value"": 0.817, ""z"": -1.275}]"
2026-05-27T03:24:28Z,mock-node,default,mock-pod,app,0.186949,False,"[{""feature"": ""network_tx_bytes"", ""value"": 50286.297, ""z"": 1.733}, {""feature"": ""disk_io_latency_ms"", ""value"": 2.426, ""z"": 1.39}, {""feature"": ""syscall_read_rate"", ""value"": 175.647, ""z"": 1.142}]"
2026-05-27T03:24:38Z,mock-node,default,mock-pod,app,0.278045,False,"[{""feature"": ""tcp_retransmit_rate"", ""value"": 0.144, ""z"": -1.871}, {""feature"": ""network_rx_bytes"", ""value"": 60329.698, ""z"": 1.29}, {""feature"": ""process_exec_count"", ""value"": 0.868, ""z"": -0.923}]"
2026-05-27T03:24:48Z,mock-node,default,mock-pod,app,0.338455,False,"[{""feature"": ""syscall_open_rate"", ""value"": 15.946, ""z"": -1.366}, {""feature"": ""disk_io_latency_ms"", ""value"": 1.619, ""z"": -1.277}, {""feature"": ""disk_write_bytes"", ""value"": 12173.866, ""z"": -1.236}]"
2026-05-27T03:24:58Z,mock-node,default,mock-pod,app,0.076951,False,"[{""feature"": ""process_fork_count"", ""value"": 1.183, ""z"": 1.308}, {""feature"": ""syscall_read_rate"", ""value"": 175.565, ""z"": 1.138}, {""feature"": ""context_switch_count"", ""value"": 679.778, ""z"": -1.064}]"
2026-05-27T03:25:08Z,mock-node,default,mock-pod,app,0.30515,False,"[{""feature"": ""network_rx_bytes"", ""value"": 36114.848, ""z"": -1.773}, {""feature"": ""disk_write_bytes"", ""value"": 11630.433, ""z"": -1.48}, {""feature"": ""tcp_retransmit_rate"", ""value"": 0.169, ""z"": -1.032}]"
2026-05-27T03:25:18Z,mock-node,default,mock-pod,app,0.494664,False,"[{""feature"": ""disk_read_bytes"", ""value"": 25400.457, ""z"": 1.797}, {""feature"": ""disk_io_latency_ms"", ""value"": 2.492, ""z"": 1.608}, {""feature"": ""network_rx_bytes"", ""value"": 37781.887, ""z"": -1.562}]"
2026-05-27T03:25:28Z,mock-node,default,mock-pod,app,0.44278,False,"[{""feature"": ""network_rx_bytes"", ""value"": 68479.612, ""z"": 2.32}, {""feature"": ""syscall_open_rate"", ""value"": 24.414, ""z"": 1.438}, {""feature"": ""tcp_retransmit_rate"", ""value"": 0.161, ""z"": -1.3}]"
2026-05-27T03:25:38Z,mock-node,default,mock-pod,app,0.407264,False,"[{""feature"": ""syscall_open_rate"", ""value"": 13.831, ""z"": -2.067}, {""feature"": ""disk_write_bytes"", ""value"": 18414.925, ""z"": 1.568}, {""feature"": ""syscall_write_rate"", ""value"": 72.067, ""z"": -1.365}]"
2026-05-27T03:25:48Z,mock-node,default,mock-pod,app,0.530948,False,"[{""feature"": ""tcp_retransmit_rate"", ""value"": 0.285, ""z"": 2.864}, {""feature"": ""process_exec_count"", ""value"": 1.273, ""z"": 1.874}, {""feature"": ""disk_write_bytes"", ""value"": 11056.212, ""z"": -1.738}]"
2026-05-27T03:25:58Z,mock-node,default,mock-pod,app,0.511792,False,"[{""feature"": ""tcp_connect_rate"", ""value"": 3.353, ""z"": -2.146}, {""feature"": ""network_rx_bytes"", ""value"": 64217.224, ""z"": 1.781}, {""feature"": ""disk_write_bytes"", ""value"": 18868.018, ""z"": 1.771}]"
2026-05-27T03:26:08Z,mock-node,default,mock-pod,app,0.310702,False,"[{""feature"": ""disk_write_bytes"", ""value"": 10802.659, ""z"": -1.852}, {""feature"": ""tcp_retransmit_rate"", ""value"": 0.16, ""z"": -1.334}, {""feature"": ""process_exec_count"", ""value"": 1.19, ""z"": 1.301}]"
2026-05-27T03:26:18Z,mock-node,default,mock-pod,app,0.723818,False,"[{""feature"": ""syscall_write_rate"", ""value"": 54.42, ""z"": -2.703}, {""feature"": ""syscall_open_rate"", ""value"": 26.341, ""z"": 2.076}, {""feature"": ""process_exec_count"", ""value"": 1.215, ""z"": 1.473}]"
2026-05-27T03:26:28Z,mock-node,default,mock-pod,app,0.392487,False,"[{""feature"": ""disk_io_latency_ms"", ""value"": 2.514, ""z"": 1.681}, {""feature"": ""tcp_retransmit_rate"", ""value"": 0.152, ""z"": -1.603}, {""feature"": ""disk_read_bytes"", ""value"": 16230.049, ""z"": -1.329}]"
2026-05-27T03:26:38Z,mock-node,default,mock-pod,app,0.543589,False,"[{""feature"": ""process_fork_count"", ""value"": 0.677, ""z"": -2.192}, {""feature"": ""disk_io_latency_ms"", ""value"": 2.665, ""z"": 2.18}, {""feature"": ""disk_write_bytes"", ""value"": 18367.662, ""z"": 1.546}]"
2026-05-27T03:26:48Z,mock-node,default,mock-pod,app,0.419124,False,"[{""feature"": ""disk_write_bytes"", ""value"": 8977.403, ""z"": -2.672}, {""feature"": ""syscall_open_rate"", ""value"": 16.351, ""z"": -1.232}, {""feature"": ""disk_io_latency_ms"", ""value"": 2.369, ""z"": 1.202}]"
2026-05-27T03:26:58Z,mock-node,default,mock-pod,app,0.497634,False,"[{""feature"": ""syscall_write_rate"", ""value"": 58.787, ""z"": -2.372}, {""feature"": ""network_tx_bytes"", ""value"": 30418.462, ""z"": -1.613}, {""feature"": ""disk_write_bytes"", ""value"": 18323.325, ""z"": 1.527}]"
2026-05-27T03:27:08Z,mock-node,default,mock-pod,app,0.459437,False,"[{""feature"": ""process_fork_count"", ""value"": 1.373, ""z"": 2.622}, {""feature"": ""syscall_open_rate"", ""value"": 25.216, ""z"": 1.703}, {""feature"": ""tcp_connect_rate"", ""value"": 5.79, ""z"": 1.085}]"
2026-05-27T03:27:18Z,mock-node,default,mock-pod,app,0.240713,False,"[{""feature"": ""tcp_retransmit_rate"", ""value"": 0.247, ""z"": 1.588}, {""feature"": ""syscall_open_rate"", ""value"": 16.521, ""z"": -1.176}, {""feature"": ""disk_read_bytes"", ""value"": 23374.221, ""z"": 1.106}]"
2026-05-27T03:27:28Z,mock-node,default,mock-pod,app,0.269067,False,"[{""feature"": ""syscall_open_rate"", ""value"": 25.265, ""z"": 1.72}, {""feature"": ""network_rx_bytes"", ""value"": 36781.034, ""z"": -1.688}, {""feature"": ""disk_write_bytes"", ""value"": 11919.01, ""z"": -1.351}]"
2026-05-27T03:27:38Z,mock-node,default,mock-pod,app,0.312133,False,"[{""feature"": ""process_exec_count"", ""value"": 0.725, ""z"": -1.91}, {""feature"": ""disk_read_bytes"", ""value"": 25094.628, ""z"": 1.692}, {""feature"": ""context_switch_count"", ""value"": 665.298, ""z"": -1.187}]"
2026-05-27T03:27:48Z,mock-node,default,mock-pod,app,0.091791,False,"[{""feature"": ""process_exec_count"", ""value"": 0.817, ""z"": -1.275}, {""feature"": ""disk_write_bytes"", ""value"": 12790.799, ""z"": -0.959}, {""feature"": ""process_fork_count"", ""value"": 1.128, ""z"": 0.927}]"
2026-05-27T03:27:58Z,mock-node,default,mock-pod,app,0.643548,False,"[{""feature"": ""network_rx_bytes"", ""value"": 31234.959, ""z"": -2.39}, {""feature"": ""context_switch_count"", ""value"": 990.968, ""z"": 1.578}, {""feature"": ""tcp_retransmit_rate"", ""value"": 0.154, ""z"": -1.536}]"
2026-05-27T03:28:08Z,mock-node,default,mock-pod,app,0.494195,False,"[{""feature"": ""tcp_retransmit_rate"", ""value"": 0.253, ""z"": 1.79}, {""feature"": ""disk_io_latency_ms"", ""value"": 2.526, ""z"": 1.72}, {""feature"": ""context_switch_count"", ""value"": 1001.104, ""z"": 1.664}]"
2026-05-27T03:28:18Z,mock-node,default,mock-pod,app,0.591409,False,"[{""feature"": ""process_fork_count"", ""value"": 0.732, ""z"": -1.812}, {""feature"": ""context_switch_count"", ""value"": 597.405, ""z"": -1.763}, {""feature"": ""disk_write_bytes"", ""value"": 18533.782, ""z"": 1.621}]"
2026-05-27T03:28:28Z,mock-node,default,mock-pod,app,0.28616,False,"[{""feature"": ""syscall_read_rate"", ""value"": 183.993, ""z"": 1.512}, {""feature"": ""context_switch_count"", ""value"": 970.115, ""z"": 1.401}, {""feature"": ""disk_io_latency_ms"", ""value"": 1.589, ""z"": -1.376}]"
2026-05-27T03:28:38Z,mock-node,default,mock-pod,app,0.680069,False,"[{""feature"": ""syscall_write_rate"", ""value"": 63.177, ""z"": -2.039}, {""feature"": ""syscall_open_rate"", ""value"": 14.102, ""z"": -1.977}, {""feature"": ""tcp_retransmit_rate"", ""value"": 0.25, ""z"": 1.689}]"
2026-05-27T03:28:48Z,mock-node,default,mock-pod,app,0.304069,False,"[{""feature"": ""tcp_connect_rate"", ""value"": 3.346, ""z"": -2.155}, {""feature"": ""syscall_open_rate"", ""value"": 25.442, ""z"": 1.778}, {""feature"": ""process_fork_count"", ""value"": 1.194, ""z"": 1.384}]"
2026-05-27T03:28:58Z,mock-node,default,mock-pod,app,0.593595,False,"[{""feature"": ""disk_write_bytes"", ""value"": 19495.27, ""z"": 2.053}, {""feature"": ""process_exec_count"", ""value"": 0.725, ""z"": -1.91}, {""feature"": ""network_tx_bytes"", ""value"": 50321.901, ""z"": 1.739}]"
2026-05-27T03:29:08Z,mock-node,default,mock-pod,app,0.737703,False,"[{""feature"": ""disk_read_bytes"", ""value"": 12477.558, ""z"": -2.609}, {""feature"": ""disk_write_bytes"", ""value"": 19302.926, ""z"": 1.967}, {""feature"": ""process_exec_count"", ""value"": 0.724, ""z"": -1.917}]"
2026-05-27T03:29:18Z,mock-node,default,mock-pod,app,0.252725,False,"[{""feature"": ""process_exec_count"", ""value"": 0.752, ""z"": -1.724}, {""feature"": ""network_tx_bytes"", ""value"": 32832.879, ""z"": -1.207}, {""feature"": ""syscall_open_rate"", ""value"": 23.487, ""z"": 1.131}]"
2026-05-27T03:29:28Z,mock-node,default,mock-pod,app,0.852843,True,"[{""feature"": ""tcp_connect_rate"", ""value"": 2.638, ""z"": -3.094}, {""feature"": ""disk_io_latency_ms"", ""value"": 2.644, ""z"": 2.11}, {""feature"": ""syscall_read_rate"", ""value"": 194.346, ""z"": 1.972}]"
2026-05-27T03:29:38Z,mock-node,default,mock-pod,app,0.241896,False,"[{""feature"": ""network_rx_bytes"", ""value"": 39135.223, ""z"": -1.391}, {""feature"": ""syscall_read_rate"", ""value"": 119.572, ""z"": -1.345}, {""feature"": ""tcp_retransmit_rate"", ""value"": 0.161, ""z"": -1.3}]"
2026-05-27T03:29:48Z,mock-node,default,mock-pod,app,0.66857,False,"[{""feature"": ""network_tx_bytes"", ""value"": 22175.389, ""z"": -3.002}, {""feature"": ""syscall_read_rate"", ""value"": 196.649, ""z"": 2.074}, {""feature"": ""context_switch_count"", ""value"": 637.33, ""z"": -1.424}]"
2026-05-27T03:29:58Z,mock-node,default,mock-pod,app,0.513347,False,"[{""feature"": ""syscall_write_rate"", ""value"": 125.451, ""z"": 2.681}, {""feature"": ""disk_read_bytes"", ""value"": 26175.723, ""z"": 2.061}, {""feature"": ""process_fork_count"", ""value"": 1.236, ""z"": 1.674}]"
2026-05-27T03:30:08Z,mock-node,default,mock-pod,app,0.455114,False,"[{""feature"": ""process_exec_count"", ""value"": 1.314, ""z"": 2.157}, {""feature"": ""network_tx_bytes"", ""value"": 28312.205, ""z"": -1.968}, {""feature"": ""network_rx_bytes"", ""value"": 64338.654, ""z"": 1.797}]"
2026-05-27T03:30:18Z,mock-node,default,mock-pod,app,0.213058,False,"[{""feature"": ""network_rx_bytes"", ""value"": 61442.659, ""z"": 1.43}, {""feature"": ""disk_write_bytes"", ""value"": 12177.479, ""z"": -1.235}, {""feature"": ""syscall_read_rate"", ""value"": 129.991, ""z"": -0.883}]"
2026-05-27T03:30:28Z,mock-node,default,mock-pod,app,0.394081,False,"[{""feature"": ""disk_read_bytes"", ""value"": 27225.014, ""z"": 2.418}, {""feature"": ""process_exec_count"", ""value"": 1.333, ""z"": 2.288}, {""feature"": ""disk_io_latency_ms"", ""value"": 1.607, ""z"": -1.316}]"
2026-05-27T03:30:38Z,mock-node,default,mock-pod,app,0.234917,False,"[{""feature"": ""network_tx_bytes"", ""value"": 50189.894, ""z"": 1.717}, {""feature"": ""disk_write_bytes"", ""value"": 18574.298, ""z"": 1.639}, {""feature"": ""process_exec_count"", ""value"": 1.179, ""z"": 1.225}]"
2026-05-27T03:30:48Z,mock-node,default,mock-pod,app,0.085851,False,"[{""feature"": ""tcp_connect_rate"", ""value"": 4.15, ""z"": -1.089}, {""feature"": ""syscall_write_rate"", ""value"": 77.015, ""z"": -0.99}, {""feature"": ""disk_io_latency_ms"", ""value"": 2.289, ""z"": 0.937}]"
2026-05-27T03:30:58Z,mock-node,default,mock-pod,app,0.352293,False,"[{""feature"": ""context_switch_count"", ""value"": 1016.482, ""z"": 1.795}, {""feature"": ""process_fork_count"", ""value"": 0.742, ""z"": -1.743}, {""feature"": ""syscall_open_rate"", ""value"": 16.877, ""z"": -1.058}]"
2026-05-27T03:31:08Z,mock-node,default,mock-pod,app,0.243473,False,"[{""feature"": ""disk_io_latency_ms"", ""value"": 1.443, ""z"": -1.858}, {""feature"": ""network_tx_bytes"", ""value"": 32880.749, ""z"": -1.199}, {""feature"": ""syscall_write_rate"", ""value"": 74.276, ""z"": -1.198}]"
2026-05-27T03:31:18Z,mock-node,default,mock-pod,app,0.321108,False,"[{""feature"": ""syscall_read_rate"", ""value"": 112.465, ""z"": -1.661}, {""feature"": ""process_exec_count"", ""value"": 0.782, ""z"": -1.517}, {""feature"": ""context_switch_count"", ""value"": 965.327, ""z"": 1.361}]"
2026-05-27T03:31:28Z,mock-node,default,mock-pod,app,0.260884,False,"[{""feature"": ""disk_read_bytes"", ""value"": 24998.936, ""z"": 1.66}, {""feature"": ""network_tx_bytes"", ""value"": 48257.142, ""z"": 1.392}, {""feature"": ""tcp_connect_rate"", ""value"": 4.007, ""z"": -1.279}]"
2026-05-27T03:31:38Z,mock-node,default,mock-pod,app,0.303238,False,"[{""feature"": ""syscall_read_rate"", ""value"": 116.485, ""z"": -1.482}, {""feature"": ""network_tx_bytes"", ""value"": 48619.837, ""z"": 1.453}, {""feature"": ""process_exec_count"", ""value"": 1.199, ""z"": 1.363}]"
2026-05-27T03:31:48Z,mock-node,default,mock-pod,app,0.309663,False,"[{""feature"": ""syscall_read_rate"", ""value"": 207.287, ""z"": 2.546}, {""feature"": ""tcp_retransmit_rate"", ""value"": 0.165, ""z"": -1.166}, {""feature"": ""disk_io_latency_ms"", ""value"": 1.671, ""z"": -1.105}]"
2026-05-27T03:31:58Z,mock-node,default,mock-pod,app,0.846035,True,"[{""feature"": ""disk_io_latency_ms"", ""value"": 2.739, ""z"": 2.424}, {""feature"": ""syscall_write_rate"", ""value"": 120.172, ""z"": 2.281}, {""feature"": ""process_fork_count"", ""value"": 0.692, ""z"": -2.089}]"
2026-05-27T03:32:08Z,mock-node,default,mock-pod,app,0.148555,False,"[{""feature"": ""process_exec_count"", ""value"": 1.186, ""z"": 1.273}, {""feature"": ""syscall_open_rate"", ""value"": 23.296, ""z"": 1.068}, {""feature"": ""network_tx_bytes"", ""value"": 45532.369, ""z"": 0.933}]"
2026-05-27T03:32:18Z,mock-node,default,mock-pod,app,0.304588,False,"[{""feature"": ""network_tx_bytes"", ""value"": 27875.18, ""z"": -2.042}, {""feature"": ""disk_io_latency_ms"", ""value"": 1.501, ""z"": -1.666}, {""feature"": ""tcp_retransmit_rate"", ""value"": 0.23, ""z"": 1.017}]"
2026-05-27T03:32:28Z,mock-node,default,mock-pod,app,0.364486,False,"[{""feature"": ""network_rx_bytes"", ""value"": 68370.899, ""z"": 2.307}, {""feature"": ""disk_io_latency_ms"", ""value"": 2.45, ""z"": 1.469}, {""feature"": ""network_tx_bytes"", ""value"": 32223.336, ""z"": -1.309}]"
2026-05-27T03:32:38Z,mock-node,default,mock-pod,app,0.035522,False,"[{""feature"": ""syscall_read_rate"", ""value"": 177.915, ""z"": 1.243}, {""feature"": ""disk_read_bytes"", ""value"": 22387.915, ""z"": 0.77}, {""feature"": ""process_fork_count"", ""value"": 1.103, ""z"": 0.754}]"
2026-05-27T03:32:48Z,mock-node,default,mock-pod,app,0.134589,False,"[{""feature"": ""disk_write_bytes"", ""value"": 12062.588, ""z"": -1.286}, {""feature"": ""disk_read_bytes"", ""value"": 16765.709, ""z"": -1.147}, {""feature"": ""syscall_write_rate"", ""value"": 76.066, ""z"": -1.062}]"
2026-05-27T03:32:58Z,mock-node,default,mock-pod,app,0.376057,False,"[{""feature"": ""syscall_write_rate"", ""value"": 63.399, ""z"": -2.022}, {""feature"": ""tcp_connect_rate"", ""value"": 6.128, ""z"": 1.534}, {""feature"": ""process_fork_count"", ""value"": 0.786, ""z"": -1.438}]"
2026-05-27T03:33:08Z,mock-node,default,mock-pod,app,0.134226,False,"[{""feature"": ""tcp_connect_rate"", ""value"": 6.31, ""z"": 1.775}, {""feature"": ""disk_write_bytes"", ""value"": 17358.843, ""z"": 1.093}, {""feature"": ""network_tx_bytes"", ""value"": 44837.853, ""z"": 0.816}]"
2026-05-27T03:33:18Z,mock-node,default,mock-pod,app,0.556055,False,"[{""feature"": ""disk_io_latency_ms"", ""value"": 2.565, ""z"": 1.849}, {""feature"": ""process_exec_count"", ""value"": 1.237, ""z"": 1.625}, {""feature"": ""process_fork_count"", ""value"": 0.77, ""z"": -1.549}]"
2026-05-27T03:33:28Z,mock-node,default,mock-pod,app,0.434077,False,"[{""feature"": ""network_rx_bytes"", ""value"": 65228.678, ""z"": 1.909}, {""feature"": ""syscall_write_rate"", ""value"": 111.683, ""z"": 1.638}, {""feature"": ""network_tx_bytes"", ""value"": 33378.668, ""z"": -1.115}]"
2026-05-27T03:33:38Z,mock-node,default,mock-pod,app,0.180389,False,"[{""feature"": ""process_exec_count"", ""value"": 1.181, ""z"": 1.238}, {""feature"": ""tcp_connect_rate"", ""value"": 5.844, ""z"": 1.157}, {""feature"": ""tcp_retransmit_rate"", ""value"": 0.233, ""z"": 1.118}]"
2026-05-27T03:33:48Z,mock-node,default,mock-pod,app,0.480131,False,"[{""feature"": ""network_rx_bytes"", ""value"": 35123.404, ""z"": -1.898}, {""feature"": ""syscall_open_rate"", ""value"": 25.202, ""z"": 1.699}, {""feature"": ""disk_read_bytes"", ""value"": 25009.746, ""z"": 1.663}]"
2026-05-27T03:33:58Z,mock-node,default,mock-pod,app,0.436124,False,"[{""feature"": ""context_switch_count"", ""value"": 1012.58, ""z"": 1.762}, {""feature"": ""syscall_read_rate"", ""value"": 186.055, ""z"": 1.604}, {""feature"": ""disk_read_bytes"", ""value"": 15687.232, ""z"": -1.514}]"
2026-05-27T03:34:08Z,mock-node,default,mock-pod,app,0.561606,False,"[{""feature"": ""process_fork_count"", ""value"": 1.341, ""z"": 2.401}, {""feature"": ""tcp_connect_rate"", ""value"": 3.535, ""z"": -1.904}, {""feature"": ""tcp_retransmit_rate"", ""value"": 0.149, ""z"": -1.703}]"
2026-05-27T03:34:18Z,mock-node,default,mock-pod,app,0.358075,False,"[{""feature"": ""network_rx_bytes"", ""value"": 61570.025, ""z"": 1.447}, {""feature"": ""tcp_retransmit_rate"", ""value"": 0.157, ""z"": -1.435}, {""feature"": ""disk_io_latency_ms"", ""value"": 2.332, ""z"": 1.079}]"
2026-05-27T03:34:28Z,mock-node,default,mock-pod,app,0.261986,False,"[{""feature"": ""syscall_write_rate"", ""value"": 65.104, ""z"": -1.893}, {""feature"": ""process_exec_count"", ""value"": 1.245, ""z"": 1.68}, {""feature"": ""tcp_connect_rate"", ""value"": 4.256, ""z"": -0.948}]"
2026-05-27T03:34:38Z,mock-node,default,mock-pod,app,0.158192,False,"[{""feature"": ""process_fork_count"", ""value"": 1.164, ""z"": 1.176}, {""feature"": ""tcp_retransmit_rate"", ""value"": 0.165, ""z"": -1.166}, {""feature"": ""network_rx_bytes"", ""value"": 42819.849, ""z"": -0.925}]"
2026-05-27T03:34:48Z,mock-node,default,mock-pod,app,0.147987,False,"[{""feature"": ""context_switch_count"", ""value"": 979.218, ""z"": 1.479}, {""feature"": ""syscall_read_rate"", ""value"": 121.459, ""z"": -1.262}, {""feature"": ""tcp_retransmit_rate"", ""value"": 0.231, ""z"": 1.051}]"
2026-05-27T03:34:58Z,mock-node,default,mock-pod,app,0.588331,False,"[{""feature"": ""syscall_read_rate"", ""value"": 80.419, ""z"": -3.082}, {""feature"": ""syscall_open_rate"", ""value"": 15.018, ""z"": -1.673}, {""feature"": ""syscall_write_rate"", ""value"": 71.253, ""z"": -1.427}]"
2026-05-27T03:35:08Z,mock-node,default,mock-pod,app,0.367484,False,"[{""feature"": ""network_rx_bytes"", ""value"": 31648.078, ""z"": -2.337}, {""feature"": ""syscall_open_rate"", ""value"": 25.247, ""z"": 1.714}, {""feature"": ""disk_write_bytes"", ""value"": 18064.918, ""z"": 1.41}]"
2026-05-27T03:35:18Z,mock-node,default,mock-pod,app,0.5057,False,"[{""feature"": ""process_exec_count"", ""value"": 0.721, ""z"": -1.938}, {""feature"": ""syscall_open_rate"", ""value"": 16.398, ""z"": -1.217}, {""feature"": ""tcp_retransmit_rate"", ""value"": 0.165, ""z"": -1.166}]"
2026-05-27T03:35:28Z,mock-node,default,mock-pod,app,0.739777,False,"[{""feature"": ""syscall_open_rate"", ""value"": 13.067, ""z"": -2.32}, {""feature"": ""network_tx_bytes"", ""value"": 49862.977, ""z"": 1.662}, {""feature"": ""tcp_retransmit_rate"", ""value"": 0.249, ""z"": 1.655}]"
2026-05-27T03:35:38Z,mock-node,default,mock-pod,app,0.361343,False,"[{""feature"": ""disk_write_bytes"", ""value"": 18431.53, ""z"": 1.575}, {""feature"": ""tcp_retransmit_rate"", ""value"": 0.154, ""z"": -1.536}, {""feature"": ""syscall_open_rate"", ""value"": 23.792, ""z"": 1.232}]"
2026-05-27T03:35:48Z,mock-node,default,mock-pod,app,0.483552,False,"[{""feature"": ""disk_io_latency_ms"", ""value"": 1.276, ""z"": -2.41}, {""feature"": ""disk_write_bytes"", ""value"": 10154.446, ""z"": -2.144}, {""feature"": ""syscall_read_rate"", ""value"": 119.355, ""z"": -1.355}]"
2026-05-27T03:35:58Z,mock-node,default,mock-pod,app,0.239729,False,"[{""feature"": ""network_tx_bytes"", ""value"": 59011.895, ""z"": 3.203}, {""feature"": ""network_rx_bytes"", ""value"": 42613.655, ""z"": -0.951}, {""feature"": ""process_exec_count"", ""value"": 1.134, ""z"": 0.914}]"
2026-05-27T03:36:08Z,mock-node,default,mock-pod,app,0.320188,False,"[{""feature"": ""syscall_read_rate"", ""value"": 194.925, ""z"": 1.997}, {""feature"": ""disk_io_latency_ms"", ""value"": 2.386, ""z"": 1.258}, {""feature"": ""disk_write_bytes"", ""value"": 17724.379, ""z"": 1.257}]"
2026-05-27T03:36:18Z,mock-node,default,mock-pod,app,0.435792,False,"[{""feature"": ""process_exec_count"", ""value"": 0.734, ""z"": -1.848}, {""feature"": ""disk_write_bytes"", ""value"": 11161.473, ""z"": -1.691}, {""feature"": ""context_switch_count"", ""value"": 981.056, ""z"": 1.494}]"
2026-05-27T03:36:28Z,mock-node,default,mock-pod,app,0.35271,False,"[{""feature"": ""network_rx_bytes"", ""value"": 36065.033, ""z"": -1.779}, {""feature"": ""process_fork_count"", ""value"": 0.745, ""z"": -1.722}, {""feature"": ""context_switch_count"", ""value"": 969.236, ""z"": 1.394}]"
2026-05-27T03:36:38Z,mock-node,default,mock-pod,app,0.021838,False,"[{""feature"": ""network_rx_bytes"", ""value"": 40561.557, ""z"": -1.21}, {""feature"": ""process_fork_count"", ""value"": 0.869, ""z"": -0.864}, {""feature"": ""disk_write_bytes"", ""value"": 16462.449, ""z"": 0.69}]"
2026-05-27T03:36:48Z,mock-node,default,mock-pod,app,0.181291,False,"[{""feature"": ""disk_io_latency_ms"", ""value"": 2.376, ""z"": 1.225}, {""feature"": ""process_exec_count"", ""value"": 0.84, ""z"": -1.116}, {""feature"": ""disk_read_bytes"", ""value"": 16937.629, ""z"": -1.088}]"
2026-05-27T03:36:58Z,mock-node,default,mock-pod,app,0.453522,False,"[{""feature"": ""syscall_write_rate"", ""value"": 118.551, ""z"": 2.158}, {""feature"": ""network_tx_bytes"", ""value"": 28222.228, ""z"": -1.983}, {""feature"": ""syscall_read_rate"", ""value"": 186.456, ""z"": 1.622}]"
2026-05-27T03:37:08Z,mock-node,default,mock-pod,app,0.053005,False,"[{""feature"": ""process_fork_count"", ""value"": 0.837, ""z"": -1.086}, {""feature"": ""tcp_connect_rate"", ""value"": 4.188, ""z"": -1.039}, {""feature"": ""network_tx_bytes"", ""value"": 34909.523, ""z"": -0.857}]"
2026-05-27T03:37:18Z,mock-node,default,mock-pod,app,0.409069,False,"[{""feature"": ""network_rx_bytes"", ""value"": 33513.923, ""z"": -2.102}, {""feature"": ""network_tx_bytes"", ""value"": 32054.894, ""z"": -1.338}, {""feature"": ""syscall_read_rate"", ""value"": 122.969, ""z"": -1.195}]"
2026-05-27T03:37:28Z,mock-node,default,mock-pod,app,0.139842,False,"[{""feature"": ""disk_write_bytes"", ""value"": 10204.993, ""z"": -2.121}, {""feature"": ""process_exec_count"", ""value"": 0.866, ""z"": -0.937}, {""feature"": ""process_fork_count"", ""value"": 1.129, ""z"": 0.934}]"
2026-05-27T03:37:38Z,mock-node,default,mock-pod,app,0.407133,False,"[{""feature"": ""network_rx_bytes"", ""value"": 35687.99, ""z"": -1.827}, {""feature"": ""context_switch_count"", ""value"": 602.129, ""z"": -1.723}, {""feature"": ""disk_write_bytes"", ""value"": 12214.101, ""z"": -1.218}]"
2026-05-27T03:37:48Z,mock-node,default,mock-pod,app,0.421828,False,"[{""feature"": ""tcp_retransmit_rate"", ""value"": 0.144, ""z"": -1.871}, {""feature"": ""process_fork_count"", ""value"": 0.75, ""z"": -1.687}, {""feature"": ""syscall_read_rate"", ""value"": 181.207, ""z"": 1.389}]"
2026-05-27T03:37:58Z,mock-node,default,mock-pod,app,0.614726,False,"[{""feature"": ""network_rx_bytes"", ""value"": 27989.188, ""z"": -2.8}, {""feature"": ""context_switch_count"", ""value"": 1082.52, ""z"": 2.356}, {""feature"": ""process_fork_count"", ""value"": 0.823, ""z"": -1.182}]"
2026-05-27T03:38:08Z,mock-node,default,mock-pod,app,0.089275,False,"[{""feature"": ""context_switch_count"", ""value"": 620.216, ""z"": -1.57}, {""feature"": ""process_exec_count"", ""value"": 1.101, ""z"": 0.686}, {""feature"": ""tcp_connect_rate"", ""value"": 5.436, ""z"": 0.616}]"
2026-05-27T03:38:18Z,mock-node,default,mock-pod,app,0.297478,False,"[{""feature"": ""network_tx_bytes"", ""value"": 26460.455, ""z"": -2.28}, {""feature"": ""network_rx_bytes"", ""value"": 58752.834, ""z"": 1.09}, {""feature"": ""disk_write_bytes"", ""value"": 17346.237, ""z"": 1.088}]"
2026-05-27T03:38:28Z,mock-node,default,mock-pod,app,0.202942,False,"[{""feature"": ""network_rx_bytes"", ""value"": 34591.145, ""z"": -1.965}, {""feature"": ""tcp_connect_rate"", ""value"": 5.782, ""z"": 1.075}, {""feature"": ""syscall_write_rate"", ""value"": 99.81, ""z"": 0.738}]"
2026-05-27T03:38:38Z,mock-node,default,mock-pod,app,0.363892,False,"[{""feature"": ""disk_io_latency_ms"", ""value"": 1.058, ""z"": -3.13}, {""feature"": ""tcp_connect_rate"", ""value"": 3.686, ""z"": -1.704}, {""feature"": ""process_exec_count"", ""value"": 0.784, ""z"": -1.503}]"
2026-05-27T03:38:48Z,mock-node,default,mock-pod,app,0.095468,False,"[{""feature"": ""tcp_retransmit_rate"", ""value"": 0.169, ""z"": -1.032}, {""feature"": ""context_switch_count"", ""value"": 684.048, ""z"": -1.028}, {""feature"": ""network_tx_bytes"", ""value"": 45582.812, ""z"": 0.941}]"
2026-05-27T03:38:58Z,mock-node,default,mock-pod,app,0.503333,False,"[{""feature"": ""syscall_open_rate"", ""value"": 25.195, ""z"": 1.696}, {""feature"": ""disk_write_bytes"", ""value"": 11154.755, ""z"": -1.694}, {""feature"": ""network_tx_bytes"", ""value"": 30465.476, ""z"": -1.606}]"
2026-05-27T03:39:08Z,mock-node,default,mock-pod,app,0.348501,False,"[{""feature"": ""disk_write_bytes"", ""value"": 18502.266, ""z"": 1.607}, {""feature"": ""process_exec_count"", ""value"": 1.214, ""z"": 1.466}, {""feature"": ""tcp_connect_rate"", ""value"": 3.901, ""z"": -1.419}]"
2026-05-27T03:39:18Z,mock-node,default,mock-pod,app,0.340016,False,"[{""feature"": ""disk_read_bytes"", ""value"": 11950.702, ""z"": -2.788}, {""feature"": ""context_switch_count"", ""value"": 625.608, ""z"": -1.524}, {""feature"": ""tcp_connect_rate"", ""value"": 5.824, ""z"": 1.131}]"
2026-05-27T03:39:28Z,mock-node,default,mock-pod,app,0.394283,False,"[{""feature"": ""process_fork_count"", ""value"": 0.748, ""z"": -1.701}, {""feature"": ""disk_read_bytes"", ""value"": 15167.58, ""z"": -1.692}, {""feature"": ""syscall_write_rate"", ""value"": 108.205, ""z"": 1.374}]"
2026-05-27T03:39:38Z,mock-node,default,mock-pod,app,0.288353,False,"[{""feature"": ""syscall_open_rate"", ""value"": 25.141, ""z"": 1.678}, {""feature"": ""process_fork_count"", ""value"": 1.193, ""z"": 1.377}, {""feature"": ""tcp_connect_rate"", ""value"": 6.006, ""z"": 1.372}]"
2026-05-27T03:39:48Z,mock-node,default,mock-pod,app,0.56625,False,"[{""feature"": ""disk_write_bytes"", ""value"": 22391.2, ""z"": 3.354}, {""feature"": ""process_exec_count"", ""value"": 1.359, ""z"": 2.467}, {""feature"": ""process_fork_count"", ""value"": 0.816, ""z"": -1.231}]"
2026-05-27T03:39:58Z,mock-node,default,mock-pod,app,0.17793,False,"[{""feature"": ""disk_io_latency_ms"", ""value"": 1.556, ""z"": -1.485}, {""feature"": ""network_tx_bytes"", ""value"": 31219.709, ""z"": -1.478}, {""feature"": ""process_exec_count"", ""value"": 0.805, ""z"": -1.358}]"
2026-05-27T03:40:08Z,mock-node,default,mock-pod,app,0.269231,False,"[{""feature"": ""network_rx_bytes"", ""value"": 65614.651, ""z"": 1.958}, {""feature"": ""process_exec_count"", ""value"": 0.775, ""z"": -1.565}, {""feature"": ""disk_io_latency_ms"", ""value"": 2.281, ""z"": 0.911}]"
2026-05-27T03:40:18Z,mock-node,default,mock-pod,app,0.918925,True,"[{""feature"": ""syscall_read_rate"", ""value"": 211.608, ""z"": 2.737}, {""feature"": ""syscall_write_rate"", ""value"": 119.361, ""z"": 2.22}, {""feature"": ""disk_write_bytes"", ""value"": 19348.365, ""z"": 1.987}]"
2026-05-27T03:40:28Z,mock-node,default,mock-pod,app,0.556381,False,"[{""feature"": ""tcp_retransmit_rate"", ""value"": 0.276, ""z"": 2.562}, {""feature"": ""context_switch_count"", ""value"": 545.202, ""z"": -2.207}, {""feature"": ""network_tx_bytes"", ""value"": 32769.221, ""z"": -1.217}]"
2026-05-27T03:40:38Z,mock-node,default,mock-pod,app,0.279564,False,"[{""feature"": ""process_fork_count"", ""value"": 1.247, ""z"": 1.75}, {""feature"": ""syscall_open_rate"", ""value"": 16.069, ""z"": -1.325}, {""feature"": ""syscall_read_rate"", ""value"": 120.757, ""z"": -1.293}]"
2026-05-27T03:40:48Z,mock-node,default,mock-pod,app,0.440505,False,"[{""feature"": ""context_switch_count"", ""value"": 1077.874, ""z"": 2.316}, {""feature"": ""process_exec_count"", ""value"": 1.295, ""z"": 2.026}, {""feature"": ""tcp_retransmit_rate"", ""value"": 0.237, ""z"": 1.252}]"
2026-05-27T03:40:58Z,mock-node,default,mock-pod,app,0.463963,False,"[{""feature"": ""tcp_retransmit_rate"", ""value"": 0.15, ""z"": -1.67}, {""feature"": ""disk_read_bytes"", ""value"": 24708.38, ""z"": 1.561}, {""feature"": ""disk_write_bytes"", ""value"": 18129.031, ""z"": 1.439}]"
2026-05-27T03:41:08Z,mock-node,default,mock-pod,app,0.619505,False,"[{""feature"": ""network_tx_bytes"", ""value"": 54214.569, ""z"": 2.395}, {""feature"": ""tcp_connect_rate"", ""value"": 6.321, ""z"": 1.79}, {""feature"": ""syscall_open_rate"", ""value"": 25.213, ""z"": 1.702}]"
2026-05-27T03:41:18Z,mock-node,default,mock-pod,app,0.494738,False,"[{""feature"": ""process_exec_count"", ""value"": 1.321, ""z"": 2.205}, {""feature"": ""disk_io_latency_ms"", ""value"": 1.54, ""z"": -1.538}, {""feature"": ""tcp_retransmit_rate"", ""value"": 0.242, ""z"": 1.42}]"
2026-05-27T03:41:28Z,mock-node,default,mock-pod,app,0.270621,False,"[{""feature"": ""syscall_read_rate"", ""value"": 117.153, ""z"": -1.453}, {""feature"": ""disk_io_latency_ms"", ""value"": 2.352, ""z"": 1.145}, {""feature"": ""process_fork_count"", ""value"": 0.834, ""z"": -1.106}]"
2026-05-27T03:41:38Z,mock-node,default,mock-pod,app,0.482675,False,"[{""feature"": ""context_switch_count"", ""value"": 596.286, ""z"": -1.773}, {""feature"": ""network_tx_bytes"", ""value"": 29478.808, ""z"": -1.772}, {""feature"": ""process_exec_count"", ""value"": 0.778, ""z"": -1.544}]"
2026-05-27T03:41:48Z,mock-node,default,mock-pod,app,0.450159,False,"[{""feature"": ""process_exec_count"", ""value"": 1.281, ""z"": 1.929}, {""feature"": ""syscall_read_rate"", ""value"": 111.475, ""z"": -1.705}, {""feature"": ""process_fork_count"", ""value"": 1.205, ""z"": 1.46}]"
2026-05-27T03:41:58Z,mock-node,default,mock-pod,app,0.492551,False,"[{""feature"": ""tcp_connect_rate"", ""value"": 3.239, ""z"": -2.297}, {""feature"": ""disk_read_bytes"", ""value"": 14413.022, ""z"": -1.949}, {""feature"": ""syscall_write_rate"", ""value"": 107.522, ""z"": 1.322}]"
2026-05-27T03:42:08Z,mock-node,default,mock-pod,app,0.395634,False,"[{""feature"": ""network_tx_bytes"", ""value"": 24154.239, ""z"": -2.669}, {""feature"": ""disk_read_bytes"", ""value"": 14250.904, ""z"": -2.004}, {""feature"": ""context_switch_count"", ""value"": 683.458, ""z"": -1.033}]"
2026-05-27T03:42:18Z,mock-node,default,mock-pod,app,0.182505,False,"[{""feature"": ""context_switch_count"", ""value"": 630.222, ""z"": -1.485}, {""feature"": ""syscall_read_rate"", ""value"": 179.05, ""z"": 1.293}, {""feature"": ""process_fork_count"", ""value"": 1.174, ""z"": 1.246}]"
2026-05-27T03:42:28Z,mock-node,default,mock-pod,app,0.457227,False,"[{""feature"": ""process_fork_count"", ""value"": 1.283, ""z"": 2.0}, {""feature"": ""tcp_retransmit_rate"", ""value"": 0.156, ""z"": -1.468}, {""feature"": ""disk_read_bytes"", ""value"": 24244.193, ""z"": 1.402}]"
2026-05-27T03:42:38Z,mock-node,default,mock-pod,app,0.30747,False,"[{""feature"": ""context_switch_count"", ""value"": 548.738, ""z"": -2.177}, {""feature"": ""tcp_retransmit_rate"", ""value"": 0.237, ""z"": 1.252}, {""feature"": ""network_rx_bytes"", ""value"": 40610.338, ""z"": -1.204}]"
2026-05-27T03:42:48Z,mock-node,default,mock-pod,app,0.36762,False,"[{""feature"": ""tcp_retransmit_rate"", ""value"": 0.26, ""z"": 2.025}, {""feature"": ""disk_write_bytes"", ""value"": 18885.165, ""z"": 1.779}, {""feature"": ""context_switch_count"", ""value"": 967.83, ""z"": 1.382}]"
2026-05-27T03:42:58Z,mock-node,default,mock-pod,app,0.186061,False,"[{""feature"": ""syscall_read_rate"", ""value"": 110.103, ""z"": -1.765}, {""feature"": ""network_tx_bytes"", ""value"": 30600.703, ""z"": -1.583}, {""feature"": ""process_exec_count"", ""value"": 1.159, ""z"": 1.086}]"
2026-05-27T03:43:08Z,mock-node,default,mock-pod,app,0.232667,False,"[{""feature"": ""disk_io_latency_ms"", ""value"": 2.522, ""z"": 1.707}, {""feature"": ""tcp_connect_rate"", ""value"": 3.713, ""z"": -1.668}, {""feature"": ""tcp_retransmit_rate"", ""value"": 0.159, ""z"": -1.368}]"
2026-05-27T03:43:18Z,mock-node,default,mock-pod,app,0.253611,False,"[{""feature"": ""disk_read_bytes"", ""value"": 26134.104, ""z"": 2.047}, {""feature"": ""disk_io_latency_ms"", ""value"": 1.681, ""z"": -1.072}, {""feature"": ""disk_write_bytes"", ""value"": 12550.73, ""z"": -1.067}]"
2026-05-27T03:43:28Z,mock-node,default,mock-pod,app,0.301648,False,"[{""feature"": ""tcp_retransmit_rate"", ""value"": 0.138, ""z"": -2.073}, {""feature"": ""tcp_connect_rate"", ""value"": 5.959, ""z"": 1.31}, {""feature"": ""syscall_open_rate"", ""value"": 23.372, ""z"": 1.093}]"
2026-05-27T03:43:38Z,mock-node,default,mock-pod,app,0.317206,False,"[{""feature"": ""process_exec_count"", ""value"": 0.746, ""z"": -1.765}, {""feature"": ""process_fork_count"", ""value"": 1.2, ""z"": 1.425}, {""feature"": ""tcp_connect_rate"", ""value"": 5.937, ""z"": 1.28}]"
2026-05-27T03:43:48Z,mock-node,default,mock-pod,app,0.256849,False,"[{""feature"": ""disk_read_bytes"", ""value"": 15281.96, ""z"": -1.653}, {""feature"": ""network_tx_bytes"", ""value"": 33382.352, ""z"": -1.114}, {""feature"": ""network_rx_bytes"", ""value"": 58838.138, ""z"": 1.101}]"
2026-05-27T03:43:58Z,mock-node,default,mock-pod,app,0.254525,False,"[{""feature"": ""network_tx_bytes"", ""value"": 52683.973, ""z"": 2.137}, {""feature"": ""network_rx_bytes"", ""value"": 61029.681, ""z"": 1.378}, {""feature"": ""disk_write_bytes"", ""value"": 17891.35, ""z"": 1.332}]"
2026-05-27T03:44:08Z,mock-node,default,mock-pod,app,0.258183,False,"[{""feature"": ""tcp_connect_rate"", ""value"": 6.361, ""z"": 1.843}, {""feature"": ""disk_write_bytes"", ""value"": 10919.66, ""z"": -1.8}, {""feature"": ""disk_io_latency_ms"", ""value"": 2.387, ""z"": 1.261}]"
2026-05-27T03:44:18Z,mock-node,default,mock-pod,app,0.338691,False,"[{""feature"": ""tcp_connect_rate"", ""value"": 3.379, ""z"": -2.111}, {""feature"": ""tcp_retransmit_rate"", ""value"": 0.243, ""z"": 1.454}, {""feature"": ""syscall_write_rate"", ""value"": 74.155, ""z"": -1.207}]"
2026-05-27T03:44:28Z,mock-node,default,mock-pod,app,0.410677,False,"[{""feature"": ""process_fork_count"", ""value"": 0.78, ""z"": -1.48}, {""feature"": ""network_rx_bytes"", ""value"": 59685.946, ""z"": 1.208}, {""feature"": ""syscall_read_rate"", ""value"": 122.863, ""z"": -1.199}]"
2026-05-27T03:44:38Z,mock-node,default,mock-pod,app,0.519275,False,"[{""feature"": ""process_exec_count"", ""value"": 0.687, ""z"": -2.173}, {""feature"": ""network_rx_bytes"", ""value"": 33941.424, ""z"": -2.047}, {""feature"": ""disk_read_bytes"", ""value"": 16378.561, ""z"": -1.279}]"
2026-05-27T03:44:48Z,mock-node,default,mock-pod,app,0.25967,False,"[{""feature"": ""disk_write_bytes"", ""value"": 11444.148, ""z"": -1.564}, {""feature"": ""syscall_write_rate"", ""value"": 70.487, ""z"": -1.485}, {""feature"": ""network_tx_bytes"", ""value"": 47937.652, ""z"": 1.338}]"
2026-05-27T03:44:58Z,mock-node,default,mock-pod,app,0.149911,False,"[{""feature"": ""syscall_open_rate"", ""value"": 23.625, ""z"": 1.176}, {""feature"": ""process_fork_count"", ""value"": 0.838, ""z"": -1.079}, {""feature"": ""disk_io_latency_ms"", ""value"": 2.308, ""z"": 1.0}]"
2026-05-27T03:45:08Z,mock-node,default,mock-pod,app,0.297671,False,"[{""feature"": ""syscall_open_rate"", ""value"": 15.13, ""z"": -1.636}, {""feature"": ""process_exec_count"", ""value"": 1.173, ""z"": 1.183}, {""feature"": ""tcp_connect_rate"", ""value"": 4.109, ""z"": -1.143}]"
2026-05-27T03:45:18Z,mock-node,default,mock-pod,app,0.459562,False,"[{""feature"": ""tcp_connect_rate"", ""value"": 6.957, ""z"": 2.633}, {""feature"": ""syscall_read_rate"", ""value"": 195.525, ""z"": 2.024}, {""feature"": ""network_rx_bytes"", ""value"": 61930.765, ""z"": 1.492}]"
2026-05-27T03:45:28Z,mock-node,default,mock-pod,app,0.229146,False,"[{""feature"": ""disk_read_bytes"", ""value"": 24144.851, ""z"": 1.369}, {""feature"": ""syscall_write_rate"", ""value"": 106.779, ""z"": 1.266}, {""feature"": ""context_switch_count"", ""value"": 660.981, ""z"": -1.224}]"
2026-05-27T03:45:38Z,mock-node,default,mock-pod,app,0.506428,False,"[{""feature"": ""network_rx_bytes"", ""value"": 64603.706, ""z"": 1.83}, {""feature"": ""process_exec_count"", ""value"": 0.742, ""z"": -1.793}, {""feature"": ""network_tx_bytes"", ""value"": 49991.548, ""z"": 1.684}]"
2026-05-27T03:45:48Z,mock-node,default,mock-pod,app,0.267191,False,"[{""feature"": ""disk_write_bytes"", ""value"": 10614.089, ""z"": -1.937}, {""feature"": ""tcp_connect_rate"", ""value"": 6.244, ""z"": 1.687}, {""feature"": ""context_switch_count"", ""value"": 916.688, ""z"": 0.948}]"
2026-05-27T03:45:58Z,mock-node,default,mock-pod,app,0.120137,False,"[{""feature"": ""disk_write_bytes"", ""value"": 19040.471, ""z"": 1.849}, {""feature"": ""syscall_read_rate"", ""value"": 176.527, ""z"": 1.181}, {""feature"": ""syscall_write_rate"", ""value"": 76.204, ""z"": -1.052}]"
2026-05-27T03:46:08Z,mock-node,default,mock-pod,app,0.108203,False,"[{""feature"": ""network_rx_bytes"", ""value"": 39580.086, ""z"": -1.334}, {""feature"": ""disk_io_latency_ms"", ""value"": 2.322, ""z"": 1.046}, {""feature"": ""syscall_open_rate"", ""value"": 22.413, ""z"": 0.775}]"
2026-05-27T03:46:18Z,mock-node,default,mock-pod,app,0.299571,False,"[{""feature"": ""network_tx_bytes"", ""value"": 49609.412, ""z"": 1.619}, {""feature"": ""syscall_open_rate"", ""value"": 24.905, ""z"": 1.6}, {""feature"": ""process_exec_count"", ""value"": 0.788, ""z"": -1.475}]"
2026-05-27T03:46:28Z,mock-node,default,mock-pod,app,0.692826,False,"[{""feature"": ""tcp_connect_rate"", ""value"": 6.815, ""z"": 2.445}, {""feature"": ""disk_io_latency_ms"", ""value"": 1.292, ""z"": -2.357}, {""feature"": ""disk_read_bytes"", ""value"": 13269.937, ""z"": -2.338}]"
2026-05-27T03:46:38Z,mock-node,default,mock-pod,app,0.387487,False,"[{""feature"": ""tcp_connect_rate"", ""value"": 6.742, ""z"": 2.348}, {""feature"": ""network_tx_bytes"", ""value"": 48041.253, ""z"": 1.355}, {""feature"": ""network_rx_bytes"", ""value"": 60325.901, ""z"": 1.289}]"
2026-05-27T03:46:48Z,mock-node,default,mock-pod,app,0.607141,False,"[{""feature"": ""process_fork_count"", ""value"": 1.288, ""z"": 2.034}, {""feature"": ""network_tx_bytes"", ""value"": 50912.048, ""z"": 1.839}, {""feature"": ""disk_io_latency_ms"", ""value"": 1.469, ""z"": -1.772}]"
2026-05-27T03:46:58Z,mock-node,default,mock-pod,app,0.274001,False,"[{""feature"": ""tcp_connect_rate"", ""value"": 3.348, ""z"": -2.152}, {""feature"": ""syscall_read_rate"", ""value"": 176.984, ""z"": 1.201}, {""feature"": ""tcp_retransmit_rate"", ""value"": 0.168, ""z"": -1.065}]"
2026-05-27T03:47:08Z,mock-node,default,mock-pod,app,0.553311,False,"[{""feature"": ""syscall_write_rate"", ""value"": 119.942, ""z"": 2.264}, {""feature"": ""disk_write_bytes"", ""value"": 18618.431, ""z"": 1.659}, {""feature"": ""process_fork_count"", ""value"": 1.232, ""z"": 1.647}]"
2026-05-27T03:47:18Z,mock-node,default,mock-pod,app,0.36623,False,"[{""feature"": ""tcp_connect_rate"", ""value"": 3.514, ""z"": -1.932}, {""feature"": ""process_exec_count"", ""value"": 1.196, ""z"": 1.342}, {""feature"": ""tcp_retransmit_rate"", ""value"": 0.238, ""z"": 1.286}]"
2026-05-27T03:47:28Z,mock-node,default,mock-pod,app,0.534565,False,"[{""feature"": ""disk_write_bytes"", ""value"": 10574.478, ""z"": -1.955}, {""feature"": ""syscall_write_rate"", ""value"": 113.453, ""z"": 1.772}, {""feature"": ""process_fork_count"", ""value"": 1.223, ""z"": 1.584}]"
2026-05-27T03:47:38Z,mock-node,default,mock-pod,app,0.518193,False,"[{""feature"": ""tcp_retransmit_rate"", ""value"": 0.267, ""z"": 2.26}, {""feature"": ""disk_write_bytes"", ""value"": 11813.208, ""z"": -1.398}, {""feature"": ""syscall_read_rate"", ""value"": 118.545, ""z"": -1.391}]"
2026-05-27T03:47:48Z,mock-node,default,mock-pod,app,0.602245,False,"[{""feature"": ""process_fork_count"", ""value"": 1.332, ""z"": 2.338}, {""feature"": ""network_rx_bytes"", ""value"": 36225.123, ""z"": -1.759}, {""feature"": ""tcp_retransmit_rate"", ""value"": 0.153, ""z"": -1.569}]"
2026-05-27T03:47:58Z,mock-node,default,mock-pod,app,0.51312,False,"[{""feature"": ""tcp_retransmit_rate"", ""value"": 0.141, ""z"": -1.972}, {""feature"": ""disk_io_latency_ms"", ""value"": 1.463, ""z"": -1.792}, {""feature"": ""network_rx_bytes"", ""value"": 38547.073, ""z"": -1.465}]"
2026-05-27T03:48:08Z,mock-node,default,mock-pod,app,0.348335,False,"[{""feature"": ""disk_read_bytes"", ""value"": 25687.445, ""z"": 1.894}, {""feature"": ""disk_io_latency_ms"", ""value"": 1.488, ""z"": -1.709}, {""feature"": ""network_tx_bytes"", ""value"": 30568.325, ""z"": -1.588}]"
2026-05-27T03:48:18Z,mock-node,default,mock-pod,app,0.241522,False,"[{""feature"": ""disk_io_latency_ms"", ""value"": 1.45, ""z"": -1.835}, {""feature"": ""process_exec_count"", ""value"": 1.204, ""z"": 1.397}, {""feature"": ""syscall_open_rate"", ""value"": 24.271, ""z"": 1.39}]"
2026-05-27T03:48:28Z,mock-node,default,mock-pod,app,0.589182,False,"[{""feature"": ""context_switch_count"", ""value"": 581.91, ""z"": -1.895}, {""feature"": ""syscall_write_rate"", ""value"": 65.383, ""z"": -1.872}, {""feature"": ""disk_read_bytes"", ""value"": 14656.968, ""z"": -1.866}]"
2026-05-27T03:48:38Z,mock-node,default,mock-pod,app,0.195736,False,"[{""feature"": ""process_exec_count"", ""value"": 1.331, ""z"": 2.274}, {""feature"": ""syscall_open_rate"", ""value"": 23.909, ""z"": 1.271}, {""feature"": ""process_fork_count"", ""value"": 0.851, ""z"": -0.989}]"
2026-05-27T03:48:48Z,mock-node,default,mock-pod,app,0.729727,False,"[{""feature"": ""syscall_write_rate"", ""value"": 115.764, ""z"": 1.947}, {""feature"": ""disk_read_bytes"", ""value"": 25335.776, ""z"": 1.774}, {""feature"": ""syscall_open_rate"", ""value"": 25.192, ""z"": 1.695}]"
2026-05-27T03:48:58Z,mock-node,default,mock-pod,app,0.296104,False,"[{""feature"": ""network_rx_bytes"", ""value"": 66449.454, ""z"": 2.064}, {""feature"": ""tcp_connect_rate"", ""value"": 5.905, ""z"": 1.238}, {""feature"": ""syscall_open_rate"", ""value"": 16.459, ""z"": -1.196}]"
2026-05-27T03:49:08Z,mock-node,default,mock-pod,app,0.20369,False,"[{""feature"": ""context_switch_count"", ""value"": 999.229, ""z"": 1.649}, {""feature"": ""syscall_write_rate"", ""value"": 73.049, ""z"": -1.291}, {""feature"": ""network_tx_bytes"", ""value"": 46928.698, ""z"": 1.168}]"
2026-05-27T03:49:18Z,mock-node,default,mock-pod,app,0.399859,False,"[{""feature"": ""syscall_read_rate"", ""value"": 188.7, ""z"": 1.721}, {""feature"": ""process_fork_count"", ""value"": 0.758, ""z"": -1.632}, {""feature"": ""tcp_retransmit_rate"", ""value"": 0.245, ""z"": 1.521}]"
2026-05-27T03:49:28Z,mock-node,default,mock-pod,app,0.322152,False,"[{""feature"": ""disk_io_latency_ms"", ""value"": 2.573, ""z"": 1.876}, {""feature"": ""syscall_read_rate"", ""value"": 115.218, ""z"": -1.539}, {""feature"": ""network_tx_bytes"", ""value"": 32239.62, ""z"": -1.307}]"
2026-05-27T03:49:38Z,mock-node,default,mock-pod,app,0.675557,False,"[{""feature"": ""syscall_read_rate"", ""value"": 202.726, ""z"": 2.343}, {""feature"": ""context_switch_count"", ""value"": 1071.112, ""z"": 2.259}, {""feature"": ""network_rx_bytes"", ""value"": 66379.543, ""z"": 2.055}]"
2026-05-27T03:49:48Z,mock-node,default,mock-pod,app,0.297572,False,"[{""feature"": ""process_fork_count"", ""value"": 1.241, ""z"": 1.709}, {""feature"": ""disk_read_bytes"", ""value"": 24729.753, ""z"": 1.568}, {""feature"": ""network_rx_bytes"", ""value"": 40237.121, ""z"": -1.251}]"
2026-05-27T03:49:58Z,mock-node,default,mock-pod,app,0.352121,False,"[{""feature"": ""network_tx_bytes"", ""value"": 27818.511, ""z"": -2.051}, {""feature"": ""disk_read_bytes"", ""value"": 15876.677, ""z"": -1.45}, {""feature"": ""disk_io_latency_ms"", ""value"": 2.442, ""z"": 1.443}]"
2026-05-27T03:50:08Z,mock-node,default,mock-pod,app,0.379878,False,"[{""feature"": ""process_fork_count"", ""value"": 1.283, ""z"": 2.0}, {""feature"": ""disk_io_latency_ms"", ""value"": 1.557, ""z"": -1.481}, {""feature"": ""tcp_retransmit_rate"", ""value"": 0.233, ""z"": 1.118}]"
2026-05-27T03:50:18Z,mock-node,default,mock-pod,app,0.093729,False,"[{""feature"": ""tcp_connect_rate"", ""value"": 5.893, ""z"": 1.222}, {""feature"": ""tcp_retransmit_rate"", ""value"": 0.225, ""z"": 0.849}, {""feature"": ""disk_read_bytes"", ""value"": 17783.229, ""z"": -0.8}]"
2026-05-27T03:50:28Z,mock-node,default,mock-pod,app,0.455955,False,"[{""feature"": ""context_switch_count"", ""value"": 547.172, ""z"": -2.19}, {""feature"": ""syscall_open_rate"", ""value"": 26.238, ""z"": 2.042}, {""feature"": ""process_fork_count"", ""value"": 0.835, ""z"": -1.099}]"
2026-05-27T03:50:38Z,mock-node,default,mock-pod,app,0.202569,False,"[{""feature"": ""tcp_connect_rate"", ""value"": 6.363, ""z"": 1.845}, {""feature"": ""tcp_retransmit_rate"", ""value"": 0.238, ""z"": 1.286}, {""feature"": ""context_switch_count"", ""value"": 662.079, ""z"": -1.214}]"
2026-05-27T03:50:48Z,mock-node,default,mock-pod,app,0.250475,False,"[{""feature"": ""context_switch_count"", ""value"": 990.085, ""z"": 1.571}, {""feature"": ""network_rx_bytes"", ""value"": 39147.176, ""z"": -1.389}, {""feature"": ""disk_io_latency_ms"", ""value"": 2.323, ""z"": 1.05}]"
2026-05-27T03:50:58Z,mock-node,default,mock-pod,app,0.346235,False,"[{""feature"": ""disk_write_bytes"", ""value"": 10674.249, ""z"": -1.91}, {""feature"": ""syscall_write_rate"", ""value"": 65.63, ""z"": -1.853}, {""feature"": ""disk_io_latency_ms"", ""value"": 2.475, ""z"": 1.552}]"
2026-05-27T03:51:08Z,mock-node,default,mock-pod,app,0.640025,False,"[{""feature"": ""syscall_write_rate"", ""value"": 132.089, ""z"": 3.185}, {""feature"": ""syscall_open_rate"", ""value"": 14.033, ""z"": -2.0}, {""feature"": ""context_switch_count"", ""value"": 627.726, ""z"": -1.506}]"
2026-05-27T03:51:18Z,mock-node,default,mock-pod,app,0.332492,False,"[{""feature"": ""syscall_write_rate"", ""value"": 122.657, ""z"": 2.47}, {""feature"": ""tcp_retransmit_rate"", ""value"": 0.239, ""z"": 1.319}, {""feature"": ""context_switch_count"", ""value"": 652.189, ""z"": -1.298}]"
2026-05-27T03:51:28Z,mock-node,default,mock-pod,app,0.0,False,"[{""feature"": ""syscall_read_rate"", ""value"": 124.307, ""z"": -1.135}, {""feature"": ""syscall_open_rate"", ""value"": 17.594, ""z"": -0.821}, {""feature"": ""network_tx_bytes"", ""value"": 44103.679, ""z"": 0.692}]"
2026-05-27T03:51:38Z,mock-node,default,mock-pod,app,0.355187,False,"[{""feature"": ""tcp_retransmit_rate"", ""value"": 0.247, ""z"": 1.588}, {""feature"": ""disk_write_bytes"", ""value"": 11466.048, ""z"": -1.554}, {""feature"": ""disk_read_bytes"", ""value"": 16110.585, ""z"": -1.37}]"
2026-05-27T03:51:48Z,mock-node,default,mock-pod,app,0.366438,False,"[{""feature"": ""network_rx_bytes"", ""value"": 65815.446, ""z"": 1.983}, {""feature"": ""tcp_connect_rate"", ""value"": 6.4, ""z"": 1.894}, {""feature"": ""syscall_write_rate"", ""value"": 73.862, ""z"": -1.229}]"
2026-05-27T03:51:58Z,mock-node,default,mock-pod,app,0.089399,False,"[{""feature"": ""tcp_connect_rate"", ""value"": 5.943, ""z"": 1.288}, {""feature"": ""syscall_write_rate"", ""value"": 74.018, ""z"": -1.217}, {""feature"": ""syscall_read_rate"", ""value"": 169.915, ""z"": 0.888}]"
2026-05-27T03:52:08Z,mock-node,default,mock-pod,app,0.262419,False,"[{""feature"": ""syscall_open_rate"", ""value"": 25.832, ""z"": 1.907}, {""feature"": ""syscall_read_rate"", ""value"": 123.828, ""z"": -1.157}, {""feature"": ""process_exec_count"", ""value"": 0.837, ""z"": -1.137}]"
2026-05-27T03:52:18Z,mock-node,default,mock-pod,app,0.561625,False,"[{""feature"": ""network_rx_bytes"", ""value"": 32578.113, ""z"": -2.22}, {""feature"": ""tcp_connect_rate"", ""value"": 3.512, ""z"": -1.935}, {""feature"": ""disk_read_bytes"", ""value"": 25553.108, ""z"": 1.849}]"
2026-05-27T03:52:28Z,mock-node,default,mock-pod,app,0.073816,False,"[{""feature"": ""syscall_read_rate"", ""value"": 193.577, ""z"": 1.937}, {""feature"": ""network_rx_bytes"", ""value"": 55397.979, ""z"": 0.666}, {""feature"": ""disk_write_bytes"", ""value"": 13481.646, ""z"": -0.649}]"
2026-05-27T03:52:38Z,mock-node,default,mock-pod,app,0.221888,False,"[{""feature"": ""tcp_connect_rate"", ""value"": 3.653, ""z"": -1.748}, {""feature"": ""syscall_write_rate"", ""value"": 72.743, ""z"": -1.314}, {""feature"": ""disk_read_bytes"", ""value"": 23054.125, ""z"": 0.997}]"
2026-05-27T03:52:48Z,mock-node,default,mock-pod,app,0.17386,False,"[{""feature"": ""syscall_open_rate"", ""value"": 15.356, ""z"": -1.562}, {""feature"": ""context_switch_count"", ""value"": 981.484, ""z"": 1.498}, {""feature"": ""tcp_connect_rate"", ""value"": 5.834, ""z"": 1.144}]"
2026-05-27T03:52:58Z,mock-node,default,mock-pod,app,0.501814,False,"[{""feature"": ""disk_read_bytes"", ""value"": 14400.584, ""z"": -1.953}, {""feature"": ""disk_write_bytes"", ""value"": 11114.998, ""z"": -1.712}, {""feature"": ""disk_io_latency_ms"", ""value"": 2.496, ""z"": 1.621}]"
2026-05-27T03:53:08Z,mock-node,default,mock-pod,app,0.182455,False,"[{""feature"": ""process_exec_count"", ""value"": 1.209, ""z"": 1.432}, {""feature"": ""tcp_connect_rate"", ""value"": 5.943, ""z"": 1.288}, {""feature"": ""process_fork_count"", ""value"": 1.166, ""z"": 1.19}]"
2026-05-27T03:53:18Z,mock-node,default,mock-pod,app,0.178712,False,"[{""feature"": ""disk_write_bytes"", ""value"": 11588.396, ""z"": -1.499}, {""feature"": ""network_rx_bytes"", ""value"": 61953.011, ""z"": 1.495}, {""feature"": ""disk_io_latency_ms"", ""value"": 2.364, ""z"": 1.185}]"
2026-05-27T03:53:28Z,mock-node,default,mock-pod,app,0.369487,False,"[{""feature"": ""disk_read_bytes"", ""value"": 29066.171, ""z"": 3.046}, {""feature"": ""process_exec_count"", ""value"": 0.804, ""z"": -1.365}, {""feature"": ""tcp_retransmit_rate"", ""value"": 0.238, ""z"": 1.286}]"
2026-05-27T03:53:38Z,mock-node,default,mock-pod,app,0.354943,False,"[{""feature"": ""network_tx_bytes"", ""value"": 27219.386, ""z"": -2.152}, {""feature"": ""process_exec_count"", ""value"": 1.184, ""z"": 1.259}, {""feature"": ""tcp_retransmit_rate"", ""value"": 0.163, ""z"": -1.233}]"
2026-05-27T03:53:48Z,mock-node,default,mock-pod,app,0.766209,False,"[{""feature"": ""tcp_retransmit_rate"", ""value"": 0.107, ""z"": -3.114}, {""feature"": ""disk_read_bytes"", ""value"": 25969.717, ""z"": 1.991}, {""feature"": ""network_rx_bytes"", ""value"": 65857.105, ""z"": 1.989}]"
2026-05-27T03:53:58Z,mock-node,default,mock-pod,app,0.22199,False,"[{""feature"": ""disk_read_bytes"", ""value"": 25550.309, ""z"": 1.848}, {""feature"": ""network_rx_bytes"", ""value"": 59923.786, ""z"": 1.238}, {""feature"": ""syscall_open_rate"", ""value"": 17.582, ""z"": -0.824}]"
2026-05-27T03:54:08Z,mock-node,default,mock-pod,app,0.156012,False,"[{""feature"": ""disk_read_bytes"", ""value"": 25040.19, ""z"": 1.674}, {""feature"": ""process_fork_count"", ""value"": 1.14, ""z"": 1.01}, {""feature"": ""syscall_read_rate"", ""value"": 127.622, ""z"": -0.988}]"
2026-05-27T03:54:18Z,mock-node,default,mock-pod,app,0.543254,False,"[{""feature"": ""syscall_write_rate"", ""value"": 57.352, ""z"": -2.481}, {""feature"": ""process_exec_count"", ""value"": 0.646, ""z"": -2.456}, {""feature"": ""disk_write_bytes"", ""value"": 17713.309, ""z"": 1.252}]"
2026-05-27T03:54:28Z,mock-node,default,mock-pod,app,0.215947,False,"[{""feature"": ""syscall_open_rate"", ""value"": 14.435, ""z"": -1.867}, {""feature"": ""syscall_write_rate"", ""value"": 65.592, ""z"": -1.856}, {""feature"": ""context_switch_count"", ""value"": 872.67, ""z"": 0.574}]"
2026-05-27T03:54:38Z,mock-node,default,mock-pod,app,0.387222,False,"[{""feature"": ""disk_write_bytes"", ""value"": 10132.877, ""z"": -2.153}, {""feature"": ""tcp_retransmit_rate"", ""value"": 0.254, ""z"": 1.823}, {""feature"": ""syscall_read_rate"", ""value"": 115.468, ""z"": -1.527}]"
2026-05-27T03:54:48Z,mock-node,default,mock-pod,app,0.48593,False,"[{""feature"": ""syscall_read_rate"", ""value"": 208.362, ""z"": 2.593}, {""feature"": ""tcp_connect_rate"", ""value"": 6.265, ""z"": 1.715}, {""feature"": ""process_fork_count"", ""value"": 1.184, ""z"": 1.315}]"
2026-05-27T03:54:58Z,mock-node,default,mock-pod,app,0.278952,False,"[{""feature"": ""syscall_read_rate"", ""value"": 187.902, ""z"": 1.686}, {""feature"": ""process_fork_count"", ""value"": 0.77, ""z"": -1.549}, {""feature"": ""context_switch_count"", ""value"": 979.266, ""z"": 1.479}]"
2026-05-27T03:55:08Z,mock-node,default,mock-pod,app,0.344087,False,"[{""feature"": ""syscall_read_rate"", ""value"": 190.728, ""z"": 1.811}, {""feature"": ""network_rx_bytes"", ""value"": 38350.33, ""z"": -1.49}, {""feature"": ""context_switch_count"", ""value"": 978.771, ""z"": 1.475}]"
2026-05-27T03:55:18Z,mock-node,default,mock-pod,app,0.545099,False,"[{""feature"": ""disk_read_bytes"", ""value"": 12966.026, ""z"": -2.442}, {""feature"": ""process_fork_count"", ""value"": 1.34, ""z"": 2.394}, {""feature"": ""tcp_connect_rate"", ""value"": 3.788, ""z"": -1.569}]"
2026-05-27T03:55:28Z,mock-node,default,mock-pod,app,0.264408,False,"[{""feature"": ""disk_read_bytes"", ""value"": 25964.475, ""z"": 1.989}, {""feature"": ""disk_write_bytes"", ""value"": 11309.653, ""z"": -1.625}, {""feature"": ""network_tx_bytes"", ""value"": 33000.093, ""z"": -1.179}]"
2026-05-27T03:55:38Z,mock-node,default,mock-pod,app,0.200682,False,"[{""feature"": ""tcp_connect_rate"", ""value"": 6.541, ""z"": 2.081}, {""feature"": ""disk_io_latency_ms"", ""value"": 2.362, ""z"": 1.178}, {""feature"": ""syscall_read_rate"", ""value"": 173.169, ""z"": 1.032}]"
2026-05-27T03:55:48Z,mock-node,default,mock-pod,app,0.804432,True,"[{""feature"": ""disk_write_bytes"", ""value"": 19523.519, ""z"": 2.066}, {""feature"": ""process_fork_count"", ""value"": 0.716, ""z"": -1.923}, {""feature"": ""disk_io_latency_ms"", ""value"": 2.577, ""z"": 1.889}]"
2026-05-27T03:55:58Z,mock-node,default,mock-pod,app,0.172549,False,"[{""feature"": ""disk_read_bytes"", ""value"": 24731.748, ""z"": 1.569}, {""feature"": ""network_tx_bytes"", ""value"": 48149.462, ""z"": 1.373}, {""feature"": ""tcp_connect_rate"", ""value"": 5.885, ""z"": 1.211}]"
2026-05-27T03:56:08Z,mock-node,default,mock-pod,app,0.239482,False,"[{""feature"": ""network_tx_bytes"", ""value"": 30714.875, ""z"": -1.564}, {""feature"": ""syscall_open_rate"", ""value"": 24.509, ""z"": 1.469}, {""feature"": ""syscall_write_rate"", ""value"": 105.666, ""z"": 1.182}]"
2026-05-27T03:56:18Z,mock-node,default,mock-pod,app,0.263927,False,"[{""feature"": ""syscall_read_rate"", ""value"": 89.827, ""z"": -2.665}, {""feature"": ""network_rx_bytes"", ""value"": 42831.457, ""z"": -0.923}, {""feature"": ""process_fork_count"", ""value"": 0.89, ""z"": -0.719}]"
2026-05-27T03:56:28Z,mock-node,default,mock-pod,app,0.507007,False,"[{""feature"": ""syscall_open_rate"", ""value"": 12.569, ""z"": -2.484}, {""feature"": ""tcp_retransmit_rate"", ""value"": 0.258, ""z"": 1.958}, {""feature"": ""syscall_read_rate"", ""value"": 110.506, ""z"": -1.748}]"
2026-05-27T03:56:38Z,mock-node,default,mock-pod,app,0.444531,False,"[{""feature"": ""tcp_connect_rate"", ""value"": 6.282, ""z"": 1.738}, {""feature"": ""tcp_retransmit_rate"", ""value"": 0.148, ""z"": -1.737}, {""feature"": ""disk_io_latency_ms"", ""value"": 2.498, ""z"": 1.628}]"
2026-05-27T03:56:48Z,mock-node,default,mock-pod,app,0.304773,False,"[{""feature"": ""process_fork_count"", ""value"": 0.798, ""z"": -1.355}, {""feature"": ""network_rx_bytes"", ""value"": 60236.63, ""z"": 1.278}, {""feature"": ""syscall_write_rate"", ""value"": 106.563, ""z"": 1.25}]"
2026-05-27T03:56:58Z,mock-node,default,mock-pod,app,0.287842,False,"[{""feature"": ""syscall_read_rate"", ""value"": 192.974, ""z"": 1.911}, {""feature"": ""disk_io_latency_ms"", ""value"": 2.42, ""z"": 1.37}, {""feature"": ""tcp_connect_rate"", ""value"": 6.003, ""z"": 1.368}]"
2026-05-27T03:57:08Z,mock-node,default,mock-pod,app,0.378727,False,"[{""feature"": ""disk_read_bytes"", ""value"": 24341.332, ""z"": 1.435}, {""feature"": ""tcp_connect_rate"", ""value"": 6.033, ""z"": 1.408}, {""feature"": ""network_tx_bytes"", ""value"": 47966.324, ""z"": 1.343}]"
2026-05-27T03:57:18Z,mock-node,default,mock-pod,app,0.225293,False,"[{""feature"": ""network_rx_bytes"", ""value"": 33820.18, ""z"": -2.063}, {""feature"": ""disk_write_bytes"", ""value"": 17678.118, ""z"": 1.237}, {""feature"": ""syscall_open_rate"", ""value"": 23.477, ""z"": 1.127}]"
2026-05-27T03:57:28Z,mock-node,default,mock-pod,app,0.226344,False,"[{""feature"": ""syscall_read_rate"", ""value"": 107.025, ""z"": -1.902}, {""feature"": ""disk_read_bytes"", ""value"": 15716.872, ""z"": -1.504}, {""feature"": ""context_switch_count"", ""value"": 884.125, ""z"": 0.671}]"
2026-05-27T03:57:38Z,mock-node,default,mock-pod,app,0.592204,False,"[{""feature"": ""syscall_read_rate"", ""value"": 92.185, ""z"": -2.56}, {""feature"": ""process_exec_count"", ""value"": 1.256, ""z"": 1.756}, {""feature"": ""tcp_connect_rate"", ""value"": 3.768, ""z"": -1.595}]"
2026-05-27T03:57:48Z,mock-node,default,mock-pod,app,0.28815,False,"[{""feature"": ""disk_write_bytes"", ""value"": 20336.814, ""z"": 2.431}, {""feature"": ""disk_read_bytes"", ""value"": 17677.032, ""z"": -0.836}, {""feature"": ""syscall_read_rate"", ""value"": 165.761, ""z"": 0.704}]"
2026-05-27T03:57:58Z,mock-node,default,mock-pod,app,0.539601,False,"[{""feature"": ""disk_write_bytes"", ""value"": 19636.952, ""z"": 2.117}, {""feature"": ""syscall_read_rate"", ""value"": 190.641, ""z"": 1.807}, {""feature"": ""syscall_write_rate"", ""value"": 112.87, ""z"": 1.728}]"
2026-05-27T03:58:08Z,mock-node,default,mock-pod,app,0.403868,False,"[{""feature"": ""disk_read_bytes"", ""value"": 27736.775, ""z"": 2.593}, {""feature"": ""syscall_read_rate"", ""value"": 192.946, ""z"": 1.909}, {""feature"": ""process_exec_count"", ""value"": 0.794, ""z"": -1.434}]"
2026-05-27T03:58:18Z,mock-node,default,mock-pod,app,0.544354,False,"[{""feature"": ""syscall_read_rate"", ""value"": 212.878, ""z"": 2.794}, {""feature"": ""tcp_connect_rate"", ""value"": 3.673, ""z"": -1.721}, {""feature"": ""syscall_write_rate"", ""value"": 69.142, ""z"": -1.587}]"
2026-05-27T03:58:28Z,mock-node,default,mock-pod,app,0.610395,False,"[{""feature"": ""process_exec_count"", ""value"": 0.641, ""z"": -2.49}, {""feature"": ""disk_read_bytes"", ""value"": 13728.128, ""z"": -2.182}, {""feature"": ""disk_io_latency_ms"", ""value"": 2.408, ""z"": 1.33}]"
2026-05-27T03:58:38Z,mock-node,default,mock-pod,app,0.153477,False,"[{""feature"": ""disk_read_bytes"", ""value"": 23446.316, ""z"": 1.13}, {""feature"": ""syscall_open_rate"", ""value"": 23.27, ""z"": 1.059}, {""feature"": ""network_rx_bytes"", ""value"": 58357.465, ""z"": 1.04}]"
2026-05-27T03:58:48Z,mock-node,default,mock-pod,app,0.484141,False,"[{""feature"": ""context_switch_count"", ""value"": 487.486, ""z"": -2.697}, {""feature"": ""disk_io_latency_ms"", ""value"": 1.385, ""z"": -2.05}, {""feature"": ""syscall_write_rate"", ""value"": 71.65, ""z"": -1.397}]"
2026-05-27T03:58:58Z,mock-node,default,mock-pod,app,0.304917,False,"[{""feature"": ""disk_read_bytes"", ""value"": 14214.916, ""z"": -2.016}, {""feature"": ""disk_write_bytes"", ""value"": 10859.807, ""z"": -1.827}, {""feature"": ""tcp_retransmit_rate"", ""value"": 0.231, ""z"": 1.051}]"
2026-05-27T03:59:08Z,mock-node,default,mock-pod,app,0.304899,False,"[{""feature"": ""process_fork_count"", ""value"": 0.805, ""z"": -1.307}, {""feature"": ""syscall_open_rate"", ""value"": 23.927, ""z"": 1.276}, {""feature"": ""context_switch_count"", ""value"": 947.133, ""z"": 1.206}]"
2026-05-27T03:59:18Z,mock-node,default,mock-pod,app,0.426367,False,"[{""feature"": ""disk_read_bytes"", ""value"": 24382.426, ""z"": 1.449}, {""feature"": ""context_switch_count"", ""value"": 969.063, ""z"": 1.392}, {""feature"": ""syscall_write_rate"", ""value"": 108.043, ""z"": 1.362}]"
2026-05-27T03:59:28Z,mock-node,default,mock-pod,app,0.200665,False,"[{""feature"": ""syscall_write_rate"", ""value"": 65.383, ""z"": -1.872}, {""feature"": ""syscall_read_rate"", ""value"": 172.238, ""z"": 0.991}, {""feature"": ""disk_io_latency_ms"", ""value"": 1.737, ""z"": -0.887}]"
2026-05-27T03:59:38Z,mock-node,default,mock-pod,app,0.564534,False,"[{""feature"": ""syscall_open_rate"", ""value"": 27.597, ""z"": 2.492}, {""feature"": ""process_fork_count"", ""value"": 1.229, ""z"": 1.626}, {""feature"": ""network_rx_bytes"", ""value"": 61749.026, ""z"": 1.469}]"
2026-05-27T03:59:48Z,mock-node,default,mock-pod,app,0.294742,False,"[{""feature"": ""network_rx_bytes"", ""value"": 37690.432, ""z"": -1.573}, {""feature"": ""disk_io_latency_ms"", ""value"": 1.563, ""z"": -1.462}, {""feature"": ""process_exec_count"", ""value"": 0.8, ""z"": -1.393}]"
2026-05-27T03:59:58Z,mock-node,default,mock-pod,app,0.183044,False,"[{""feature"": ""network_rx_bytes"", ""value"": 59710.406, ""z"": 1.211}, {""feature"": ""process_exec_count"", ""value"": 1.169, ""z"": 1.155}, {""feature"": ""disk_read_bytes"", ""value"": 17005.271, ""z"": -1.065}]"
2026-05-27T04:00:08Z,mock-node,default,mock-pod,app,0.716717,False,"[{""feature"": ""process_exec_count"", ""value"": 0.708, ""z"": -2.028}, {""feature"": ""disk_write_bytes"", ""value"": 19145.043, ""z"": 1.896}, {""feature"": ""network_rx_bytes"", ""value"": 64899.482, ""z"": 1.868}]"
2026-05-27T04:00:18Z,mock-node,default,mock-pod,app,0.268173,False,"[{""feature"": ""disk_read_bytes"", ""value"": 25533.154, ""z"": 1.842}, {""feature"": ""tcp_connect_rate"", ""value"": 5.962, ""z"": 1.314}, {""feature"": ""syscall_write_rate"", ""value"": 103.809, ""z"": 1.041}]"
2026-05-27T04:00:28Z,mock-node,default,mock-pod,app,0.300423,False,"[{""feature"": ""process_exec_count"", ""value"": 0.746, ""z"": -1.765}, {""feature"": ""syscall_write_rate"", ""value"": 67.28, ""z"": -1.728}, {""feature"": ""network_tx_bytes"", ""value"": 32733.228, ""z"": -1.224}]"
2026-05-27T04:00:38Z,mock-node,default,mock-pod,app,0.318859,False,"[{""feature"": ""disk_read_bytes"", ""value"": 24970.196, ""z"": 1.65}, {""feature"": ""context_switch_count"", ""value"": 633.633, ""z"": -1.456}, {""feature"": ""network_tx_bytes"", ""value"": 48432.601, ""z"": 1.421}]"
2026-05-27T04:00:48Z,mock-node,default,mock-pod,app,0.067036,False,"[{""feature"": ""process_exec_count"", ""value"": 0.842, ""z"": -1.103}, {""feature"": ""syscall_open_rate"", ""value"": 17.082, ""z"": -0.99}, {""feature"": ""network_tx_bytes"", ""value"": 35010.388, ""z"": -0.84}]"
2026-05-27T04:00:58Z,mock-node,default,mock-pod,app,0.319521,False,"[{""feature"": ""disk_read_bytes"", ""value"": 14163.936, ""z"": -2.034}, {""feature"": ""process_fork_count"", ""value"": 0.797, ""z"": -1.362}, {""feature"": ""syscall_write_rate"", ""value"": 75.483, ""z"": -1.106}]"
2026-05-27T04:01:08Z,mock-node,default,mock-pod,app,0.39824,False,"[{""feature"": ""process_fork_count"", ""value"": 1.51, ""z"": 3.57}, {""feature"": ""context_switch_count"", ""value"": 965.969, ""z"": 1.366}, {""feature"": ""process_exec_count"", ""value"": 0.855, ""z"": -1.013}]"
2026-05-27T04:01:18Z,mock-node,default,mock-pod,app,0.518153,False,"[{""feature"": ""network_rx_bytes"", ""value"": 32585.817, ""z"": -2.219}, {""feature"": ""disk_write_bytes"", ""value"": 11242.916, ""z"": -1.655}, {""feature"": ""context_switch_count"", ""value"": 976.161, ""z"": 1.453}]"
2026-05-27T04:01:28Z,mock-node,default,mock-pod,app,0.43866,False,"[{""feature"": ""disk_write_bytes"", ""value"": 20346.384, ""z"": 2.435}, {""feature"": ""disk_read_bytes"", ""value"": 24509.364, ""z"": 1.493}, {""feature"": ""context_switch_count"", ""value"": 643.136, ""z"": -1.375}]"
2026-05-27T04:01:38Z,mock-node,default,mock-pod,app,0.479206,False,"[{""feature"": ""network_rx_bytes"", ""value"": 69451.176, ""z"": 2.443}, {""feature"": ""tcp_retransmit_rate"", ""value"": 0.25, ""z"": 1.689}, {""feature"": ""process_fork_count"", ""value"": 1.218, ""z"": 1.55}]"
2026-05-27T04:01:48Z,mock-node,default,mock-pod,app,0.491641,False,"[{""feature"": ""syscall_write_rate"", ""value"": 59.499, ""z"": -2.318}, {""feature"": ""process_fork_count"", ""value"": 1.276, ""z"": 1.951}, {""feature"": ""tcp_retransmit_rate"", ""value"": 0.247, ""z"": 1.588}]"
2026-05-27T04:01:58Z,mock-node,default,mock-pod,app,0.756325,False,"[{""feature"": ""context_switch_count"", ""value"": 1141.622, ""z"": 2.858}, {""feature"": ""disk_write_bytes"", ""value"": 10116.794, ""z"": -2.161}, {""feature"": ""process_fork_count"", ""value"": 1.216, ""z"": 1.536}]"
2026-05-27T04:02:08Z,mock-node,default,mock-pod,app,0.051673,False,"[{""feature"": ""tcp_retransmit_rate"", ""value"": 0.168, ""z"": -1.065}, {""feature"": ""context_switch_count"", ""value"": 929.989, ""z"": 1.061}, {""feature"": ""disk_read_bytes"", ""value"": 22932.989, ""z"": 0.955}]"
2026-05-27T04:02:18Z,mock-node,default,mock-pod,app,0.287166,False,"[{""feature"": ""process_fork_count"", ""value"": 0.762, ""z"": -1.604}, {""feature"": ""disk_read_bytes"", ""value"": 15811.656, ""z"": -1.472}, {""feature"": ""syscall_open_rate"", ""value"": 23.752, ""z"": 1.219}]"
2026-05-27T04:02:28Z,mock-node,default,mock-pod,app,0.639897,False,"[{""feature"": ""syscall_open_rate"", ""value"": 13.087, ""z"": -2.313}, {""feature"": ""disk_read_bytes"", ""value"": 14737.721, ""z"": -1.838}, {""feature"": ""network_rx_bytes"", ""value"": 38846.63, ""z"": -1.427}]"
2026-05-27T04:02:38Z,mock-node,default,mock-pod,app,0.47264,False,"[{""feature"": ""disk_read_bytes"", ""value"": 14732.051, ""z"": -1.84}, {""feature"": ""process_fork_count"", ""value"": 1.251, ""z"": 1.778}, {""feature"": ""disk_write_bytes"", ""value"": 18188.246, ""z"": 1.466}]"
2026-05-27T04:02:48Z,mock-node,default,mock-pod,app,0.88644,True,"[{""feature"": ""syscall_open_rate"", ""value"": 28.249, ""z"": 2.708}, {""feature"": ""disk_io_latency_ms"", ""value"": 2.759, ""z"": 2.49}, {""feature"": ""context_switch_count"", ""value"": 595.963, ""z"": -1.776}]"
2026-05-27T04:02:58Z,mock-node,default,mock-pod,app,0.53656,False,"[{""feature"": ""context_switch_count"", ""value"": 1047.202, ""z"": 2.056}, {""feature"": ""disk_io_latency_ms"", ""value"": 1.423, ""z"": -1.924}, {""feature"": ""process_exec_count"", ""value"": 0.725, ""z"": -1.91}]"
2026-05-27T04:03:08Z,mock-node,default,mock-pod,app,0.7099,False,"[{""feature"": ""disk_read_bytes"", ""value"": 12269.609, ""z"": -2.679}, {""feature"": ""disk_io_latency_ms"", ""value"": 2.655, ""z"": 2.146}, {""feature"": ""process_fork_count"", ""value"": 0.742, ""z"": -1.743}]"
2026-05-27T04:03:18Z,mock-node,default,mock-pod,app,0.305371,False,"[{""feature"": ""network_rx_bytes"", ""value"": 64994.85, ""z"": 1.88}, {""feature"": ""tcp_connect_rate"", ""value"": 3.816, ""z"": -1.532}, {""feature"": ""tcp_retransmit_rate"", ""value"": 0.167, ""z"": -1.099}]"
2026-05-27T04:03:28Z,mock-node,default,mock-pod,app,0.227042,False,"[{""feature"": ""network_rx_bytes"", ""value"": 35032.678, ""z"": -1.909}, {""feature"": ""syscall_open_rate"", ""value"": 23.442, ""z"": 1.116}, {""feature"": ""disk_io_latency_ms"", ""value"": 1.697, ""z"": -1.019}]"
2026-05-27T04:03:38Z,mock-node,default,mock-pod,app,0.203278,False,"[{""feature"": ""disk_read_bytes"", ""value"": 27646.604, ""z"": 2.562}, {""feature"": ""syscall_open_rate"", ""value"": 17.981, ""z"": -0.692}, {""feature"": ""disk_write_bytes"", ""value"": 13704.275, ""z"": -0.549}]"
2026-05-27T04:03:48Z,mock-node,default,mock-pod,app,0.373909,False,"[{""feature"": ""network_rx_bytes"", ""value"": 65224.131, ""z"": 1.909}, {""feature"": ""network_tx_bytes"", ""value"": 31058.796, ""z"": -1.506}, {""feature"": ""process_fork_count"", ""value"": 0.787, ""z"": -1.431}]"
2026-05-27T04:03:58Z,mock-node,default,mock-pod,app,0.152864,False,"[{""feature"": ""syscall_read_rate"", ""value"": 109.461, ""z"": -1.794}, {""feature"": ""syscall_write_rate"", ""value"": 101.961, ""z"": 0.901}, {""feature"": ""tcp_retransmit_rate"", ""value"": 0.222, ""z"": 0.748}]"
2026-05-27T04:04:08Z,mock-node,default,mock-pod,app,0.322215,False,"[{""feature"": ""tcp_connect_rate"", ""value"": 3.371, ""z"": -2.122}, {""feature"": ""disk_read_bytes"", ""value"": 24998.813, ""z"": 1.66}, {""feature"": ""syscall_read_rate"", ""value"": 122.776, ""z"": -1.203}]"
2026-05-27T04:04:18Z,mock-node,default,mock-pod,app,0.595269,False,"[{""feature"": ""tcp_retransmit_rate"", ""value"": 0.262, ""z"": 2.092}, {""feature"": ""network_rx_bytes"", ""value"": 36061.292, ""z"": -1.779}, {""feature"": ""network_tx_bytes"", ""value"": 30771.915, ""z"": -1.554}]"
2026-05-27T04:04:28Z,mock-node,default,mock-pod,app,0.468398,False,"[{""feature"": ""context_switch_count"", ""value"": 1021.757, ""z"": 1.84}, {""feature"": ""tcp_retransmit_rate"", ""value"": 0.146, ""z"": -1.804}, {""feature"": ""network_tx_bytes"", ""value"": 31180.163, ""z"": -1.485}]"
2026-05-27T04:04:38Z,mock-node,default,mock-pod,app,0.202396,False,"[{""feature"": ""network_tx_bytes"", ""value"": 32933.037, ""z"": -1.19}, {""feature"": ""network_rx_bytes"", ""value"": 41247.934, ""z"": -1.123}, {""feature"": ""tcp_retransmit_rate"", ""value"": 0.17, ""z"": -0.998}]"
2026-05-27T04:04:48Z,mock-node,default,mock-pod,app,0.387211,False,"[{""feature"": ""network_tx_bytes"", ""value"": 50380.398, ""z"": 1.749}, {""feature"": ""tcp_retransmit_rate"", ""value"": 0.149, ""z"": -1.703}, {""feature"": ""tcp_connect_rate"", ""value"": 5.863, ""z"": 1.182}]"
2026-05-27T04:04:58Z,mock-node,default,mock-pod,app,0.157435,False,"[{""feature"": ""syscall_write_rate"", ""value"": 108.556, ""z"": 1.401}, {""feature"": ""disk_read_bytes"", ""value"": 16733.848, ""z"": -1.158}, {""feature"": ""process_exec_count"", ""value"": 0.87, ""z"": -0.909}]"
2026-05-27T04:05:08Z,mock-node,default,mock-pod,app,0.374872,False,"[{""feature"": ""syscall_write_rate"", ""value"": 111.618, ""z"": 1.633}, {""feature"": ""process_fork_count"", ""value"": 1.217, ""z"": 1.543}, {""feature"": ""syscall_open_rate"", ""value"": 24.018, ""z"": 1.307}]"
2026-05-27T04:05:18Z,mock-node,default,mock-pod,app,0.385857,False,"[{""feature"": ""process_exec_count"", ""value"": 0.727, ""z"": -1.897}, {""feature"": ""syscall_write_rate"", ""value"": 109.12, ""z"": 1.444}, {""feature"": ""context_switch_count"", ""value"": 973.749, ""z"": 1.432}]"
2026-05-27T04:05:28Z,mock-node,default,mock-pod,app,0.303881,False,"[{""feature"": ""network_tx_bytes"", ""value"": 49231.958, ""z"": 1.556}, {""feature"": ""disk_read_bytes"", ""value"": 24273.615, ""z"": 1.412}, {""feature"": ""tcp_retransmit_rate"", ""value"": 0.24, ""z"": 1.353}]"
2026-05-27T04:05:38Z,mock-node,default,mock-pod,app,0.251457,False,"[{""feature"": ""disk_write_bytes"", ""value"": 19733.529, ""z"": 2.16}, {""feature"": ""process_fork_count"", ""value"": 0.823, ""z"": -1.182}, {""feature"": ""tcp_retransmit_rate"", ""value"": 0.227, ""z"": 0.916}]"
2026-05-27T04:05:48Z,mock-node,default,mock-pod,app,0.396092,False,"[{""feature"": ""disk_write_bytes"", ""value"": 20278.143, ""z"": 2.405}, {""feature"": ""network_tx_bytes"", ""value"": 31153.127, ""z"": -1.49}, {""feature"": ""disk_io_latency_ms"", ""value"": 1.577, ""z"": -1.415}]"
2026-05-27T04:05:58Z,mock-node,default,mock-pod,app,0.459506,False,"[{""feature"": ""syscall_open_rate"", ""value"": 26.517, ""z"": 2.134}, {""feature"": ""process_fork_count"", ""value"": 1.285, ""z"": 2.013}, {""feature"": ""disk_io_latency_ms"", ""value"": 1.655, ""z"": -1.158}]"
2026-05-27T04:06:08Z,mock-node,default,mock-pod,app,0.170669,False,"[{""feature"": ""disk_io_latency_ms"", ""value"": 1.503, ""z"": -1.66}, {""feature"": ""network_rx_bytes"", ""value"": 40071.105, ""z"": -1.272}, {""feature"": ""network_tx_bytes"", ""value"": 34458.99, ""z"": -0.933}]"
2026-05-27T04:06:18Z,mock-node,default,mock-pod,app,0.542148,False,"[{""feature"": ""syscall_write_rate"", ""value"": 113.138, ""z"": 1.748}, {""feature"": ""disk_write_bytes"", ""value"": 11106.575, ""z"": -1.716}, {""feature"": ""disk_io_latency_ms"", ""value"": 1.528, ""z"": -1.577}]"
2026-05-27T04:06:28Z,mock-node,default,mock-pod,app,0.379201,False,"[{""feature"": ""network_tx_bytes"", ""value"": 29514.328, ""z"": -1.766}, {""feature"": ""disk_read_bytes"", ""value"": 15278.515, ""z"": -1.654}, {""feature"": ""context_switch_count"", ""value"": 685.629, ""z"": -1.014}]"
2026-05-27T04:06:38Z,mock-node,default,mock-pod,app,0.036204,False,"[{""feature"": ""syscall_read_rate"", ""value"": 125.261, ""z"": -1.093}, {""feature"": ""tcp_connect_rate"", ""value"": 4.486, ""z"": -0.643}, {""feature"": ""disk_io_latency_ms"", ""value"": 1.822, ""z"": -0.606}]"
2026-05-27T04:06:48Z,mock-node,default,mock-pod,app,0.388205,False,"[{""feature"": ""process_exec_count"", ""value"": 1.305, ""z"": 2.095}, {""feature"": ""network_rx_bytes"", ""value"": 37588.016, ""z"": -1.586}, {""feature"": ""tcp_connect_rate"", ""value"": 5.941, ""z"": 1.286}]"
2026-05-27T04:06:58Z,mock-node,default,mock-pod,app,0.540638,False,"[{""feature"": ""context_switch_count"", ""value"": 482.905, ""z"": -2.736}, {""feature"": ""process_exec_count"", ""value"": 1.36, ""z"": 2.474}, {""feature"": ""tcp_connect_rate"", ""value"": 5.744, ""z"": 1.025}]"
2026-05-27T04:07:08Z,mock-node,default,mock-pod,app,0.507099,False,"[{""feature"": ""context_switch_count"", ""value"": 566.552, ""z"": -2.025}, {""feature"": ""disk_io_latency_ms"", ""value"": 1.474, ""z"": -1.756}, {""feature"": ""process_exec_count"", ""value"": 0.756, ""z"": -1.696}]"
2026-05-27T04:07:18Z,mock-node,default,mock-pod,app,0.507152,False,"[{""feature"": ""process_fork_count"", ""value"": 1.237, ""z"": 1.681}, {""feature"": ""disk_write_bytes"", ""value"": 11525.463, ""z"": -1.528}, {""feature"": ""tcp_connect_rate"", ""value"": 3.833, ""z"": -1.509}]"
2026-05-27T04:07:28Z,mock-node,default,mock-pod,app,0.449696,False,"[{""feature"": ""syscall_open_rate"", ""value"": 10.929, ""z"": -3.027}, {""feature"": ""process_fork_count"", ""value"": 1.166, ""z"": 1.19}, {""feature"": ""syscall_read_rate"", ""value"": 123.855, ""z"": -1.155}]"
2026-05-27T04:07:38Z,mock-node,default,mock-pod,app,0.350845,False,"[{""feature"": ""context_switch_count"", ""value"": 1117.311, ""z"": 2.651}, {""feature"": ""process_exec_count"", ""value"": 0.825, ""z"": -1.22}, {""feature"": ""process_fork_count"", ""value"": 0.818, ""z"": -1.217}]"
2026-05-27T04:07:48Z,mock-node,default,mock-pod,app,0.208269,False,"[{""feature"": ""syscall_read_rate"", ""value"": 109.356, ""z"": -1.799}, {""feature"": ""network_rx_bytes"", ""value"": 58369.779, ""z"": 1.042}, {""feature"": ""tcp_retransmit_rate"", ""value"": 0.17, ""z"": -0.998}]"
2026-05-27T04:07:58Z,mock-node,default,mock-pod,app,0.513995,False,"[{""feature"": ""process_exec_count"", ""value"": 1.297, ""z"": 2.039}, {""feature"": ""tcp_connect_rate"", ""value"": 3.763, ""z"": -1.602}, {""feature"": ""process_fork_count"", ""value"": 0.778, ""z"": -1.494}]"
2026-05-27T04:08:08Z,mock-node,default,mock-pod,app,0.596743,False,"[{""feature"": ""disk_read_bytes"", ""value"": 28221.024, ""z"": 2.758}, {""feature"": ""syscall_write_rate"", ""value"": 115.524, ""z"": 1.929}, {""feature"": ""network_tx_bytes"", ""value"": 30014.279, ""z"": -1.682}]"
2026-05-27T04:08:18Z,mock-node,default,mock-pod,app,0.426204,False,"[{""feature"": ""syscall_open_rate"", ""value"": 26.9, ""z"": 2.261}, {""feature"": ""network_rx_bytes"", ""value"": 38121.438, ""z"": -1.519}, {""feature"": ""syscall_write_rate"", ""value"": 108.935, ""z"": 1.43}]"
2026-05-27T04:08:28Z,mock-node,default,mock-pod,app,0.307444,False,"[{""feature"": ""disk_io_latency_ms"", ""value"": 2.71, ""z"": 2.328}, {""feature"": ""disk_write_bytes"", ""value"": 12147.494, ""z"": -1.248}, {""feature"": ""network_rx_bytes"", ""value"": 41636.935, ""z"": -1.074}]"
2026-05-27T04:08:38Z,mock-node,default,mock-pod,app,0.128833,False,"[{""feature"": ""tcp_retransmit_rate"", ""value"": 0.242, ""z"": 1.42}, {""feature"": ""syscall_open_rate"", ""value"": 16.401, ""z"": -1.216}, {""feature"": ""syscall_write_rate"", ""value"": 104.798, ""z"": 1.116}]"
2026-05-27T04:08:48Z,mock-node,default,mock-pod,app,0.26747,False,"[{""feature"": ""disk_write_bytes"", ""value"": 10072.46, ""z"": -2.18}, {""feature"": ""disk_io_latency_ms"", ""value"": 1.601, ""z"": -1.336}, {""feature"": ""network_tx_bytes"", ""value"": 33199.374, ""z"": -1.145}]"
2026-05-27T04:08:58Z,mock-node,default,mock-pod,app,0.278588,False,"[{""feature"": ""syscall_write_rate"", ""value"": 66.294, ""z"": -1.803}, {""feature"": ""network_tx_bytes"", ""value"": 30936.97, ""z"": -1.526}, {""feature"": ""disk_read_bytes"", ""value"": 16039.748, ""z"": -1.394}]"
2026-05-27T04:09:08Z,mock-node,default,mock-pod,app,0.116296,False,"[{""feature"": ""network_rx_bytes"", ""value"": 57860.598, ""z"": 0.977}, {""feature"": ""network_tx_bytes"", ""value"": 34355.129, ""z"": -0.95}, {""feature"": ""process_exec_count"", ""value"": 1.133, ""z"": 0.907}]"
2026-05-27T04:09:18Z,mock-node,default,mock-pod,app,0.501246,False,"[{""feature"": ""network_tx_bytes"", ""value"": 22302.861, ""z"": -2.981}, {""feature"": ""disk_read_bytes"", ""value"": 13418.848, ""z"": -2.288}, {""feature"": ""disk_write_bytes"", ""value"": 12699.603, ""z"": -1.0}]"
2026-05-27T04:09:28Z,mock-node,default,mock-pod,app,0.202134,False,"[{""feature"": ""disk_io_latency_ms"", ""value"": 1.441, ""z"": -1.865}, {""feature"": ""process_exec_count"", ""value"": 0.802, ""z"": -1.379}, {""feature"": ""syscall_read_rate"", ""value"": 129.099, ""z"": -0.923}]"
2026-05-27T04:09:38Z,mock-node,default,mock-pod,app,0.218577,False,"[{""feature"": ""process_fork_count"", ""value"": 0.719, ""z"": -1.902}, {""feature"": ""disk_write_bytes"", ""value"": 11228.856, ""z"": -1.661}, {""feature"": ""syscall_open_rate"", ""value"": 23.044, ""z"": 0.984}]"
2026-05-27T04:09:48Z,mock-node,default,mock-pod,app,0.047676,False,"[{""feature"": ""process_fork_count"", ""value"": 0.887, ""z"": -0.74}, {""feature"": ""network_tx_bytes"", ""value"": 44300.859, ""z"": 0.725}, {""feature"": ""network_rx_bytes"", ""value"": 55615.14, ""z"": 0.693}]"
2026-05-27T04:09:58Z,mock-node,default,mock-pod,app,0.277041,False,"[{""feature"": ""process_exec_count"", ""value"": 0.746, ""z"": -1.765}, {""feature"": ""syscall_open_rate"", ""value"": 15.948, ""z"": -1.366}, {""feature"": ""network_tx_bytes"", ""value"": 47132.129, ""z"": 1.202}]"
2026-05-27T04:10:08Z,mock-node,default,mock-pod,app,0.293355,False,"[{""feature"": ""disk_read_bytes"", ""value"": 24863.85, ""z"": 1.614}, {""feature"": ""tcp_connect_rate"", ""value"": 3.851, ""z"": -1.485}, {""feature"": ""syscall_read_rate"", ""value"": 176.173, ""z"": 1.165}]"
2026-05-27T04:10:18Z,mock-node,default,mock-pod,app,0.403422,False,"[{""feature"": ""network_tx_bytes"", ""value"": 50885.285, ""z"": 1.834}, {""feature"": ""process_fork_count"", ""value"": 0.773, ""z"": -1.528}, {""feature"": ""disk_read_bytes"", ""value"": 16191.203, ""z"": -1.343}]"
2026-05-27T04:10:28Z,mock-node,default,mock-pod,app,0.386376,False,"[{""feature"": ""context_switch_count"", ""value"": 1040.19, ""z"": 1.996}, {""feature"": ""syscall_read_rate"", ""value"": 113.335, ""z"": -1.622}, {""feature"": ""tcp_connect_rate"", ""value"": 3.942, ""z"": -1.365}]"
2026-05-27T04:10:38Z,mock-node,default,mock-pod,app,0.807438,True,"[{""feature"": ""disk_io_latency_ms"", ""value"": 1.356, ""z"": -2.145}, {""feature"": ""syscall_open_rate"", ""value"": 13.935, ""z"": -2.032}, {""feature"": ""context_switch_count"", ""value"": 1035.997, ""z"": 1.961}]"
2026-05-27T04:10:48Z,mock-node,default,mock-pod,app,0.465879,False,"[{""feature"": ""context_switch_count"", ""value"": 1086.933, ""z"": 2.393}, {""feature"": ""network_rx_bytes"", ""value"": 31429.203, ""z"": -2.365}, {""feature"": ""disk_io_latency_ms"", ""value"": 1.572, ""z"": -1.432}]"
2026-05-27T04:10:58Z,mock-node,default,mock-pod,app,0.229522,False,"[{""feature"": ""process_fork_count"", ""value"": 0.763, ""z"": -1.597}, {""feature"": ""syscall_read_rate"", ""value"": 183.991, ""z"": 1.512}, {""feature"": ""syscall_open_rate"", ""value"": 16.897, ""z"": -1.051}]"
2026-05-27T04:11:08Z,mock-node,default,mock-pod,app,0.548532,False,"[{""feature"": ""tcp_connect_rate"", ""value"": 3.235, ""z"": -2.302}, {""feature"": ""context_switch_count"", ""value"": 603.158, ""z"": -1.714}, {""feature"": ""network_tx_bytes"", ""value"": 48871.274, ""z"": 1.495}]"
2026-05-27T04:11:18Z,mock-node,default,mock-pod,app,0.364633,False,"[{""feature"": ""disk_read_bytes"", ""value"": 13271.02, ""z"": -2.338}, {""feature"": ""tcp_retransmit_rate"", ""value"": 0.236, ""z"": 1.219}, {""feature"": ""disk_io_latency_ms"", ""value"": 2.372, ""z"": 1.211}]"
2026-05-27T04:11:28Z,mock-node,default,mock-pod,app,0.397754,False,"[{""feature"": ""network_rx_bytes"", ""value"": 67921.478, ""z"": 2.25}, {""feature"": ""syscall_open_rate"", ""value"": 14.729, ""z"": -1.769}, {""feature"": ""tcp_retransmit_rate"", ""value"": 0.239, ""z"": 1.319}]"
2026-05-27T04:11:38Z,mock-node,default,mock-pod,app,0.436707,False,"[{""feature"": ""process_exec_count"", ""value"": 0.738, ""z"": -1.821}, {""feature"": ""network_tx_bytes"", ""value"": 50492.584, ""z"": 1.768}, {""feature"": ""network_rx_bytes"", ""value"": 63330.476, ""z"": 1.669}]"
2026-05-27T04:11:48Z,mock-node,default,mock-pod,app,0.311355,False,"[{""feature"": ""disk_io_latency_ms"", ""value"": 1.342, ""z"": -2.192}, {""feature"": ""disk_read_bytes"", ""value"": 24595.91, ""z"": 1.522}, {""feature"": ""tcp_retransmit_rate"", ""value"": 0.239, ""z"": 1.319}]"
2026-05-27T04:11:58Z,mock-node,default,mock-pod,app,0.356866,False,"[{""feature"": ""disk_write_bytes"", ""value"": 11044.592, ""z"": -1.744}, {""feature"": ""context_switch_count"", ""value"": 625.261, ""z"": -1.527}, {""feature"": ""syscall_read_rate"", ""value"": 181.14, ""z"": 1.386}]"
2026-05-27T04:12:08Z,mock-node,default,mock-pod,app,0.470341,False,"[{""feature"": ""syscall_read_rate"", ""value"": 211.53, ""z"": 2.734}, {""feature"": ""network_tx_bytes"", ""value"": 50491.021, ""z"": 1.768}, {""feature"": ""tcp_connect_rate"", ""value"": 6.266, ""z"": 1.717}]"
2026-05-27T04:12:18Z,mock-node,default,mock-pod,app,0.41195,False,"[{""feature"": ""syscall_read_rate"", ""value"": 106.626, ""z"": -1.92}, {""feature"": ""syscall_write_rate"", ""value"": 115.073, ""z"": 1.895}, {""feature"": ""syscall_open_rate"", ""value"": 23.551, ""z"": 1.152}]"
2026-05-27T04:12:28Z,mock-node,default,mock-pod,app,0.208341,False,"[{""feature"": ""disk_io_latency_ms"", ""value"": 1.469, ""z"": -1.772}, {""feature"": ""process_fork_count"", ""value"": 1.201, ""z"": 1.432}, {""feature"": ""network_tx_bytes"", ""value"": 34326.508, ""z"": -0.955}]"
2026-05-27T04:12:38Z,mock-node,default,mock-pod,app,0.281718,False,"[{""feature"": ""syscall_open_rate"", ""value"": 25.976, ""z"": 1.955}, {""feature"": ""tcp_retransmit_rate"", ""value"": 0.242, ""z"": 1.42}, {""feature"": ""tcp_connect_rate"", ""value"": 3.967, ""z"": -1.332}]"
2026-05-27T04:12:48Z,mock-node,default,mock-pod,app,0.259565,False,"[{""feature"": ""process_fork_count"", ""value"": 0.798, ""z"": -1.355}, {""feature"": ""disk_io_latency_ms"", ""value"": 2.396, ""z"": 1.291}, {""feature"": ""disk_read_bytes"", ""value"": 16584.759, ""z"": -1.209}]"
2026-05-27T04:12:58Z,mock-node,default,mock-pod,app,0.457386,False,"[{""feature"": ""syscall_write_rate"", ""value"": 114.455, ""z"": 1.848}, {""feature"": ""syscall_open_rate"", ""value"": 15.441, ""z"": -1.533}, {""feature"": ""process_fork_count"", ""value"": 1.208, ""z"": 1.481}]"
2026-05-27T04:13:08Z,mock-node,default,mock-pod,app,0.243017,False,"[{""feature"": ""disk_write_bytes"", ""value"": 18752.898, ""z"": 1.72}, {""feature"": ""syscall_read_rate"", ""value"": 182.349, ""z"": 1.439}, {""feature"": ""tcp_connect_rate"", ""value"": 5.775, ""z"": 1.066}]"
2026-05-27T04:13:18Z,mock-node,default,mock-pod,app,0.478434,False,"[{""feature"": ""network_tx_bytes"", ""value"": 54729.295, ""z"": 2.482}, {""feature"": ""network_rx_bytes"", ""value"": 63819.45, ""z"": 1.731}, {""feature"": ""syscall_open_rate"", ""value"": 24.702, ""z"": 1.533}]"
2026-05-27T04:13:28Z,mock-node,default,mock-pod,app,0.338064,False,"[{""feature"": ""process_exec_count"", ""value"": 1.273, ""z"": 1.874}, {""feature"": ""disk_read_bytes"", ""value"": 25432.77, ""z"": 1.808}, {""feature"": ""tcp_retransmit_rate"", ""value"": 0.153, ""z"": -1.569}]"
2026-05-27T04:13:38Z,mock-node,default,mock-pod,app,0.366426,False,"[{""feature"": ""tcp_connect_rate"", ""value"": 6.622, ""z"": 2.189}, {""feature"": ""syscall_read_rate"", ""value"": 184.256, ""z"": 1.524}, {""feature"": ""network_rx_bytes"", ""value"": 60115.178, ""z"": 1.263}]"
2026-05-27T04:13:48Z,mock-node,default,mock-pod,app,0.417124,False,"[{""feature"": ""tcp_retransmit_rate"", ""value"": 0.131, ""z"": -2.308}, {""feature"": ""network_rx_bytes"", ""value"": 39865.778, ""z"": -1.298}, {""feature"": ""syscall_read_rate"", ""value"": 177.862, ""z"": 1.24}]"
2026-05-27T04:13:58Z,mock-node,default,mock-pod,app,0.30185,False,"[{""feature"": ""syscall_write_rate"", ""value"": 68.589, ""z"": -1.629}, {""feature"": ""network_rx_bytes"", ""value"": 39279.066, ""z"": -1.372}, {""feature"": ""context_switch_count"", ""value"": 951.367, ""z"": 1.242}]"
2026-05-27T04:14:08Z,mock-node,default,mock-pod,app,0.276616,False,"[{""feature"": ""syscall_write_rate"", ""value"": 68.8, ""z"": -1.613}, {""feature"": ""syscall_read_rate"", ""value"": 113.676, ""z"": -1.607}, {""feature"": ""disk_write_bytes"", ""value"": 11633.319, ""z"": -1.479}]"
2026-05-27T04:14:18Z,mock-node,default,mock-pod,app,0.26445,False,"[{""feature"": ""disk_read_bytes"", ""value"": 25222.622, ""z"": 1.736}, {""feature"": ""process_fork_count"", ""value"": 0.815, ""z"": -1.238}, {""feature"": ""network_tx_bytes"", ""value"": 33665.713, ""z"": -1.066}]"
2026-05-27T04:14:28Z,mock-node,default,mock-pod,app,0.284172,False,"[{""feature"": ""disk_read_bytes"", ""value"": 25056.328, ""z"": 1.679}, {""feature"": ""process_exec_count"", ""value"": 0.784, ""z"": -1.503}, {""feature"": ""network_rx_bytes"", ""value"": 40241.081, ""z"": -1.251}]"
2026-05-27T04:14:38Z,mock-node,default,mock-pod,app,0.508107,False,"[{""feature"": ""tcp_retransmit_rate"", ""value"": 0.131, ""z"": -2.308}, {""feature"": ""network_tx_bytes"", ""value"": 29580.131, ""z"": -1.755}, {""feature"": ""network_rx_bytes"", ""value"": 62750.313, ""z"": 1.596}]"
2026-05-27T04:14:48Z,mock-node,default,mock-pod,app,0.787333,False,"[{""feature"": ""disk_write_bytes"", ""value"": 9133.448, ""z"": -2.602}, {""feature"": ""syscall_open_rate"", ""value"": 14.042, ""z"": -1.997}, {""feature"": ""process_exec_count"", ""value"": 0.734, ""z"": -1.848}]"
2026-05-27T04:14:58Z,mock-node,default,mock-pod,app,0.387757,False,"[{""feature"": ""tcp_retransmit_rate"", ""value"": 0.262, ""z"": 2.092}, {""feature"": ""syscall_open_rate"", ""value"": 24.375, ""z"": 1.425}, {""feature"": ""network_rx_bytes"", ""value"": 39660.255, ""z"": -1.324}]"
2026-05-27T04:15:08Z,mock-node,default,mock-pod,app,0.2627,False,"[{""feature"": ""network_rx_bytes"", ""value"": 33594.704, ""z"": -2.091}, {""feature"": ""tcp_connect_rate"", ""value"": 3.764, ""z"": -1.601}, {""feature"": ""process_exec_count"", ""value"": 1.216, ""z"": 1.48}]"
2026-05-27T04:15:18Z,mock-node,default,mock-pod,app,0.395187,False,"[{""feature"": ""syscall_write_rate"", ""value"": 117.919, ""z"": 2.111}, {""feature"": ""disk_read_bytes"", ""value"": 15723.914, ""z"": -1.502}, {""feature"": ""context_switch_count"", ""value"": 955.056, ""z"": 1.273}]"
2026-05-27T04:15:28Z,mock-node,default,mock-pod,app,0.207273,False,"[{""feature"": ""disk_write_bytes"", ""value"": 18939.776, ""z"": 1.804}, {""feature"": ""process_exec_count"", ""value"": 1.209, ""z"": 1.432}, {""feature"": ""disk_read_bytes"", ""value"": 23617.208, ""z"": 1.189}]"
2026-05-27T04:15:38Z,mock-node,default,mock-pod,app,0.319139,False,"[{""feature"": ""disk_io_latency_ms"", ""value"": 2.724, ""z"": 2.374}, {""feature"": ""context_switch_count"", ""value"": 633.31, ""z"": -1.458}, {""feature"": ""syscall_read_rate"", ""value"": 176.625, ""z"": 1.185}]"
2026-05-27T04:15:48Z,mock-node,default,mock-pod,app,0.358898,False,"[{""feature"": ""syscall_read_rate"", ""value"": 203.264, ""z"": 2.367}, {""feature"": ""context_switch_count"", ""value"": 624.584, ""z"": -1.533}, {""feature"": ""syscall_write_rate"", ""value"": 105.481, ""z"": 1.168}]"
2026-05-27T04:15:58Z,mock-node,default,mock-pod,app,0.617654,False,"[{""feature"": ""network_tx_bytes"", ""value"": 54016.393, ""z"": 2.362}, {""feature"": ""process_exec_count"", ""value"": 0.71, ""z"": -2.014}, {""feature"": ""tcp_retransmit_rate"", ""value"": 0.252, ""z"": 1.756}]"
2026-05-27T04:16:08Z,mock-node,default,mock-pod,app,0.120997,False,"[{""feature"": ""tcp_connect_rate"", ""value"": 5.784, ""z"": 1.078}, {""feature"": ""network_rx_bytes"", ""value"": 41868.379, ""z"": -1.045}, {""feature"": ""disk_read_bytes"", ""value"": 17235.969, ""z"": -0.987}]"
2026-05-27T04:16:18Z,mock-node,default,mock-pod,app,0.445613,False,"[{""feature"": ""process_exec_count"", ""value"": 0.626, ""z"": -2.594}, {""feature"": ""process_fork_count"", ""value"": 0.772, ""z"": -1.535}, {""feature"": ""syscall_open_rate"", ""value"": 24.177, ""z"": 1.359}]"
2026-05-27T04:16:28Z,mock-node,default,mock-pod,app,0.319806,False,"[{""feature"": ""network_rx_bytes"", ""value"": 67504.849, ""z"": 2.197}, {""feature"": ""syscall_write_rate"", ""value"": 68.887, ""z"": -1.606}, {""feature"": ""context_switch_count"", ""value"": 664.714, ""z"": -1.192}]"
2026-05-27T04:16:38Z,mock-node,default,mock-pod,app,0.366734,False,"[{""feature"": ""tcp_retransmit_rate"", ""value"": 0.254, ""z"": 1.823}, {""feature"": ""context_switch_count"", ""value"": 1001.424, ""z"": 1.667}, {""feature"": ""syscall_open_rate"", ""value"": 24.998, ""z"": 1.631}]"
2026-05-27T04:16:48Z,mock-node,default,mock-pod,app,0.40058,False,"[{""feature"": ""syscall_write_rate"", ""value"": 62.452, ""z"": -2.094}, {""feature"": ""syscall_open_rate"", ""value"": 14.748, ""z"": -1.763}, {""feature"": ""tcp_connect_rate"", ""value"": 6.0, ""z"": 1.364}]"
2026-05-27T04:16:58Z,mock-node,default,mock-pod,app,0.22953,False,"[{""feature"": ""tcp_connect_rate"", ""value"": 6.29, ""z"": 1.748}, {""feature"": ""tcp_retransmit_rate"", ""value"": 0.238, ""z"": 1.286}, {""feature"": ""syscall_read_rate"", ""value"": 176.875, ""z"": 1.197}]"
2026-05-27T04:17:08Z,mock-node,default,mock-pod,app,0.402437,False,"[{""feature"": ""tcp_retransmit_rate"", ""value"": 0.277, ""z"": 2.596}, {""feature"": ""process_fork_count"", ""value"": 1.208, ""z"": 1.481}, {""feature"": ""syscall_write_rate"", ""value"": 102.824, ""z"": 0.966}]"
2026-05-27T04:17:18Z,mock-node,default,mock-pod,app,0.382825,False,"[{""feature"": ""process_fork_count"", ""value"": 1.217, ""z"": 1.543}, {""feature"": ""syscall_write_rate"", ""value"": 70.569, ""z"": -1.479}, {""feature"": ""syscall_read_rate"", ""value"": 179.188, ""z"": 1.299}]"
2026-05-27T04:17:28Z,mock-node,default,mock-pod,app,0.759215,False,"[{""feature"": ""disk_write_bytes"", ""value"": 9951.588, ""z"": -2.235}, {""feature"": ""syscall_open_rate"", ""value"": 14.406, ""z"": -1.876}, {""feature"": ""syscall_write_rate"", ""value"": 66.695, ""z"": -1.772}]"
2026-05-27T04:17:38Z,mock-node,default,mock-pod,app,0.500138,False,"[{""feature"": ""disk_read_bytes"", ""value"": 26507.012, ""z"": 2.174}, {""feature"": ""syscall_write_rate"", ""value"": 61.679, ""z"": -2.153}, {""feature"": ""tcp_connect_rate"", ""value"": 6.325, ""z"": 1.795}]"
2026-05-27T04:17:48Z,mock-node,default,mock-pod,app,0.231031,False,"[{""feature"": ""disk_read_bytes"", ""value"": 16286.565, ""z"": -1.31}, {""feature"": ""network_rx_bytes"", ""value"": 59629.207, ""z"": 1.201}, {""feature"": ""syscall_read_rate"", ""value"": 128.317, ""z"": -0.957}]"
2026-05-27T04:17:58Z,mock-node,default,mock-pod,app,0.555195,False,"[{""feature"": ""tcp_retransmit_rate"", ""value"": 0.139, ""z"": -2.039}, {""feature"": ""process_fork_count"", ""value"": 1.238, ""z"": 1.688}, {""feature"": ""disk_io_latency_ms"", ""value"": 2.514, ""z"": 1.681}]"
2026-05-27T04:18:08Z,mock-node,default,mock-pod,app,0.038003,False,"[{""feature"": ""disk_write_bytes"", ""value"": 17838.8, ""z"": 1.309}, {""feature"": ""disk_read_bytes"", ""value"": 23071.58, ""z"": 1.003}, {""feature"": ""syscall_read_rate"", ""value"": 135.638, ""z"": -0.633}]"
2026-05-27T04:18:18Z,mock-node,default,mock-pod,app,0.163436,False,"[{""feature"": ""disk_write_bytes"", ""value"": 11729.938, ""z"": -1.436}, {""feature"": ""network_tx_bytes"", ""value"": 34457.025, ""z"": -0.933}, {""feature"": ""context_switch_count"", ""value"": 911.561, ""z"": 0.904}]"
2026-05-27T04:18:28Z,mock-node,default,mock-pod,app,0.263867,False,"[{""feature"": ""process_exec_count"", ""value"": 0.771, ""z"": -1.593}, {""feature"": ""disk_read_bytes"", ""value"": 24057.113, ""z"": 1.339}, {""feature"": ""network_rx_bytes"", ""value"": 41101.028, ""z"": -1.142}]"
2026-05-27T04:18:38Z,mock-node,default,mock-pod,app,0.625167,False,"[{""feature"": ""process_fork_count"", ""value"": 0.685, ""z"": -2.137}, {""feature"": ""syscall_read_rate"", ""value"": 107.206, ""z"": -1.894}, {""feature"": ""network_rx_bytes"", ""value"": 62409.316, ""z"": 1.553}]"
2026-05-27T04:18:48Z,mock-node,default,mock-pod,app,0.522113,False,"[{""feature"": ""context_switch_count"", ""value"": 535.147, ""z"": -2.292}, {""feature"": ""tcp_connect_rate"", ""value"": 3.855, ""z"": -1.48}, {""feature"": ""syscall_open_rate"", ""value"": 24.271, ""z"": 1.39}]"
2026-05-27T04:18:58Z,mock-node,default,mock-pod,app,0.144515,False,"[{""feature"": ""syscall_write_rate"", ""value"": 71.927, ""z"": -1.376}, {""feature"": ""process_fork_count"", ""value"": 0.798, ""z"": -1.355}, {""feature"": ""context_switch_count"", ""value"": 699.053, ""z"": -0.9}]"
2026-05-27T04:19:08Z,mock-node,default,mock-pod,app,0.110748,False,"[{""feature"": ""process_exec_count"", ""value"": 0.795, ""z"": -1.427}, {""feature"": ""syscall_open_rate"", ""value"": 16.659, ""z"": -1.13}, {""feature"": ""network_tx_bytes"", ""value"": 45644.969, ""z"": 0.952}]"
2026-05-27T04:19:18Z,mock-node,default,mock-pod,app,0.356764,False,"[{""feature"": ""syscall_read_rate"", ""value"": 100.816, ""z"": -2.177}, {""feature"": ""syscall_open_rate"", ""value"": 25.744, ""z"": 1.878}, {""feature"": ""network_tx_bytes"", ""value"": 32487.323, ""z"": -1.265}]"
2026-05-27T04:19:28Z,mock-node,default,mock-pod,app,0.537175,False,"[{""feature"": ""process_fork_count"", ""value"": 1.239, ""z"": 1.695}, {""feature"": ""disk_write_bytes"", ""value"": 18629.613, ""z"": 1.664}, {""feature"": ""tcp_retransmit_rate"", ""value"": 0.242, ""z"": 1.42}]"
2026-05-27T04:19:38Z,mock-node,default,mock-pod,app,0.266646,False,"[{""feature"": ""network_rx_bytes"", ""value"": 65336.906, ""z"": 1.923}, {""feature"": ""disk_write_bytes"", ""value"": 12134.257, ""z"": -1.254}, {""feature"": ""process_exec_count"", ""value"": 0.859, ""z"": -0.985}]"
2026-05-27T04:19:48Z,mock-node,default,mock-pod,app,0.633607,False,"[{""feature"": ""disk_write_bytes"", ""value"": 9084.961, ""z"": -2.624}, {""feature"": ""disk_io_latency_ms"", ""value"": 2.591, ""z"": 1.935}, {""feature"": ""network_tx_bytes"", ""value"": 51360.55, ""z"": 1.914}]"
2026-05-27T04:19:58Z,mock-node,default,mock-pod,app,0.474897,False,"[{""feature"": ""network_rx_bytes"", ""value"": 33815.204, ""z"": -2.063}, {""feature"": ""syscall_read_rate"", ""value"": 189.096, ""z"": 1.739}, {""feature"": ""tcp_connect_rate"", ""value"": 3.817, ""z"": -1.53}]"
2026-05-27T04:20:08Z,mock-node,default,mock-pod,app,0.442182,False,"[{""feature"": ""network_tx_bytes"", ""value"": 51764.25, ""z"": 1.982}, {""feature"": ""network_rx_bytes"", ""value"": 63559.101, ""z"": 1.698}, {""feature"": ""syscall_read_rate"", ""value"": 184.048, ""z"": 1.515}]"
2026-05-27T04:20:18Z,mock-node,default,mock-pod,app,0.573466,False,"[{""feature"": ""disk_read_bytes"", ""value"": 11795.369, ""z"": -2.841}, {""feature"": ""network_tx_bytes"", ""value"": 51538.084, ""z"": 1.944}, {""feature"": ""disk_write_bytes"", ""value"": 18208.468, ""z"": 1.475}]"
2026-05-27T04:20:28Z,mock-node,default,mock-pod,app,0.588178,False,"[{""feature"": ""tcp_retransmit_rate"", ""value"": 0.128, ""z"": -2.409}, {""feature"": ""syscall_open_rate"", ""value"": 24.792, ""z"": 1.563}, {""feature"": ""syscall_read_rate"", ""value"": 184.258, ""z"": 1.524}]"
2026-05-27T04:20:38Z,mock-node,default,mock-pod,app,0.541751,False,"[{""feature"": ""context_switch_count"", ""value"": 1041.981, ""z"": 2.012}, {""feature"": ""tcp_connect_rate"", ""value"": 3.979, ""z"": -1.316}, {""feature"": ""syscall_write_rate"", ""value"": 107.077, ""z"": 1.289}]"
2026-05-27T04:20:48Z,mock-node,default,mock-pod,app,0.29178,False,"[{""feature"": ""syscall_read_rate"", ""value"": 188.905, ""z"": 1.73}, {""feature"": ""syscall_open_rate"", ""value"": 24.237, ""z"": 1.379}, {""feature"": ""disk_read_bytes"", ""value"": 23893.238, ""z"": 1.283}]"
2026-05-27T04:20:58Z,mock-node,default,mock-pod,app,0.260385,False,"[{""feature"": ""disk_io_latency_ms"", ""value"": 2.491, ""z"": 1.605}, {""feature"": ""syscall_read_rate"", ""value"": 180.406, ""z"": 1.353}, {""feature"": ""process_fork_count"", ""value"": 0.808, ""z"": -1.286}]"
2026-05-27T04:21:08Z,mock-node,default,mock-pod,app,0.357367,False,"[{""feature"": ""tcp_retransmit_rate"", ""value"": 0.258, ""z"": 1.958}, {""feature"": ""disk_io_latency_ms"", ""value"": 2.458, ""z"": 1.496}, {""feature"": ""disk_read_bytes"", ""value"": 16498.74, ""z"": -1.238}]"
2026-05-27T04:21:18Z,mock-node,default,mock-pod,app,0.259649,False,"[{""feature"": ""process_fork_count"", ""value"": 0.673, ""z"": -2.22}, {""feature"": ""tcp_retransmit_rate"", ""value"": 0.245, ""z"": 1.521}, {""feature"": ""context_switch_count"", ""value"": 928.369, ""z"": 1.047}]"
2026-05-27T04:21:28Z,mock-node,default,mock-pod,app,0.192503,False,"[{""feature"": ""disk_read_bytes"", ""value"": 15471.218, ""z"": -1.588}, {""feature"": ""network_tx_bytes"", ""value"": 33167.705, ""z"": -1.15}, {""feature"": ""disk_write_bytes"", ""value"": 16910.96, ""z"": 0.892}]"
2026-05-27T04:21:38Z,mock-node,default,mock-pod,app,0.713828,False,"[{""feature"": ""context_switch_count"", ""value"": 518.545, ""z"": -2.433}, {""feature"": ""syscall_read_rate"", ""value"": 200.525, ""z"": 2.246}, {""feature"": ""network_rx_bytes"", ""value"": 67010.463, ""z"": 2.135}]"
2026-05-27T04:21:48Z,mock-node,default,mock-pod,app,0.260094,False,"[{""feature"": ""syscall_open_rate"", ""value"": 14.802, ""z"": -1.745}, {""feature"": ""disk_write_bytes"", ""value"": 11392.049, ""z"": -1.588}, {""feature"": ""network_tx_bytes"", ""value"": 33314.747, ""z"": -1.126}]"
2026-05-27T04:21:58Z,mock-node,default,mock-pod,app,0.182918,False,"[{""feature"": ""syscall_open_rate"", ""value"": 25.354, ""z"": 1.749}, {""feature"": ""disk_read_bytes"", ""value"": 23679.17, ""z"": 1.21}, {""feature"": ""disk_write_bytes"", ""value"": 17550.538, ""z"": 1.179}]"
2026-05-27T04:22:08Z,mock-node,default,mock-pod,app,0.472157,False,"[{""feature"": ""syscall_write_rate"", ""value"": 61.368, ""z"": -2.176}, {""feature"": ""context_switch_count"", ""value"": 560.717, ""z"": -2.075}, {""feature"": ""syscall_read_rate"", ""value"": 177.34, ""z"": 1.217}]"
2026-05-27T04:22:18Z,mock-node,default,mock-pod,app,0.313031,False,"[{""feature"": ""context_switch_count"", ""value"": 976.912, ""z"": 1.459}, {""feature"": ""process_fork_count"", ""value"": 0.818, ""z"": -1.217}, {""feature"": ""network_rx_bytes"", ""value"": 58700.15, ""z"": 1.084}]"
2026-05-27T04:22:28Z,mock-node,default,mock-pod,app,0.194164,False,"[{""feature"": ""tcp_connect_rate"", ""value"": 6.335, ""z"": 1.808}, {""feature"": ""syscall_read_rate"", ""value"": 120.011, ""z"": -1.326}, {""feature"": ""network_tx_bytes"", ""value"": 47792.952, ""z"": 1.313}]"
2026-05-27T04:22:38Z,mock-node,default,mock-pod,app,0.466935,False,"[{""feature"": ""context_switch_count"", ""value"": 607.688, ""z"": -1.676}, {""feature"": ""network_tx_bytes"", ""value"": 49885.454, ""z"": 1.666}, {""feature"": ""syscall_write_rate"", ""value"": 111.22, ""z"": 1.603}]"
2026-05-27T04:22:48Z,mock-node,default,mock-pod,app,0.612852,False,"[{""feature"": ""process_exec_count"", ""value"": 1.414, ""z"": 2.847}, {""feature"": ""network_tx_bytes"", ""value"": 28969.538, ""z"": -1.858}, {""feature"": ""context_switch_count"", ""value"": 1013.43, ""z"": 1.769}]"
2026-05-27T04:22:58Z,mock-node,default,mock-pod,app,0.322636,False,"[{""feature"": ""syscall_write_rate"", ""value"": 107.069, ""z"": 1.288}, {""feature"": ""network_tx_bytes"", ""value"": 47508.722, ""z"": 1.265}, {""feature"": ""network_rx_bytes"", ""value"": 40253.91, ""z"": -1.249}]"
2026-05-27T04:23:08Z,mock-node,default,mock-pod,app,0.221385,False,"[{""feature"": ""context_switch_count"", ""value"": 960.192, ""z"": 1.317}, {""feature"": ""process_exec_count"", ""value"": 1.17, ""z"": 1.162}, {""feature"": ""disk_read_bytes"", ""value"": 17170.566, ""z"": -1.009}]"
2026-05-27T04:23:18Z,mock-node,default,mock-pod,app,0.360662,False,"[{""feature"": ""syscall_open_rate"", ""value"": 26.226, ""z"": 2.038}, {""feature"": ""disk_read_bytes"", ""value"": 25712.49, ""z"": 1.903}, {""feature"": ""syscall_read_rate"", ""value"": 182.494, ""z"": 1.446}]"
2026-05-27T04:23:28Z,mock-node,default,mock-pod,app,0.144671,False,"[{""feature"": ""process_exec_count"", ""value"": 0.808, ""z"": -1.337}, {""feature"": ""syscall_write_rate"", ""value"": 102.428, ""z"": 0.936}, {""feature"": ""tcp_retransmit_rate"", ""value"": 0.227, ""z"": 0.916}]"
2026-05-27T04:23:38Z,mock-node,default,mock-pod,app,0.229807,False,"[{""feature"": ""process_fork_count"", ""value"": 1.296, ""z"": 2.089}, {""feature"": ""disk_read_bytes"", ""value"": 23966.83, ""z"": 1.308}, {""feature"": ""syscall_open_rate"", ""value"": 16.628, ""z"": -1.14}]"
2026-05-27T04:23:48Z,mock-node,default,mock-pod,app,0.274761,False,"[{""feature"": ""network_rx_bytes"", ""value"": 37379.011, ""z"": -1.613}, {""feature"": ""context_switch_count"", ""value"": 985.891, ""z"": 1.535}, {""feature"": ""disk_write_bytes"", ""value"": 12531.332, ""z"": -1.076}]"
2026-05-27T04:23:58Z,mock-node,default,mock-pod,app,0.397929,False,"[{""feature"": ""network_rx_bytes"", ""value"": 33965.831, ""z"": -2.044}, {""feature"": ""context_switch_count"", ""value"": 615.254, ""z"": -1.612}, {""feature"": ""disk_read_bytes"", ""value"": 16377.262, ""z"": -1.279}]"
2026-05-27T04:24:08Z,mock-node,default,mock-pod,app,0.319114,False,"[{""feature"": ""tcp_connect_rate"", ""value"": 3.664, ""z"": -1.733}, {""feature"": ""process_fork_count"", ""value"": 0.803, ""z"": -1.321}, {""feature"": ""tcp_retransmit_rate"", ""value"": 0.162, ""z"": -1.267}]"
2026-05-27T04:24:18Z,mock-node,default,mock-pod,app,0.637058,False,"[{""feature"": ""context_switch_count"", ""value"": 1019.213, ""z"": 1.818}, {""feature"": ""process_exec_count"", ""value"": 0.757, ""z"": -1.689}, {""feature"": ""syscall_open_rate"", ""value"": 15.225, ""z"": -1.605}]"
2026-05-27T04:24:28Z,mock-node,default,mock-pod,app,0.177406,False,"[{""feature"": ""network_tx_bytes"", ""value"": 47663.758, ""z"": 1.292}, {""feature"": ""disk_write_bytes"", ""value"": 12139.003, ""z"": -1.252}, {""feature"": ""tcp_retransmit_rate"", ""value"": 0.167, ""z"": -1.099}]"
2026-05-27T04:24:38Z,mock-node,default,mock-pod,app,0.345496,False,"[{""feature"": ""process_fork_count"", ""value"": 1.336, ""z"": 2.366}, {""feature"": ""disk_io_latency_ms"", ""value"": 2.598, ""z"": 1.958}, {""feature"": ""tcp_connect_rate"", ""value"": 4.176, ""z"": -1.054}]"
2026-05-27T04:24:48Z,mock-node,default,mock-pod,app,0.395228,False,"[{""feature"": ""network_tx_bytes"", ""value"": 28836.878, ""z"": -1.88}, {""feature"": ""process_fork_count"", ""value"": 0.755, ""z"": -1.653}, {""feature"": ""tcp_connect_rate"", ""value"": 5.769, ""z"": 1.058}]"
2026-05-27T04:24:58Z,mock-node,default,mock-pod,app,0.198015,False,"[{""feature"": ""network_tx_bytes"", ""value"": 30207.005, ""z"": -1.649}, {""feature"": ""process_fork_count"", ""value"": 0.823, ""z"": -1.182}, {""feature"": ""syscall_open_rate"", ""value"": 16.552, ""z"": -1.166}]"
2026-05-27T04:25:08Z,mock-node,default,mock-pod,app,0.356974,False,"[{""feature"": ""process_exec_count"", ""value"": 1.325, ""z"": 2.233}, {""feature"": ""disk_io_latency_ms"", ""value"": 2.4, ""z"": 1.304}, {""feature"": ""tcp_retransmit_rate"", ""value"": 0.163, ""z"": -1.233}]"
2026-05-27T04:25:18Z,mock-node,default,mock-pod,app,0.1509,False,"[{""feature"": ""tcp_retransmit_rate"", ""value"": 0.243, ""z"": 1.454}, {""feature"": ""process_exec_count"", ""value"": 0.82, ""z"": -1.254}, {""feature"": ""network_rx_bytes"", ""value"": 59452.899, ""z"": 1.179}]"
2026-05-27T04:25:28Z,mock-node,default,mock-pod,app,0.467191,False,"[{""feature"": ""process_exec_count"", ""value"": 1.348, ""z"": 2.392}, {""feature"": ""disk_write_bytes"", ""value"": 17949.34, ""z"": 1.359}, {""feature"": ""network_tx_bytes"", ""value"": 32002.791, ""z"": -1.347}]"
2026-05-27T04:25:38Z,mock-node,default,mock-pod,app,0.269194,False,"[{""feature"": ""syscall_read_rate"", ""value"": 106.826, ""z"": -1.911}, {""feature"": ""network_rx_bytes"", ""value"": 40940.632, ""z"": -1.162}, {""feature"": ""syscall_write_rate"", ""value"": 75.258, ""z"": -1.123}]"
2026-05-27T04:25:48Z,mock-node,default,mock-pod,app,0.407057,False,"[{""feature"": ""disk_write_bytes"", ""value"": 19964.773, ""z"": 2.264}, {""feature"": ""process_exec_count"", ""value"": 0.789, ""z"": -1.468}, {""feature"": ""disk_io_latency_ms"", ""value"": 2.352, ""z"": 1.145}]"
2026-05-27T04:25:58Z,mock-node,default,mock-pod,app,0.59709,False,"[{""feature"": ""process_exec_count"", ""value"": 0.68, ""z"": -2.221}, {""feature"": ""tcp_connect_rate"", ""value"": 3.736, ""z"": -1.638}, {""feature"": ""disk_read_bytes"", ""value"": 15621.264, ""z"": -1.537}]"
2026-05-27T04:26:08Z,mock-node,default,mock-pod,app,0.453325,False,"[{""feature"": ""disk_read_bytes"", ""value"": 25584.99, ""z"": 1.859}, {""feature"": ""syscall_open_rate"", ""value"": 15.366, ""z"": -1.558}, {""feature"": ""tcp_retransmit_rate"", ""value"": 0.155, ""z"": -1.502}]"
2026-05-27T04:26:18Z,mock-node,default,mock-pod,app,0.319865,False,"[{""feature"": ""disk_read_bytes"", ""value"": 25069.042, ""z"": 1.684}, {""feature"": ""tcp_connect_rate"", ""value"": 6.164, ""z"": 1.581}, {""feature"": ""context_switch_count"", ""value"": 629.453, ""z"": -1.491}]"
2026-05-27T04:26:28Z,mock-node,default,mock-pod,app,0.286963,False,"[{""feature"": ""network_tx_bytes"", ""value"": 55989.995, ""z"": 2.694}, {""feature"": ""syscall_read_rate"", ""value"": 117.009, ""z"": -1.459}, {""feature"": ""process_fork_count"", ""value"": 1.149, ""z"": 1.073}]"
2026-05-27T04:26:38Z,mock-node,default,mock-pod,app,0.211924,False,"[{""feature"": ""disk_write_bytes"", ""value"": 18250.207, ""z"": 1.494}, {""feature"": ""process_fork_count"", ""value"": 1.171, ""z"": 1.225}, {""feature"": ""tcp_retransmit_rate"", ""value"": 0.169, ""z"": -1.032}]"
2026-05-27T04:26:48Z,mock-node,default,mock-pod,app,0.144746,False,"[{""feature"": ""syscall_open_rate"", ""value"": 25.307, ""z"": 1.733}, {""feature"": ""disk_io_latency_ms"", ""value"": 1.621, ""z"": -1.27}, {""feature"": ""tcp_connect_rate"", ""value"": 4.351, ""z"": -0.822}]"
2026-05-27T04:26:58Z,mock-node,default,mock-pod,app,0.447061,False,"[{""feature"": ""tcp_retransmit_rate"", ""value"": 0.148, ""z"": -1.737}, {""feature"": ""disk_read_bytes"", ""value"": 15581.831, ""z"": -1.55}, {""feature"": ""syscall_open_rate"", ""value"": 24.196, ""z"": 1.366}]"
2026-05-27T04:27:08Z,mock-node,default,mock-pod,app,0.608219,False,"[{""feature"": ""syscall_open_rate"", ""value"": 27.877, ""z"": 2.584}, {""feature"": ""context_switch_count"", ""value"": 1030.503, ""z"": 1.914}, {""feature"": ""tcp_connect_rate"", ""value"": 6.159, ""z"": 1.575}]"
2026-05-27T04:27:18Z,mock-node,default,mock-pod,app,0.316043,False,"[{""feature"": ""tcp_retransmit_rate"", ""value"": 0.151, ""z"": -1.636}, {""feature"": ""syscall_read_rate"", ""value"": 119.888, ""z"": -1.331}, {""feature"": ""tcp_connect_rate"", ""value"": 4.093, ""z"": -1.165}]"
2026-05-27T04:27:28Z,mock-node,default,mock-pod,app,0.867367,True,"[{""feature"": ""tcp_retransmit_rate"", ""value"": 0.28, ""z"": 2.697}, {""feature"": ""disk_write_bytes"", ""value"": 19994.065, ""z"": 2.277}, {""feature"": ""network_tx_bytes"", ""value"": 28475.8, ""z"": -1.941}]"
2026-05-27T04:27:38Z,mock-node,default,mock-pod,app,0.577947,False,"[{""feature"": ""context_switch_count"", ""value"": 568.561, ""z"": -2.008}, {""feature"": ""network_tx_bytes"", ""value"": 29707.451, ""z"": -1.733}, {""feature"": ""syscall_write_rate"", ""value"": 112.607, ""z"": 1.708}]"
2026-05-27T04:27:48Z,mock-node,default,mock-pod,app,0.399738,False,"[{""feature"": ""network_tx_bytes"", ""value"": 51418.916, ""z"": 1.924}, {""feature"": ""disk_io_latency_ms"", ""value"": 1.566, ""z"": -1.452}, {""feature"": ""network_rx_bytes"", ""value"": 38793.096, ""z"": -1.434}]"
2026-05-27T04:27:58Z,mock-node,default,mock-pod,app,0.304687,False,"[{""feature"": ""syscall_write_rate"", ""value"": 59.219, ""z"": -2.339}, {""feature"": ""network_rx_bytes"", ""value"": 62690.663, ""z"": 1.588}, {""feature"": ""tcp_connect_rate"", ""value"": 4.158, ""z"": -1.078}]"
2026-05-27T04:28:08Z,mock-node,default,mock-pod,app,0.305322,False,"[{""feature"": ""context_switch_count"", ""value"": 1006.85, ""z"": 1.713}, {""feature"": ""tcp_connect_rate"", ""value"": 6.2, ""z"": 1.629}, {""feature"": ""network_rx_bytes"", ""value"": 39196.236, ""z"": -1.383}]"
2026-05-27T04:28:18Z,mock-node,default,mock-pod,app,0.3763,False,"[{""feature"": ""network_rx_bytes"", ""value"": 32768.477, ""z"": -2.196}, {""feature"": ""disk_read_bytes"", ""value"": 15065.488, ""z"": -1.726}, {""feature"": ""disk_io_latency_ms"", ""value"": 2.421, ""z"": 1.373}]"
2026-05-27T04:28:28Z,mock-node,default,mock-pod,app,0.367174,False,"[{""feature"": ""disk_write_bytes"", ""value"": 9816.01, ""z"": -2.296}, {""feature"": ""context_switch_count"", ""value"": 639.98, ""z"": -1.402}, {""feature"": ""tcp_retransmit_rate"", ""value"": 0.163, ""z"": -1.233}]"
2026-05-27T04:28:38Z,mock-node,default,mock-pod,app,0.257195,False,"[{""feature"": ""syscall_read_rate"", ""value"": 110.614, ""z"": -1.743}, {""feature"": ""syscall_open_rate"", ""value"": 23.798, ""z"": 1.234}, {""feature"": ""network_rx_bytes"", ""value"": 58707.418, ""z"": 1.085}]"
2026-05-27T04:28:48Z,mock-node,default,mock-pod,app,0.634528,False,"[{""feature"": ""disk_write_bytes"", ""value"": 8900.343, ""z"": -2.707}, {""feature"": ""tcp_connect_rate"", ""value"": 6.998, ""z"": 2.687}, {""feature"": ""disk_io_latency_ms"", ""value"": 1.494, ""z"": -1.69}]"
2026-05-27T04:28:58Z,mock-node,default,mock-pod,app,0.361647,False,"[{""feature"": ""syscall_read_rate"", ""value"": 108.562, ""z"": -1.834}, {""feature"": ""context_switch_count"", ""value"": 1017.268, ""z"": 1.802}, {""feature"": ""tcp_retransmit_rate"", ""value"": 0.165, ""z"": -1.166}]"
2026-05-27T04:29:08Z,mock-node,default,mock-pod,app,0.309753,False,"[{""feature"": ""syscall_read_rate"", ""value"": 201.196, ""z"": 2.275}, {""feature"": ""tcp_connect_rate"", ""value"": 6.454, ""z"": 1.966}, {""feature"": ""syscall_open_rate"", ""value"": 24.309, ""z"": 1.403}]"
2026-05-27T04:29:18Z,mock-node,default,mock-pod,app,0.465054,False,"[{""feature"": ""network_tx_bytes"", ""value"": 26913.793, ""z"": -2.204}, {""feature"": ""disk_write_bytes"", ""value"": 19220.635, ""z"": 1.93}, {""feature"": ""context_switch_count"", ""value"": 649.916, ""z"": -1.317}]"
2026-05-27T04:29:28Z,mock-node,default,mock-pod,app,0.391773,False,"[{""feature"": ""network_rx_bytes"", ""value"": 68113.875, ""z"": 2.274}, {""feature"": ""syscall_open_rate"", ""value"": 24.704, ""z"": 1.534}, {""feature"": ""process_fork_count"", ""value"": 0.791, ""z"": -1.404}]"
2026-05-27T04:29:38Z,mock-node,default,mock-pod,app,0.400846,False,"[{""feature"": ""syscall_open_rate"", ""value"": 14.469, ""z"": -1.855}, {""feature"": ""network_tx_bytes"", ""value"": 50161.882, ""z"": 1.712}, {""feature"": ""tcp_retransmit_rate"", ""value"": 0.152, ""z"": -1.603}]"
2026-05-27T04:29:48Z,mock-node,default,mock-pod,app,0.124987,False,"[{""feature"": ""network_tx_bytes"", ""value"": 52188.704, ""z"": 2.054}, {""feature"": ""process_fork_count"", ""value"": 1.126, ""z"": 0.914}, {""feature"": ""syscall_open_rate"", ""value"": 22.717, ""z"": 0.876}]"
2026-05-27T04:29:58Z,mock-node,default,mock-pod,app,0.400049,False,"[{""feature"": ""disk_write_bytes"", ""value"": 9048.473, ""z"": -2.641}, {""feature"": ""syscall_read_rate"", ""value"": 125.303, ""z"": -1.091}, {""feature"": ""disk_read_bytes"", ""value"": 23106.921, ""z"": 1.015}]"
2026-05-27T04:30:08Z,mock-node,default,mock-pod,app,0.368026,False,"[{""feature"": ""disk_read_bytes"", ""value"": 14245.18, ""z"": -2.006}, {""feature"": ""context_switch_count"", ""value"": 629.987, ""z"": -1.487}, {""feature"": ""process_exec_count"", ""value"": 1.21, ""z"": 1.439}]"
2026-05-27T04:30:18Z,mock-node,default,mock-pod,app,0.3505,False,"[{""feature"": ""syscall_write_rate"", ""value"": 65.94, ""z"": -1.83}, {""feature"": ""context_switch_count"", ""value"": 601.207, ""z"": -1.731}, {""feature"": ""syscall_read_rate"", ""value"": 117.229, ""z"": -1.449}]"
2026-05-27T04:30:28Z,mock-node,default,mock-pod,app,0.347167,False,"[{""feature"": ""syscall_read_rate"", ""value"": 191.5, ""z"": 1.845}, {""feature"": ""syscall_open_rate"", ""value"": 24.477, ""z"": 1.459}, {""feature"": ""tcp_retransmit_rate"", ""value"": 0.158, ""z"": -1.401}]"
2026-05-27T04:30:38Z,mock-node,default,mock-pod,app,0.713356,False,"[{""feature"": ""network_tx_bytes"", ""value"": 26193.829, ""z"": -2.325}, {""feature"": ""disk_write_bytes"", ""value"": 10670.922, ""z"": -1.912}, {""feature"": ""process_fork_count"", ""value"": 1.237, ""z"": 1.681}]"
2026-05-27T04:30:48Z,mock-node,default,mock-pod,app,0.416424,False,"[{""feature"": ""disk_read_bytes"", ""value"": 26687.021, ""z"": 2.235}, {""feature"": ""process_fork_count"", ""value"": 1.229, ""z"": 1.626}, {""feature"": ""syscall_write_rate"", ""value"": 71.888, ""z"": -1.379}]"
2026-05-27T04:30:58Z,mock-node,default,mock-pod,app,0.198754,False,"[{""feature"": ""tcp_connect_rate"", ""value"": 3.98, ""z"": -1.314}, {""feature"": ""disk_read_bytes"", ""value"": 23789.132, ""z"": 1.247}, {""feature"": ""tcp_retransmit_rate"", ""value"": 0.236, ""z"": 1.219}]"
2026-05-27T04:31:08Z,mock-node,default,mock-pod,app,0.270041,False,"[{""feature"": ""network_tx_bytes"", ""value"": 31697.488, ""z"": -1.398}, {""feature"": ""context_switch_count"", ""value"": 966.697, ""z"": 1.372}, {""feature"": ""process_fork_count"", ""value"": 0.852, ""z"": -0.982}]"
2026-05-27T04:31:18Z,mock-node,default,mock-pod,app,0.687373,False,"[{""feature"": ""process_fork_count"", ""value"": 1.354, ""z"": 2.491}, {""feature"": ""context_switch_count"", ""value"": 551.539, ""z"": -2.153}, {""feature"": ""disk_io_latency_ms"", ""value"": 1.363, ""z"": -2.122}]"
2026-05-27T04:31:28Z,mock-node,default,mock-pod,app,0.54127,False,"[{""feature"": ""syscall_write_rate"", ""value"": 62.328, ""z"": -2.103}, {""feature"": ""syscall_read_rate"", ""value"": 103.366, ""z"": -2.064}, {""feature"": ""process_fork_count"", ""value"": 0.81, ""z"": -1.272}]"
2026-05-27T04:31:38Z,mock-node,default,mock-pod,app,0.475469,False,"[{""feature"": ""process_exec_count"", ""value"": 1.316, ""z"": 2.171}, {""feature"": ""process_fork_count"", ""value"": 0.682, ""z"": -2.158}, {""feature"": ""syscall_read_rate"", ""value"": 184.001, ""z"": 1.513}]"
2026-05-27T04:31:48Z,mock-node,default,mock-pod,app,0.655056,False,"[{""feature"": ""disk_write_bytes"", ""value"": 19527.215, ""z"": 2.067}, {""feature"": ""tcp_retransmit_rate"", ""value"": 0.139, ""z"": -2.039}, {""feature"": ""process_fork_count"", ""value"": 1.233, ""z"": 1.654}]"
2026-05-27T04:31:58Z,mock-node,default,mock-pod,app,0.429332,False,"[{""feature"": ""disk_io_latency_ms"", ""value"": 1.154, ""z"": -2.813}, {""feature"": ""network_rx_bytes"", ""value"": 34681.239, ""z"": -1.954}, {""feature"": ""process_fork_count"", ""value"": 0.834, ""z"": -1.106}]"
2026-05-27T04:32:08Z,mock-node,default,mock-pod,app,0.368868,False,"[{""feature"": ""process_fork_count"", ""value"": 1.276, ""z"": 1.951}, {""feature"": ""network_tx_bytes"", ""value"": 50959.221, ""z"": 1.847}, {""feature"": ""syscall_write_rate"", ""value"": 71.716, ""z"": -1.392}]"
2026-05-27T04:32:18Z,mock-node,default,mock-pod,app,0.215514,False,"[{""feature"": ""tcp_retransmit_rate"", ""value"": 0.151, ""z"": -1.636}, {""feature"": ""context_switch_count"", ""value"": 960.164, ""z"": 1.317}, {""feature"": ""network_rx_bytes"", ""value"": 57540.366, ""z"": 0.937}]"
2026-05-27T04:32:28Z,mock-node,default,mock-pod,app,0.152729,False,"[{""feature"": ""syscall_write_rate"", ""value"": 73.055, ""z"": -1.29}, {""feature"": ""process_exec_count"", ""value"": 1.164, ""z"": 1.121}, {""feature"": ""context_switch_count"", ""value"": 679.025, ""z"": -1.07}]"
2026-05-27T04:32:38Z,mock-node,default,mock-pod,app,0.3698,False,"[{""feature"": ""network_rx_bytes"", ""value"": 34667.732, ""z"": -1.956}, {""feature"": ""syscall_write_rate"", ""value"": 68.322, ""z"": -1.649}, {""feature"": ""disk_write_bytes"", ""value"": 11809.529, ""z"": -1.4}]"
2026-05-27T04:32:48Z,mock-node,default,mock-pod,app,0.214143,False,"[{""feature"": ""syscall_write_rate"", ""value"": 113.215, ""z"": 1.754}, {""feature"": ""disk_write_bytes"", ""value"": 17514.598, ""z"": 1.163}, {""feature"": ""network_tx_bytes"", ""value"": 46083.411, ""z"": 1.025}]"
2026-05-27T04:32:58Z,mock-node,default,mock-pod,app,0.500418,False,"[{""feature"": ""syscall_open_rate"", ""value"": 11.655, ""z"": -2.787}, {""feature"": ""tcp_connect_rate"", ""value"": 6.319, ""z"": 1.787}, {""feature"": ""syscall_read_rate"", ""value"": 125.645, ""z"": -1.076}]"
2026-05-27T04:33:08Z,mock-node,default,mock-pod,app,0.26056,False,"[{""feature"": ""disk_io_latency_ms"", ""value"": 2.667, ""z"": 2.186}, {""feature"": ""network_rx_bytes"", ""value"": 38953.368, ""z"": -1.414}, {""feature"": ""network_tx_bytes"", ""value"": 46723.123, ""z"": 1.133}]"
2026-05-27T04:33:18Z,mock-node,default,mock-pod,app,0.440518,False,"[{""feature"": ""syscall_read_rate"", ""value"": 99.616, ""z"": -2.231}, {""feature"": ""process_exec_count"", ""value"": 0.709, ""z"": -2.021}, {""feature"": ""process_fork_count"", ""value"": 1.192, ""z"": 1.37}]"
2026-05-27T04:33:28Z,mock-node,default,mock-pod,app,0.178987,False,"[{""feature"": ""tcp_connect_rate"", ""value"": 6.342, ""z"": 1.817}, {""feature"": ""syscall_read_rate"", ""value"": 186.774, ""z"": 1.636}, {""feature"": ""syscall_write_rate"", ""value"": 76.88, ""z"": -1.0}]"
2026-05-27T04:33:38Z,mock-node,default,mock-pod,app,0.384897,False,"[{""feature"": ""context_switch_count"", ""value"": 1083.569, ""z"": 2.365}, {""feature"": ""disk_io_latency_ms"", ""value"": 2.448, ""z"": 1.463}, {""feature"": ""network_tx_bytes"", ""value"": 31724.586, ""z"": -1.393}]"
2026-05-27T04:33:48Z,mock-node,default,mock-pod,app,0.363506,False,"[{""feature"": ""process_exec_count"", ""value"": 0.689, ""z"": -2.159}, {""feature"": ""disk_io_latency_ms"", ""value"": 1.404, ""z"": -1.987}, {""feature"": ""syscall_write_rate"", ""value"": 105.337, ""z"": 1.157}]"
2026-05-27T04:33:58Z,mock-node,default,mock-pod,app,0.558363,False,"[{""feature"": ""network_tx_bytes"", ""value"": 28480.171, ""z"": -1.94}, {""feature"": ""disk_io_latency_ms"", ""value"": 2.572, ""z"": 1.872}, {""feature"": ""context_switch_count"", ""value"": 1013.727, ""z"": 1.772}]"
2026-05-27T04:34:08Z,mock-node,default,mock-pod,app,0.4561,False,"[{""feature"": ""context_switch_count"", ""value"": 589.171, ""z"": -1.833}, {""feature"": ""disk_read_bytes"", ""value"": 24813.128, ""z"": 1.596}, {""feature"": ""tcp_connect_rate"", ""value"": 3.797, ""z"": -1.557}]"
2026-05-27T04:34:18Z,mock-node,default,mock-pod,app,0.401547,False,"[{""feature"": ""syscall_open_rate"", ""value"": 25.601, ""z"": 1.831}, {""feature"": ""tcp_retransmit_rate"", ""value"": 0.148, ""z"": -1.737}, {""feature"": ""context_switch_count"", ""value"": 605.155, ""z"": -1.698}]"
2026-05-27T04:34:28Z,mock-node,default,mock-pod,app,0.260399,False,"[{""feature"": ""disk_io_latency_ms"", ""value"": 1.45, ""z"": -1.835}, {""feature"": ""network_rx_bytes"", ""value"": 60551.738, ""z"": 1.318}, {""feature"": ""syscall_open_rate"", ""value"": 16.431, ""z"": -1.206}]"
2026-05-27T04:34:38Z,mock-node,default,mock-pod,app,0.477201,False,"[{""feature"": ""syscall_open_rate"", ""value"": 15.284, ""z"": -1.585}, {""feature"": ""tcp_retransmit_rate"", ""value"": 0.246, ""z"": 1.555}, {""feature"": ""syscall_read_rate"", ""value"": 117.74, ""z"": -1.427}]"
2026-05-27T04:34:48Z,mock-node,default,mock-pod,app,0.274183,False,"[{""feature"": ""syscall_read_rate"", ""value"": 110.577, ""z"": -1.744}, {""feature"": ""disk_write_bytes"", ""value"": 11112.344, ""z"": -1.713}, {""feature"": ""context_switch_count"", ""value"": 923.198, ""z"": 1.003}]"
2026-05-27T04:34:58Z,mock-node,default,mock-pod,app,0.301705,False,"[{""feature"": ""network_tx_bytes"", ""value"": 59702.648, ""z"": 3.32}, {""feature"": ""disk_write_bytes"", ""value"": 12200.232, ""z"": -1.224}, {""feature"": ""tcp_retransmit_rate"", ""value"": 0.235, ""z"": 1.185}]"
2026-05-27T04:35:08Z,mock-node,default,mock-pod,app,0.528706,False,"[{""feature"": ""syscall_open_rate"", ""value"": 14.245, ""z"": -1.929}, {""feature"": ""process_exec_count"", ""value"": 1.264, ""z"": 1.811}, {""feature"": ""disk_write_bytes"", ""value"": 18690.289, ""z"": 1.691}]"
2026-05-27T04:35:18Z,mock-node,default,mock-pod,app,0.498372,False,"[{""feature"": ""process_fork_count"", ""value"": 0.458, ""z"": -3.707}, {""feature"": ""network_tx_bytes"", ""value"": 48549.841, ""z"": 1.441}, {""feature"": ""context_switch_count"", ""value"": 972.507, ""z"": 1.422}]"
2026-05-27T04:35:28Z,mock-node,default,mock-pod,app,0.331119,False,"[{""feature"": ""syscall_write_rate"", ""value"": 112.311, ""z"": 1.685}, {""feature"": ""syscall_read_rate"", ""value"": 115.012, ""z"": -1.548}, {""feature"": ""disk_read_bytes"", ""value"": 16236.59, ""z"": -1.327}]"
2026-05-27T04:35:38Z,mock-node,default,mock-pod,app,0.318073,False,"[{""feature"": ""process_fork_count"", ""value"": 0.716, ""z"": -1.923}, {""feature"": ""syscall_write_rate"", ""value"": 67.509, ""z"": -1.711}, {""feature"": ""context_switch_count"", ""value"": 645.476, ""z"": -1.355}]"
2026-05-27T04:35:48Z,mock-node,default,mock-pod,app,0.556888,False,"[{""feature"": ""disk_io_latency_ms"", ""value"": 2.81, ""z"": 2.659}, {""feature"": ""network_tx_bytes"", ""value"": 54778.738, ""z"": 2.49}, {""feature"": ""disk_read_bytes"", ""value"": 25506.483, ""z"": 1.833}]"
2026-05-27T04:35:58Z,mock-node,default,mock-pod,app,0.383348,False,"[{""feature"": ""disk_write_bytes"", ""value"": 18601.062, ""z"": 1.651}, {""feature"": ""process_fork_count"", ""value"": 1.229, ""z"": 1.626}, {""feature"": ""tcp_retransmit_rate"", ""value"": 0.244, ""z"": 1.487}]"
2026-05-27T04:36:08Z,mock-node,default,mock-pod,app,0.255674,False,"[{""feature"": ""disk_io_latency_ms"", ""value"": 1.489, ""z"": -1.706}, {""feature"": ""process_exec_count"", ""value"": 0.775, ""z"": -1.565}, {""feature"": ""disk_write_bytes"", ""value"": 17509.568, ""z"": 1.161}]"
2026-05-27T04:36:18Z,mock-node,default,mock-pod,app,0.27367,False,"[{""feature"": ""syscall_open_rate"", ""value"": 26.213, ""z"": 2.033}, {""feature"": ""syscall_write_rate"", ""value"": 108.129, ""z"": 1.368}, {""feature"": ""tcp_connect_rate"", ""value"": 4.211, ""z"": -1.008}]"
2026-05-27T04:36:28Z,mock-node,default,mock-pod,app,0.410074,False,"[{""feature"": ""tcp_connect_rate"", ""value"": 3.418, ""z"": -2.06}, {""feature"": ""syscall_open_rate"", ""value"": 14.155, ""z"": -1.959}, {""feature"": ""tcp_retransmit_rate"", ""value"": 0.231, ""z"": 1.051}]"
2026-05-27T04:36:38Z,mock-node,default,mock-pod,app,0.39582,False,"[{""feature"": ""syscall_write_rate"", ""value"": 117.266, ""z"": 2.061}, {""feature"": ""disk_read_bytes"", ""value"": 15925.661, ""z"": -1.433}, {""feature"": ""syscall_read_rate"", ""value"": 180.643, ""z"": 1.364}]"
2026-05-27T04:36:48Z,mock-node,default,mock-pod,app,0.412407,False,"[{""feature"": ""tcp_connect_rate"", ""value"": 6.562, ""z"": 2.109}, {""feature"": ""network_tx_bytes"", ""value"": 49756.288, ""z"": 1.644}, {""feature"": ""context_switch_count"", ""value"": 646.074, ""z"": -1.35}]"
2026-05-27T04:36:58Z,mock-node,default,mock-pod,app,0.362924,False,"[{""feature"": ""context_switch_count"", ""value"": 569.116, ""z"": -2.004}, {""feature"": ""syscall_open_rate"", ""value"": 15.955, ""z"": -1.363}, {""feature"": ""tcp_retransmit_rate"", ""value"": 0.239, ""z"": 1.319}]"
2026-05-27T04:37:08Z,mock-node,default,mock-pod,app,0.192948,False,"[{""feature"": ""tcp_connect_rate"", ""value"": 6.094, ""z"": 1.489}, {""feature"": ""network_tx_bytes"", ""value"": 32197.798, ""z"": -1.314}, {""feature"": ""network_rx_bytes"", ""value"": 60069.586, ""z"": 1.257}]"
2026-05-27T04:37:18Z,mock-node,default,mock-pod,app,0.048035,False,"[{""feature"": ""context_switch_count"", ""value"": 942.874, ""z"": 1.17}, {""feature"": ""tcp_connect_rate"", ""value"": 4.383, ""z"": -0.78}, {""feature"": ""process_exec_count"", ""value"": 1.111, ""z"": 0.755}]"
2026-05-27T04:37:28Z,mock-node,default,mock-pod,app,0.591105,False,"[{""feature"": ""network_rx_bytes"", ""value"": 29054.591, ""z"": -2.665}, {""feature"": ""context_switch_count"", ""value"": 1051.336, ""z"": 2.091}, {""feature"": ""process_exec_count"", ""value"": 1.286, ""z"": 1.963}]"
2026-05-27T04:37:38Z,mock-node,default,mock-pod,app,0.692815,False,"[{""feature"": ""process_exec_count"", ""value"": 0.712, ""z"": -2.0}, {""feature"": ""disk_write_bytes"", ""value"": 19058.282, ""z"": 1.857}, {""feature"": ""process_fork_count"", ""value"": 1.219, ""z"": 1.557}]"
2026-05-27T04:37:48Z,mock-node,default,mock-pod,app,0.328896,False,"[{""feature"": ""disk_read_bytes"", ""value"": 27571.251, ""z"": 2.536}, {""feature"": ""syscall_open_rate"", ""value"": 23.76, ""z"": 1.221}, {""feature"": ""disk_write_bytes"", ""value"": 12616.233, ""z"": -1.038}]"
2026-05-27T04:37:58Z,mock-node,default,mock-pod,app,0.435371,False,"[{""feature"": ""tcp_connect_rate"", ""value"": 6.416, ""z"": 1.916}, {""feature"": ""context_switch_count"", ""value"": 1029.689, ""z"": 1.907}, {""feature"": ""process_fork_count"", ""value"": 1.263, ""z"": 1.861}]"
2026-05-27T04:38:08Z,mock-node,default,mock-pod,app,0.22565,False,"[{""feature"": ""syscall_open_rate"", ""value"": 25.002, ""z"": 1.632}, {""feature"": ""syscall_read_rate"", ""value"": 180.792, ""z"": 1.37}, {""feature"": ""network_tx_bytes"", ""value"": 46761.491, ""z"": 1.14}]"
2026-05-27T04:38:18Z,mock-node,default,mock-pod,app,0.235785,False,"[{""feature"": ""disk_read_bytes"", ""value"": 25945.223, ""z"": 1.982}, {""feature"": ""process_fork_count"", ""value"": 0.773, ""z"": -1.528}, {""feature"": ""network_tx_bytes"", ""value"": 46179.349, ""z"": 1.042}]"
2026-05-27T04:38:28Z,mock-node,default,mock-pod,app,0.294869,False,"[{""feature"": ""disk_read_bytes"", ""value"": 15463.595, ""z"": -1.591}, {""feature"": ""disk_io_latency_ms"", ""value"": 2.427, ""z"": 1.393}, {""feature"": ""network_tx_bytes"", ""value"": 33822.663, ""z"": -1.04}]"
2026-05-27T04:38:38Z,mock-node,default,mock-pod,app,0.456979,False,"[{""feature"": ""process_fork_count"", ""value"": 1.29, ""z"": 2.048}, {""feature"": ""tcp_retransmit_rate"", ""value"": 0.157, ""z"": -1.435}, {""feature"": ""process_exec_count"", ""value"": 1.197, ""z"": 1.349}]"
2026-05-27T04:38:48Z,mock-node,default,mock-pod,app,0.442977,False,"[{""feature"": ""disk_read_bytes"", ""value"": 12971.832, ""z"": -2.44}, {""feature"": ""syscall_read_rate"", ""value"": 186.201, ""z"": 1.61}, {""feature"": ""disk_io_latency_ms"", ""value"": 2.429, ""z"": 1.4}]"
2026-05-27T04:38:58Z,mock-node,default,mock-pod,app,0.344664,False,"[{""feature"": ""syscall_write_rate"", ""value"": 112.385, ""z"": 1.691}, {""feature"": ""context_switch_count"", ""value"": 975.951, ""z"": 1.451}, {""feature"": ""disk_read_bytes"", ""value"": 24086.711, ""z"": 1.349}]"
2026-05-27T04:39:08Z,mock-node,default,mock-pod,app,0.431752,False,"[{""feature"": ""network_tx_bytes"", ""value"": 27006.755, ""z"": -2.188}, {""feature"": ""tcp_connect_rate"", ""value"": 3.782, ""z"": -1.577}, {""feature"": ""disk_write_bytes"", ""value"": 11696.671, ""z"": -1.451}]"
2026-05-27T04:39:18Z,mock-node,default,mock-pod,app,0.512325,False,"[{""feature"": ""network_rx_bytes"", ""value"": 35761.897, ""z"": -1.817}, {""feature"": ""context_switch_count"", ""value"": 1010.491, ""z"": 1.744}, {""feature"": ""disk_io_latency_ms"", ""value"": 2.435, ""z"": 1.42}]"
2026-05-27T04:39:28Z,mock-node,default,mock-pod,app,0.650351,False,"[{""feature"": ""syscall_open_rate"", ""value"": 13.368, ""z"": -2.22}, {""feature"": ""tcp_connect_rate"", ""value"": 3.654, ""z"": -1.747}, {""feature"": ""process_exec_count"", ""value"": 1.213, ""z"": 1.459}]"
2026-05-27T04:39:38Z,mock-node,default,mock-pod,app,0.327424,False,"[{""feature"": ""syscall_open_rate"", ""value"": 15.014, ""z"": -1.675}, {""feature"": ""disk_read_bytes"", ""value"": 16068.5, ""z"": -1.384}, {""feature"": ""syscall_write_rate"", ""value"": 74.079, ""z"": -1.213}]"
2026-05-27T04:39:48Z,mock-node,default,mock-pod,app,0.422244,False,"[{""feature"": ""syscall_write_rate"", ""value"": 117.577, ""z"": 2.085}, {""feature"": ""process_fork_count"", ""value"": 0.714, ""z"": -1.936}, {""feature"": ""process_exec_count"", ""value"": 1.238, ""z"": 1.632}]"
2026-05-27T04:39:58Z,mock-node,default,mock-pod,app,0.645522,False,"[{""feature"": ""network_rx_bytes"", ""value"": 73659.408, ""z"": 2.975}, {""feature"": ""network_tx_bytes"", ""value"": 54250.248, ""z"": 2.401}, {""feature"": ""tcp_connect_rate"", ""value"": 3.562, ""z"": -1.869}]"
2026-05-27T04:40:08Z,mock-node,default,mock-pod,app,0.734632,False,"[{""feature"": ""tcp_retransmit_rate"", ""value"": 0.118, ""z"": -2.745}, {""feature"": ""network_rx_bytes"", ""value"": 70427.718, ""z"": 2.567}, {""feature"": ""network_tx_bytes"", ""value"": 52636.051, ""z"": 2.129}]"
2026-05-27T04:40:18Z,mock-node,default,mock-pod,app,0.26466,False,"[{""feature"": ""context_switch_count"", ""value"": 1024.461, ""z"": 1.863}, {""feature"": ""syscall_open_rate"", ""value"": 16.396, ""z"": -1.217}, {""feature"": ""network_rx_bytes"", ""value"": 41584.284, ""z"": -1.081}]"
2026-05-27T04:40:28Z,mock-node,default,mock-pod,app,0.973698,True,"[{""feature"": ""network_tx_bytes"", ""value"": 19540.993, ""z"": -3.446}, {""feature"": ""process_fork_count"", ""value"": 0.569, ""z"": -2.939}, {""feature"": ""disk_write_bytes"", ""value"": 10470.985, ""z"": -2.001}]"
2026-05-27T04:40:38Z,mock-node,default,mock-pod,app,0.407574,False,"[{""feature"": ""network_rx_bytes"", ""value"": 36639.927, ""z"": -1.706}, {""feature"": ""disk_io_latency_ms"", ""value"": 2.513, ""z"": 1.677}, {""feature"": ""tcp_connect_rate"", ""value"": 6.195, ""z"": 1.622}]"
2026-05-27T04:40:48Z,mock-node,default,mock-pod,app,0.508895,False,"[{""feature"": ""network_tx_bytes"", ""value"": 23961.977, ""z"": -2.701}, {""feature"": ""process_exec_count"", ""value"": 0.72, ""z"": -1.945}, {""feature"": ""tcp_retransmit_rate"", ""value"": 0.234, ""z"": 1.151}]"
2026-05-27T04:40:58Z,mock-node,default,mock-pod,app,0.303204,False,"[{""feature"": ""disk_write_bytes"", ""value"": 19970.231, ""z"": 2.266}, {""feature"": ""syscall_write_rate"", ""value"": 71.341, ""z"": -1.42}, {""feature"": ""disk_io_latency_ms"", ""value"": 1.667, ""z"": -1.118}]"
2026-05-27T04:41:08Z,mock-node,default,mock-pod,app,0.320939,False,"[{""feature"": ""syscall_write_rate"", ""value"": 64.924, ""z"": -1.907}, {""feature"": ""syscall_open_rate"", ""value"": 24.481, ""z"": 1.46}, {""feature"": ""network_rx_bytes"", ""value"": 60607.63, ""z"": 1.325}]"
2026-05-27T04:41:18Z,mock-node,default,mock-pod,app,0.585977,False,"[{""feature"": ""tcp_retransmit_rate"", ""value"": 0.119, ""z"": -2.711}, {""feature"": ""syscall_read_rate"", ""value"": 94.156, ""z"": -2.473}, {""feature"": ""syscall_write_rate"", ""value"": 74.297, ""z"": -1.196}]"
2026-05-27T04:41:28Z,mock-node,default,mock-pod,app,0.293755,False,"[{""feature"": ""syscall_open_rate"", ""value"": 15.631, ""z"": -1.471}, {""feature"": ""syscall_write_rate"", ""value"": 108.579, ""z"": 1.403}, {""feature"": ""disk_write_bytes"", ""value"": 12825.414, ""z"": -0.944}]"
2026-05-27T04:41:38Z,mock-node,default,mock-pod,app,0.409965,False,"[{""feature"": ""disk_io_latency_ms"", ""value"": 1.392, ""z"": -2.027}, {""feature"": ""tcp_connect_rate"", ""value"": 6.04, ""z"": 1.417}, {""feature"": ""process_exec_count"", ""value"": 0.807, ""z"": -1.344}]"
2026-05-27T04:41:48Z,mock-node,default,mock-pod,app,0.251706,False,"[{""feature"": ""syscall_read_rate"", ""value"": 205.583, ""z"": 2.47}, {""feature"": ""tcp_retransmit_rate"", ""value"": 0.147, ""z"": -1.771}, {""feature"": ""process_exec_count"", ""value"": 1.135, ""z"": 0.921}]"
2026-05-27T04:41:58Z,mock-node,default,mock-pod,app,0.717537,False,"[{""feature"": ""process_fork_count"", ""value"": 1.306, ""z"": 2.159}, {""feature"": ""disk_write_bytes"", ""value"": 10320.192, ""z"": -2.069}, {""feature"": ""tcp_connect_rate"", ""value"": 3.424, ""z"": -2.052}]"
2026-05-27T04:42:08Z,mock-node,default,mock-pod,app,0.26875,False,"[{""feature"": ""disk_read_bytes"", ""value"": 15060.078, ""z"": -1.728}, {""feature"": ""syscall_write_rate"", ""value"": 67.636, ""z"": -1.701}, {""feature"": ""tcp_connect_rate"", ""value"": 4.139, ""z"": -1.104}]"
2026-05-27T04:42:18Z,mock-node,default,mock-pod,app,0.525112,False,"[{""feature"": ""disk_io_latency_ms"", ""value"": 1.242, ""z"": -2.522}, {""feature"": ""syscall_write_rate"", ""value"": 61.193, ""z"": -2.189}, {""feature"": ""tcp_connect_rate"", ""value"": 4.064, ""z"": -1.203}]"
2026-05-27T04:42:28Z,mock-node,default,mock-pod,app,0.043605,False,"[{""feature"": ""syscall_open_rate"", ""value"": 23.998, ""z"": 1.3}, {""feature"": ""disk_write_bytes"", ""value"": 17057.529, ""z"": 0.958}, {""feature"": ""syscall_write_rate"", ""value"": 79.736, ""z"": -0.784}]"
2026-05-27T04:42:38Z,mock-node,default,mock-pod,app,0.106518,False,"[{""feature"": ""syscall_read_rate"", ""value"": 120.204, ""z"": -1.317}, {""feature"": ""disk_write_bytes"", ""value"": 17300.63, ""z"": 1.067}, {""feature"": ""syscall_open_rate"", ""value"": 16.94, ""z"": -1.037}]"
2026-05-27T04:42:48Z,mock-node,default,mock-pod,app,0.265587,False,"[{""feature"": ""network_tx_bytes"", ""value"": 30356.566, ""z"": -1.624}, {""feature"": ""disk_io_latency_ms"", ""value"": 1.586, ""z"": -1.386}, {""feature"": ""syscall_open_rate"", ""value"": 23.664, ""z"": 1.189}]"
2026-05-27T04:42:58Z,mock-node,default,mock-pod,app,0.32735,False,"[{""feature"": ""syscall_open_rate"", ""value"": 27.337, ""z"": 2.406}, {""feature"": ""disk_write_bytes"", ""value"": 12174.352, ""z"": -1.236}, {""feature"": ""tcp_retransmit_rate"", ""value"": 0.232, ""z"": 1.084}]"
2026-05-27T04:43:08Z,mock-node,default,mock-pod,app,0.297898,False,"[{""feature"": ""process_exec_count"", ""value"": 1.337, ""z"": 2.316}, {""feature"": ""network_tx_bytes"", ""value"": 32103.397, ""z"": -1.33}, {""feature"": ""disk_io_latency_ms"", ""value"": 1.649, ""z"": -1.177}]"
2026-05-27T04:43:18Z,mock-node,default,mock-pod,app,0.467013,False,"[{""feature"": ""process_exec_count"", ""value"": 0.643, ""z"": -2.477}, {""feature"": ""tcp_retransmit_rate"", ""value"": 0.141, ""z"": -1.972}, {""feature"": ""network_rx_bytes"", ""value"": 41902.438, ""z"": -1.041}]"
2026-05-27T04:43:28Z,mock-node,default,mock-pod,app,0.254272,False,"[{""feature"": ""tcp_connect_rate"", ""value"": 6.069, ""z"": 1.455}, {""feature"": ""tcp_retransmit_rate"", ""value"": 0.16, ""z"": -1.334}, {""feature"": ""context_switch_count"", ""value"": 662.166, ""z"": -1.213}]"
2026-05-27T04:43:38Z,mock-node,default,mock-pod,app,0.175056,False,"[{""feature"": ""disk_write_bytes"", ""value"": 9965.673, ""z"": -2.228}, {""feature"": ""network_rx_bytes"", ""value"": 57515.978, ""z"": 0.934}, {""feature"": ""syscall_open_rate"", ""value"": 22.506, ""z"": 0.806}]"
2026-05-27T04:43:48Z,mock-node,default,mock-pod,app,0.384251,False,"[{""feature"": ""tcp_retransmit_rate"", ""value"": 0.246, ""z"": 1.555}, {""feature"": ""syscall_write_rate"", ""value"": 70.974, ""z"": -1.448}, {""feature"": ""network_tx_bytes"", ""value"": 48262.412, ""z"": 1.392}]"
2026-05-27T04:43:58Z,mock-node,default,mock-pod,app,0.123521,False,"[{""feature"": ""network_tx_bytes"", ""value"": 32549.164, ""z"": -1.255}, {""feature"": ""process_exec_count"", ""value"": 0.854, ""z"": -1.02}, {""feature"": ""disk_write_bytes"", ""value"": 16694.632, ""z"": 0.795}]"
2026-05-27T04:44:08Z,mock-node,default,mock-pod,app,0.239738,False,"[{""feature"": ""context_switch_count"", ""value"": 635.653, ""z"": -1.439}, {""feature"": ""disk_read_bytes"", ""value"": 16803.984, ""z"": -1.134}, {""feature"": ""disk_write_bytes"", ""value"": 12567.239, ""z"": -1.06}]"
2026-05-27T04:44:18Z,mock-node,default,mock-pod,app,0.302572,False,"[{""feature"": ""process_fork_count"", ""value"": 0.682, ""z"": -2.158}, {""feature"": ""syscall_read_rate"", ""value"": 106.692, ""z"": -1.917}, {""feature"": ""syscall_open_rate"", ""value"": 17.095, ""z"": -0.986}]"
2026-05-27T04:44:28Z,mock-node,default,mock-pod,app,0.391645,False,"[{""feature"": ""disk_io_latency_ms"", ""value"": 1.223, ""z"": -2.585}, {""feature"": ""context_switch_count"", ""value"": 989.22, ""z"": 1.564}, {""feature"": ""network_tx_bytes"", ""value"": 31619.845, ""z"": -1.411}]"
2026-05-27T04:44:38Z,mock-node,default,mock-pod,app,0.353844,False,"[{""feature"": ""context_switch_count"", ""value"": 520.055, ""z"": -2.42}, {""feature"": ""disk_write_bytes"", ""value"": 12506.085, ""z"": -1.087}, {""feature"": ""tcp_connect_rate"", ""value"": 5.79, ""z"": 1.085}]"
2026-05-27T04:44:48Z,mock-node,default,mock-pod,app,0.699952,False,"[{""feature"": ""network_rx_bytes"", ""value"": 72819.077, ""z"": 2.869}, {""feature"": ""context_switch_count"", ""value"": 1119.689, ""z"": 2.671}, {""feature"": ""process_fork_count"", ""value"": 1.215, ""z"": 1.529}]"
2026-05-27T04:44:58Z,mock-node,default,mock-pod,app,0.269858,False,"[{""feature"": ""context_switch_count"", ""value"": 1033.528, ""z"": 1.94}, {""feature"": ""disk_read_bytes"", ""value"": 15820.147, ""z"": -1.469}, {""feature"": ""process_exec_count"", ""value"": 1.153, ""z"": 1.045}]"
2026-05-27T04:45:08Z,mock-node,default,mock-pod,app,0.474476,False,"[{""feature"": ""process_exec_count"", ""value"": 1.402, ""z"": 2.764}, {""feature"": ""disk_read_bytes"", ""value"": 15800.263, ""z"": -1.476}, {""feature"": ""syscall_write_rate"", ""value"": 107.204, ""z"": 1.298}]"
2026-05-27T04:45:18Z,mock-node,default,mock-pod,app,0.333543,False,"[{""feature"": ""tcp_retransmit_rate"", ""value"": 0.146, ""z"": -1.804}, {""feature"": ""tcp_connect_rate"", ""value"": 6.046, ""z"": 1.425}, {""feature"": ""process_exec_count"", ""value"": 0.813, ""z"": -1.303}]"
2026-05-27T04:45:28Z,mock-node,default,mock-pod,app,0.692305,False,"[{""feature"": ""tcp_connect_rate"", ""value"": 3.127, ""z"": -2.445}, {""feature"": ""tcp_retransmit_rate"", ""value"": 0.136, ""z"": -2.14}, {""feature"": ""network_tx_bytes"", ""value"": 51148.668, ""z"": 1.879}]"
2026-05-27T04:45:38Z,mock-node,default,mock-pod,app,0.3091,False,"[{""feature"": ""disk_read_bytes"", ""value"": 14228.431, ""z"": -2.012}, {""feature"": ""tcp_connect_rate"", ""value"": 5.871, ""z"": 1.193}, {""feature"": ""process_exec_count"", ""value"": 1.172, ""z"": 1.176}]"
2026-05-27T04:45:48Z,mock-node,default,mock-pod,app,0.342996,False,"[{""feature"": ""network_tx_bytes"", ""value"": 52812.168, ""z"": 2.159}, {""feature"": ""process_exec_count"", ""value"": 0.818, ""z"": -1.268}, {""feature"": ""syscall_open_rate"", ""value"": 16.824, ""z"": -1.075}]"
2026-05-27T04:45:58Z,mock-node,default,mock-pod,app,0.253684,False,"[{""feature"": ""disk_write_bytes"", ""value"": 18258.022, ""z"": 1.497}, {""feature"": ""network_tx_bytes"", ""value"": 48778.082, ""z"": 1.479}, {""feature"": ""disk_io_latency_ms"", ""value"": 1.626, ""z"": -1.253}]"
2026-05-27T04:46:08Z,mock-node,default,mock-pod,app,0.431542,False,"[{""feature"": ""tcp_connect_rate"", ""value"": 3.517, ""z"": -1.928}, {""feature"": ""syscall_read_rate"", ""value"": 108.93, ""z"": -1.817}, {""feature"": ""disk_io_latency_ms"", ""value"": 1.558, ""z"": -1.478}]"
2026-05-27T04:46:18Z,mock-node,default,mock-pod,app,0.59007,False,"[{""feature"": ""syscall_open_rate"", ""value"": 14.548, ""z"": -1.829}, {""feature"": ""network_rx_bytes"", ""value"": 36291.869, ""z"": -1.75}, {""feature"": ""process_fork_count"", ""value"": 1.196, ""z"": 1.398}]"
2026-05-27T04:46:28Z,mock-node,default,mock-pod,app,0.567969,False,"[{""feature"": ""network_rx_bytes"", ""value"": 31167.885, ""z"": -2.398}, {""feature"": ""disk_read_bytes"", ""value"": 25659.535, ""z"": 1.885}, {""feature"": ""syscall_read_rate"", ""value"": 112.364, ""z"": -1.665}]"
2026-05-27T04:46:38Z,mock-node,default,mock-pod,app,0.179474,False,"[{""feature"": ""network_tx_bytes"", ""value"": 48372.504, ""z"": 1.411}, {""feature"": ""context_switch_count"", ""value"": 935.408, ""z"": 1.107}, {""feature"": ""network_rx_bytes"", ""value"": 41532.19, ""z"": -1.088}]"
2026-05-27T04:46:48Z,mock-node,default,mock-pod,app,0.976769,True,"[{""feature"": ""syscall_open_rate"", ""value"": 11.867, ""z"": -2.717}, {""feature"": ""syscall_write_rate"", ""value"": 118.402, ""z"": 2.147}, {""feature"": ""tcp_retransmit_rate"", ""value"": 0.256, ""z"": 1.89}]"
2026-05-27T04:46:58Z,mock-node,default,mock-pod,app,0.585381,False,"[{""feature"": ""disk_io_latency_ms"", ""value"": 2.776, ""z"": 2.546}, {""feature"": ""context_switch_count"", ""value"": 1052.625, ""z"": 2.102}, {""feature"": ""process_fork_count"", ""value"": 1.171, ""z"": 1.225}]"
2026-05-27T04:47:08Z,mock-node,default,mock-pod,app,0.370014,False,"[{""feature"": ""disk_read_bytes"", ""value"": 14774.624, ""z"": -1.826}, {""feature"": ""process_fork_count"", ""value"": 1.172, ""z"": 1.232}, {""feature"": ""syscall_read_rate"", ""value"": 122.282, ""z"": -1.225}]"
2026-05-27T04:47:18Z,mock-node,default,mock-pod,app,0.289639,False,"[{""feature"": ""syscall_open_rate"", ""value"": 15.042, ""z"": -1.666}, {""feature"": ""tcp_connect_rate"", ""value"": 6.076, ""z"": 1.465}, {""feature"": ""process_exec_count"", ""value"": 0.816, ""z"": -1.282}]"
2026-05-27T04:47:28Z,mock-node,default,mock-pod,app,0.19695,False,"[{""feature"": ""network_rx_bytes"", ""value"": 36168.104, ""z"": -1.766}, {""feature"": ""syscall_read_rate"", ""value"": 175.328, ""z"": 1.128}, {""feature"": ""process_exec_count"", ""value"": 0.85, ""z"": -1.047}]"
2026-05-27T04:47:38Z,mock-node,default,mock-pod,app,0.186315,False,"[{""feature"": ""process_fork_count"", ""value"": 0.738, ""z"": -1.77}, {""feature"": ""disk_read_bytes"", ""value"": 24168.645, ""z"": 1.377}, {""feature"": ""tcp_connect_rate"", ""value"": 4.301, ""z"": -0.889}]"
2026-05-27T04:47:48Z,mock-node,default,mock-pod,app,0.311995,False,"[{""feature"": ""network_tx_bytes"", ""value"": 27636.144, ""z"": -2.082}, {""feature"": ""process_exec_count"", ""value"": 1.268, ""z"": 1.839}, {""feature"": ""network_rx_bytes"", ""value"": 40869.004, ""z"": -1.171}]"
2026-05-27T04:47:58Z,mock-node,default,mock-pod,app,0.214162,False,"[{""feature"": ""syscall_open_rate"", ""value"": 15.311, ""z"": -1.576}, {""feature"": ""context_switch_count"", ""value"": 664.169, ""z"": -1.196}, {""feature"": ""network_tx_bytes"", ""value"": 45948.348, ""z"": 1.003}]"
2026-05-27T04:48:08Z,mock-node,default,mock-pod,app,0.601176,False,"[{""feature"": ""disk_write_bytes"", ""value"": 8768.037, ""z"": -2.767}, {""feature"": ""syscall_write_rate"", ""value"": 59.135, ""z"": -2.345}, {""feature"": ""network_rx_bytes"", ""value"": 37647.899, ""z"": -1.579}]"
2026-05-27T04:48:18Z,mock-node,default,mock-pod,app,0.23887,False,"[{""feature"": ""tcp_retransmit_rate"", ""value"": 0.251, ""z"": 1.722}, {""feature"": ""disk_write_bytes"", ""value"": 11928.822, ""z"": -1.346}, {""feature"": ""disk_read_bytes"", ""value"": 17135.765, ""z"": -1.021}]"
2026-05-27T04:48:28Z,mock-node,default,mock-pod,app,0.428357,False,"[{""feature"": ""disk_io_latency_ms"", ""value"": 1.307, ""z"": -2.307}, {""feature"": ""context_switch_count"", ""value"": 624.93, ""z"": -1.53}, {""feature"": ""network_tx_bytes"", ""value"": 31520.159, ""z"": -1.428}]"
2026-05-27T04:48:38Z,mock-node,default,mock-pod,app,0.242015,False,"[{""feature"": ""disk_io_latency_ms"", ""value"": 2.512, ""z"": 1.674}, {""feature"": ""tcp_retransmit_rate"", ""value"": 0.248, ""z"": 1.622}, {""feature"": ""disk_write_bytes"", ""value"": 12432.854, ""z"": -1.12}]"
2026-05-27T04:48:48Z,mock-node,default,mock-pod,app,0.409013,False,"[{""feature"": ""syscall_write_rate"", ""value"": 66.476, ""z"": -1.789}, {""feature"": ""tcp_retransmit_rate"", ""value"": 0.247, ""z"": 1.588}, {""feature"": ""network_rx_bytes"", ""value"": 60766.01, ""z"": 1.345}]"
2026-05-27T04:48:58Z,mock-node,default,mock-pod,app,0.514286,False,"[{""feature"": ""disk_io_latency_ms"", ""value"": 1.141, ""z"": -2.856}, {""feature"": ""syscall_open_rate"", ""value"": 15.332, ""z"": -1.57}, {""feature"": ""disk_write_bytes"", ""value"": 18128.319, ""z"": 1.439}]"
2026-05-27T04:49:08Z,mock-node,default,mock-pod,app,0.268188,False,"[{""feature"": ""disk_io_latency_ms"", ""value"": 1.588, ""z"": -1.379}, {""feature"": ""disk_read_bytes"", ""value"": 16242.291, ""z"": -1.325}, {""feature"": ""tcp_connect_rate"", ""value"": 5.804, ""z"": 1.104}]"
2026-05-27T04:49:18Z,mock-node,default,mock-pod,app,0.154465,False,"[{""feature"": ""syscall_read_rate"", ""value"": 186.623, ""z"": 1.629}, {""feature"": ""tcp_connect_rate"", ""value"": 6.003, ""z"": 1.368}, {""feature"": ""tcp_retransmit_rate"", ""value"": 0.24, ""z"": 1.353}]"
2026-05-27T04:49:28Z,mock-node,default,mock-pod,app,0.420565,False,"[{""feature"": ""disk_read_bytes"", ""value"": 13510.652, ""z"": -2.256}, {""feature"": ""disk_io_latency_ms"", ""value"": 1.523, ""z"": -1.594}, {""feature"": ""tcp_connect_rate"", ""value"": 3.996, ""z"": -1.293}]"
2026-05-27T04:49:38Z,mock-node,default,mock-pod,app,0.537606,False,"[{""feature"": ""syscall_read_rate"", ""value"": 99.182, ""z"": -2.25}, {""feature"": ""process_exec_count"", ""value"": 1.228, ""z"": 1.563}, {""feature"": ""tcp_connect_rate"", ""value"": 3.863, ""z"": -1.469}]"
2026-05-27T04:49:48Z,mock-node,default,mock-pod,app,0.209131,False,"[{""feature"": ""syscall_write_rate"", ""value"": 115.71, ""z"": 1.943}, {""feature"": ""disk_write_bytes"", ""value"": 17669.471, ""z"": 1.233}, {""feature"": ""syscall_open_rate"", ""value"": 23.679, ""z"": 1.194}]"
2026-05-27T04:49:58Z,mock-node,default,mock-pod,app,0.699299,False,"[{""feature"": ""context_switch_count"", ""value"": 1089.296, ""z"": 2.413}, {""feature"": ""tcp_connect_rate"", ""value"": 6.406, ""z"": 1.902}, {""feature"": ""disk_io_latency_ms"", ""value"": 2.459, ""z"": 1.499}]"
2026-05-27T04:50:08Z,mock-node,default,mock-pod,app,0.620712,False,"[{""feature"": ""tcp_retransmit_rate"", ""value"": 0.262, ""z"": 2.092}, {""feature"": ""syscall_write_rate"", ""value"": 113.34, ""z"": 1.763}, {""feature"": ""process_exec_count"", ""value"": 1.228, ""z"": 1.563}]"
2026-05-27T04:50:18Z,mock-node,default,mock-pod,app,0.373935,False,"[{""feature"": ""disk_write_bytes"", ""value"": 18603.221, ""z"": 1.652}, {""feature"": ""tcp_connect_rate"", ""value"": 5.935, ""z"": 1.278}, {""feature"": ""syscall_write_rate"", ""value"": 106.039, ""z"": 1.21}]"
2026-05-27T04:50:28Z,mock-node,default,mock-pod,app,0.359193,False,"[{""feature"": ""process_exec_count"", ""value"": 1.271, ""z"": 1.86}, {""feature"": ""disk_read_bytes"", ""value"": 15673.158, ""z"": -1.519}, {""feature"": ""context_switch_count"", ""value"": 646.866, ""z"": -1.343}]"
2026-05-27T04:50:38Z,mock-node,default,mock-pod,app,0.575935,False,"[{""feature"": ""tcp_connect_rate"", ""value"": 3.654, ""z"": -1.747}, {""feature"": ""context_switch_count"", ""value"": 1003.46, ""z"": 1.684}, {""feature"": ""process_fork_count"", ""value"": 0.755, ""z"": -1.653}]"
2026-05-27T04:50:48Z,mock-node,default,mock-pod,app,0.405712,False,"[{""feature"": ""tcp_connect_rate"", ""value"": 6.68, ""z"": 2.266}, {""feature"": ""network_rx_bytes"", ""value"": 36878.059, ""z"": -1.676}, {""feature"": ""disk_io_latency_ms"", ""value"": 2.48, ""z"": 1.568}]"
2026-05-27T04:50:58Z,mock-node,default,mock-pod,app,0.345812,False,"[{""feature"": ""syscall_write_rate"", ""value"": 116.759, ""z"": 2.023}, {""feature"": ""disk_read_bytes"", ""value"": 23771.815, ""z"": 1.241}, {""feature"": ""network_rx_bytes"", ""value"": 40597.988, ""z"": -1.206}]"
2026-05-27T04:51:08Z,mock-node,default,mock-pod,app,0.567,False,"[{""feature"": ""tcp_connect_rate"", ""value"": 3.173, ""z"": -2.384}, {""feature"": ""disk_read_bytes"", ""value"": 14915.145, ""z"": -1.778}, {""feature"": ""network_tx_bytes"", ""value"": 50046.502, ""z"": 1.693}]"
2026-05-27T04:51:18Z,mock-node,default,mock-pod,app,0.3959,False,"[{""feature"": ""process_exec_count"", ""value"": 1.282, ""z"": 1.936}, {""feature"": ""syscall_read_rate"", ""value"": 113.343, ""z"": -1.622}, {""feature"": ""syscall_open_rate"", ""value"": 24.113, ""z"": 1.338}]"
2026-05-27T04:51:28Z,mock-node,default,mock-pod,app,0.198556,False,"[{""feature"": ""context_switch_count"", ""value"": 635.171, ""z"": -1.443}, {""feature"": ""network_rx_bytes"", ""value"": 60032.774, ""z"": 1.252}, {""feature"": ""disk_read_bytes"", ""value"": 23777.052, ""z"": 1.243}]"
2026-05-27T04:51:38Z,mock-node,default,mock-pod,app,0.173281,False,"[{""feature"": ""tcp_connect_rate"", ""value"": 5.871, ""z"": 1.193}, {""feature"": ""disk_io_latency_ms"", ""value"": 2.364, ""z"": 1.185}, {""feature"": ""disk_read_bytes"", ""value"": 17700.206, ""z"": -0.828}]"
2026-05-27T04:51:48Z,mock-node,default,mock-pod,app,0.679186,False,"[{""feature"": ""syscall_write_rate"", ""value"": 57.492, ""z"": -2.47}, {""feature"": ""process_fork_count"", ""value"": 0.66, ""z"": -2.31}, {""feature"": ""disk_io_latency_ms"", ""value"": 1.429, ""z"": -1.904}]"
2026-05-27T04:51:58Z,mock-node,default,mock-pod,app,0.43281,False,"[{""feature"": ""tcp_retransmit_rate"", ""value"": 0.257, ""z"": 1.924}, {""feature"": ""syscall_write_rate"", ""value"": 112.749, ""z"": 1.719}, {""feature"": ""process_exec_count"", ""value"": 1.167, ""z"": 1.142}]"
2026-05-27T04:52:08Z,mock-node,default,mock-pod,app,0.075497,False,"[{""feature"": ""syscall_read_rate"", ""value"": 120.161, ""z"": -1.319}, {""feature"": ""process_fork_count"", ""value"": 0.849, ""z"": -1.003}, {""feature"": ""network_rx_bytes"", ""value"": 43490.92, ""z"": -0.84}]"
2026-05-27T04:52:18Z,mock-node,default,mock-pod,app,0.253731,False,"[{""feature"": ""tcp_retransmit_rate"", ""value"": 0.14, ""z"": -2.006}, {""feature"": ""context_switch_count"", ""value"": 655.598, ""z"": -1.269}, {""feature"": ""disk_write_bytes"", ""value"": 17297.035, ""z"": 1.065}]"
2026-05-27T04:52:28Z,mock-node,default,mock-pod,app,0.301547,False,"[{""feature"": ""syscall_read_rate"", ""value"": 189.691, ""z"": 1.765}, {""feature"": ""network_rx_bytes"", ""value"": 39408.799, ""z"": -1.356}, {""feature"": ""syscall_write_rate"", ""value"": 72.213, ""z"": -1.354}]"
2026-05-27T04:52:38Z,mock-node,default,mock-pod,app,0.223703,False,"[{""feature"": ""network_tx_bytes"", ""value"": 31259.824, ""z"": -1.472}, {""feature"": ""disk_read_bytes"", ""value"": 15953.224, ""z"": -1.424}, {""feature"": ""tcp_connect_rate"", ""value"": 5.825, ""z"": 1.132}]"
2026-05-27T04:52:48Z,mock-node,default,mock-pod,app,0.107922,False,"[{""feature"": ""network_tx_bytes"", ""value"": 49818.811, ""z"": 1.655}, {""feature"": ""disk_read_bytes"", ""value"": 23436.763, ""z"": 1.127}, {""feature"": ""syscall_write_rate"", ""value"": 103.982, ""z"": 1.054}]"
2026-05-27T04:52:58Z,mock-node,default,mock-pod,app,0.500398,False,"[{""feature"": ""syscall_write_rate"", ""value"": 121.236, ""z"": 2.362}, {""feature"": ""process_fork_count"", ""value"": 1.332, ""z"": 2.338}, {""feature"": ""syscall_open_rate"", ""value"": 16.723, ""z"": -1.109}]"
2026-05-27T04:53:08Z,mock-node,default,mock-pod,app,0.129741,False,"[{""feature"": ""syscall_open_rate"", ""value"": 23.272, ""z"": 1.06}, {""feature"": ""tcp_retransmit_rate"", ""value"": 0.228, ""z"": 0.95}, {""feature"": ""syscall_write_rate"", ""value"": 102.379, ""z"": 0.933}]"
2026-05-27T04:53:18Z,mock-node,default,mock-pod,app,0.373734,False,"[{""feature"": ""tcp_connect_rate"", ""value"": 7.23, ""z"": 2.995}, {""feature"": ""syscall_write_rate"", ""value"": 71.745, ""z"": -1.39}, {""feature"": ""process_fork_count"", ""value"": 1.178, ""z"": 1.273}]"
2026-05-27T04:53:28Z,mock-node,default,mock-pod,app,0.730119,False,"[{""feature"": ""process_fork_count"", ""value"": 0.704, ""z"": -2.006}, {""feature"": ""network_tx_bytes"", ""value"": 29122.502, ""z"": -1.832}, {""feature"": ""tcp_retransmit_rate"", ""value"": 0.254, ""z"": 1.823}]"
2026-05-27T04:53:38Z,mock-node,default,mock-pod,app,0.216263,False,"[{""feature"": ""disk_read_bytes"", ""value"": 15017.488, ""z"": -1.743}, {""feature"": ""tcp_retransmit_rate"", ""value"": 0.168, ""z"": -1.065}, {""feature"": ""tcp_connect_rate"", ""value"": 4.19, ""z"": -1.036}]"
2026-05-27T04:53:48Z,mock-node,default,mock-pod,app,0.084476,False,"[{""feature"": ""context_switch_count"", ""value"": 637.526, ""z"": -1.423}, {""feature"": ""syscall_write_rate"", ""value"": 73.403, ""z"": -1.264}, {""feature"": ""process_fork_count"", ""value"": 1.157, ""z"": 1.128}]"
2026-05-27T04:53:58Z,mock-node,default,mock-pod,app,0.407505,False,"[{""feature"": ""syscall_open_rate"", ""value"": 28.644, ""z"": 2.838}, {""feature"": ""tcp_connect_rate"", ""value"": 4.025, ""z"": -1.255}, {""feature"": ""disk_read_bytes"", ""value"": 23642.485, ""z"": 1.197}]"
2026-05-27T04:54:08Z,mock-node,default,mock-pod,app,0.199637,False,"[{""feature"": ""syscall_open_rate"", ""value"": 13.76, ""z"": -2.09}, {""feature"": ""process_fork_count"", ""value"": 0.884, ""z"": -0.76}, {""feature"": ""disk_write_bytes"", ""value"": 13344.035, ""z"": -0.711}]"
2026-05-27T04:54:18Z,mock-node,default,mock-pod,app,0.306031,False,"[{""feature"": ""tcp_retransmit_rate"", ""value"": 0.254, ""z"": 1.823}, {""feature"": ""syscall_write_rate"", ""value"": 108.734, ""z"": 1.414}, {""feature"": ""tcp_connect_rate"", ""value"": 5.735, ""z"": 1.013}]"
2026-05-27T04:54:28Z,mock-node,default,mock-pod,app,0.199403,False,"[{""feature"": ""network_rx_bytes"", ""value"": 60734.575, ""z"": 1.341}, {""feature"": ""syscall_open_rate"", ""value"": 16.453, ""z"": -1.198}, {""feature"": ""context_switch_count"", ""value"": 939.556, ""z"": 1.142}]"
2026-05-27T04:54:38Z,mock-node,default,mock-pod,app,0.621774,False,"[{""feature"": ""syscall_read_rate"", ""value"": 94.555, ""z"": -2.455}, {""feature"": ""tcp_retransmit_rate"", ""value"": 0.272, ""z"": 2.428}, {""feature"": ""network_rx_bytes"", ""value"": 62899.305, ""z"": 1.615}]"
2026-05-27T04:54:48Z,mock-node,default,mock-pod,app,0.311623,False,"[{""feature"": ""syscall_open_rate"", ""value"": 25.805, ""z"": 1.898}, {""feature"": ""disk_write_bytes"", ""value"": 18535.253, ""z"": 1.622}, {""feature"": ""network_rx_bytes"", ""value"": 59835.82, ""z"": 1.227}]"
2026-05-27T04:54:58Z,mock-node,default,mock-pod,app,0.56297,False,"[{""feature"": ""tcp_connect_rate"", ""value"": 3.203, ""z"": -2.345}, {""feature"": ""disk_write_bytes"", ""value"": 18640.999, ""z"": 1.669}, {""feature"": ""syscall_read_rate"", ""value"": 113.795, ""z"": -1.602}]"
2026-05-27T04:55:08Z,mock-node,default,mock-pod,app,0.220712,False,"[{""feature"": ""disk_read_bytes"", ""value"": 26094.436, ""z"": 2.033}, {""feature"": ""network_rx_bytes"", ""value"": 42144.2, ""z"": -1.01}, {""feature"": ""syscall_read_rate"", ""value"": 171.613, ""z"": 0.963}]"
2026-05-27T04:55:18Z,mock-node,default,mock-pod,app,0.551843,False,"[{""feature"": ""syscall_write_rate"", ""value"": 116.365, ""z"": 1.993}, {""feature"": ""disk_io_latency_ms"", ""value"": 1.415, ""z"": -1.951}, {""feature"": ""network_tx_bytes"", ""value"": 31391.743, ""z"": -1.45}]"
2026-05-27T04:55:28Z,mock-node,default,mock-pod,app,0.170107,False,"[{""feature"": ""disk_write_bytes"", ""value"": 18529.805, ""z"": 1.619}, {""feature"": ""tcp_retransmit_rate"", ""value"": 0.241, ""z"": 1.387}, {""feature"": ""process_exec_count"", ""value"": 0.872, ""z"": -0.895}]"
2026-05-27T04:55:38Z,mock-node,default,mock-pod,app,0.213443,False,"[{""feature"": ""tcp_retransmit_rate"", ""value"": 0.257, ""z"": 1.924}, {""feature"": ""tcp_connect_rate"", ""value"": 5.895, ""z"": 1.225}, {""feature"": ""context_switch_count"", ""value"": 941.88, ""z"": 1.162}]"
2026-05-27T04:55:48Z,mock-node,default,mock-pod,app,0.385341,False,"[{""feature"": ""process_exec_count"", ""value"": 1.338, ""z"": 2.322}, {""feature"": ""disk_read_bytes"", ""value"": 24532.568, ""z"": 1.501}, {""feature"": ""tcp_connect_rate"", ""value"": 6.049, ""z"": 1.429}]"
2026-05-27T04:55:58Z,mock-node,default,mock-pod,app,0.679225,False,"[{""feature"": ""process_fork_count"", ""value"": 1.377, ""z"": 2.65}, {""feature"": ""context_switch_count"", ""value"": 1008.051, ""z"": 1.723}, {""feature"": ""syscall_read_rate"", ""value"": 181.134, ""z"": 1.385}]"
2026-05-27T04:56:08Z,mock-node,default,mock-pod,app,0.596958,False,"[{""feature"": ""disk_io_latency_ms"", ""value"": 2.669, ""z"": 2.193}, {""feature"": ""network_rx_bytes"", ""value"": 64370.027, ""z"": 1.801}, {""feature"": ""disk_read_bytes"", ""value"": 24341.105, ""z"": 1.435}]"
2026-05-27T04:56:18Z,mock-node,default,mock-pod,app,0.363311,False,"[{""feature"": ""process_exec_count"", ""value"": 1.298, ""z"": 2.046}, {""feature"": ""syscall_write_rate"", ""value"": 64.976, ""z"": -1.903}, {""feature"": ""syscall_read_rate"", ""value"": 186.724, ""z"": 1.633}]"
2026-05-27T04:56:28Z,mock-node,default,mock-pod,app,0.273939,False,"[{""feature"": ""tcp_retransmit_rate"", ""value"": 0.141, ""z"": -1.972}, {""feature"": ""tcp_connect_rate"", ""value"": 4.091, ""z"": -1.167}, {""feature"": ""process_fork_count"", ""value"": 1.156, ""z"": 1.121}]"
2026-05-27T04:56:38Z,mock-node,default,mock-pod,app,0.33802,False,"[{""feature"": ""process_exec_count"", ""value"": 1.257, ""z"": 1.763}, {""feature"": ""tcp_connect_rate"", ""value"": 3.655, ""z"": -1.745}, {""feature"": ""network_rx_bytes"", ""value"": 40682.868, ""z"": -1.195}]"
2026-05-27T04:56:48Z,mock-node,default,mock-pod,app,0.219147,False,"[{""feature"": ""disk_write_bytes"", ""value"": 18392.405, ""z"": 1.558}, {""feature"": ""disk_io_latency_ms"", ""value"": 2.402, ""z"": 1.311}, {""feature"": ""syscall_read_rate"", ""value"": 126.411, ""z"": -1.042}]"
2026-05-27T04:56:58Z,mock-node,default,mock-pod,app,0.25254,False,"[{""feature"": ""tcp_connect_rate"", ""value"": 3.845, ""z"": -1.493}, {""feature"": ""disk_read_bytes"", ""value"": 23961.094, ""z"": 1.306}, {""feature"": ""process_exec_count"", ""value"": 0.861, ""z"": -0.971}]"
2026-05-27T04:57:08Z,mock-node,default,mock-pod,app,0.27188,False,"[{""feature"": ""tcp_connect_rate"", ""value"": 6.895, ""z"": 2.551}, {""feature"": ""context_switch_count"", ""value"": 930.977, ""z"": 1.069}, {""feature"": ""syscall_read_rate"", ""value"": 168.63, ""z"": 0.831}]"
2026-05-27T04:57:18Z,mock-node,default,mock-pod,app,0.234356,False,"[{""feature"": ""context_switch_count"", ""value"": 961.687, ""z"": 1.33}, {""feature"": ""disk_read_bytes"", ""value"": 16327.053, ""z"": -1.296}, {""feature"": ""network_rx_bytes"", ""value"": 39935.745, ""z"": -1.289}]"
2026-05-27T04:57:28Z,mock-node,default,mock-pod,app,0.939505,True,"[{""feature"": ""syscall_open_rate"", ""value"": 11.413, ""z"": -2.867}, {""feature"": ""disk_write_bytes"", ""value"": 9044.132, ""z"": -2.642}, {""feature"": ""tcp_retransmit_rate"", ""value"": 0.131, ""z"": -2.308}]"
2026-05-27T04:57:38Z,mock-node,default,mock-pod,app,0.311455,False,"[{""feature"": ""disk_io_latency_ms"", ""value"": 1.542, ""z"": -1.531}, {""feature"": ""context_switch_count"", ""value"": 967.255, ""z"": 1.377}, {""feature"": ""process_exec_count"", ""value"": 1.159, ""z"": 1.086}]"
2026-05-27T04:57:48Z,mock-node,default,mock-pod,app,0.362813,False,"[{""feature"": ""network_tx_bytes"", ""value"": 49938.981, ""z"": 1.675}, {""feature"": ""network_rx_bytes"", ""value"": 40053.839, ""z"": -1.274}, {""feature"": ""disk_io_latency_ms"", ""value"": 2.387, ""z"": 1.261}]"
2026-05-27T04:57:58Z,mock-node,default,mock-pod,app,0.208367,False,"[{""feature"": ""process_exec_count"", ""value"": 0.76, ""z"": -1.669}, {""feature"": ""process_fork_count"", ""value"": 0.769, ""z"": -1.556}, {""feature"": ""context_switch_count"", ""value"": 937.687, ""z"": 1.126}]"
2026-05-27T04:58:08Z,mock-node,default,mock-pod,app,0.170968,False,"[{""feature"": ""syscall_open_rate"", ""value"": 25.172, ""z"": 1.689}, {""feature"": ""process_fork_count"", ""value"": 1.224, ""z"": 1.591}, {""feature"": ""disk_read_bytes"", ""value"": 22454.113, ""z"": 0.792}]"
2026-05-27T04:58:18Z,mock-node,default,mock-pod,app,0.34128,False,"[{""feature"": ""network_tx_bytes"", ""value"": 49916.328, ""z"": 1.671}, {""feature"": ""syscall_read_rate"", ""value"": 120.288, ""z"": -1.314}, {""feature"": ""disk_write_bytes"", ""value"": 12099.889, ""z"": -1.27}]"
2026-05-27T04:58:28Z,mock-node,default,mock-pod,app,0.385045,False,"[{""feature"": ""network_rx_bytes"", ""value"": 29091.359, ""z"": -2.661}, {""feature"": ""disk_io_latency_ms"", ""value"": 2.371, ""z"": 1.208}, {""feature"": ""disk_write_bytes"", ""value"": 17532.938, ""z"": 1.171}]"
2026-05-27T04:58:38Z,mock-node,default,mock-pod,app,0.594467,False,"[{""feature"": ""context_switch_count"", ""value"": 536.157, ""z"": -2.283}, {""feature"": ""network_tx_bytes"", ""value"": 28048.464, ""z"": -2.013}, {""feature"": ""disk_read_bytes"", ""value"": 14528.282, ""z"": -1.91}]"
2026-05-27T04:58:48Z,mock-node,default,mock-pod,app,0.271989,False,"[{""feature"": ""syscall_read_rate"", ""value"": 191.935, ""z"": 1.865}, {""feature"": ""process_fork_count"", ""value"": 1.205, ""z"": 1.46}, {""feature"": ""disk_read_bytes"", ""value"": 23442.33, ""z"": 1.129}]"
2026-05-27T04:58:58Z,mock-node,default,mock-pod,app,0.428282,False,"[{""feature"": ""disk_io_latency_ms"", ""value"": 1.421, ""z"": -1.931}, {""feature"": ""network_rx_bytes"", ""value"": 37102.162, ""z"": -1.648}, {""feature"": ""disk_write_bytes"", ""value"": 18390.596, ""z"": 1.557}]"
2026-05-27T04:59:08Z,mock-node,default,mock-pod,app,0.876173,True,"[{""feature"": ""syscall_read_rate"", ""value"": 90.006, ""z"": -2.657}, {""feature"": ""disk_io_latency_ms"", ""value"": 2.771, ""z"": 2.53}, {""feature"": ""context_switch_count"", ""value"": 1072.194, ""z"": 2.268}]"
2026-05-27T04:59:18Z,mock-node,default,mock-pod,app,0.05592,False,"[{""feature"": ""syscall_open_rate"", ""value"": 23.69, ""z"": 1.198}, {""feature"": ""disk_read_bytes"", ""value"": 23039.275, ""z"": 0.992}, {""feature"": ""process_exec_count"", ""value"": 0.861, ""z"": -0.971}]"
2026-05-27T04:59:28Z,mock-node,default,mock-pod,app,0.309766,False,"[{""feature"": ""tcp_connect_rate"", ""value"": 6.268, ""z"": 1.719}, {""feature"": ""context_switch_count"", ""value"": 994.077, ""z"": 1.605}, {""feature"": ""disk_write_bytes"", ""value"": 18374.743, ""z"": 1.55}]"
2026-05-27T04:59:38Z,mock-node,default,mock-pod,app,0.128989,False,"[{""feature"": ""disk_io_latency_ms"", ""value"": 2.399, ""z"": 1.301}, {""feature"": ""disk_write_bytes"", ""value"": 12275.612, ""z"": -1.191}, {""feature"": ""syscall_open_rate"", ""value"": 16.649, ""z"": -1.133}]"
2026-05-27T04:59:48Z,mock-node,default,mock-pod,app,0.2238,False,"[{""feature"": ""network_tx_bytes"", ""value"": 48918.561, ""z"": 1.503}, {""feature"": ""disk_write_bytes"", ""value"": 17704.749, ""z"": 1.249}, {""feature"": ""disk_read_bytes"", ""value"": 17126.916, ""z"": -1.024}]"
2026-05-27T04:59:58Z,mock-node,default,mock-pod,app,0.337839,False,"[{""feature"": ""context_switch_count"", ""value"": 965.966, ""z"": 1.366}, {""feature"": ""syscall_read_rate"", ""value"": 119.324, ""z"": -1.356}, {""feature"": ""tcp_retransmit_rate"", ""value"": 0.16, ""z"": -1.334}]"
2026-05-27T05:00:08Z,mock-node,default,mock-pod,app,0.470223,False,"[{""feature"": ""network_rx_bytes"", ""value"": 63928.19, ""z"": 1.745}, {""feature"": ""disk_write_bytes"", ""value"": 18626.381, ""z"": 1.663}, {""feature"": ""tcp_retransmit_rate"", ""value"": 0.154, ""z"": -1.536}]"
2026-05-27T05:00:18Z,mock-node,default,mock-pod,app,0.550445,False,"[{""feature"": ""context_switch_count"", ""value"": 435.495, ""z"": -3.138}, {""feature"": ""syscall_read_rate"", ""value"": 193.911, ""z"": 1.952}, {""feature"": ""syscall_open_rate"", ""value"": 25.451, ""z"": 1.781}]"
2026-05-27T05:00:28Z,mock-node,default,mock-pod,app,0.465551,False,"[{""feature"": ""disk_io_latency_ms"", ""value"": 2.618, ""z"": 2.024}, {""feature"": ""disk_write_bytes"", ""value"": 11035.593, ""z"": -1.748}, {""feature"": ""network_rx_bytes"", ""value"": 60642.127, ""z"": 1.329}]"
2026-05-27T05:00:38Z,mock-node,default,mock-pod,app,0.233957,False,"[{""feature"": ""network_rx_bytes"", ""value"": 62572.997, ""z"": 1.573}, {""feature"": ""disk_write_bytes"", ""value"": 11734.155, ""z"": -1.434}, {""feature"": ""process_fork_count"", ""value"": 0.788, ""z"": -1.425}]"
2026-05-27T05:00:48Z,mock-node,default,mock-pod,app,0.242738,False,"[{""feature"": ""tcp_retransmit_rate"", ""value"": 0.248, ""z"": 1.622}, {""feature"": ""disk_io_latency_ms"", ""value"": 1.608, ""z"": -1.313}, {""feature"": ""syscall_write_rate"", ""value"": 72.824, ""z"": -1.308}]"
2026-05-27T05:00:58Z,mock-node,default,mock-pod,app,0.330238,False,"[{""feature"": ""disk_read_bytes"", ""value"": 15669.677, ""z"": -1.52}, {""feature"": ""syscall_write_rate"", ""value"": 70.887, ""z"": -1.455}, {""feature"": ""tcp_retransmit_rate"", ""value"": 0.16, ""z"": -1.334}]"
2026-05-27T05:01:08Z,mock-node,default,mock-pod,app,0.055361,False,"[{""feature"": ""process_fork_count"", ""value"": 0.85, ""z"": -0.996}, {""feature"": ""syscall_open_rate"", ""value"": 22.532, ""z"": 0.815}, {""feature"": ""network_rx_bytes"", ""value"": 56469.367, ""z"": 0.802}]"
2026-05-27T05:01:18Z,mock-node,default,mock-pod,app,0.409906,False,"[{""feature"": ""syscall_open_rate"", ""value"": 25.803, ""z"": 1.898}, {""feature"": ""network_rx_bytes"", ""value"": 35322.522, ""z"": -1.873}, {""feature"": ""disk_read_bytes"", ""value"": 16068.083, ""z"": -1.385}]"
2026-05-27T05:01:28Z,mock-node,default,mock-pod,app,0.600596,False,"[{""feature"": ""disk_read_bytes"", ""value"": 26213.741, ""z"": 2.074}, {""feature"": ""disk_io_latency_ms"", ""value"": 1.469, ""z"": -1.772}, {""feature"": ""disk_write_bytes"", ""value"": 18318.393, ""z"": 1.524}]"
2026-05-27T05:01:38Z,mock-node,default,mock-pod,app,0.220472,False,"[{""feature"": ""disk_read_bytes"", ""value"": 14792.091, ""z"": -1.82}, {""feature"": ""disk_io_latency_ms"", ""value"": 2.441, ""z"": 1.439}, {""feature"": ""syscall_open_rate"", ""value"": 23.286, ""z"": 1.064}]"
2026-05-27T05:01:48Z,mock-node,default,mock-pod,app,0.535288,False,"[{""feature"": ""syscall_open_rate"", ""value"": 12.652, ""z"": -2.457}, {""feature"": ""syscall_read_rate"", ""value"": 193.822, ""z"": 1.948}, {""feature"": ""network_rx_bytes"", ""value"": 36630.839, ""z"": -1.707}]"
2026-05-27T05:01:58Z,mock-node,default,mock-pod,app,0.234223,False,"[{""feature"": ""disk_write_bytes"", ""value"": 10893.375, ""z"": -1.812}, {""feature"": ""context_switch_count"", ""value"": 953.085, ""z"": 1.257}, {""feature"": ""tcp_retransmit_rate"", ""value"": 0.166, ""z"": -1.132}]"
2026-05-27T05:02:08Z,mock-node,default,mock-pod,app,0.665137,False,"[{""feature"": ""syscall_open_rate"", ""value"": 27.59, ""z"": 2.489}, {""feature"": ""tcp_connect_rate"", ""value"": 3.539, ""z"": -1.899}, {""feature"": ""disk_io_latency_ms"", ""value"": 1.455, ""z"": -1.818}]"
2026-05-27T05:02:18Z,mock-node,default,mock-pod,app,0.470528,False,"[{""feature"": ""syscall_write_rate"", ""value"": 64.952, ""z"": -1.904}, {""feature"": ""syscall_read_rate"", ""value"": 189.474, ""z"": 1.755}, {""feature"": ""context_switch_count"", ""value"": 615.26, ""z"": -1.612}]"
2026-05-27T05:02:28Z,mock-node,default,mock-pod,app,0.237064,False,"[{""feature"": ""syscall_read_rate"", ""value"": 102.64, ""z"": -2.096}, {""feature"": ""context_switch_count"", ""value"": 618.715, ""z"": -1.582}, {""feature"": ""process_fork_count"", ""value"": 1.183, ""z"": 1.308}]"
2026-05-27T05:02:38Z,mock-node,default,mock-pod,app,0.20238,False,"[{""feature"": ""syscall_write_rate"", ""value"": 109.08, ""z"": 1.44}, {""feature"": ""disk_read_bytes"", ""value"": 16530.027, ""z"": -1.227}, {""feature"": ""network_rx_bytes"", ""value"": 41955.098, ""z"": -1.034}]"
2026-05-27T05:02:48Z,mock-node,default,mock-pod,app,0.371431,False,"[{""feature"": ""process_exec_count"", ""value"": 0.748, ""z"": -1.752}, {""feature"": ""context_switch_count"", ""value"": 635.965, ""z"": -1.436}, {""feature"": ""disk_io_latency_ms"", ""value"": 2.416, ""z"": 1.357}]"
2026-05-27T05:02:58Z,mock-node,default,mock-pod,app,0.413287,False,"[{""feature"": ""tcp_connect_rate"", ""value"": 6.657, ""z"": 2.235}, {""feature"": ""process_fork_count"", ""value"": 1.309, ""z"": 2.179}, {""feature"": ""disk_write_bytes"", ""value"": 18219.525, ""z"": 1.48}]"
2026-05-27T05:03:08Z,mock-node,default,mock-pod,app,0.568933,False,"[{""feature"": ""disk_io_latency_ms"", ""value"": 2.633, ""z"": 2.074}, {""feature"": ""tcp_connect_rate"", ""value"": 3.466, ""z"": -1.996}, {""feature"": ""disk_write_bytes"", ""value"": 10546.939, ""z"": -1.967}]"
2026-05-27T05:03:18Z,mock-node,default,mock-pod,app,0.452819,False,"[{""feature"": ""process_exec_count"", ""value"": 1.268, ""z"": 1.839}, {""feature"": ""network_tx_bytes"", ""value"": 31172.429, ""z"": -1.486}, {""feature"": ""context_switch_count"", ""value"": 976.106, ""z"": 1.452}]"
2026-05-27T05:03:28Z,mock-node,default,mock-pod,app,0.388,False,"[{""feature"": ""syscall_write_rate"", ""value"": 69.942, ""z"": -1.526}, {""feature"": ""syscall_open_rate"", ""value"": 24.019, ""z"": 1.307}, {""feature"": ""disk_io_latency_ms"", ""value"": 1.628, ""z"": -1.247}]"
2026-05-27T05:03:38Z,mock-node,default,mock-pod,app,0.286382,False,"[{""feature"": ""process_exec_count"", ""value"": 1.196, ""z"": 1.342}, {""feature"": ""disk_write_bytes"", ""value"": 12230.33, ""z"": -1.211}, {""feature"": ""disk_read_bytes"", ""value"": 23614.481, ""z"": 1.188}]"
2026-05-27T05:03:48Z,mock-node,default,mock-pod,app,0.598226,False,"[{""feature"": ""tcp_retransmit_rate"", ""value"": 0.137, ""z"": -2.107}, {""feature"": ""disk_io_latency_ms"", ""value"": 1.422, ""z"": -1.927}, {""feature"": ""disk_read_bytes"", ""value"": 14900.813, ""z"": -1.783}]"
2026-05-27T05:03:58Z,mock-node,default,mock-pod,app,0.366693,False,"[{""feature"": ""tcp_connect_rate"", ""value"": 3.538, ""z"": -1.9}, {""feature"": ""disk_read_bytes"", ""value"": 15588.989, ""z"": -1.548}, {""feature"": ""syscall_open_rate"", ""value"": 23.933, ""z"": 1.278}]"
2026-05-27T05:04:08Z,mock-node,default,mock-pod,app,0.294286,False,"[{""feature"": ""tcp_connect_rate"", ""value"": 6.227, ""z"": 1.665}, {""feature"": ""disk_io_latency_ms"", ""value"": 1.52, ""z"": -1.604}, {""feature"": ""tcp_retransmit_rate"", ""value"": 0.238, ""z"": 1.286}]"
2026-05-27T05:04:18Z,mock-node,default,mock-pod,app,0.432315,False,"[{""feature"": ""tcp_retransmit_rate"", ""value"": 0.133, ""z"": -2.241}, {""feature"": ""context_switch_count"", ""value"": 1048.091, ""z"": 2.063}, {""feature"": ""network_tx_bytes"", ""value"": 31250.537, ""z"": -1.473}]"
2026-05-27T05:04:28Z,mock-node,default,mock-pod,app,0.135077,False,"[{""feature"": ""syscall_read_rate"", ""value"": 124.937, ""z"": -1.107}, {""feature"": ""network_rx_bytes"", ""value"": 41827.989, ""z"": -1.05}, {""feature"": ""network_tx_bytes"", ""value"": 34080.163, ""z"": -0.997}]"
2026-05-27T05:04:38Z,mock-node,default,mock-pod,app,0.35485,False,"[{""feature"": ""disk_read_bytes"", ""value"": 26165.798, ""z"": 2.057}, {""feature"": ""syscall_read_rate"", ""value"": 111.083, ""z"": -1.722}, {""feature"": ""context_switch_count"", ""value"": 950.154, ""z"": 1.232}]"
2026-05-27T05:04:48Z,mock-node,default,mock-pod,app,0.516677,False,"[{""feature"": ""process_exec_count"", ""value"": 1.348, ""z"": 2.392}, {""feature"": ""context_switch_count"", ""value"": 600.928, ""z"": -1.733}, {""feature"": ""disk_write_bytes"", ""value"": 18025.384, ""z"": 1.393}]"
2026-05-27T05:04:58Z,mock-node,default,mock-pod,app,0.601616,False,"[{""feature"": ""network_rx_bytes"", ""value"": 66544.371, ""z"": 2.076}, {""feature"": ""syscall_write_rate"", ""value"": 111.556, ""z"": 1.628}, {""feature"": ""context_switch_count"", ""value"": 989.483, ""z"": 1.566}]"
2026-05-27T05:05:08Z,mock-node,default,mock-pod,app,0.484724,False,"[{""feature"": ""disk_io_latency_ms"", ""value"": 2.651, ""z"": 2.133}, {""feature"": ""network_rx_bytes"", ""value"": 66209.746, ""z"": 2.033}, {""feature"": ""context_switch_count"", ""value"": 951.614, ""z"": 1.244}]"
2026-05-27T05:05:18Z,mock-node,default,mock-pod,app,0.244155,False,"[{""feature"": ""tcp_retransmit_rate"", ""value"": 0.14, ""z"": -2.006}, {""feature"": ""process_fork_count"", ""value"": 1.149, ""z"": 1.073}, {""feature"": ""disk_io_latency_ms"", ""value"": 1.713, ""z"": -0.966}]"
2026-05-27T05:05:28Z,mock-node,default,mock-pod,app,0.214698,False,"[{""feature"": ""process_exec_count"", ""value"": 1.189, ""z"": 1.294}, {""feature"": ""context_switch_count"", ""value"": 944.376, ""z"": 1.183}, {""feature"": ""network_rx_bytes"", ""value"": 41262.566, ""z"": -1.122}]"
2026-05-27T05:05:38Z,mock-node,default,mock-pod,app,0.17577,False,"[{""feature"": ""syscall_write_rate"", ""value"": 113.607, ""z"": 1.784}, {""feature"": ""syscall_open_rate"", ""value"": 16.184, ""z"": -1.287}, {""feature"": ""syscall_read_rate"", ""value"": 169.901, ""z"": 0.887}]"
2026-05-27T05:05:48Z,mock-node,default,mock-pod,app,0.635007,False,"[{""feature"": ""process_exec_count"", ""value"": 0.486, ""z"": -3.561}, {""feature"": ""tcp_connect_rate"", ""value"": 3.268, ""z"": -2.258}, {""feature"": ""syscall_write_rate"", ""value"": 72.612, ""z"": -1.324}]"
2026-05-27T05:05:58Z,mock-node,default,mock-pod,app,0.33632,False,"[{""feature"": ""tcp_connect_rate"", ""value"": 3.409, ""z"": -2.071}, {""feature"": ""tcp_retransmit_rate"", ""value"": 0.236, ""z"": 1.219}, {""feature"": ""process_exec_count"", ""value"": 0.831, ""z"": -1.178}]"
2026-05-27T05:06:08Z,mock-node,default,mock-pod,app,0.677908,False,"[{""feature"": ""syscall_open_rate"", ""value"": 12.49, ""z"": -2.511}, {""feature"": ""disk_read_bytes"", ""value"": 13746.758, ""z"": -2.176}, {""feature"": ""disk_write_bytes"", ""value"": 18374.09, ""z"": 1.549}]"
2026-05-27T05:06:18Z,mock-node,default,mock-pod,app,0.329234,False,"[{""feature"": ""syscall_write_rate"", ""value"": 65.613, ""z"": -1.854}, {""feature"": ""network_tx_bytes"", ""value"": 49471.635, ""z"": 1.596}, {""feature"": ""disk_write_bytes"", ""value"": 18196.857, ""z"": 1.47}]"
2026-05-27T05:06:28Z,mock-node,default,mock-pod,app,0.289519,False,"[{""feature"": ""context_switch_count"", ""value"": 1036.895, ""z"": 1.968}, {""feature"": ""disk_write_bytes"", ""value"": 19257.842, ""z"": 1.946}, {""feature"": ""network_tx_bytes"", ""value"": 34363.234, ""z"": -0.949}]"
2026-05-27T05:06:38Z,mock-node,default,mock-pod,app,0.196531,False,"[{""feature"": ""process_fork_count"", ""value"": 1.253, ""z"": 1.792}, {""feature"": ""disk_write_bytes"", ""value"": 12042.381, ""z"": -1.295}, {""feature"": ""syscall_read_rate"", ""value"": 167.482, ""z"": 0.78}]"
2026-05-27T05:06:48Z,mock-node,default,mock-pod,app,0.238646,False,"[{""feature"": ""process_exec_count"", ""value"": 0.795, ""z"": -1.427}, {""feature"": ""tcp_retransmit_rate"", ""value"": 0.158, ""z"": -1.401}, {""feature"": ""network_rx_bytes"", ""value"": 40106.426, ""z"": -1.268}]"
2026-05-27T05:06:58Z,mock-node,default,mock-pod,app,0.171924,False,"[{""feature"": ""disk_io_latency_ms"", ""value"": 2.342, ""z"": 1.112}, {""feature"": ""syscall_write_rate"", ""value"": 104.454, ""z"": 1.09}, {""feature"": ""tcp_connect_rate"", ""value"": 4.22, ""z"": -0.996}]"
2026-05-27T05:07:08Z,mock-node,default,mock-pod,app,0.513503,False,"[{""feature"": ""network_rx_bytes"", ""value"": 74315.308, ""z"": 3.058}, {""feature"": ""tcp_retransmit_rate"", ""value"": 0.256, ""z"": 1.89}, {""feature"": ""process_exec_count"", ""value"": 0.771, ""z"": -1.593}]"
2026-05-27T05:07:18Z,mock-node,default,mock-pod,app,0.383361,False,"[{""feature"": ""network_rx_bytes"", ""value"": 70090.279, ""z"": 2.524}, {""feature"": ""disk_read_bytes"", ""value"": 14326.586, ""z"": -1.978}, {""feature"": ""tcp_connect_rate"", ""value"": 5.735, ""z"": 1.013}]"
2026-05-27T05:07:28Z,mock-node,default,mock-pod,app,0.646282,False,"[{""feature"": ""process_exec_count"", ""value"": 0.704, ""z"": -2.055}, {""feature"": ""disk_read_bytes"", ""value"": 15661.591, ""z"": -1.523}, {""feature"": ""syscall_write_rate"", ""value"": 108.586, ""z"": 1.403}]"
2026-05-27T05:07:38Z,mock-node,default,mock-pod,app,0.476454,False,"[{""feature"": ""network_rx_bytes"", ""value"": 68486.688, ""z"": 2.321}, {""feature"": ""process_fork_count"", ""value"": 1.271, ""z"": 1.917}, {""feature"": ""context_switch_count"", ""value"": 609.791, ""z"": -1.658}]"
2026-05-27T05:07:48Z,mock-node,default,mock-pod,app,0.578052,False,"[{""feature"": ""tcp_connect_rate"", ""value"": 6.614, ""z"": 2.178}, {""feature"": ""tcp_retransmit_rate"", ""value"": 0.264, ""z"": 2.159}, {""feature"": ""disk_read_bytes"", ""value"": 14410.07, ""z"": -1.95}]"
2026-05-27T05:07:58Z,mock-node,default,mock-pod,app,0.364221,False,"[{""feature"": ""syscall_read_rate"", ""value"": 101.269, ""z"": -2.157}, {""feature"": ""process_exec_count"", ""value"": 1.194, ""z"": 1.328}, {""feature"": ""disk_read_bytes"", ""value"": 16353.137, ""z"": -1.287}]"
2026-05-27T05:08:08Z,mock-node,default,mock-pod,app,0.27016,False,"[{""feature"": ""tcp_connect_rate"", ""value"": 6.485, ""z"": 2.007}, {""feature"": ""context_switch_count"", ""value"": 601.284, ""z"": -1.73}, {""feature"": ""network_rx_bytes"", ""value"": 38426.228, ""z"": -1.48}]"
2026-05-27T05:08:18Z,mock-node,default,mock-pod,app,0.246356,False,"[{""feature"": ""disk_read_bytes"", ""value"": 15346.324, ""z"": -1.631}, {""feature"": ""tcp_retransmit_rate"", ""value"": 0.159, ""z"": -1.368}, {""feature"": ""syscall_read_rate"", ""value"": 131.317, ""z"": -0.824}]"
2026-05-27T05:08:28Z,mock-node,default,mock-pod,app,0.442332,False,"[{""feature"": ""tcp_connect_rate"", ""value"": 7.052, ""z"": 2.759}, {""feature"": ""process_fork_count"", ""value"": 0.694, ""z"": -2.075}, {""feature"": ""disk_write_bytes"", ""value"": 10778.552, ""z"": -1.863}]"
2026-05-27T05:08:38Z,mock-node,default,mock-pod,app,0.319261,False,"[{""feature"": ""network_tx_bytes"", ""value"": 29787.448, ""z"": -1.72}, {""feature"": ""tcp_connect_rate"", ""value"": 6.053, ""z"": 1.434}, {""feature"": ""disk_io_latency_ms"", ""value"": 1.58, ""z"": -1.405}]"
2026-05-27T05:08:48Z,mock-node,default,mock-pod,app,0.229549,False,"[{""feature"": ""disk_io_latency_ms"", ""value"": 2.502, ""z"": 1.641}, {""feature"": ""syscall_read_rate"", ""value"": 122.641, ""z"": -1.209}, {""feature"": ""process_fork_count"", ""value"": 1.161, ""z"": 1.156}]"
2026-05-27T05:08:58Z,mock-node,default,mock-pod,app,0.410003,False,"[{""feature"": ""syscall_open_rate"", ""value"": 14.57, ""z"": -1.822}, {""feature"": ""tcp_retransmit_rate"", ""value"": 0.16, ""z"": -1.334}, {""feature"": ""process_fork_count"", ""value"": 1.186, ""z"": 1.329}]"
2026-05-27T05:09:08Z,mock-node,default,mock-pod,app,0.390435,False,"[{""feature"": ""network_rx_bytes"", ""value"": 67925.785, ""z"": 2.25}, {""feature"": ""tcp_connect_rate"", ""value"": 3.773, ""z"": -1.589}, {""feature"": ""process_fork_count"", ""value"": 0.814, ""z"": -1.245}]"
2026-05-27T05:09:18Z,mock-node,default,mock-pod,app,0.329613,False,"[{""feature"": ""syscall_write_rate"", ""value"": 48.009, ""z"": -3.189}, {""feature"": ""disk_io_latency_ms"", ""value"": 1.643, ""z"": -1.197}, {""feature"": ""disk_write_bytes"", ""value"": 17369.006, ""z"": 1.098}]"
2026-05-27T05:09:28Z,mock-node,default,mock-pod,app,0.691189,False,"[{""feature"": ""tcp_retransmit_rate"", ""value"": 0.122, ""z"": -2.61}, {""feature"": ""network_rx_bytes"", ""value"": 34074.579, ""z"": -2.031}, {""feature"": ""process_fork_count"", ""value"": 0.794, ""z"": -1.383}]"
2026-05-27T05:09:38Z,mock-node,default,mock-pod,app,0.201814,False,"[{""feature"": ""tcp_retransmit_rate"", ""value"": 0.251, ""z"": 1.722}, {""feature"": ""tcp_connect_rate"", ""value"": 5.758, ""z"": 1.043}, {""feature"": ""network_rx_bytes"", ""value"": 57715.885, ""z"": 0.959}]"
2026-05-27T05:09:48Z,mock-node,default,mock-pod,app,0.140254,False,"[{""feature"": ""context_switch_count"", ""value"": 657.504, ""z"": -1.253}, {""feature"": ""syscall_read_rate"", ""value"": 126.626, ""z"": -1.032}, {""feature"": ""tcp_connect_rate"", ""value"": 4.228, ""z"": -0.986}]"
2026-05-27T05:09:58Z,mock-node,default,mock-pod,app,0.212622,False,"[{""feature"": ""network_rx_bytes"", ""value"": 63102.937, ""z"": 1.64}, {""feature"": ""process_fork_count"", ""value"": 0.805, ""z"": -1.307}, {""feature"": ""syscall_write_rate"", ""value"": 77.255, ""z"": -0.972}]"
2026-05-27T05:10:08Z,mock-node,default,mock-pod,app,0.08769,False,"[{""feature"": ""disk_read_bytes"", ""value"": 23474.637, ""z"": 1.14}, {""feature"": ""syscall_write_rate"", ""value"": 75.393, ""z"": -1.113}, {""feature"": ""tcp_retransmit_rate"", ""value"": 0.171, ""z"": -0.965}]"
2026-05-27T05:10:18Z,mock-node,default,mock-pod,app,0.579638,False,"[{""feature"": ""disk_read_bytes"", ""value"": 13412.821, ""z"": -2.29}, {""feature"": ""context_switch_count"", ""value"": 555.148, ""z"": -2.122}, {""feature"": ""disk_io_latency_ms"", ""value"": 1.471, ""z"": -1.766}]"
2026-05-27T05:10:28Z,mock-node,default,mock-pod,app,0.581953,False,"[{""feature"": ""disk_read_bytes"", ""value"": 13047.542, ""z"": -2.414}, {""feature"": ""disk_io_latency_ms"", ""value"": 1.481, ""z"": -1.732}, {""feature"": ""syscall_open_rate"", ""value"": 15.222, ""z"": -1.606}]"
2026-05-27T05:10:38Z,mock-node,default,mock-pod,app,0.343886,False,"[{""feature"": ""context_switch_count"", ""value"": 553.706, ""z"": -2.134}, {""feature"": ""syscall_read_rate"", ""value"": 114.032, ""z"": -1.591}, {""feature"": ""disk_read_bytes"", ""value"": 23896.727, ""z"": 1.284}]"
2026-05-27T05:10:48Z,mock-node,default,mock-pod,app,0.670543,False,"[{""feature"": ""network_tx_bytes"", ""value"": 55473.834, ""z"": 2.607}, {""feature"": ""disk_io_latency_ms"", ""value"": 2.724, ""z"": 2.374}, {""feature"": ""context_switch_count"", ""value"": 1000.446, ""z"": 1.659}]"
2026-05-27T05:10:58Z,mock-node,default,mock-pod,app,0.173043,False,"[{""feature"": ""disk_io_latency_ms"", ""value"": 1.607, ""z"": -1.316}, {""feature"": ""process_exec_count"", ""value"": 1.17, ""z"": 1.162}, {""feature"": ""disk_write_bytes"", ""value"": 12516.533, ""z"": -1.082}]"
2026-05-27T05:11:08Z,mock-node,default,mock-pod,app,0.518033,False,"[{""feature"": ""disk_io_latency_ms"", ""value"": 2.623, ""z"": 2.041}, {""feature"": ""context_switch_count"", ""value"": 1033.852, ""z"": 1.943}, {""feature"": ""syscall_write_rate"", ""value"": 68.45, ""z"": -1.639}]"
2026-05-27T05:11:18Z,mock-node,default,mock-pod,app,0.366593,False,"[{""feature"": ""network_tx_bytes"", ""value"": 29398.631, ""z"": -1.785}, {""feature"": ""context_switch_count"", ""value"": 986.629, ""z"": 1.542}, {""feature"": ""syscall_read_rate"", ""value"": 117.171, ""z"": -1.452}]"
2026-05-27T05:11:28Z,mock-node,default,mock-pod,app,0.374456,False,"[{""feature"": ""syscall_write_rate"", ""value"": 65.306, ""z"": -1.878}, {""feature"": ""context_switch_count"", ""value"": 604.42, ""z"": -1.704}, {""feature"": ""network_tx_bytes"", ""value"": 30600.167, ""z"": -1.583}]"
2026-05-27T05:11:38Z,mock-node,default,mock-pod,app,0.558909,False,"[{""feature"": ""process_fork_count"", ""value"": 1.266, ""z"": 1.882}, {""feature"": ""disk_io_latency_ms"", ""value"": 1.498, ""z"": -1.676}, {""feature"": ""disk_write_bytes"", ""value"": 11366.205, ""z"": -1.599}]"
2026-05-27T05:11:48Z,mock-node,default,mock-pod,app,0.281119,False,"[{""feature"": ""network_tx_bytes"", ""value"": 50867.726, ""z"": 1.831}, {""feature"": ""tcp_connect_rate"", ""value"": 3.955, ""z"": -1.348}, {""feature"": ""syscall_write_rate"", ""value"": 74.554, ""z"": -1.177}]"
2026-05-27T05:11:58Z,mock-node,default,mock-pod,app,0.229826,False,"[{""feature"": ""disk_write_bytes"", ""value"": 11218.092, ""z"": -1.666}, {""feature"": ""tcp_connect_rate"", ""value"": 5.94, ""z"": 1.284}, {""feature"": ""process_fork_count"", ""value"": 1.168, ""z"": 1.204}]"
2026-05-27T05:12:08Z,mock-node,default,mock-pod,app,0.266554,False,"[{""feature"": ""syscall_open_rate"", ""value"": 14.508, ""z"": -1.842}, {""feature"": ""process_exec_count"", ""value"": 1.227, ""z"": 1.556}, {""feature"": ""process_fork_count"", ""value"": 1.152, ""z"": 1.093}]"
2026-05-27T05:12:18Z,mock-node,default,mock-pod,app,0.179344,False,"[{""feature"": ""syscall_read_rate"", ""value"": 119.806, ""z"": -1.335}, {""feature"": ""syscall_open_rate"", ""value"": 24.077, ""z"": 1.326}, {""feature"": ""context_switch_count"", ""value"": 929.147, ""z"": 1.054}]"
2026-05-27T05:12:28Z,mock-node,default,mock-pod,app,0.323931,False,"[{""feature"": ""disk_read_bytes"", ""value"": 24694.494, ""z"": 1.556}, {""feature"": ""syscall_write_rate"", ""value"": 109.97, ""z"": 1.508}, {""feature"": ""process_exec_count"", ""value"": 1.189, ""z"": 1.294}]"
2026-05-27T05:12:38Z,mock-node,default,mock-pod,app,0.484225,False,"[{""feature"": ""syscall_read_rate"", ""value"": 204.459, ""z"": 2.42}, {""feature"": ""tcp_connect_rate"", ""value"": 3.71, ""z"": -1.672}, {""feature"": ""disk_io_latency_ms"", ""value"": 2.478, ""z"": 1.562}]"
2026-05-27T05:12:48Z,mock-node,default,mock-pod,app,0.667587,False,"[{""feature"": ""network_rx_bytes"", ""value"": 72061.697, ""z"": 2.773}, {""feature"": ""disk_write_bytes"", ""value"": 9983.936, ""z"": -2.22}, {""feature"": ""syscall_write_rate"", ""value"": 111.542, ""z"": 1.627}]"
2026-05-27T05:12:58Z,mock-node,default,mock-pod,app,0.314132,False,"[{""feature"": ""tcp_connect_rate"", ""value"": 3.079, ""z"": -2.509}, {""feature"": ""network_tx_bytes"", ""value"": 33165.011, ""z"": -1.151}, {""feature"": ""syscall_read_rate"", ""value"": 174.229, ""z"": 1.079}]"
2026-05-27T05:13:08Z,mock-node,default,mock-pod,app,0.353403,False,"[{""feature"": ""process_fork_count"", ""value"": 1.354, ""z"": 2.491}, {""feature"": ""process_exec_count"", ""value"": 1.205, ""z"": 1.404}, {""feature"": ""disk_io_latency_ms"", ""value"": 2.364, ""z"": 1.185}]"
2026-05-27T05:13:18Z,mock-node,default,mock-pod,app,0.558171,False,"[{""feature"": ""tcp_retransmit_rate"", ""value"": 0.144, ""z"": -1.871}, {""feature"": ""network_rx_bytes"", ""value"": 36265.502, ""z"": -1.754}, {""feature"": ""process_fork_count"", ""value"": 1.193, ""z"": 1.377}]"
2026-05-27T05:13:28Z,mock-node,default,mock-pod,app,0.658199,False,"[{""feature"": ""process_exec_count"", ""value"": 1.478, ""z"": 3.289}, {""feature"": ""syscall_read_rate"", ""value"": 107.776, ""z"": -1.869}, {""feature"": ""network_rx_bytes"", ""value"": 37579.946, ""z"": -1.587}]"
2026-05-27T05:13:38Z,mock-node,default,mock-pod,app,0.182463,False,"[{""feature"": ""disk_read_bytes"", ""value"": 23976.811, ""z"": 1.311}, {""feature"": ""process_fork_count"", ""value"": 0.829, ""z"": -1.141}, {""feature"": ""process_exec_count"", ""value"": 1.154, ""z"": 1.052}]"
2026-05-27T05:13:48Z,mock-node,default,mock-pod,app,0.324581,False,"[{""feature"": ""process_fork_count"", ""value"": 0.766, ""z"": -1.577}, {""feature"": ""disk_io_latency_ms"", ""value"": 2.481, ""z"": 1.572}, {""feature"": ""tcp_connect_rate"", ""value"": 5.932, ""z"": 1.274}]"
2026-05-27T05:13:58Z,mock-node,default,mock-pod,app,0.339956,False,"[{""feature"": ""disk_io_latency_ms"", ""value"": 2.602, ""z"": 1.971}, {""feature"": ""tcp_connect_rate"", ""value"": 6.119, ""z"": 1.522}, {""feature"": ""network_tx_bytes"", ""value"": 33018.123, ""z"": -1.176}]"
2026-05-27T05:14:08Z,mock-node,default,mock-pod,app,0.196843,False,"[{""feature"": ""process_fork_count"", ""value"": 1.244, ""z"": 1.73}, {""feature"": ""tcp_connect_rate"", ""value"": 3.86, ""z"": -1.473}, {""feature"": ""network_tx_bytes"", ""value"": 34332.823, ""z"": -0.954}]"
2026-05-27T05:14:18Z,mock-node,default,mock-pod,app,0.094865,False,"[{""feature"": ""disk_read_bytes"", ""value"": 15815.506, ""z"": -1.471}, {""feature"": ""tcp_connect_rate"", ""value"": 5.543, ""z"": 0.758}, {""feature"": ""network_tx_bytes"", ""value"": 44485.195, ""z"": 0.756}]"
2026-05-27T05:14:28Z,mock-node,default,mock-pod,app,0.701454,False,"[{""feature"": ""network_tx_bytes"", ""value"": 56865.483, ""z"": 2.842}, {""feature"": ""disk_write_bytes"", ""value"": 10507.934, ""z"": -1.985}, {""feature"": ""context_switch_count"", ""value"": 573.774, ""z"": -1.964}]"
2026-05-27T05:14:38Z,mock-node,default,mock-pod,app,0.376367,False,"[{""feature"": ""syscall_write_rate"", ""value"": 119.499, ""z"": 2.23}, {""feature"": ""context_switch_count"", ""value"": 967.224, ""z"": 1.377}, {""feature"": ""syscall_read_rate"", ""value"": 119.726, ""z"": -1.339}]"
2026-05-27T05:14:48Z,mock-node,default,mock-pod,app,0.362624,False,"[{""feature"": ""disk_write_bytes"", ""value"": 18671.424, ""z"": 1.683}, {""feature"": ""syscall_open_rate"", ""value"": 15.01, ""z"": -1.676}, {""feature"": ""syscall_read_rate"", ""value"": 112.602, ""z"": -1.655}]"
2026-05-27T05:14:58Z,mock-node,default,mock-pod,app,0.268488,False,"[{""feature"": ""tcp_retransmit_rate"", ""value"": 0.147, ""z"": -1.771}, {""feature"": ""network_rx_bytes"", ""value"": 59344.29, ""z"": 1.165}, {""feature"": ""disk_write_bytes"", ""value"": 12608.619, ""z"": -1.041}]"
2026-05-27T05:15:08Z,mock-node,default,mock-pod,app,0.185285,False,"[{""feature"": ""disk_io_latency_ms"", ""value"": 1.509, ""z"": -1.64}, {""feature"": ""tcp_retransmit_rate"", ""value"": 0.24, ""z"": 1.353}, {""feature"": ""network_tx_bytes"", ""value"": 48025.993, ""z"": 1.353}]"
2026-05-27T05:15:18Z,mock-node,default,mock-pod,app,0.466813,False,"[{""feature"": ""syscall_write_rate"", ""value"": 121.499, ""z"": 2.382}, {""feature"": ""syscall_open_rate"", ""value"": 25.36, ""z"": 1.751}, {""feature"": ""tcp_retransmit_rate"", ""value"": 0.243, ""z"": 1.454}]"
2026-05-27T05:15:28Z,mock-node,default,mock-pod,app,0.755776,False,"[{""feature"": ""disk_io_latency_ms"", ""value"": 2.971, ""z"": 3.191}, {""feature"": ""syscall_write_rate"", ""value"": 114.377, ""z"": 1.842}, {""feature"": ""tcp_connect_rate"", ""value"": 6.25, ""z"": 1.695}]"
2026-05-27T05:15:38Z,mock-node,default,mock-pod,app,0.569619,False,"[{""feature"": ""disk_io_latency_ms"", ""value"": 2.618, ""z"": 2.024}, {""feature"": ""network_rx_bytes"", ""value"": 65065.908, ""z"": 1.889}, {""feature"": ""syscall_read_rate"", ""value"": 186.483, ""z"": 1.623}]"
2026-05-27T05:15:48Z,mock-node,default,mock-pod,app,0.200208,False,"[{""feature"": ""disk_write_bytes"", ""value"": 11123.223, ""z"": -1.708}, {""feature"": ""syscall_open_rate"", ""value"": 16.078, ""z"": -1.322}, {""feature"": ""syscall_read_rate"", ""value"": 171.701, ""z"": 0.967}]"
2026-05-27T05:15:58Z,mock-node,default,mock-pod,app,0.525054,False,"[{""feature"": ""disk_io_latency_ms"", ""value"": 2.56, ""z"": 1.833}, {""feature"": ""syscall_open_rate"", ""value"": 14.706, ""z"": -1.777}, {""feature"": ""disk_write_bytes"", ""value"": 18786.115, ""z"": 1.734}]"
2026-05-27T05:16:08Z,mock-node,default,mock-pod,app,0.221668,False,"[{""feature"": ""tcp_retransmit_rate"", ""value"": 0.161, ""z"": -1.3}, {""feature"": ""network_rx_bytes"", ""value"": 59862.784, ""z"": 1.231}, {""feature"": ""process_fork_count"", ""value"": 0.828, ""z"": -1.148}]"
2026-05-27T05:16:18Z,mock-node,default,mock-pod,app,0.50975,False,"[{""feature"": ""disk_read_bytes"", ""value"": 25412.787, ""z"": 1.801}, {""feature"": ""network_rx_bytes"", ""value"": 63691.086, ""z"": 1.715}, {""feature"": ""syscall_open_rate"", ""value"": 24.637, ""z"": 1.512}]"
2026-05-27T05:16:28Z,mock-node,default,mock-pod,app,0.375453,False,"[{""feature"": ""syscall_write_rate"", ""value"": 117.918, ""z"": 2.11}, {""feature"": ""disk_write_bytes"", ""value"": 11291.091, ""z"": -1.633}, {""feature"": ""network_tx_bytes"", ""value"": 31670.151, ""z"": -1.403}]"
2026-05-27T05:16:38Z,mock-node,default,mock-pod,app,0.255008,False,"[{""feature"": ""network_tx_bytes"", ""value"": 47514.345, ""z"": 1.266}, {""feature"": ""disk_read_bytes"", ""value"": 23591.208, ""z"": 1.18}, {""feature"": ""context_switch_count"", ""value"": 942.641, ""z"": 1.168}]"
2026-05-27T05:16:48Z,mock-node,default,mock-pod,app,0.397423,False,"[{""feature"": ""tcp_connect_rate"", ""value"": 7.63, ""z"": 3.525}, {""feature"": ""context_switch_count"", ""value"": 588.981, ""z"": -1.835}, {""feature"": ""network_tx_bytes"", ""value"": 32590.759, ""z"": -1.248}]"
2026-05-27T05:16:58Z,mock-node,default,mock-pod,app,0.253979,False,"[{""feature"": ""process_exec_count"", ""value"": 1.272, ""z"": 1.867}, {""feature"": ""tcp_connect_rate"", ""value"": 5.97, ""z"": 1.324}, {""feature"": ""tcp_retransmit_rate"", ""value"": 0.232, ""z"": 1.084}]"
2026-05-27T05:17:08Z,mock-node,default,mock-pod,app,0.114416,False,"[{""feature"": ""network_tx_bytes"", ""value"": 48011.007, ""z"": 1.35}, {""feature"": ""disk_io_latency_ms"", ""value"": 1.68, ""z"": -1.075}, {""feature"": ""syscall_open_rate"", ""value"": 17.094, ""z"": -0.986}]"
2026-05-27T05:17:18Z,mock-node,default,mock-pod,app,0.479144,False,"[{""feature"": ""process_exec_count"", ""value"": 1.342, ""z"": 2.35}, {""feature"": ""process_fork_count"", ""value"": 0.727, ""z"": -1.846}, {""feature"": ""network_tx_bytes"", ""value"": 47566.701, ""z"": 1.275}]"
2026-05-27T05:17:28Z,mock-node,default,mock-pod,app,0.149445,False,"[{""feature"": ""network_rx_bytes"", ""value"": 60375.835, ""z"": 1.296}, {""feature"": ""disk_io_latency_ms"", ""value"": 2.345, ""z"": 1.122}, {""feature"": ""tcp_retransmit_rate"", ""value"": 0.233, ""z"": 1.118}]"
2026-05-27T05:17:38Z,mock-node,default,mock-pod,app,0.241546,False,"[{""feature"": ""disk_write_bytes"", ""value"": 11286.364, ""z"": -1.635}, {""feature"": ""tcp_connect_rate"", ""value"": 6.118, ""z"": 1.52}, {""feature"": ""process_fork_count"", ""value"": 0.799, ""z"": -1.348}]"
2026-05-27T05:17:48Z,mock-node,default,mock-pod,app,0.523031,False,"[{""feature"": ""syscall_write_rate"", ""value"": 119.764, ""z"": 2.25}, {""feature"": ""process_fork_count"", ""value"": 0.774, ""z"": -1.521}, {""feature"": ""disk_io_latency_ms"", ""value"": 2.429, ""z"": 1.4}]"
2026-05-27T05:17:58Z,mock-node,default,mock-pod,app,0.199346,False,"[{""feature"": ""process_fork_count"", ""value"": 1.192, ""z"": 1.37}, {""feature"": ""disk_io_latency_ms"", ""value"": 2.415, ""z"": 1.354}, {""feature"": ""process_exec_count"", ""value"": 0.835, ""z"": -1.151}]"
2026-05-27T05:18:08Z,mock-node,default,mock-pod,app,0.645089,False,"[{""feature"": ""disk_io_latency_ms"", ""value"": 2.906, ""z"": 2.976}, {""feature"": ""network_tx_bytes"", ""value"": 51917.14, ""z"": 2.008}, {""feature"": ""tcp_retransmit_rate"", ""value"": 0.146, ""z"": -1.804}]"
2026-05-27T05:18:18Z,mock-node,default,mock-pod,app,0.163289,False,"[{""feature"": ""process_fork_count"", ""value"": 0.745, ""z"": -1.722}, {""feature"": ""disk_write_bytes"", ""value"": 17482.46, ""z"": 1.149}, {""feature"": ""syscall_write_rate"", ""value"": 104.881, ""z"": 1.122}]"
2026-05-27T05:18:28Z,mock-node,default,mock-pod,app,0.152249,False,"[{""feature"": ""process_exec_count"", ""value"": 1.155, ""z"": 1.059}, {""feature"": ""network_tx_bytes"", ""value"": 44921.482, ""z"": 0.83}, {""feature"": ""syscall_write_rate"", ""value"": 100.398, ""z"": 0.782}]"
2026-05-27T05:18:38Z,mock-node,default,mock-pod,app,0.258928,False,"[{""feature"": ""network_tx_bytes"", ""value"": 50784.223, ""z"": 1.817}, {""feature"": ""process_exec_count"", ""value"": 0.745, ""z"": -1.772}, {""feature"": ""syscall_read_rate"", ""value"": 117.184, ""z"": -1.451}]"
2026-05-27T05:18:48Z,mock-node,default,mock-pod,app,0.3298,False,"[{""feature"": ""tcp_connect_rate"", ""value"": 3.709, ""z"": -1.674}, {""feature"": ""context_switch_count"", ""value"": 619.144, ""z"": -1.579}, {""feature"": ""syscall_read_rate"", ""value"": 181.765, ""z"": 1.413}]"
2026-05-27T05:18:58Z,mock-node,default,mock-pod,app,0.109216,False,"[{""feature"": ""syscall_read_rate"", ""value"": 123.864, ""z"": -1.155}, {""feature"": ""disk_write_bytes"", ""value"": 12454.783, ""z"": -1.11}, {""feature"": ""syscall_write_rate"", ""value"": 75.706, ""z"": -1.089}]"
2026-05-27T05:19:08Z,mock-node,default,mock-pod,app,0.513896,False,"[{""feature"": ""syscall_open_rate"", ""value"": 11.193, ""z"": -2.94}, {""feature"": ""process_exec_count"", ""value"": 0.691, ""z"": -2.145}, {""feature"": ""tcp_retransmit_rate"", ""value"": 0.235, ""z"": 1.185}]"
2026-05-27T05:19:18Z,mock-node,default,mock-pod,app,0.533369,False,"[{""feature"": ""disk_write_bytes"", ""value"": 10764.927, ""z"": -1.869}, {""feature"": ""syscall_write_rate"", ""value"": 112.579, ""z"": 1.706}, {""feature"": ""syscall_read_rate"", ""value"": 186.389, ""z"": 1.619}]"
2026-05-27T05:19:28Z,mock-node,default,mock-pod,app,0.441413,False,"[{""feature"": ""network_rx_bytes"", ""value"": 35805.573, ""z"": -1.812}, {""feature"": ""network_tx_bytes"", ""value"": 29423.558, ""z"": -1.781}, {""feature"": ""process_exec_count"", ""value"": 1.225, ""z"": 1.542}]"
2026-05-27T05:19:38Z,mock-node,default,mock-pod,app,0.484672,False,"[{""feature"": ""syscall_write_rate"", ""value"": 58.873, ""z"": -2.365}, {""feature"": ""context_switch_count"", ""value"": 570.141, ""z"": -1.995}, {""feature"": ""tcp_retransmit_rate"", ""value"": 0.238, ""z"": 1.286}]"
2026-05-27T05:19:48Z,mock-node,default,mock-pod,app,0.22266,False,"[{""feature"": ""process_fork_count"", ""value"": 0.742, ""z"": -1.743}, {""feature"": ""context_switch_count"", ""value"": 974.35, ""z"": 1.437}, {""feature"": ""tcp_connect_rate"", ""value"": 3.896, ""z"": -1.426}]"
2026-05-27T05:19:58Z,mock-node,default,mock-pod,app,0.419829,False,"[{""feature"": ""syscall_open_rate"", ""value"": 14.604, ""z"": -1.811}, {""feature"": ""disk_io_latency_ms"", ""value"": 1.518, ""z"": -1.61}, {""feature"": ""tcp_connect_rate"", ""value"": 6.07, ""z"": 1.457}]"
2026-05-27T05:20:08Z,mock-node,default,mock-pod,app,0.274685,False,"[{""feature"": ""network_rx_bytes"", ""value"": 33839.811, ""z"": -2.06}, {""feature"": ""syscall_open_rate"", ""value"": 25.435, ""z"": 1.776}, {""feature"": ""syscall_read_rate"", ""value"": 169.838, ""z"": 0.884}]"
2026-05-27T05:20:18Z,mock-node,default,mock-pod,app,0.150543,False,"[{""feature"": ""disk_read_bytes"", ""value"": 15939.106, ""z"": -1.429}, {""feature"": ""process_exec_count"", ""value"": 0.832, ""z"": -1.172}, {""feature"": ""process_fork_count"", ""value"": 1.148, ""z"": 1.066}]"
2026-05-27T05:20:28Z,mock-node,default,mock-pod,app,0.339401,False,"[{""feature"": ""process_fork_count"", ""value"": 0.776, ""z"": -1.508}, {""feature"": ""tcp_connect_rate"", ""value"": 6.097, ""z"": 1.493}, {""feature"": ""syscall_open_rate"", ""value"": 24.207, ""z"": 1.369}]"
2026-05-27T05:20:38Z,mock-node,default,mock-pod,app,0.521867,False,"[{""feature"": ""disk_write_bytes"", ""value"": 19831.418, ""z"": 2.204}, {""feature"": ""tcp_retransmit_rate"", ""value"": 0.245, ""z"": 1.521}, {""feature"": ""syscall_write_rate"", ""value"": 71.92, ""z"": -1.376}]"
2026-05-27T05:20:48Z,mock-node,default,mock-pod,app,0.280611,False,"[{""feature"": ""network_rx_bytes"", ""value"": 68412.089, ""z"": 2.312}, {""feature"": ""disk_read_bytes"", ""value"": 25002.32, ""z"": 1.661}, {""feature"": ""tcp_retransmit_rate"", ""value"": 0.172, ""z"": -0.931}]"
2026-05-27T05:20:58Z,mock-node,default,mock-pod,app,0.504086,False,"[{""feature"": ""network_tx_bytes"", ""value"": 53153.553, ""z"": 2.216}, {""feature"": ""syscall_write_rate"", ""value"": 116.722, ""z"": 2.02}, {""feature"": ""disk_io_latency_ms"", ""value"": 2.583, ""z"": 1.909}]"
2026-05-27T05:21:08Z,mock-node,default,mock-pod,app,0.529379,False,"[{""feature"": ""context_switch_count"", ""value"": 1109.001, ""z"": 2.581}, {""feature"": ""network_tx_bytes"", ""value"": 50198.96, ""z"": 1.719}, {""feature"": ""disk_io_latency_ms"", ""value"": 2.465, ""z"": 1.519}]"
2026-05-27T05:21:18Z,mock-node,default,mock-pod,app,0.560951,False,"[{""feature"": ""syscall_write_rate"", ""value"": 65.21, ""z"": -1.885}, {""feature"": ""disk_read_bytes"", ""value"": 15372.19, ""z"": -1.622}, {""feature"": ""network_rx_bytes"", ""value"": 62744.226, ""z"": 1.595}]"
2026-05-27T05:21:28Z,mock-node,default,mock-pod,app,0.810588,True,"[{""feature"": ""syscall_read_rate"", ""value"": 214.704, ""z"": 2.875}, {""feature"": ""network_rx_bytes"", ""value"": 70255.926, ""z"": 2.545}, {""feature"": ""tcp_connect_rate"", ""value"": 6.55, ""z"": 2.093}]"
2026-05-27T05:21:38Z,mock-node,default,mock-pod,app,0.589013,False,"[{""feature"": ""network_tx_bytes"", ""value"": 62102.101, ""z"": 3.724}, {""feature"": ""tcp_connect_rate"", ""value"": 3.215, ""z"": -2.329}, {""feature"": ""disk_io_latency_ms"", ""value"": 1.377, ""z"": -2.076}]"
2026-05-27T05:21:48Z,mock-node,default,mock-pod,app,0.570255,False,"[{""feature"": ""syscall_open_rate"", ""value"": 28.006, ""z"": 2.627}, {""feature"": ""disk_io_latency_ms"", ""value"": 1.637, ""z"": -1.217}, {""feature"": ""syscall_read_rate"", ""value"": 176.237, ""z"": 1.168}]"
2026-05-27T05:21:58Z,mock-node,default,mock-pod,app,0.376871,False,"[{""feature"": ""process_exec_count"", ""value"": 1.356, ""z"": 2.447}, {""feature"": ""network_rx_bytes"", ""value"": 36050.328, ""z"": -1.781}, {""feature"": ""disk_io_latency_ms"", ""value"": 1.784, ""z"": -0.731}]"
2026-05-27T05:22:08Z,mock-node,default,mock-pod,app,0.307054,False,"[{""feature"": ""network_tx_bytes"", ""value"": 49776.479, ""z"": 1.647}, {""feature"": ""syscall_open_rate"", ""value"": 15.466, ""z"": -1.525}, {""feature"": ""process_exec_count"", ""value"": 1.196, ""z"": 1.342}]"
2026-05-27T05:22:18Z,mock-node,default,mock-pod,app,0.316397,False,"[{""feature"": ""syscall_read_rate"", ""value"": 111.387, ""z"": -1.708}, {""feature"": ""syscall_open_rate"", ""value"": 15.727, ""z"": -1.439}, {""feature"": ""process_exec_count"", ""value"": 0.809, ""z"": -1.33}]"
2026-05-27T05:22:28Z,mock-node,default,mock-pod,app,0.189818,False,"[{""feature"": ""process_exec_count"", ""value"": 0.793, ""z"": -1.441}, {""feature"": ""syscall_read_rate"", ""value"": 180.633, ""z"": 1.363}, {""feature"": ""process_fork_count"", ""value"": 1.173, ""z"": 1.239}]"
2026-05-27T05:22:38Z,mock-node,default,mock-pod,app,0.503798,False,"[{""feature"": ""tcp_retransmit_rate"", ""value"": 0.12, ""z"": -2.678}, {""feature"": ""process_exec_count"", ""value"": 0.778, ""z"": -1.544}, {""feature"": ""process_fork_count"", ""value"": 0.778, ""z"": -1.494}]"
2026-05-27T05:22:48Z,mock-node,default,mock-pod,app,0.876718,True,"[{""feature"": ""disk_io_latency_ms"", ""value"": 1.08, ""z"": -3.057}, {""feature"": ""syscall_open_rate"", ""value"": 13.21, ""z"": -2.272}, {""feature"": ""syscall_write_rate"", ""value"": 113.023, ""z"": 1.739}]"
2026-05-27T05:22:58Z,mock-node,default,mock-pod,app,0.193753,False,"[{""feature"": ""context_switch_count"", ""value"": 999.242, ""z"": 1.649}, {""feature"": ""disk_read_bytes"", ""value"": 24008.858, ""z"": 1.322}, {""feature"": ""tcp_connect_rate"", ""value"": 5.77, ""z"": 1.059}]"
2026-05-27T05:23:08Z,mock-node,default,mock-pod,app,0.865814,True,"[{""feature"": ""syscall_open_rate"", ""value"": 10.997, ""z"": -3.005}, {""feature"": ""context_switch_count"", ""value"": 1069.351, ""z"": 2.244}, {""feature"": ""syscall_read_rate"", ""value"": 105.867, ""z"": -1.953}]"
2026-05-27T05:23:18Z,mock-node,default,mock-pod,app,0.271214,False,"[{""feature"": ""context_switch_count"", ""value"": 593.392, ""z"": -1.797}, {""feature"": ""process_fork_count"", ""value"": 0.825, ""z"": -1.169}, {""feature"": ""tcp_connect_rate"", ""value"": 5.805, ""z"": 1.105}]"
2026-05-27T05:23:28Z,mock-node,default,mock-pod,app,0.087789,False,"[{""feature"": ""network_tx_bytes"", ""value"": 30826.885, ""z"": -1.545}, {""feature"": ""syscall_open_rate"", ""value"": 17.181, ""z"": -0.957}, {""feature"": ""syscall_write_rate"", ""value"": 77.832, ""z"": -0.928}]"
2026-05-27T05:23:38Z,mock-node,default,mock-pod,app,0.266258,False,"[{""feature"": ""disk_io_latency_ms"", ""value"": 1.507, ""z"": -1.647}, {""feature"": ""process_fork_count"", ""value"": 1.211, ""z"": 1.501}, {""feature"": ""tcp_retransmit_rate"", ""value"": 0.162, ""z"": -1.267}]"
2026-05-27T05:23:48Z,mock-node,default,mock-pod,app,0.59935,False,"[{""feature"": ""disk_io_latency_ms"", ""value"": 1.229, ""z"": -2.565}, {""feature"": ""disk_write_bytes"", ""value"": 18960.339, ""z"": 1.813}, {""feature"": ""syscall_open_rate"", ""value"": 25.151, ""z"": 1.682}]"
2026-05-27T05:23:58Z,mock-node,default,mock-pod,app,0.145134,False,"[{""feature"": ""tcp_retransmit_rate"", ""value"": 0.249, ""z"": 1.655}, {""feature"": ""context_switch_count"", ""value"": 671.878, ""z"": -1.131}, {""feature"": ""disk_read_bytes"", ""value"": 16944.491, ""z"": -1.086}]"
2026-05-27T05:24:08Z,mock-node,default,mock-pod,app,0.074966,False,"[{""feature"": ""process_exec_count"", ""value"": 1.18, ""z"": 1.231}, {""feature"": ""tcp_retransmit_rate"", ""value"": 0.173, ""z"": -0.897}, {""feature"": ""syscall_read_rate"", ""value"": 132.657, ""z"": -0.765}]"
