timestamp,node,namespace,pod,container,anomaly_score,is_anomaly,top_features
2026-05-27T03:10:58Z,mock-node,default,mock-pod,app,0.304467,False,"[{""feature"": ""disk_read_bytes"", ""value"": 15689.512, ""z"": -1.514}, {""feature"": ""syscall_write_rate"", ""value"": 109.568, ""z"": 1.477}, {""feature"": ""syscall_read_rate"", ""value"": 178.984, ""z"": 1.29}]"
2026-05-27T03:11:08Z,mock-node,default,mock-pod,app,0.269754,False,"[{""feature"": ""tcp_retransmit_rate"", ""value"": 0.272, ""z"": 2.428}, {""feature"": ""syscall_write_rate"", ""value"": 69.671, ""z"": -1.547}, {""feature"": ""disk_read_bytes"", ""value"": 23698.272, ""z"": 1.216}]"
2026-05-27T03:11:18Z,mock-node,default,mock-pod,app,0.099799,False,"[{""feature"": ""syscall_open_rate"", ""value"": 16.753, ""z"": -1.099}, {""feature"": ""process_fork_count"", ""value"": 0.837, ""z"": -1.086}, {""feature"": ""disk_read_bytes"", ""value"": 23264.556, ""z"": 1.068}]"
2026-05-27T03:11:28Z,mock-node,default,mock-pod,app,0.404705,False,"[{""feature"": ""syscall_write_rate"", ""value"": 116.738, ""z"": 2.021}, {""feature"": ""network_tx_bytes"", ""value"": 30694.979, ""z"": -1.567}, {""feature"": ""process_exec_count"", ""value"": 0.804, ""z"": -1.365}]"
2026-05-27T03:11:38Z,mock-node,default,mock-pod,app,0.322287,False,"[{""feature"": ""process_fork_count"", ""value"": 0.785, ""z"": -1.445}, {""feature"": ""syscall_read_rate"", ""value"": 182.198, ""z"": 1.433}, {""feature"": ""syscall_open_rate"", ""value"": 16.002, ""z"": -1.348}]"
2026-05-27T03:11:48Z,mock-node,default,mock-pod,app,0.306432,False,"[{""feature"": ""syscall_write_rate"", ""value"": 66.595, ""z"": -1.78}, {""feature"": ""disk_read_bytes"", ""value"": 24503.622, ""z"": 1.491}, {""feature"": ""disk_io_latency_ms"", ""value"": 2.4, ""z"": 1.304}]"
2026-05-27T03:11:58Z,mock-node,default,mock-pod,app,0.559422,False,"[{""feature"": ""syscall_read_rate"", ""value"": 86.195, ""z"": -2.826}, {""feature"": ""network_tx_bytes"", ""value"": 25245.399, ""z"": -2.485}, {""feature"": ""process_fork_count"", ""value"": 1.188, ""z"": 1.342}]"
2026-05-27T03:12:08Z,mock-node,default,mock-pod,app,0.46724,False,"[{""feature"": ""disk_io_latency_ms"", ""value"": 2.569, ""z"": 1.862}, {""feature"": ""syscall_open_rate"", ""value"": 14.564, ""z"": -1.824}, {""feature"": ""tcp_connect_rate"", ""value"": 5.93, ""z"": 1.271}]"
2026-05-27T03:12:18Z,mock-node,default,mock-pod,app,0.258124,False,"[{""feature"": ""tcp_retransmit_rate"", ""value"": 0.159, ""z"": -1.368}, {""feature"": ""process_fork_count"", ""value"": 1.178, ""z"": 1.273}, {""feature"": ""syscall_read_rate"", ""value"": 124.094, ""z"": -1.145}]"
2026-05-27T03:12:28Z,mock-node,default,mock-pod,app,0.377515,False,"[{""feature"": ""tcp_retransmit_rate"", ""value"": 0.258, ""z"": 1.958}, {""feature"": ""syscall_open_rate"", ""value"": 14.716, ""z"": -1.773}, {""feature"": ""syscall_read_rate"", ""value"": 119.135, ""z"": -1.365}]"
2026-05-27T03:12:38Z,mock-node,default,mock-pod,app,0.166597,False,"[{""feature"": ""disk_read_bytes"", ""value"": 16791.873, ""z"": -1.138}, {""feature"": ""tcp_connect_rate"", ""value"": 5.774, ""z"": 1.064}, {""feature"": ""process_exec_count"", ""value"": 1.147, ""z"": 1.004}]"
2026-05-27T03:12:48Z,mock-node,default,mock-pod,app,0.370315,False,"[{""feature"": ""syscall_write_rate"", ""value"": 112.456, ""z"": 1.696}, {""feature"": ""network_rx_bytes"", ""value"": 39112.183, ""z"": -1.394}, {""feature"": ""syscall_open_rate"", ""value"": 24.063, ""z"": 1.322}]"
2026-05-27T03:12:58Z,mock-node,default,mock-pod,app,0.402778,False,"[{""feature"": ""tcp_connect_rate"", ""value"": 7.009, ""z"": 2.702}, {""feature"": ""disk_read_bytes"", ""value"": 24276.84, ""z"": 1.414}, {""feature"": ""process_fork_count"", ""value"": 1.191, ""z"": 1.363}]"
2026-05-27T03:13:08Z,mock-node,default,mock-pod,app,0.459177,False,"[{""feature"": ""network_tx_bytes"", ""value"": 53193.357, ""z"": 2.223}, {""feature"": ""syscall_write_rate"", ""value"": 117.001, ""z"": 2.041}, {""feature"": ""tcp_retransmit_rate"", ""value"": 0.256, ""z"": 1.89}]"
2026-05-27T03:13:18Z,mock-node,default,mock-pod,app,0.659211,False,"[{""feature"": ""syscall_write_rate"", ""value"": 58.682, ""z"": -2.38}, {""feature"": ""network_rx_bytes"", ""value"": 35054.664, ""z"": -1.907}, {""feature"": ""tcp_retransmit_rate"", ""value"": 0.255, ""z"": 1.857}]"
2026-05-27T03:13:28Z,mock-node,default,mock-pod,app,0.32391,False,"[{""feature"": ""process_fork_count"", ""value"": 1.261, ""z"": 1.847}, {""feature"": ""network_tx_bytes"", ""value"": 50820.209, ""z"": 1.823}, {""feature"": ""syscall_write_rate"", ""value"": 105.841, ""z"": 1.195}]"
2026-05-27T03:13:38Z,mock-node,default,mock-pod,app,0.549811,False,"[{""feature"": ""disk_write_bytes"", ""value"": 8483.435, ""z"": -2.894}, {""feature"": ""process_fork_count"", ""value"": 1.24, ""z"": 1.702}, {""feature"": ""tcp_connect_rate"", ""value"": 3.728, ""z"": -1.648}]"
2026-05-27T03:13:48Z,mock-node,default,mock-pod,app,0.324604,False,"[{""feature"": ""process_fork_count"", ""value"": 1.301, ""z"": 2.124}, {""feature"": ""tcp_retransmit_rate"", ""value"": 0.159, ""z"": -1.368}, {""feature"": ""process_exec_count"", ""value"": 0.849, ""z"": -1.054}]"
2026-05-27T03:13:58Z,mock-node,default,mock-pod,app,0.439057,False,"[{""feature"": ""disk_read_bytes"", ""value"": 14527.168, ""z"": -1.91}, {""feature"": ""tcp_retransmit_rate"", ""value"": 0.254, ""z"": 1.823}, {""feature"": ""disk_io_latency_ms"", ""value"": 2.349, ""z"": 1.135}]"
2026-05-27T03:14:08Z,mock-node,default,mock-pod,app,0.224174,False,"[{""feature"": ""disk_write_bytes"", ""value"": 18899.524, ""z"": 1.785}, {""feature"": ""tcp_connect_rate"", ""value"": 5.748, ""z"": 1.03}, {""feature"": ""network_rx_bytes"", ""value"": 57395.181, ""z"": 0.919}]"
2026-05-27T03:14:18Z,mock-node,default,mock-pod,app,0.610609,False,"[{""feature"": ""context_switch_count"", ""value"": 570.422, ""z"": -1.992}, {""feature"": ""process_exec_count"", ""value"": 1.263, ""z"": 1.805}, {""feature"": ""disk_io_latency_ms"", ""value"": 2.495, ""z"": 1.618}]"
2026-05-27T03:14:28Z,mock-node,default,mock-pod,app,0.245296,False,"[{""feature"": ""syscall_read_rate"", ""value"": 191.309, ""z"": 1.837}, {""feature"": ""tcp_retransmit_rate"", ""value"": 0.234, ""z"": 1.151}, {""feature"": ""network_rx_bytes"", ""value"": 58811.449, ""z"": 1.098}]"
2026-05-27T03:14:38Z,mock-node,default,mock-pod,app,0.359522,False,"[{""feature"": ""syscall_open_rate"", ""value"": 26.791, ""z"": 2.225}, {""feature"": ""process_fork_count"", ""value"": 0.796, ""z"": -1.369}, {""feature"": ""disk_read_bytes"", ""value"": 24061.772, ""z"": 1.34}]"
2026-05-27T03:14:48Z,mock-node,default,mock-pod,app,0.211645,False,"[{""feature"": ""syscall_read_rate"", ""value"": 178.057, ""z"": 1.249}, {""feature"": ""disk_write_bytes"", ""value"": 12361.929, ""z"": -1.152}, {""feature"": ""network_rx_bytes"", ""value"": 58130.313, ""z"": 1.012}]"
2026-05-27T03:14:58Z,mock-node,default,mock-pod,app,0.237203,False,"[{""feature"": ""syscall_write_rate"", ""value"": 113.898, ""z"": 1.806}, {""feature"": ""network_tx_bytes"", ""value"": 32896.762, ""z"": -1.196}, {""feature"": ""network_rx_bytes"", ""value"": 58112.673, ""z"": 1.009}]"
2026-05-27T03:15:08Z,mock-node,default,mock-pod,app,0.397115,False,"[{""feature"": ""network_rx_bytes"", ""value"": 35068.94, ""z"": -1.905}, {""feature"": ""tcp_retransmit_rate"", ""value"": 0.251, ""z"": 1.722}, {""feature"": ""syscall_write_rate"", ""value"": 107.079, ""z"": 1.289}]"
2026-05-27T03:15:18Z,mock-node,default,mock-pod,app,0.354698,False,"[{""feature"": ""syscall_write_rate"", ""value"": 51.436, ""z"": -2.929}, {""feature"": ""tcp_retransmit_rate"", ""value"": 0.228, ""z"": 0.95}, {""feature"": ""context_switch_count"", ""value"": 695.438, ""z"": -0.931}]"
2026-05-27T03:15:28Z,mock-node,default,mock-pod,app,0.50065,False,"[{""feature"": ""syscall_open_rate"", ""value"": 13.83, ""z"": -2.067}, {""feature"": ""syscall_read_rate"", ""value"": 194.483, ""z"": 1.978}, {""feature"": ""process_exec_count"", ""value"": 0.783, ""z"": -1.51}]"
2026-05-27T03:15:38Z,mock-node,default,mock-pod,app,0.165153,False,"[{""feature"": ""syscall_read_rate"", ""value"": 189.815, ""z"": 1.771}, {""feature"": ""syscall_open_rate"", ""value"": 16.432, ""z"": -1.205}, {""feature"": ""network_rx_bytes"", ""value"": 43371.399, ""z"": -0.855}]"
2026-05-27T03:15:48Z,mock-node,default,mock-pod,app,0.079226,False,"[{""feature"": ""disk_read_bytes"", ""value"": 16641.815, ""z"": -1.189}, {""feature"": ""process_fork_count"", ""value"": 0.826, ""z"": -1.162}, {""feature"": ""network_tx_bytes"", ""value"": 34685.269, ""z"": -0.895}]"
2026-05-27T03:15:58Z,mock-node,default,mock-pod,app,0.314546,False,"[{""feature"": ""process_exec_count"", ""value"": 1.28, ""z"": 1.922}, {""feature"": ""tcp_connect_rate"", ""value"": 3.879, ""z"": -1.448}, {""feature"": ""process_fork_count"", ""value"": 0.815, ""z"": -1.238}]"
2026-05-27T03:16:08Z,mock-node,default,mock-pod,app,0.547408,False,"[{""feature"": ""tcp_connect_rate"", ""value"": 3.467, ""z"": -1.995}, {""feature"": ""process_exec_count"", ""value"": 0.727, ""z"": -1.897}, {""feature"": ""network_tx_bytes"", ""value"": 48616.25, ""z"": 1.452}]"
2026-05-27T03:16:18Z,mock-node,default,mock-pod,app,0.283851,False,"[{""feature"": ""tcp_connect_rate"", ""value"": 3.745, ""z"": -1.626}, {""feature"": ""syscall_write_rate"", ""value"": 71.925, ""z"": -1.376}, {""feature"": ""syscall_open_rate"", ""value"": 23.958, ""z"": 1.287}]"
2026-05-27T03:16:28Z,mock-node,default,mock-pod,app,0.578093,False,"[{""feature"": ""network_rx_bytes"", ""value"": 70458.871, ""z"": 2.571}, {""feature"": ""process_exec_count"", ""value"": 1.329, ""z"": 2.26}, {""feature"": ""syscall_read_rate"", ""value"": 117.49, ""z"": -1.438}]"
2026-05-27T03:16:38Z,mock-node,default,mock-pod,app,0.525496,False,"[{""feature"": ""tcp_retransmit_rate"", ""value"": 0.136, ""z"": -2.14}, {""feature"": ""syscall_write_rate"", ""value"": 64.408, ""z"": -1.946}, {""feature"": ""context_switch_count"", ""value"": 984.175, ""z"": 1.521}]"
2026-05-27T03:16:48Z,mock-node,default,mock-pod,app,0.181029,False,"[{""feature"": ""disk_write_bytes"", ""value"": 18743.975, ""z"": 1.716}, {""feature"": ""syscall_read_rate"", ""value"": 185.115, ""z"": 1.562}, {""feature"": ""tcp_connect_rate"", ""value"": 4.38, ""z"": -0.784}]"
2026-05-27T03:16:58Z,mock-node,default,mock-pod,app,0.349433,False,"[{""feature"": ""process_fork_count"", ""value"": 0.736, ""z"": -1.784}, {""feature"": ""disk_io_latency_ms"", ""value"": 2.455, ""z"": 1.486}, {""feature"": ""disk_read_bytes"", ""value"": 23940.457, ""z"": 1.299}]"
2026-05-27T03:17:08Z,mock-node,default,mock-pod,app,0.671854,False,"[{""feature"": ""process_fork_count"", ""value"": 0.627, ""z"": -2.538}, {""feature"": ""syscall_write_rate"", ""value"": 63.481, ""z"": -2.016}, {""feature"": ""disk_read_bytes"", ""value"": 24236.767, ""z"": 1.4}]"
2026-05-27T03:17:18Z,mock-node,default,mock-pod,app,0.323199,False,"[{""feature"": ""syscall_write_rate"", ""value"": 53.706, ""z"": -2.757}, {""feature"": ""process_exec_count"", ""value"": 0.847, ""z"": -1.068}, {""feature"": ""network_tx_bytes"", ""value"": 34364.032, ""z"": -0.949}]"
2026-05-27T03:17:28Z,mock-node,default,mock-pod,app,0.323081,False,"[{""feature"": ""disk_io_latency_ms"", ""value"": 1.494, ""z"": -1.69}, {""feature"": ""syscall_open_rate"", ""value"": 15.548, ""z"": -1.498}, {""feature"": ""tcp_connect_rate"", ""value"": 3.918, ""z"": -1.397}]"
2026-05-27T03:17:38Z,mock-node,default,mock-pod,app,0.283953,False,"[{""feature"": ""network_rx_bytes"", ""value"": 27790.893, ""z"": -2.825}, {""feature"": ""syscall_read_rate"", ""value"": 174.954, ""z"": 1.111}, {""feature"": ""disk_write_bytes"", ""value"": 12982.169, ""z"": -0.873}]"
2026-05-27T03:17:48Z,mock-node,default,mock-pod,app,0.482782,False,"[{""feature"": ""disk_read_bytes"", ""value"": 15040.224, ""z"": -1.735}, {""feature"": ""syscall_write_rate"", ""value"": 67.785, ""z"": -1.69}, {""feature"": ""tcp_connect_rate"", ""value"": 3.947, ""z"": -1.358}]"
2026-05-27T03:17:58Z,mock-node,default,mock-pod,app,0.431036,False,"[{""feature"": ""process_fork_count"", ""value"": 0.705, ""z"": -1.999}, {""feature"": ""syscall_open_rate"", ""value"": 24.836, ""z"": 1.577}, {""feature"": ""network_rx_bytes"", ""value"": 39461.963, ""z"": -1.349}]"
2026-05-27T03:18:08Z,mock-node,default,mock-pod,app,0.301001,False,"[{""feature"": ""process_fork_count"", ""value"": 0.638, ""z"": -2.462}, {""feature"": ""network_rx_bytes"", ""value"": 37631.535, ""z"": -1.581}, {""feature"": ""syscall_open_rate"", ""value"": 17.005, ""z"": -1.016}]"
2026-05-27T03:18:18Z,mock-node,default,mock-pod,app,0.331734,False,"[{""feature"": ""disk_write_bytes"", ""value"": 18779.67, ""z"": 1.732}, {""feature"": ""context_switch_count"", ""value"": 604.464, ""z"": -1.703}, {""feature"": ""tcp_connect_rate"", ""value"": 4.052, ""z"": -1.219}]"
2026-05-27T03:18:28Z,mock-node,default,mock-pod,app,0.402274,False,"[{""feature"": ""tcp_retransmit_rate"", ""value"": 0.146, ""z"": -1.804}, {""feature"": ""process_exec_count"", ""value"": 1.234, ""z"": 1.604}, {""feature"": ""network_tx_bytes"", ""value"": 48166.727, ""z"": 1.376}]"
2026-05-27T03:18:38Z,mock-node,default,mock-pod,app,0.655838,False,"[{""feature"": ""syscall_write_rate"", ""value"": 124.254, ""z"": 2.591}, {""feature"": ""tcp_retransmit_rate"", ""value"": 0.263, ""z"": 2.126}, {""feature"": ""tcp_connect_rate"", ""value"": 3.608, ""z"": -1.808}]"
2026-05-27T03:18:48Z,mock-node,default,mock-pod,app,0.323591,False,"[{""feature"": ""tcp_connect_rate"", ""value"": 6.035, ""z"": 1.41}, {""feature"": ""context_switch_count"", ""value"": 953.387, ""z"": 1.259}, {""feature"": ""process_exec_count"", ""value"": 1.181, ""z"": 1.238}]"
2026-05-27T03:18:58Z,mock-node,default,mock-pod,app,0.234171,False,"[{""feature"": ""process_exec_count"", ""value"": 0.743, ""z"": -1.786}, {""feature"": ""syscall_write_rate"", ""value"": 111.447, ""z"": 1.62}, {""feature"": ""process_fork_count"", ""value"": 0.819, ""z"": -1.21}]"
2026-05-27T03:19:08Z,mock-node,default,mock-pod,app,0.417276,False,"[{""feature"": ""syscall_open_rate"", ""value"": 14.719, ""z"": -1.772}, {""feature"": ""network_tx_bytes"", ""value"": 49568.243, ""z"": 1.612}, {""feature"": ""tcp_connect_rate"", ""value"": 6.008, ""z"": 1.375}]"
2026-05-27T03:19:18Z,mock-node,default,mock-pod,app,0.176848,False,"[{""feature"": ""disk_write_bytes"", ""value"": 10897.076, ""z"": -1.81}, {""feature"": ""disk_io_latency_ms"", ""value"": 1.635, ""z"": -1.224}, {""feature"": ""tcp_connect_rate"", ""value"": 4.244, ""z"": -0.964}]"
2026-05-27T03:19:28Z,mock-node,default,mock-pod,app,0.440411,False,"[{""feature"": ""tcp_connect_rate"", ""value"": 3.528, ""z"": -1.914}, {""feature"": ""syscall_read_rate"", ""value"": 107.536, ""z"": -1.879}, {""feature"": ""network_rx_bytes"", ""value"": 37508.547, ""z"": -1.596}]"
2026-05-27T03:19:38Z,mock-node,default,mock-pod,app,0.199246,False,"[{""feature"": ""network_rx_bytes"", ""value"": 36225.688, ""z"": -1.759}, {""feature"": ""tcp_retransmit_rate"", ""value"": 0.235, ""z"": 1.185}, {""feature"": ""syscall_read_rate"", ""value"": 170.581, ""z"": 0.917}]"
2026-05-27T03:19:48Z,mock-node,default,mock-pod,app,0.705458,False,"[{""feature"": ""process_fork_count"", ""value"": 1.326, ""z"": 2.297}, {""feature"": ""disk_write_bytes"", ""value"": 10637.652, ""z"": -1.927}, {""feature"": ""disk_read_bytes"", ""value"": 14610.63, ""z"": -1.881}]"
2026-05-27T03:19:58Z,mock-node,default,mock-pod,app,0.315137,False,"[{""feature"": ""disk_io_latency_ms"", ""value"": 2.587, ""z"": 1.922}, {""feature"": ""process_exec_count"", ""value"": 0.804, ""z"": -1.365}, {""feature"": ""syscall_open_rate"", ""value"": 16.967, ""z"": -1.028}]"
2026-05-27T03:20:08Z,mock-node,default,mock-pod,app,0.648648,False,"[{""feature"": ""tcp_retransmit_rate"", ""value"": 0.282, ""z"": 2.764}, {""feature"": ""network_tx_bytes"", ""value"": 50923.443, ""z"": 1.841}, {""feature"": ""syscall_open_rate"", ""value"": 15.071, ""z"": -1.656}]"
2026-05-27T03:20:18Z,mock-node,default,mock-pod,app,0.426335,False,"[{""feature"": ""syscall_write_rate"", ""value"": 118.409, ""z"": 2.148}, {""feature"": ""syscall_read_rate"", ""value"": 105.396, ""z"": -1.974}, {""feature"": ""network_tx_bytes"", ""value"": 32557.945, ""z"": -1.253}]"
2026-05-27T03:20:28Z,mock-node,default,mock-pod,app,0.343997,False,"[{""feature"": ""disk_write_bytes"", ""value"": 10851.682, ""z"": -1.83}, {""feature"": ""network_tx_bytes"", ""value"": 47781.827, ""z"": 1.311}, {""feature"": ""context_switch_count"", ""value"": 953.103, ""z"": 1.257}]"
2026-05-27T03:20:38Z,mock-node,default,mock-pod,app,0.586104,False,"[{""feature"": ""tcp_connect_rate"", ""value"": 3.165, ""z"": -2.395}, {""feature"": ""context_switch_count"", ""value"": 550.62, ""z"": -2.161}, {""feature"": ""disk_write_bytes"", ""value"": 18576.842, ""z"": 1.64}]"
2026-05-27T03:20:48Z,mock-node,default,mock-pod,app,0.198821,False,"[{""feature"": ""disk_io_latency_ms"", ""value"": 2.531, ""z"": 1.737}, {""feature"": ""disk_write_bytes"", ""value"": 17430.166, ""z"": 1.125}, {""feature"": ""tcp_retransmit_rate"", ""value"": 0.224, ""z"": 0.816}]"
2026-05-27T03:20:58Z,mock-node,default,mock-pod,app,0.83767,True,"[{""feature"": ""process_exec_count"", ""value"": 1.38, ""z"": 2.613}, {""feature"": ""context_switch_count"", ""value"": 537.037, ""z"": -2.276}, {""feature"": ""disk_read_bytes"", ""value"": 25350.865, ""z"": 1.78}]"
2026-05-27T03:21:08Z,mock-node,default,mock-pod,app,1.0,True,"[{""feature"": ""disk_io_latency_ms"", ""value"": 1.165, ""z"": -2.777}, {""feature"": ""syscall_write_rate"", ""value"": 122.079, ""z"": 2.426}, {""feature"": ""tcp_retransmit_rate"", ""value"": 0.137, ""z"": -2.107}]"
2026-05-27T03:21:18Z,mock-node,default,mock-pod,app,0.172116,False,"[{""feature"": ""syscall_open_rate"", ""value"": 24.029, ""z"": 1.31}, {""feature"": ""network_tx_bytes"", ""value"": 47335.413, ""z"": 1.236}, {""feature"": ""process_fork_count"", ""value"": 0.822, ""z"": -1.189}]"
2026-05-27T03:21:28Z,mock-node,default,mock-pod,app,0.101455,False,"[{""feature"": ""syscall_write_rate"", ""value"": 71.527, ""z"": -1.406}, {""feature"": ""process_exec_count"", ""value"": 0.865, ""z"": -0.944}, {""feature"": ""disk_io_latency_ms"", ""value"": 1.753, ""z"": -0.834}]"
2026-05-27T03:21:38Z,mock-node,default,mock-pod,app,0.512341,False,"[{""feature"": ""disk_io_latency_ms"", ""value"": 2.618, ""z"": 2.024}, {""feature"": ""tcp_connect_rate"", ""value"": 6.323, ""z"": 1.792}, {""feature"": ""process_exec_count"", ""value"": 0.755, ""z"": -1.703}]"
2026-05-27T03:21:48Z,mock-node,default,mock-pod,app,0.366487,False,"[{""feature"": ""network_tx_bytes"", ""value"": 29121.46, ""z"": -1.832}, {""feature"": ""tcp_connect_rate"", ""value"": 6.262, ""z"": 1.711}, {""feature"": ""process_exec_count"", ""value"": 1.237, ""z"": 1.625}]"
2026-05-27T03:21:58Z,mock-node,default,mock-pod,app,0.132003,False,"[{""feature"": ""syscall_open_rate"", ""value"": 23.962, ""z"": 1.288}, {""feature"": ""tcp_connect_rate"", ""value"": 4.101, ""z"": -1.154}, {""feature"": ""syscall_read_rate"", ""value"": 127.194, ""z"": -1.007}]"
2026-05-27T03:22:08Z,mock-node,default,mock-pod,app,0.593797,False,"[{""feature"": ""process_exec_count"", ""value"": 0.663, ""z"": -2.339}, {""feature"": ""disk_read_bytes"", ""value"": 16299.162, ""z"": -1.306}, {""feature"": ""syscall_write_rate"", ""value"": 106.988, ""z"": 1.282}]"
2026-05-27T03:22:18Z,mock-node,default,mock-pod,app,0.70635,False,"[{""feature"": ""tcp_retransmit_rate"", ""value"": 0.122, ""z"": -2.61}, {""feature"": ""context_switch_count"", ""value"": 569.824, ""z"": -1.998}, {""feature"": ""disk_write_bytes"", ""value"": 18670.668, ""z"": 1.683}]"
2026-05-27T03:22:28Z,mock-node,default,mock-pod,app,0.663749,False,"[{""feature"": ""tcp_connect_rate"", ""value"": 6.374, ""z"": 1.86}, {""feature"": ""disk_read_bytes"", ""value"": 14785.116, ""z"": -1.822}, {""feature"": ""tcp_retransmit_rate"", ""value"": 0.159, ""z"": -1.368}]"
2026-05-27T03:22:38Z,mock-node,default,mock-pod,app,0.294675,False,"[{""feature"": ""disk_read_bytes"", ""value"": 25913.969, ""z"": 1.972}, {""feature"": ""context_switch_count"", ""value"": 603.907, ""z"": -1.708}, {""feature"": ""tcp_connect_rate"", ""value"": 5.615, ""z"": 0.853}]"
2026-05-27T03:22:48Z,mock-node,default,mock-pod,app,0.20343,False,"[{""feature"": ""disk_read_bytes"", ""value"": 24685.084, ""z"": 1.553}, {""feature"": ""network_tx_bytes"", ""value"": 33186.829, ""z"": -1.147}, {""feature"": ""tcp_retransmit_rate"", ""value"": 0.166, ""z"": -1.132}]"
2026-05-27T03:22:58Z,mock-node,default,mock-pod,app,0.803672,False,"[{""feature"": ""disk_write_bytes"", ""value"": 9323.159, ""z"": -2.517}, {""feature"": ""syscall_open_rate"", ""value"": 12.662, ""z"": -2.454}, {""feature"": ""disk_io_latency_ms"", ""value"": 1.359, ""z"": -2.136}]"
2026-05-27T03:23:08Z,mock-node,default,mock-pod,app,0.340552,False,"[{""feature"": ""syscall_read_rate"", ""value"": 194.647, ""z"": 1.985}, {""feature"": ""disk_io_latency_ms"", ""value"": 1.472, ""z"": -1.762}, {""feature"": ""context_switch_count"", ""value"": 635.73, ""z"": -1.438}]"
2026-05-27T03:23:18Z,mock-node,default,mock-pod,app,0.264425,False,"[{""feature"": ""process_exec_count"", ""value"": 0.754, ""z"": -1.71}, {""feature"": ""process_fork_count"", ""value"": 1.213, ""z"": 1.515}, {""feature"": ""syscall_open_rate"", ""value"": 16.569, ""z"": -1.16}]"
2026-05-27T03:23:28Z,mock-node,default,mock-pod,app,0.325799,False,"[{""feature"": ""network_rx_bytes"", ""value"": 34094.3, ""z"": -2.028}, {""feature"": ""syscall_write_rate"", ""value"": 65.544, ""z"": -1.86}, {""feature"": ""syscall_read_rate"", ""value"": 176.017, ""z"": 1.158}]"
2026-05-27T03:23:38Z,mock-node,default,mock-pod,app,0.550674,False,"[{""feature"": ""syscall_open_rate"", ""value"": 27.054, ""z"": 2.312}, {""feature"": ""process_fork_count"", ""value"": 1.232, ""z"": 1.647}, {""feature"": ""network_tx_bytes"", ""value"": 30571.263, ""z"": -1.588}]"
2026-05-27T03:23:48Z,mock-node,default,mock-pod,app,0.396642,False,"[{""feature"": ""tcp_connect_rate"", ""value"": 3.45, ""z"": -2.017}, {""feature"": ""process_exec_count"", ""value"": 1.227, ""z"": 1.556}, {""feature"": ""tcp_retransmit_rate"", ""value"": 0.156, ""z"": -1.468}]"
2026-05-27T03:23:58Z,mock-node,default,mock-pod,app,0.37148,False,"[{""feature"": ""network_rx_bytes"", ""value"": 64021.377, ""z"": 1.757}, {""feature"": ""process_fork_count"", ""value"": 0.799, ""z"": -1.348}, {""feature"": ""disk_read_bytes"", ""value"": 16514.701, ""z"": -1.232}]"
2026-05-27T03:24:08Z,mock-node,default,mock-pod,app,0.234586,False,"[{""feature"": ""syscall_read_rate"", ""value"": 106.126, ""z"": -1.942}, {""feature"": ""process_exec_count"", ""value"": 0.815, ""z"": -1.289}, {""feature"": ""syscall_open_rate"", ""value"": 23.209, ""z"": 1.039}]"
2026-05-27T03:24:18Z,mock-node,default,mock-pod,app,0.371433,False,"[{""feature"": ""process_fork_count"", ""value"": 0.606, ""z"": -2.683}, {""feature"": ""disk_read_bytes"", ""value"": 23899.263, ""z"": 1.285}, {""feature"": ""process_exec_count"", ""value"": 0.817, ""z"": -1.275}]"
2026-05-27T03:24:28Z,mock-node,default,mock-pod,app,0.186949,False,"[{""feature"": ""network_tx_bytes"", ""value"": 50286.297, ""z"": 1.733}, {""feature"": ""disk_io_latency_ms"", ""value"": 2.426, ""z"": 1.39}, {""feature"": ""syscall_read_rate"", ""value"": 175.647, ""z"": 1.142}]"
2026-05-27T03:24:38Z,mock-node,default,mock-pod,app,0.278045,False,"[{""feature"": ""tcp_retransmit_rate"", ""value"": 0.144, ""z"": -1.871}, {""feature"": ""network_rx_bytes"", ""value"": 60329.698, ""z"": 1.29}, {""feature"": ""process_exec_count"", ""value"": 0.868, ""z"": -0.923}]"
2026-05-27T03:24:48Z,mock-node,default,mock-pod,app,0.338455,False,"[{""feature"": ""syscall_open_rate"", ""value"": 15.946, ""z"": -1.366}, {""feature"": ""disk_io_latency_ms"", ""value"": 1.619, ""z"": -1.277}, {""feature"": ""disk_write_bytes"", ""value"": 12173.866, ""z"": -1.236}]"
2026-05-27T03:24:58Z,mock-node,default,mock-pod,app,0.076951,False,"[{""feature"": ""process_fork_count"", ""value"": 1.183, ""z"": 1.308}, {""feature"": ""syscall_read_rate"", ""value"": 175.565, ""z"": 1.138}, {""feature"": ""context_switch_count"", ""value"": 679.778, ""z"": -1.064}]"
2026-05-27T03:25:08Z,mock-node,default,mock-pod,app,0.30515,False,"[{""feature"": ""network_rx_bytes"", ""value"": 36114.848, ""z"": -1.773}, {""feature"": ""disk_write_bytes"", ""value"": 11630.433, ""z"": -1.48}, {""feature"": ""tcp_retransmit_rate"", ""value"": 0.169, ""z"": -1.032}]"
2026-05-27T03:25:18Z,mock-node,default,mock-pod,app,0.494664,False,"[{""feature"": ""disk_read_bytes"", ""value"": 25400.457, ""z"": 1.797}, {""feature"": ""disk_io_latency_ms"", ""value"": 2.492, ""z"": 1.608}, {""feature"": ""network_rx_bytes"", ""value"": 37781.887, ""z"": -1.562}]"
2026-05-27T03:25:28Z,mock-node,default,mock-pod,app,0.44278,False,"[{""feature"": ""network_rx_bytes"", ""value"": 68479.612, ""z"": 2.32}, {""feature"": ""syscall_open_rate"", ""value"": 24.414, ""z"": 1.438}, {""feature"": ""tcp_retransmit_rate"", ""value"": 0.161, ""z"": -1.3}]"
2026-05-27T03:25:38Z,mock-node,default,mock-pod,app,0.407264,False,"[{""feature"": ""syscall_open_rate"", ""value"": 13.831, ""z"": -2.067}, {""feature"": ""disk_write_bytes"", ""value"": 18414.925, ""z"": 1.568}, {""feature"": ""syscall_write_rate"", ""value"": 72.067, ""z"": -1.365}]"
2026-05-27T03:25:48Z,mock-node,default,mock-pod,app,0.530948,False,"[{""feature"": ""tcp_retransmit_rate"", ""value"": 0.285, ""z"": 2.864}, {""feature"": ""process_exec_count"", ""value"": 1.273, ""z"": 1.874}, {""feature"": ""disk_write_bytes"", ""value"": 11056.212, ""z"": -1.738}]"
2026-05-27T03:25:58Z,mock-node,default,mock-pod,app,0.511792,False,"[{""feature"": ""tcp_connect_rate"", ""value"": 3.353, ""z"": -2.146}, {""feature"": ""network_rx_bytes"", ""value"": 64217.224, ""z"": 1.781}, {""feature"": ""disk_write_bytes"", ""value"": 18868.018, ""z"": 1.771}]"
2026-05-27T03:26:08Z,mock-node,default,mock-pod,app,0.310702,False,"[{""feature"": ""disk_write_bytes"", ""value"": 10802.659, ""z"": -1.852}, {""feature"": ""tcp_retransmit_rate"", ""value"": 0.16, ""z"": -1.334}, {""feature"": ""process_exec_count"", ""value"": 1.19, ""z"": 1.301}]"
2026-05-27T03:26:18Z,mock-node,default,mock-pod,app,0.723818,False,"[{""feature"": ""syscall_write_rate"", ""value"": 54.42, ""z"": -2.703}, {""feature"": ""syscall_open_rate"", ""value"": 26.341, ""z"": 2.076}, {""feature"": ""process_exec_count"", ""value"": 1.215, ""z"": 1.473}]"
2026-05-27T03:26:28Z,mock-node,default,mock-pod,app,0.392487,False,"[{""feature"": ""disk_io_latency_ms"", ""value"": 2.514, ""z"": 1.681}, {""feature"": ""tcp_retransmit_rate"", ""value"": 0.152, ""z"": -1.603}, {""feature"": ""disk_read_bytes"", ""value"": 16230.049, ""z"": -1.329}]"
2026-05-27T03:26:38Z,mock-node,default,mock-pod,app,0.543589,False,"[{""feature"": ""process_fork_count"", ""value"": 0.677, ""z"": -2.192}, {""feature"": ""disk_io_latency_ms"", ""value"": 2.665, ""z"": 2.18}, {""feature"": ""disk_write_bytes"", ""value"": 18367.662, ""z"": 1.546}]"
2026-05-27T03:26:48Z,mock-node,default,mock-pod,app,0.419124,False,"[{""feature"": ""disk_write_bytes"", ""value"": 8977.403, ""z"": -2.672}, {""feature"": ""syscall_open_rate"", ""value"": 16.351, ""z"": -1.232}, {""feature"": ""disk_io_latency_ms"", ""value"": 2.369, ""z"": 1.202}]"
2026-05-27T03:26:58Z,mock-node,default,mock-pod,app,0.497634,False,"[{""feature"": ""syscall_write_rate"", ""value"": 58.787, ""z"": -2.372}, {""feature"": ""network_tx_bytes"", ""value"": 30418.462, ""z"": -1.613}, {""feature"": ""disk_write_bytes"", ""value"": 18323.325, ""z"": 1.527}]"
2026-05-27T03:27:08Z,mock-node,default,mock-pod,app,0.459437,False,"[{""feature"": ""process_fork_count"", ""value"": 1.373, ""z"": 2.622}, {""feature"": ""syscall_open_rate"", ""value"": 25.216, ""z"": 1.703}, {""feature"": ""tcp_connect_rate"", ""value"": 5.79, ""z"": 1.085}]"
2026-05-27T03:27:18Z,mock-node,default,mock-pod,app,0.240713,False,"[{""feature"": ""tcp_retransmit_rate"", ""value"": 0.247, ""z"": 1.588}, {""feature"": ""syscall_open_rate"", ""value"": 16.521, ""z"": -1.176}, {""feature"": ""disk_read_bytes"", ""value"": 23374.221, ""z"": 1.106}]"
2026-05-27T03:27:28Z,mock-node,default,mock-pod,app,0.269067,False,"[{""feature"": ""syscall_open_rate"", ""value"": 25.265, ""z"": 1.72}, {""feature"": ""network_rx_bytes"", ""value"": 36781.034, ""z"": -1.688}, {""feature"": ""disk_write_bytes"", ""value"": 11919.01, ""z"": -1.351}]"
2026-05-27T03:27:38Z,mock-node,default,mock-pod,app,0.312133,False,"[{""feature"": ""process_exec_count"", ""value"": 0.725, ""z"": -1.91}, {""feature"": ""disk_read_bytes"", ""value"": 25094.628, ""z"": 1.692}, {""feature"": ""context_switch_count"", ""value"": 665.298, ""z"": -1.187}]"
2026-05-27T03:27:48Z,mock-node,default,mock-pod,app,0.091791,False,"[{""feature"": ""process_exec_count"", ""value"": 0.817, ""z"": -1.275}, {""feature"": ""disk_write_bytes"", ""value"": 12790.799, ""z"": -0.959}, {""feature"": ""process_fork_count"", ""value"": 1.128, ""z"": 0.927}]"
2026-05-27T03:27:58Z,mock-node,default,mock-pod,app,0.643548,False,"[{""feature"": ""network_rx_bytes"", ""value"": 31234.959, ""z"": -2.39}, {""feature"": ""context_switch_count"", ""value"": 990.968, ""z"": 1.578}, {""feature"": ""tcp_retransmit_rate"", ""value"": 0.154, ""z"": -1.536}]"
2026-05-27T03:28:08Z,mock-node,default,mock-pod,app,0.494195,False,"[{""feature"": ""tcp_retransmit_rate"", ""value"": 0.253, ""z"": 1.79}, {""feature"": ""disk_io_latency_ms"", ""value"": 2.526, ""z"": 1.72}, {""feature"": ""context_switch_count"", ""value"": 1001.104, ""z"": 1.664}]"
2026-05-27T03:28:18Z,mock-node,default,mock-pod,app,0.591409,False,"[{""feature"": ""process_fork_count"", ""value"": 0.732, ""z"": -1.812}, {""feature"": ""context_switch_count"", ""value"": 597.405, ""z"": -1.763}, {""feature"": ""disk_write_bytes"", ""value"": 18533.782, ""z"": 1.621}]"
2026-05-27T03:28:28Z,mock-node,default,mock-pod,app,0.28616,False,"[{""feature"": ""syscall_read_rate"", ""value"": 183.993, ""z"": 1.512}, {""feature"": ""context_switch_count"", ""value"": 970.115, ""z"": 1.401}, {""feature"": ""disk_io_latency_ms"", ""value"": 1.589, ""z"": -1.376}]"
2026-05-27T03:28:38Z,mock-node,default,mock-pod,app,0.680069,False,"[{""feature"": ""syscall_write_rate"", ""value"": 63.177, ""z"": -2.039}, {""feature"": ""syscall_open_rate"", ""value"": 14.102, ""z"": -1.977}, {""feature"": ""tcp_retransmit_rate"", ""value"": 0.25, ""z"": 1.689}]"
2026-05-27T03:28:48Z,mock-node,default,mock-pod,app,0.304069,False,"[{""feature"": ""tcp_connect_rate"", ""value"": 3.346, ""z"": -2.155}, {""feature"": ""syscall_open_rate"", ""value"": 25.442, ""z"": 1.778}, {""feature"": ""process_fork_count"", ""value"": 1.194, ""z"": 1.384}]"
2026-05-27T03:28:58Z,mock-node,default,mock-pod,app,0.593595,False,"[{""feature"": ""disk_write_bytes"", ""value"": 19495.27, ""z"": 2.053}, {""feature"": ""process_exec_count"", ""value"": 0.725, ""z"": -1.91}, {""feature"": ""network_tx_bytes"", ""value"": 50321.901, ""z"": 1.739}]"
2026-05-27T03:29:08Z,mock-node,default,mock-pod,app,0.737703,False,"[{""feature"": ""disk_read_bytes"", ""value"": 12477.558, ""z"": -2.609}, {""feature"": ""disk_write_bytes"", ""value"": 19302.926, ""z"": 1.967}, {""feature"": ""process_exec_count"", ""value"": 0.724, ""z"": -1.917}]"
2026-05-27T03:29:18Z,mock-node,default,mock-pod,app,0.252725,False,"[{""feature"": ""process_exec_count"", ""value"": 0.752, ""z"": -1.724}, {""feature"": ""network_tx_bytes"", ""value"": 32832.879, ""z"": -1.207}, {""feature"": ""syscall_open_rate"", ""value"": 23.487, ""z"": 1.131}]"
2026-05-27T03:29:28Z,mock-node,default,mock-pod,app,0.852843,True,"[{""feature"": ""tcp_connect_rate"", ""value"": 2.638, ""z"": -3.094}, {""feature"": ""disk_io_latency_ms"", ""value"": 2.644, ""z"": 2.11}, {""feature"": ""syscall_read_rate"", ""value"": 194.346, ""z"": 1.972}]"
2026-05-27T03:29:38Z,mock-node,default,mock-pod,app,0.241896,False,"[{""feature"": ""network_rx_bytes"", ""value"": 39135.223, ""z"": -1.391}, {""feature"": ""syscall_read_rate"", ""value"": 119.572, ""z"": -1.345}, {""feature"": ""tcp_retransmit_rate"", ""value"": 0.161, ""z"": -1.3}]"
2026-05-27T03:29:48Z,mock-node,default,mock-pod,app,0.66857,False,"[{""feature"": ""network_tx_bytes"", ""value"": 22175.389, ""z"": -3.002}, {""feature"": ""syscall_read_rate"", ""value"": 196.649, ""z"": 2.074}, {""feature"": ""context_switch_count"", ""value"": 637.33, ""z"": -1.424}]"
2026-05-27T03:29:58Z,mock-node,default,mock-pod,app,0.513347,False,"[{""feature"": ""syscall_write_rate"", ""value"": 125.451, ""z"": 2.681}, {""feature"": ""disk_read_bytes"", ""value"": 26175.723, ""z"": 2.061}, {""feature"": ""process_fork_count"", ""value"": 1.236, ""z"": 1.674}]"
2026-05-27T03:30:08Z,mock-node,default,mock-pod,app,0.455114,False,"[{""feature"": ""process_exec_count"", ""value"": 1.314, ""z"": 2.157}, {""feature"": ""network_tx_bytes"", ""value"": 28312.205, ""z"": -1.968}, {""feature"": ""network_rx_bytes"", ""value"": 64338.654, ""z"": 1.797}]"
2026-05-27T03:30:18Z,mock-node,default,mock-pod,app,0.213058,False,"[{""feature"": ""network_rx_bytes"", ""value"": 61442.659, ""z"": 1.43}, {""feature"": ""disk_write_bytes"", ""value"": 12177.479, ""z"": -1.235}, {""feature"": ""syscall_read_rate"", ""value"": 129.991, ""z"": -0.883}]"
2026-05-27T03:30:28Z,mock-node,default,mock-pod,app,0.394081,False,"[{""feature"": ""disk_read_bytes"", ""value"": 27225.014, ""z"": 2.418}, {""feature"": ""process_exec_count"", ""value"": 1.333, ""z"": 2.288}, {""feature"": ""disk_io_latency_ms"", ""value"": 1.607, ""z"": -1.316}]"
2026-05-27T03:30:38Z,mock-node,default,mock-pod,app,0.234917,False,"[{""feature"": ""network_tx_bytes"", ""value"": 50189.894, ""z"": 1.717}, {""feature"": ""disk_write_bytes"", ""value"": 18574.298, ""z"": 1.639}, {""feature"": ""process_exec_count"", ""value"": 1.179, ""z"": 1.225}]"
2026-05-27T03:30:48Z,mock-node,default,mock-pod,app,0.085851,False,"[{""feature"": ""tcp_connect_rate"", ""value"": 4.15, ""z"": -1.089}, {""feature"": ""syscall_write_rate"", ""value"": 77.015, ""z"": -0.99}, {""feature"": ""disk_io_latency_ms"", ""value"": 2.289, ""z"": 0.937}]"
2026-05-27T03:30:58Z,mock-node,default,mock-pod,app,0.352293,False,"[{""feature"": ""context_switch_count"", ""value"": 1016.482, ""z"": 1.795}, {""feature"": ""process_fork_count"", ""value"": 0.742, ""z"": -1.743}, {""feature"": ""syscall_open_rate"", ""value"": 16.877, ""z"": -1.058}]"
2026-05-27T03:31:08Z,mock-node,default,mock-pod,app,0.243473,False,"[{""feature"": ""disk_io_latency_ms"", ""value"": 1.443, ""z"": -1.858}, {""feature"": ""network_tx_bytes"", ""value"": 32880.749, ""z"": -1.199}, {""feature"": ""syscall_write_rate"", ""value"": 74.276, ""z"": -1.198}]"
2026-05-27T03:31:18Z,mock-node,default,mock-pod,app,0.321108,False,"[{""feature"": ""syscall_read_rate"", ""value"": 112.465, ""z"": -1.661}, {""feature"": ""process_exec_count"", ""value"": 0.782, ""z"": -1.517}, {""feature"": ""context_switch_count"", ""value"": 965.327, ""z"": 1.361}]"
2026-05-27T03:31:28Z,mock-node,default,mock-pod,app,0.260884,False,"[{""feature"": ""disk_read_bytes"", ""value"": 24998.936, ""z"": 1.66}, {""feature"": ""network_tx_bytes"", ""value"": 48257.142, ""z"": 1.392}, {""feature"": ""tcp_connect_rate"", ""value"": 4.007, ""z"": -1.279}]"
2026-05-27T03:31:38Z,mock-node,default,mock-pod,app,0.303238,False,"[{""feature"": ""syscall_read_rate"", ""value"": 116.485, ""z"": -1.482}, {""feature"": ""network_tx_bytes"", ""value"": 48619.837, ""z"": 1.453}, {""feature"": ""process_exec_count"", ""value"": 1.199, ""z"": 1.363}]"
2026-05-27T03:31:48Z,mock-node,default,mock-pod,app,0.309663,False,"[{""feature"": ""syscall_read_rate"", ""value"": 207.287, ""z"": 2.546}, {""feature"": ""tcp_retransmit_rate"", ""value"": 0.165, ""z"": -1.166}, {""feature"": ""disk_io_latency_ms"", ""value"": 1.671, ""z"": -1.105}]"
2026-05-27T03:31:58Z,mock-node,default,mock-pod,app,0.846035,True,"[{""feature"": ""disk_io_latency_ms"", ""value"": 2.739, ""z"": 2.424}, {""feature"": ""syscall_write_rate"", ""value"": 120.172, ""z"": 2.281}, {""feature"": ""process_fork_count"", ""value"": 0.692, ""z"": -2.089}]"
2026-05-27T03:32:08Z,mock-node,default,mock-pod,app,0.148555,False,"[{""feature"": ""process_exec_count"", ""value"": 1.186, ""z"": 1.273}, {""feature"": ""syscall_open_rate"", ""value"": 23.296, ""z"": 1.068}, {""feature"": ""network_tx_bytes"", ""value"": 45532.369, ""z"": 0.933}]"
2026-05-27T03:32:18Z,mock-node,default,mock-pod,app,0.304588,False,"[{""feature"": ""network_tx_bytes"", ""value"": 27875.18, ""z"": -2.042}, {""feature"": ""disk_io_latency_ms"", ""value"": 1.501, ""z"": -1.666}, {""feature"": ""tcp_retransmit_rate"", ""value"": 0.23, ""z"": 1.017}]"
2026-05-27T03:32:28Z,mock-node,default,mock-pod,app,0.364486,False,"[{""feature"": ""network_rx_bytes"", ""value"": 68370.899, ""z"": 2.307}, {""feature"": ""disk_io_latency_ms"", ""value"": 2.45, ""z"": 1.469}, {""feature"": ""network_tx_bytes"", ""value"": 32223.336, ""z"": -1.309}]"
2026-05-27T03:32:38Z,mock-node,default,mock-pod,app,0.035522,False,"[{""feature"": ""syscall_read_rate"", ""value"": 177.915, ""z"": 1.243}, {""feature"": ""disk_read_bytes"", ""value"": 22387.915, ""z"": 0.77}, {""feature"": ""process_fork_count"", ""value"": 1.103, ""z"": 0.754}]"
2026-05-27T03:32:48Z,mock-node,default,mock-pod,app,0.134589,False,"[{""feature"": ""disk_write_bytes"", ""value"": 12062.588, ""z"": -1.286}, {""feature"": ""disk_read_bytes"", ""value"": 16765.709, ""z"": -1.147}, {""feature"": ""syscall_write_rate"", ""value"": 76.066, ""z"": -1.062}]"
2026-05-27T03:32:58Z,mock-node,default,mock-pod,app,0.376057,False,"[{""feature"": ""syscall_write_rate"", ""value"": 63.399, ""z"": -2.022}, {""feature"": ""tcp_connect_rate"", ""value"": 6.128, ""z"": 1.534}, {""feature"": ""process_fork_count"", ""value"": 0.786, ""z"": -1.438}]"
2026-05-27T03:33:08Z,mock-node,default,mock-pod,app,0.134226,False,"[{""feature"": ""tcp_connect_rate"", ""value"": 6.31, ""z"": 1.775}, {""feature"": ""disk_write_bytes"", ""value"": 17358.843, ""z"": 1.093}, {""feature"": ""network_tx_bytes"", ""value"": 44837.853, ""z"": 0.816}]"
2026-05-27T03:33:18Z,mock-node,default,mock-pod,app,0.556055,False,"[{""feature"": ""disk_io_latency_ms"", ""value"": 2.565, ""z"": 1.849}, {""feature"": ""process_exec_count"", ""value"": 1.237, ""z"": 1.625}, {""feature"": ""process_fork_count"", ""value"": 0.77, ""z"": -1.549}]"
2026-05-27T03:33:28Z,mock-node,default,mock-pod,app,0.434077,False,"[{""feature"": ""network_rx_bytes"", ""value"": 65228.678, ""z"": 1.909}, {""feature"": ""syscall_write_rate"", ""value"": 111.683, ""z"": 1.638}, {""feature"": ""network_tx_bytes"", ""value"": 33378.668, ""z"": -1.115}]"
2026-05-27T03:33:38Z,mock-node,default,mock-pod,app,0.180389,False,"[{""feature"": ""process_exec_count"", ""value"": 1.181, ""z"": 1.238}, {""feature"": ""tcp_connect_rate"", ""value"": 5.844, ""z"": 1.157}, {""feature"": ""tcp_retransmit_rate"", ""value"": 0.233, ""z"": 1.118}]"
2026-05-27T03:33:48Z,mock-node,default,mock-pod,app,0.480131,False,"[{""feature"": ""network_rx_bytes"", ""value"": 35123.404, ""z"": -1.898}, {""feature"": ""syscall_open_rate"", ""value"": 25.202, ""z"": 1.699}, {""feature"": ""disk_read_bytes"", ""value"": 25009.746, ""z"": 1.663}]"
2026-05-27T03:33:58Z,mock-node,default,mock-pod,app,0.436124,False,"[{""feature"": ""context_switch_count"", ""value"": 1012.58, ""z"": 1.762}, {""feature"": ""syscall_read_rate"", ""value"": 186.055, ""z"": 1.604}, {""feature"": ""disk_read_bytes"", ""value"": 15687.232, ""z"": -1.514}]"
2026-05-27T03:34:08Z,mock-node,default,mock-pod,app,0.561606,False,"[{""feature"": ""process_fork_count"", ""value"": 1.341, ""z"": 2.401}, {""feature"": ""tcp_connect_rate"", ""value"": 3.535, ""z"": -1.904}, {""feature"": ""tcp_retransmit_rate"", ""value"": 0.149, ""z"": -1.703}]"
2026-05-27T03:34:18Z,mock-node,default,mock-pod,app,0.358075,False,"[{""feature"": ""network_rx_bytes"", ""value"": 61570.025, ""z"": 1.447}, {""feature"": ""tcp_retransmit_rate"", ""value"": 0.157, ""z"": -1.435}, {""feature"": ""disk_io_latency_ms"", ""value"": 2.332, ""z"": 1.079}]"
2026-05-27T03:34:28Z,mock-node,default,mock-pod,app,0.261986,False,"[{""feature"": ""syscall_write_rate"", ""value"": 65.104, ""z"": -1.893}, {""feature"": ""process_exec_count"", ""value"": 1.245, ""z"": 1.68}, {""feature"": ""tcp_connect_rate"", ""value"": 4.256, ""z"": -0.948}]"
2026-05-27T03:34:38Z,mock-node,default,mock-pod,app,0.158192,False,"[{""feature"": ""process_fork_count"", ""value"": 1.164, ""z"": 1.176}, {""feature"": ""tcp_retransmit_rate"", ""value"": 0.165, ""z"": -1.166}, {""feature"": ""network_rx_bytes"", ""value"": 42819.849, ""z"": -0.925}]"
2026-05-27T03:34:48Z,mock-node,default,mock-pod,app,0.147987,False,"[{""feature"": ""context_switch_count"", ""value"": 979.218, ""z"": 1.479}, {""feature"": ""syscall_read_rate"", ""value"": 121.459, ""z"": -1.262}, {""feature"": ""tcp_retransmit_rate"", ""value"": 0.231, ""z"": 1.051}]"
2026-05-27T03:34:58Z,mock-node,default,mock-pod,app,0.588331,False,"[{""feature"": ""syscall_read_rate"", ""value"": 80.419, ""z"": -3.082}, {""feature"": ""syscall_open_rate"", ""value"": 15.018, ""z"": -1.673}, {""feature"": ""syscall_write_rate"", ""value"": 71.253, ""z"": -1.427}]"
2026-05-27T03:35:08Z,mock-node,default,mock-pod,app,0.367484,False,"[{""feature"": ""network_rx_bytes"", ""value"": 31648.078, ""z"": -2.337}, {""feature"": ""syscall_open_rate"", ""value"": 25.247, ""z"": 1.714}, {""feature"": ""disk_write_bytes"", ""value"": 18064.918, ""z"": 1.41}]"
2026-05-27T03:35:18Z,mock-node,default,mock-pod,app,0.5057,False,"[{""feature"": ""process_exec_count"", ""value"": 0.721, ""z"": -1.938}, {""feature"": ""syscall_open_rate"", ""value"": 16.398, ""z"": -1.217}, {""feature"": ""tcp_retransmit_rate"", ""value"": 0.165, ""z"": -1.166}]"
2026-05-27T03:35:28Z,mock-node,default,mock-pod,app,0.739777,False,"[{""feature"": ""syscall_open_rate"", ""value"": 13.067, ""z"": -2.32}, {""feature"": ""network_tx_bytes"", ""value"": 49862.977, ""z"": 1.662}, {""feature"": ""tcp_retransmit_rate"", ""value"": 0.249, ""z"": 1.655}]"
2026-05-27T03:35:38Z,mock-node,default,mock-pod,app,0.361343,False,"[{""feature"": ""disk_write_bytes"", ""value"": 18431.53, ""z"": 1.575}, {""feature"": ""tcp_retransmit_rate"", ""value"": 0.154, ""z"": -1.536}, {""feature"": ""syscall_open_rate"", ""value"": 23.792, ""z"": 1.232}]"
2026-05-27T03:35:48Z,mock-node,default,mock-pod,app,0.483552,False,"[{""feature"": ""disk_io_latency_ms"", ""value"": 1.276, ""z"": -2.41}, {""feature"": ""disk_write_bytes"", ""value"": 10154.446, ""z"": -2.144}, {""feature"": ""syscall_read_rate"", ""value"": 119.355, ""z"": -1.355}]"
2026-05-27T03:35:58Z,mock-node,default,mock-pod,app,0.239729,False,"[{""feature"": ""network_tx_bytes"", ""value"": 59011.895, ""z"": 3.203}, {""feature"": ""network_rx_bytes"", ""value"": 42613.655, ""z"": -0.951}, {""feature"": ""process_exec_count"", ""value"": 1.134, ""z"": 0.914}]"
2026-05-27T03:36:08Z,mock-node,default,mock-pod,app,0.320188,False,"[{""feature"": ""syscall_read_rate"", ""value"": 194.925, ""z"": 1.997}, {""feature"": ""disk_io_latency_ms"", ""value"": 2.386, ""z"": 1.258}, {""feature"": ""disk_write_bytes"", ""value"": 17724.379, ""z"": 1.257}]"
2026-05-27T03:36:18Z,mock-node,default,mock-pod,app,0.435792,False,"[{""feature"": ""process_exec_count"", ""value"": 0.734, ""z"": -1.848}, {""feature"": ""disk_write_bytes"", ""value"": 11161.473, ""z"": -1.691}, {""feature"": ""context_switch_count"", ""value"": 981.056, ""z"": 1.494}]"
2026-05-27T03:36:28Z,mock-node,default,mock-pod,app,0.35271,False,"[{""feature"": ""network_rx_bytes"", ""value"": 36065.033, ""z"": -1.779}, {""feature"": ""process_fork_count"", ""value"": 0.745, ""z"": -1.722}, {""feature"": ""context_switch_count"", ""value"": 969.236, ""z"": 1.394}]"
2026-05-27T03:36:38Z,mock-node,default,mock-pod,app,0.021838,False,"[{""feature"": ""network_rx_bytes"", ""value"": 40561.557, ""z"": -1.21}, {""feature"": ""process_fork_count"", ""value"": 0.869, ""z"": -0.864}, {""feature"": ""disk_write_bytes"", ""value"": 16462.449, ""z"": 0.69}]"
2026-05-27T03:36:48Z,mock-node,default,mock-pod,app,0.181291,False,"[{""feature"": ""disk_io_latency_ms"", ""value"": 2.376, ""z"": 1.225}, {""feature"": ""process_exec_count"", ""value"": 0.84, ""z"": -1.116}, {""feature"": ""disk_read_bytes"", ""value"": 16937.629, ""z"": -1.088}]"
2026-05-27T03:36:58Z,mock-node,default,mock-pod,app,0.453522,False,"[{""feature"": ""syscall_write_rate"", ""value"": 118.551, ""z"": 2.158}, {""feature"": ""network_tx_bytes"", ""value"": 28222.228, ""z"": -1.983}, {""feature"": ""syscall_read_rate"", ""value"": 186.456, ""z"": 1.622}]"
2026-05-27T03:37:08Z,mock-node,default,mock-pod,app,0.053005,False,"[{""feature"": ""process_fork_count"", ""value"": 0.837, ""z"": -1.086}, {""feature"": ""tcp_connect_rate"", ""value"": 4.188, ""z"": -1.039}, {""feature"": ""network_tx_bytes"", ""value"": 34909.523, ""z"": -0.857}]"
2026-05-27T03:37:18Z,mock-node,default,mock-pod,app,0.409069,False,"[{""feature"": ""network_rx_bytes"", ""value"": 33513.923, ""z"": -2.102}, {""feature"": ""network_tx_bytes"", ""value"": 32054.894, ""z"": -1.338}, {""feature"": ""syscall_read_rate"", ""value"": 122.969, ""z"": -1.195}]"
2026-05-27T03:37:28Z,mock-node,default,mock-pod,app,0.139842,False,"[{""feature"": ""disk_write_bytes"", ""value"": 10204.993, ""z"": -2.121}, {""feature"": ""process_exec_count"", ""value"": 0.866, ""z"": -0.937}, {""feature"": ""process_fork_count"", ""value"": 1.129, ""z"": 0.934}]"
2026-05-27T03:37:38Z,mock-node,default,mock-pod,app,0.407133,False,"[{""feature"": ""network_rx_bytes"", ""value"": 35687.99, ""z"": -1.827}, {""feature"": ""context_switch_count"", ""value"": 602.129, ""z"": -1.723}, {""feature"": ""disk_write_bytes"", ""value"": 12214.101, ""z"": -1.218}]"
2026-05-27T03:37:48Z,mock-node,default,mock-pod,app,0.421828,False,"[{""feature"": ""tcp_retransmit_rate"", ""value"": 0.144, ""z"": -1.871}, {""feature"": ""process_fork_count"", ""value"": 0.75, ""z"": -1.687}, {""feature"": ""syscall_read_rate"", ""value"": 181.207, ""z"": 1.389}]"
2026-05-27T03:37:58Z,mock-node,default,mock-pod,app,0.614726,False,"[{""feature"": ""network_rx_bytes"", ""value"": 27989.188, ""z"": -2.8}, {""feature"": ""context_switch_count"", ""value"": 1082.52, ""z"": 2.356}, {""feature"": ""process_fork_count"", ""value"": 0.823, ""z"": -1.182}]"
2026-05-27T03:38:08Z,mock-node,default,mock-pod,app,0.089275,False,"[{""feature"": ""context_switch_count"", ""value"": 620.216, ""z"": -1.57}, {""feature"": ""process_exec_count"", ""value"": 1.101, ""z"": 0.686}, {""feature"": ""tcp_connect_rate"", ""value"": 5.436, ""z"": 0.616}]"
2026-05-27T03:38:18Z,mock-node,default,mock-pod,app,0.297478,False,"[{""feature"": ""network_tx_bytes"", ""value"": 26460.455, ""z"": -2.28}, {""feature"": ""network_rx_bytes"", ""value"": 58752.834, ""z"": 1.09}, {""feature"": ""disk_write_bytes"", ""value"": 17346.237, ""z"": 1.088}]"
2026-05-27T03:38:28Z,mock-node,default,mock-pod,app,0.202942,False,"[{""feature"": ""network_rx_bytes"", ""value"": 34591.145, ""z"": -1.965}, {""feature"": ""tcp_connect_rate"", ""value"": 5.782, ""z"": 1.075}, {""feature"": ""syscall_write_rate"", ""value"": 99.81, ""z"": 0.738}]"
2026-05-27T03:38:38Z,mock-node,default,mock-pod,app,0.363892,False,"[{""feature"": ""disk_io_latency_ms"", ""value"": 1.058, ""z"": -3.13}, {""feature"": ""tcp_connect_rate"", ""value"": 3.686, ""z"": -1.704}, {""feature"": ""process_exec_count"", ""value"": 0.784, ""z"": -1.503}]"
2026-05-27T03:38:48Z,mock-node,default,mock-pod,app,0.095468,False,"[{""feature"": ""tcp_retransmit_rate"", ""value"": 0.169, ""z"": -1.032}, {""feature"": ""context_switch_count"", ""value"": 684.048, ""z"": -1.028}, {""feature"": ""network_tx_bytes"", ""value"": 45582.812, ""z"": 0.941}]"
2026-05-27T03:38:58Z,mock-node,default,mock-pod,app,0.503333,False,"[{""feature"": ""syscall_open_rate"", ""value"": 25.195, ""z"": 1.696}, {""feature"": ""disk_write_bytes"", ""value"": 11154.755, ""z"": -1.694}, {""feature"": ""network_tx_bytes"", ""value"": 30465.476, ""z"": -1.606}]"
2026-05-27T03:39:08Z,mock-node,default,mock-pod,app,0.348501,False,"[{""feature"": ""disk_write_bytes"", ""value"": 18502.266, ""z"": 1.607}, {""feature"": ""process_exec_count"", ""value"": 1.214, ""z"": 1.466}, {""feature"": ""tcp_connect_rate"", ""value"": 3.901, ""z"": -1.419}]"
2026-05-27T03:39:18Z,mock-node,default,mock-pod,app,0.340016,False,"[{""feature"": ""disk_read_bytes"", ""value"": 11950.702, ""z"": -2.788}, {""feature"": ""context_switch_count"", ""value"": 625.608, ""z"": -1.524}, {""feature"": ""tcp_connect_rate"", ""value"": 5.824, ""z"": 1.131}]"
2026-05-27T03:39:28Z,mock-node,default,mock-pod,app,0.394283,False,"[{""feature"": ""process_fork_count"", ""value"": 0.748, ""z"": -1.701}, {""feature"": ""disk_read_bytes"", ""value"": 15167.58, ""z"": -1.692}, {""feature"": ""syscall_write_rate"", ""value"": 108.205, ""z"": 1.374}]"
2026-05-27T03:39:38Z,mock-node,default,mock-pod,app,0.288353,False,"[{""feature"": ""syscall_open_rate"", ""value"": 25.141, ""z"": 1.678}, {""feature"": ""process_fork_count"", ""value"": 1.193, ""z"": 1.377}, {""feature"": ""tcp_connect_rate"", ""value"": 6.006, ""z"": 1.372}]"
2026-05-27T03:39:48Z,mock-node,default,mock-pod,app,0.56625,False,"[{""feature"": ""disk_write_bytes"", ""value"": 22391.2, ""z"": 3.354}, {""feature"": ""process_exec_count"", ""value"": 1.359, ""z"": 2.467}, {""feature"": ""process_fork_count"", ""value"": 0.816, ""z"": -1.231}]"
2026-05-27T03:39:58Z,mock-node,default,mock-pod,app,0.17793,False,"[{""feature"": ""disk_io_latency_ms"", ""value"": 1.556, ""z"": -1.485}, {""feature"": ""network_tx_bytes"", ""value"": 31219.709, ""z"": -1.478}, {""feature"": ""process_exec_count"", ""value"": 0.805, ""z"": -1.358}]"
2026-05-27T03:40:08Z,mock-node,default,mock-pod,app,0.269231,False,"[{""feature"": ""network_rx_bytes"", ""value"": 65614.651, ""z"": 1.958}, {""feature"": ""process_exec_count"", ""value"": 0.775, ""z"": -1.565}, {""feature"": ""disk_io_latency_ms"", ""value"": 2.281, ""z"": 0.911}]"
2026-05-27T03:40:18Z,mock-node,default,mock-pod,app,0.918925,True,"[{""feature"": ""syscall_read_rate"", ""value"": 211.608, ""z"": 2.737}, {""feature"": ""syscall_write_rate"", ""value"": 119.361, ""z"": 2.22}, {""feature"": ""disk_write_bytes"", ""value"": 19348.365, ""z"": 1.987}]"
2026-05-27T03:40:28Z,mock-node,default,mock-pod,app,0.556381,False,"[{""feature"": ""tcp_retransmit_rate"", ""value"": 0.276, ""z"": 2.562}, {""feature"": ""context_switch_count"", ""value"": 545.202, ""z"": -2.207}, {""feature"": ""network_tx_bytes"", ""value"": 32769.221, ""z"": -1.217}]"
2026-05-27T03:40:38Z,mock-node,default,mock-pod,app,0.279564,False,"[{""feature"": ""process_fork_count"", ""value"": 1.247, ""z"": 1.75}, {""feature"": ""syscall_open_rate"", ""value"": 16.069, ""z"": -1.325}, {""feature"": ""syscall_read_rate"", ""value"": 120.757, ""z"": -1.293}]"
2026-05-27T03:40:48Z,mock-node,default,mock-pod,app,0.440505,False,"[{""feature"": ""context_switch_count"", ""value"": 1077.874, ""z"": 2.316}, {""feature"": ""process_exec_count"", ""value"": 1.295, ""z"": 2.026}, {""feature"": ""tcp_retransmit_rate"", ""value"": 0.237, ""z"": 1.252}]"
2026-05-27T03:40:58Z,mock-node,default,mock-pod,app,0.463963,False,"[{""feature"": ""tcp_retransmit_rate"", ""value"": 0.15, ""z"": -1.67}, {""feature"": ""disk_read_bytes"", ""value"": 24708.38, ""z"": 1.561}, {""feature"": ""disk_write_bytes"", ""value"": 18129.031, ""z"": 1.439}]"
2026-05-27T03:41:08Z,mock-node,default,mock-pod,app,0.619505,False,"[{""feature"": ""network_tx_bytes"", ""value"": 54214.569, ""z"": 2.395}, {""feature"": ""tcp_connect_rate"", ""value"": 6.321, ""z"": 1.79}, {""feature"": ""syscall_open_rate"", ""value"": 25.213, ""z"": 1.702}]"
2026-05-27T03:41:18Z,mock-node,default,mock-pod,app,0.494738,False,"[{""feature"": ""process_exec_count"", ""value"": 1.321, ""z"": 2.205}, {""feature"": ""disk_io_latency_ms"", ""value"": 1.54, ""z"": -1.538}, {""feature"": ""tcp_retransmit_rate"", ""value"": 0.242, ""z"": 1.42}]"
2026-05-27T03:41:28Z,mock-node,default,mock-pod,app,0.270621,False,"[{""feature"": ""syscall_read_rate"", ""value"": 117.153, ""z"": -1.453}, {""feature"": ""disk_io_latency_ms"", ""value"": 2.352, ""z"": 1.145}, {""feature"": ""process_fork_count"", ""value"": 0.834, ""z"": -1.106}]"
2026-05-27T03:41:38Z,mock-node,default,mock-pod,app,0.482675,False,"[{""feature"": ""context_switch_count"", ""value"": 596.286, ""z"": -1.773}, {""feature"": ""network_tx_bytes"", ""value"": 29478.808, ""z"": -1.772}, {""feature"": ""process_exec_count"", ""value"": 0.778, ""z"": -1.544}]"
2026-05-27T03:41:48Z,mock-node,default,mock-pod,app,0.450159,False,"[{""feature"": ""process_exec_count"", ""value"": 1.281, ""z"": 1.929}, {""feature"": ""syscall_read_rate"", ""value"": 111.475, ""z"": -1.705}, {""feature"": ""process_fork_count"", ""value"": 1.205, ""z"": 1.46}]"
2026-05-27T03:41:58Z,mock-node,default,mock-pod,app,0.492551,False,"[{""feature"": ""tcp_connect_rate"", ""value"": 3.239, ""z"": -2.297}, {""feature"": ""disk_read_bytes"", ""value"": 14413.022, ""z"": -1.949}, {""feature"": ""syscall_write_rate"", ""value"": 107.522, ""z"": 1.322}]"
2026-05-27T03:42:08Z,mock-node,default,mock-pod,app,0.395634,False,"[{""feature"": ""network_tx_bytes"", ""value"": 24154.239, ""z"": -2.669}, {""feature"": ""disk_read_bytes"", ""value"": 14250.904, ""z"": -2.004}, {""feature"": ""context_switch_count"", ""value"": 683.458, ""z"": -1.033}]"
2026-05-27T03:42:18Z,mock-node,default,mock-pod,app,0.182505,False,"[{""feature"": ""context_switch_count"", ""value"": 630.222, ""z"": -1.485}, {""feature"": ""syscall_read_rate"", ""value"": 179.05, ""z"": 1.293}, {""feature"": ""process_fork_count"", ""value"": 1.174, ""z"": 1.246}]"
2026-05-27T03:42:28Z,mock-node,default,mock-pod,app,0.457227,False,"[{""feature"": ""process_fork_count"", ""value"": 1.283, ""z"": 2.0}, {""feature"": ""tcp_retransmit_rate"", ""value"": 0.156, ""z"": -1.468}, {""feature"": ""disk_read_bytes"", ""value"": 24244.193, ""z"": 1.402}]"
2026-05-27T03:42:38Z,mock-node,default,mock-pod,app,0.30747,False,"[{""feature"": ""context_switch_count"", ""value"": 548.738, ""z"": -2.177}, {""feature"": ""tcp_retransmit_rate"", ""value"": 0.237, ""z"": 1.252}, {""feature"": ""network_rx_bytes"", ""value"": 40610.338, ""z"": -1.204}]"
2026-05-27T03:42:48Z,mock-node,default,mock-pod,app,0.36762,False,"[{""feature"": ""tcp_retransmit_rate"", ""value"": 0.26, ""z"": 2.025}, {""feature"": ""disk_write_bytes"", ""value"": 18885.165, ""z"": 1.779}, {""feature"": ""context_switch_count"", ""value"": 967.83, ""z"": 1.382}]"
2026-05-27T03:42:58Z,mock-node,default,mock-pod,app,0.186061,False,"[{""feature"": ""syscall_read_rate"", ""value"": 110.103, ""z"": -1.765}, {""feature"": ""network_tx_bytes"", ""value"": 30600.703, ""z"": -1.583}, {""feature"": ""process_exec_count"", ""value"": 1.159, ""z"": 1.086}]"
2026-05-27T03:43:08Z,mock-node,default,mock-pod,app,0.232667,False,"[{""feature"": ""disk_io_latency_ms"", ""value"": 2.522, ""z"": 1.707}, {""feature"": ""tcp_connect_rate"", ""value"": 3.713, ""z"": -1.668}, {""feature"": ""tcp_retransmit_rate"", ""value"": 0.159, ""z"": -1.368}]"
2026-05-27T03:43:18Z,mock-node,default,mock-pod,app,0.253611,False,"[{""feature"": ""disk_read_bytes"", ""value"": 26134.104, ""z"": 2.047}, {""feature"": ""disk_io_latency_ms"", ""value"": 1.681, ""z"": -1.072}, {""feature"": ""disk_write_bytes"", ""value"": 12550.73, ""z"": -1.067}]"
2026-05-27T03:43:28Z,mock-node,default,mock-pod,app,0.301648,False,"[{""feature"": ""tcp_retransmit_rate"", ""value"": 0.138, ""z"": -2.073}, {""feature"": ""tcp_connect_rate"", ""value"": 5.959, ""z"": 1.31}, {""feature"": ""syscall_open_rate"", ""value"": 23.372, ""z"": 1.093}]"
2026-05-27T03:43:38Z,mock-node,default,mock-pod,app,0.317206,False,"[{""feature"": ""process_exec_count"", ""value"": 0.746, ""z"": -1.765}, {""feature"": ""process_fork_count"", ""value"": 1.2, ""z"": 1.425}, {""feature"": ""tcp_connect_rate"", ""value"": 5.937, ""z"": 1.28}]"
2026-05-27T03:43:48Z,mock-node,default,mock-pod,app,0.256849,False,"[{""feature"": ""disk_read_bytes"", ""value"": 15281.96, ""z"": -1.653}, {""feature"": ""network_tx_bytes"", ""value"": 33382.352, ""z"": -1.114}, {""feature"": ""network_rx_bytes"", ""value"": 58838.138, ""z"": 1.101}]"
2026-05-27T03:43:58Z,mock-node,default,mock-pod,app,0.254525,False,"[{""feature"": ""network_tx_bytes"", ""value"": 52683.973, ""z"": 2.137}, {""feature"": ""network_rx_bytes"", ""value"": 61029.681, ""z"": 1.378}, {""feature"": ""disk_write_bytes"", ""value"": 17891.35, ""z"": 1.332}]"
2026-05-27T03:44:08Z,mock-node,default,mock-pod,app,0.258183,False,"[{""feature"": ""tcp_connect_rate"", ""value"": 6.361, ""z"": 1.843}, {""feature"": ""disk_write_bytes"", ""value"": 10919.66, ""z"": -1.8}, {""feature"": ""disk_io_latency_ms"", ""value"": 2.387, ""z"": 1.261}]"
2026-05-27T03:44:18Z,mock-node,default,mock-pod,app,0.338691,False,"[{""feature"": ""tcp_connect_rate"", ""value"": 3.379, ""z"": -2.111}, {""feature"": ""tcp_retransmit_rate"", ""value"": 0.243, ""z"": 1.454}, {""feature"": ""syscall_write_rate"", ""value"": 74.155, ""z"": -1.207}]"
2026-05-27T03:44:28Z,mock-node,default,mock-pod,app,0.410677,False,"[{""feature"": ""process_fork_count"", ""value"": 0.78, ""z"": -1.48}, {""feature"": ""network_rx_bytes"", ""value"": 59685.946, ""z"": 1.208}, {""feature"": ""syscall_read_rate"", ""value"": 122.863, ""z"": -1.199}]"
2026-05-27T03:44:38Z,mock-node,default,mock-pod,app,0.519275,False,"[{""feature"": ""process_exec_count"", ""value"": 0.687, ""z"": -2.173}, {""feature"": ""network_rx_bytes"", ""value"": 33941.424, ""z"": -2.047}, {""feature"": ""disk_read_bytes"", ""value"": 16378.561, ""z"": -1.279}]"
2026-05-27T03:44:48Z,mock-node,default,mock-pod,app,0.25967,False,"[{""feature"": ""disk_write_bytes"", ""value"": 11444.148, ""z"": -1.564}, {""feature"": ""syscall_write_rate"", ""value"": 70.487, ""z"": -1.485}, {""feature"": ""network_tx_bytes"", ""value"": 47937.652, ""z"": 1.338}]"
2026-05-27T03:44:58Z,mock-node,default,mock-pod,app,0.149911,False,"[{""feature"": ""syscall_open_rate"", ""value"": 23.625, ""z"": 1.176}, {""feature"": ""process_fork_count"", ""value"": 0.838, ""z"": -1.079}, {""feature"": ""disk_io_latency_ms"", ""value"": 2.308, ""z"": 1.0}]"
2026-05-27T03:45:08Z,mock-node,default,mock-pod,app,0.297671,False,"[{""feature"": ""syscall_open_rate"", ""value"": 15.13, ""z"": -1.636}, {""feature"": ""process_exec_count"", ""value"": 1.173, ""z"": 1.183}, {""feature"": ""tcp_connect_rate"", ""value"": 4.109, ""z"": -1.143}]"
2026-05-27T03:45:18Z,mock-node,default,mock-pod,app,0.459562,False,"[{""feature"": ""tcp_connect_rate"", ""value"": 6.957, ""z"": 2.633}, {""feature"": ""syscall_read_rate"", ""value"": 195.525, ""z"": 2.024}, {""feature"": ""network_rx_bytes"", ""value"": 61930.765, ""z"": 1.492}]"
2026-05-27T03:45:28Z,mock-node,default,mock-pod,app,0.229146,False,"[{""feature"": ""disk_read_bytes"", ""value"": 24144.851, ""z"": 1.369}, {""feature"": ""syscall_write_rate"", ""value"": 106.779, ""z"": 1.266}, {""feature"": ""context_switch_count"", ""value"": 660.981, ""z"": -1.224}]"
2026-05-27T03:45:38Z,mock-node,default,mock-pod,app,0.506428,False,"[{""feature"": ""network_rx_bytes"", ""value"": 64603.706, ""z"": 1.83}, {""feature"": ""process_exec_count"", ""value"": 0.742, ""z"": -1.793}, {""feature"": ""network_tx_bytes"", ""value"": 49991.548, ""z"": 1.684}]"
2026-05-27T03:45:48Z,mock-node,default,mock-pod,app,0.267191,False,"[{""feature"": ""disk_write_bytes"", ""value"": 10614.089, ""z"": -1.937}, {""feature"": ""tcp_connect_rate"", ""value"": 6.244, ""z"": 1.687}, {""feature"": ""context_switch_count"", ""value"": 916.688, ""z"": 0.948}]"
2026-05-27T03:45:58Z,mock-node,default,mock-pod,app,0.120137,False,"[{""feature"": ""disk_write_bytes"", ""value"": 19040.471, ""z"": 1.849}, {""feature"": ""syscall_read_rate"", ""value"": 176.527, ""z"": 1.181}, {""feature"": ""syscall_write_rate"", ""value"": 76.204, ""z"": -1.052}]"
2026-05-27T03:46:08Z,mock-node,default,mock-pod,app,0.108203,False,"[{""feature"": ""network_rx_bytes"", ""value"": 39580.086, ""z"": -1.334}, {""feature"": ""disk_io_latency_ms"", ""value"": 2.322, ""z"": 1.046}, {""feature"": ""syscall_open_rate"", ""value"": 22.413, ""z"": 0.775}]"
2026-05-27T03:46:18Z,mock-node,default,mock-pod,app,0.299571,False,"[{""feature"": ""network_tx_bytes"", ""value"": 49609.412, ""z"": 1.619}, {""feature"": ""syscall_open_rate"", ""value"": 24.905, ""z"": 1.6}, {""feature"": ""process_exec_count"", ""value"": 0.788, ""z"": -1.475}]"
2026-05-27T03:46:28Z,mock-node,default,mock-pod,app,0.692826,False,"[{""feature"": ""tcp_connect_rate"", ""value"": 6.815, ""z"": 2.445}, {""feature"": ""disk_io_latency_ms"", ""value"": 1.292, ""z"": -2.357}, {""feature"": ""disk_read_bytes"", ""value"": 13269.937, ""z"": -2.338}]"
2026-05-27T03:46:38Z,mock-node,default,mock-pod,app,0.387487,False,"[{""feature"": ""tcp_connect_rate"", ""value"": 6.742, ""z"": 2.348}, {""feature"": ""network_tx_bytes"", ""value"": 48041.253, ""z"": 1.355}, {""feature"": ""network_rx_bytes"", ""value"": 60325.901, ""z"": 1.289}]"
2026-05-27T03:46:48Z,mock-node,default,mock-pod,app,0.607141,False,"[{""feature"": ""process_fork_count"", ""value"": 1.288, ""z"": 2.034}, {""feature"": ""network_tx_bytes"", ""value"": 50912.048, ""z"": 1.839}, {""feature"": ""disk_io_latency_ms"", ""value"": 1.469, ""z"": -1.772}]"
2026-05-27T03:46:58Z,mock-node,default,mock-pod,app,0.274001,False,"[{""feature"": ""tcp_connect_rate"", ""value"": 3.348, ""z"": -2.152}, {""feature"": ""syscall_read_rate"", ""value"": 176.984, ""z"": 1.201}, {""feature"": ""tcp_retransmit_rate"", ""value"": 0.168, ""z"": -1.065}]"
2026-05-27T03:47:08Z,mock-node,default,mock-pod,app,0.553311,False,"[{""feature"": ""syscall_write_rate"", ""value"": 119.942, ""z"": 2.264}, {""feature"": ""disk_write_bytes"", ""value"": 18618.431, ""z"": 1.659}, {""feature"": ""process_fork_count"", ""value"": 1.232, ""z"": 1.647}]"
2026-05-27T03:47:18Z,mock-node,default,mock-pod,app,0.36623,False,"[{""feature"": ""tcp_connect_rate"", ""value"": 3.514, ""z"": -1.932}, {""feature"": ""process_exec_count"", ""value"": 1.196, ""z"": 1.342}, {""feature"": ""tcp_retransmit_rate"", ""value"": 0.238, ""z"": 1.286}]"
2026-05-27T03:47:28Z,mock-node,default,mock-pod,app,0.534565,False,"[{""feature"": ""disk_write_bytes"", ""value"": 10574.478, ""z"": -1.955}, {""feature"": ""syscall_write_rate"", ""value"": 113.453, ""z"": 1.772}, {""feature"": ""process_fork_count"", ""value"": 1.223, ""z"": 1.584}]"
2026-05-27T03:47:38Z,mock-node,default,mock-pod,app,0.518193,False,"[{""feature"": ""tcp_retransmit_rate"", ""value"": 0.267, ""z"": 2.26}, {""feature"": ""disk_write_bytes"", ""value"": 11813.208, ""z"": -1.398}, {""feature"": ""syscall_read_rate"", ""value"": 118.545, ""z"": -1.391}]"
2026-05-27T03:47:48Z,mock-node,default,mock-pod,app,0.602245,False,"[{""feature"": ""process_fork_count"", ""value"": 1.332, ""z"": 2.338}, {""feature"": ""network_rx_bytes"", ""value"": 36225.123, ""z"": -1.759}, {""feature"": ""tcp_retransmit_rate"", ""value"": 0.153, ""z"": -1.569}]"
2026-05-27T03:47:58Z,mock-node,default,mock-pod,app,0.51312,False,"[{""feature"": ""tcp_retransmit_rate"", ""value"": 0.141, ""z"": -1.972}, {""feature"": ""disk_io_latency_ms"", ""value"": 1.463, ""z"": -1.792}, {""feature"": ""network_rx_bytes"", ""value"": 38547.073, ""z"": -1.465}]"
2026-05-27T03:48:08Z,mock-node,default,mock-pod,app,0.348335,False,"[{""feature"": ""disk_read_bytes"", ""value"": 25687.445, ""z"": 1.894}, {""feature"": ""disk_io_latency_ms"", ""value"": 1.488, ""z"": -1.709}, {""feature"": ""network_tx_bytes"", ""value"": 30568.325, ""z"": -1.588}]"
2026-05-27T03:48:18Z,mock-node,default,mock-pod,app,0.241522,False,"[{""feature"": ""disk_io_latency_ms"", ""value"": 1.45, ""z"": -1.835}, {""feature"": ""process_exec_count"", ""value"": 1.204, ""z"": 1.397}, {""feature"": ""syscall_open_rate"", ""value"": 24.271, ""z"": 1.39}]"
2026-05-27T03:48:28Z,mock-node,default,mock-pod,app,0.589182,False,"[{""feature"": ""context_switch_count"", ""value"": 581.91, ""z"": -1.895}, {""feature"": ""syscall_write_rate"", ""value"": 65.383, ""z"": -1.872}, {""feature"": ""disk_read_bytes"", ""value"": 14656.968, ""z"": -1.866}]"
2026-05-27T03:48:38Z,mock-node,default,mock-pod,app,0.195736,False,"[{""feature"": ""process_exec_count"", ""value"": 1.331, ""z"": 2.274}, {""feature"": ""syscall_open_rate"", ""value"": 23.909, ""z"": 1.271}, {""feature"": ""process_fork_count"", ""value"": 0.851, ""z"": -0.989}]"
2026-05-27T03:48:48Z,mock-node,default,mock-pod,app,0.729727,False,"[{""feature"": ""syscall_write_rate"", ""value"": 115.764, ""z"": 1.947}, {""feature"": ""disk_read_bytes"", ""value"": 25335.776, ""z"": 1.774}, {""feature"": ""syscall_open_rate"", ""value"": 25.192, ""z"": 1.695}]"
2026-05-27T03:48:58Z,mock-node,default,mock-pod,app,0.296104,False,"[{""feature"": ""network_rx_bytes"", ""value"": 66449.454, ""z"": 2.064}, {""feature"": ""tcp_connect_rate"", ""value"": 5.905, ""z"": 1.238}, {""feature"": ""syscall_open_rate"", ""value"": 16.459, ""z"": -1.196}]"
2026-05-27T03:49:08Z,mock-node,default,mock-pod,app,0.20369,False,"[{""feature"": ""context_switch_count"", ""value"": 999.229, ""z"": 1.649}, {""feature"": ""syscall_write_rate"", ""value"": 73.049, ""z"": -1.291}, {""feature"": ""network_tx_bytes"", ""value"": 46928.698, ""z"": 1.168}]"
2026-05-27T03:49:18Z,mock-node,default,mock-pod,app,0.399859,False,"[{""feature"": ""syscall_read_rate"", ""value"": 188.7, ""z"": 1.721}, {""feature"": ""process_fork_count"", ""value"": 0.758, ""z"": -1.632}, {""feature"": ""tcp_retransmit_rate"", ""value"": 0.245, ""z"": 1.521}]"
2026-05-27T03:49:28Z,mock-node,default,mock-pod,app,0.322152,False,"[{""feature"": ""disk_io_latency_ms"", ""value"": 2.573, ""z"": 1.876}, {""feature"": ""syscall_read_rate"", ""value"": 115.218, ""z"": -1.539}, {""feature"": ""network_tx_bytes"", ""value"": 32239.62, ""z"": -1.307}]"
2026-05-27T03:49:38Z,mock-node,default,mock-pod,app,0.675557,False,"[{""feature"": ""syscall_read_rate"", ""value"": 202.726, ""z"": 2.343}, {""feature"": ""context_switch_count"", ""value"": 1071.112, ""z"": 2.259}, {""feature"": ""network_rx_bytes"", ""value"": 66379.543, ""z"": 2.055}]"
2026-05-27T03:49:48Z,mock-node,default,mock-pod,app,0.297572,False,"[{""feature"": ""process_fork_count"", ""value"": 1.241, ""z"": 1.709}, {""feature"": ""disk_read_bytes"", ""value"": 24729.753, ""z"": 1.568}, {""feature"": ""network_rx_bytes"", ""value"": 40237.121, ""z"": -1.251}]"
2026-05-27T03:49:58Z,mock-node,default,mock-pod,app,0.352121,False,"[{""feature"": ""network_tx_bytes"", ""value"": 27818.511, ""z"": -2.051}, {""feature"": ""disk_read_bytes"", ""value"": 15876.677, ""z"": -1.45}, {""feature"": ""disk_io_latency_ms"", ""value"": 2.442, ""z"": 1.443}]"
2026-05-27T03:50:08Z,mock-node,default,mock-pod,app,0.379878,False,"[{""feature"": ""process_fork_count"", ""value"": 1.283, ""z"": 2.0}, {""feature"": ""disk_io_latency_ms"", ""value"": 1.557, ""z"": -1.481}, {""feature"": ""tcp_retransmit_rate"", ""value"": 0.233, ""z"": 1.118}]"
2026-05-27T03:50:18Z,mock-node,default,mock-pod,app,0.093729,False,"[{""feature"": ""tcp_connect_rate"", ""value"": 5.893, ""z"": 1.222}, {""feature"": ""tcp_retransmit_rate"", ""value"": 0.225, ""z"": 0.849}, {""feature"": ""disk_read_bytes"", ""value"": 17783.229, ""z"": -0.8}]"
2026-05-27T03:50:28Z,mock-node,default,mock-pod,app,0.455955,False,"[{""feature"": ""context_switch_count"", ""value"": 547.172, ""z"": -2.19}, {""feature"": ""syscall_open_rate"", ""value"": 26.238, ""z"": 2.042}, {""feature"": ""process_fork_count"", ""value"": 0.835, ""z"": -1.099}]"
2026-05-27T03:50:38Z,mock-node,default,mock-pod,app,0.202569,False,"[{""feature"": ""tcp_connect_rate"", ""value"": 6.363, ""z"": 1.845}, {""feature"": ""tcp_retransmit_rate"", ""value"": 0.238, ""z"": 1.286}, {""feature"": ""context_switch_count"", ""value"": 662.079, ""z"": -1.214}]"
2026-05-27T03:50:48Z,mock-node,default,mock-pod,app,0.250475,False,"[{""feature"": ""context_switch_count"", ""value"": 990.085, ""z"": 1.571}, {""feature"": ""network_rx_bytes"", ""value"": 39147.176, ""z"": -1.389}, {""feature"": ""disk_io_latency_ms"", ""value"": 2.323, ""z"": 1.05}]"
2026-05-27T03:50:58Z,mock-node,default,mock-pod,app,0.346235,False,"[{""feature"": ""disk_write_bytes"", ""value"": 10674.249, ""z"": -1.91}, {""feature"": ""syscall_write_rate"", ""value"": 65.63, ""z"": -1.853}, {""feature"": ""disk_io_latency_ms"", ""value"": 2.475, ""z"": 1.552}]"
2026-05-27T03:51:08Z,mock-node,default,mock-pod,app,0.640025,False,"[{""feature"": ""syscall_write_rate"", ""value"": 132.089, ""z"": 3.185}, {""feature"": ""syscall_open_rate"", ""value"": 14.033, ""z"": -2.0}, {""feature"": ""context_switch_count"", ""value"": 627.726, ""z"": -1.506}]"
2026-05-27T03:51:18Z,mock-node,default,mock-pod,app,0.332492,False,"[{""feature"": ""syscall_write_rate"", ""value"": 122.657, ""z"": 2.47}, {""feature"": ""tcp_retransmit_rate"", ""value"": 0.239, ""z"": 1.319}, {""feature"": ""context_switch_count"", ""value"": 652.189, ""z"": -1.298}]"
2026-05-27T03:51:28Z,mock-node,default,mock-pod,app,0.0,False,"[{""feature"": ""syscall_read_rate"", ""value"": 124.307, ""z"": -1.135}, {""feature"": ""syscall_open_rate"", ""value"": 17.594, ""z"": -0.821}, {""feature"": ""network_tx_bytes"", ""value"": 44103.679, ""z"": 0.692}]"
2026-05-27T03:51:38Z,mock-node,default,mock-pod,app,0.355187,False,"[{""feature"": ""tcp_retransmit_rate"", ""value"": 0.247, ""z"": 1.588}, {""feature"": ""disk_write_bytes"", ""value"": 11466.048, ""z"": -1.554}, {""feature"": ""disk_read_bytes"", ""value"": 16110.585, ""z"": -1.37}]"
2026-05-27T03:51:48Z,mock-node,default,mock-pod,app,0.366438,False,"[{""feature"": ""network_rx_bytes"", ""value"": 65815.446, ""z"": 1.983}, {""feature"": ""tcp_connect_rate"", ""value"": 6.4, ""z"": 1.894}, {""feature"": ""syscall_write_rate"", ""value"": 73.862, ""z"": -1.229}]"
2026-05-27T03:51:58Z,mock-node,default,mock-pod,app,0.089399,False,"[{""feature"": ""tcp_connect_rate"", ""value"": 5.943, ""z"": 1.288}, {""feature"": ""syscall_write_rate"", ""value"": 74.018, ""z"": -1.217}, {""feature"": ""syscall_read_rate"", ""value"": 169.915, ""z"": 0.888}]"
2026-05-27T03:52:08Z,mock-node,default,mock-pod,app,0.262419,False,"[{""feature"": ""syscall_open_rate"", ""value"": 25.832, ""z"": 1.907}, {""feature"": ""syscall_read_rate"", ""value"": 123.828, ""z"": -1.157}, {""feature"": ""process_exec_count"", ""value"": 0.837, ""z"": -1.137}]"
2026-05-27T03:52:18Z,mock-node,default,mock-pod,app,0.561625,False,"[{""feature"": ""network_rx_bytes"", ""value"": 32578.113, ""z"": -2.22}, {""feature"": ""tcp_connect_rate"", ""value"": 3.512, ""z"": -1.935}, {""feature"": ""disk_read_bytes"", ""value"": 25553.108, ""z"": 1.849}]"
2026-05-27T03:52:28Z,mock-node,default,mock-pod,app,0.073816,False,"[{""feature"": ""syscall_read_rate"", ""value"": 193.577, ""z"": 1.937}, {""feature"": ""network_rx_bytes"", ""value"": 55397.979, ""z"": 0.666}, {""feature"": ""disk_write_bytes"", ""value"": 13481.646, ""z"": -0.649}]"
2026-05-27T03:52:38Z,mock-node,default,mock-pod,app,0.221888,False,"[{""feature"": ""tcp_connect_rate"", ""value"": 3.653, ""z"": -1.748}, {""feature"": ""syscall_write_rate"", ""value"": 72.743, ""z"": -1.314}, {""feature"": ""disk_read_bytes"", ""value"": 23054.125, ""z"": 0.997}]"
2026-05-27T03:52:48Z,mock-node,default,mock-pod,app,0.17386,False,"[{""feature"": ""syscall_open_rate"", ""value"": 15.356, ""z"": -1.562}, {""feature"": ""context_switch_count"", ""value"": 981.484, ""z"": 1.498}, {""feature"": ""tcp_connect_rate"", ""value"": 5.834, ""z"": 1.144}]"
2026-05-27T03:52:58Z,mock-node,default,mock-pod,app,0.501814,False,"[{""feature"": ""disk_read_bytes"", ""value"": 14400.584, ""z"": -1.953}, {""feature"": ""disk_write_bytes"", ""value"": 11114.998, ""z"": -1.712}, {""feature"": ""disk_io_latency_ms"", ""value"": 2.496, ""z"": 1.621}]"
2026-05-27T03:53:08Z,mock-node,default,mock-pod,app,0.182455,False,"[{""feature"": ""process_exec_count"", ""value"": 1.209, ""z"": 1.432}, {""feature"": ""tcp_connect_rate"", ""value"": 5.943, ""z"": 1.288}, {""feature"": ""process_fork_count"", ""value"": 1.166, ""z"": 1.19}]"
2026-05-27T03:53:18Z,mock-node,default,mock-pod,app,0.178712,False,"[{""feature"": ""disk_write_bytes"", ""value"": 11588.396, ""z"": -1.499}, {""feature"": ""network_rx_bytes"", ""value"": 61953.011, ""z"": 1.495}, {""feature"": ""disk_io_latency_ms"", ""value"": 2.364, ""z"": 1.185}]"
2026-05-27T03:53:28Z,mock-node,default,mock-pod,app,0.369487,False,"[{""feature"": ""disk_read_bytes"", ""value"": 29066.171, ""z"": 3.046}, {""feature"": ""process_exec_count"", ""value"": 0.804, ""z"": -1.365}, {""feature"": ""tcp_retransmit_rate"", ""value"": 0.238, ""z"": 1.286}]"
2026-05-27T03:53:38Z,mock-node,default,mock-pod,app,0.354943,False,"[{""feature"": ""network_tx_bytes"", ""value"": 27219.386, ""z"": -2.152}, {""feature"": ""process_exec_count"", ""value"": 1.184, ""z"": 1.259}, {""feature"": ""tcp_retransmit_rate"", ""value"": 0.163, ""z"": -1.233}]"
2026-05-27T03:53:48Z,mock-node,default,mock-pod,app,0.766209,False,"[{""feature"": ""tcp_retransmit_rate"", ""value"": 0.107, ""z"": -3.114}, {""feature"": ""disk_read_bytes"", ""value"": 25969.717, ""z"": 1.991}, {""feature"": ""network_rx_bytes"", ""value"": 65857.105, ""z"": 1.989}]"
2026-05-27T03:53:58Z,mock-node,default,mock-pod,app,0.22199,False,"[{""feature"": ""disk_read_bytes"", ""value"": 25550.309, ""z"": 1.848}, {""feature"": ""network_rx_bytes"", ""value"": 59923.786, ""z"": 1.238}, {""feature"": ""syscall_open_rate"", ""value"": 17.582, ""z"": -0.824}]"
2026-05-27T03:54:08Z,mock-node,default,mock-pod,app,0.156012,False,"[{""feature"": ""disk_read_bytes"", ""value"": 25040.19, ""z"": 1.674}, {""feature"": ""process_fork_count"", ""value"": 1.14, ""z"": 1.01}, {""feature"": ""syscall_read_rate"", ""value"": 127.622, ""z"": -0.988}]"
2026-05-27T03:54:18Z,mock-node,default,mock-pod,app,0.543254,False,"[{""feature"": ""syscall_write_rate"", ""value"": 57.352, ""z"": -2.481}, {""feature"": ""process_exec_count"", ""value"": 0.646, ""z"": -2.456}, {""feature"": ""disk_write_bytes"", ""value"": 17713.309, ""z"": 1.252}]"
2026-05-27T03:54:28Z,mock-node,default,mock-pod,app,0.215947,False,"[{""feature"": ""syscall_open_rate"", ""value"": 14.435, ""z"": -1.867}, {""feature"": ""syscall_write_rate"", ""value"": 65.592, ""z"": -1.856}, {""feature"": ""context_switch_count"", ""value"": 872.67, ""z"": 0.574}]"
2026-05-27T03:54:38Z,mock-node,default,mock-pod,app,0.387222,False,"[{""feature"": ""disk_write_bytes"", ""value"": 10132.877, ""z"": -2.153}, {""feature"": ""tcp_retransmit_rate"", ""value"": 0.254, ""z"": 1.823}, {""feature"": ""syscall_read_rate"", ""value"": 115.468, ""z"": -1.527}]"
2026-05-27T03:54:48Z,mock-node,default,mock-pod,app,0.48593,False,"[{""feature"": ""syscall_read_rate"", ""value"": 208.362, ""z"": 2.593}, {""feature"": ""tcp_connect_rate"", ""value"": 6.265, ""z"": 1.715}, {""feature"": ""process_fork_count"", ""value"": 1.184, ""z"": 1.315}]"
2026-05-27T03:54:58Z,mock-node,default,mock-pod,app,0.278952,False,"[{""feature"": ""syscall_read_rate"", ""value"": 187.902, ""z"": 1.686}, {""feature"": ""process_fork_count"", ""value"": 0.77, ""z"": -1.549}, {""feature"": ""context_switch_count"", ""value"": 979.266, ""z"": 1.479}]"
2026-05-27T03:55:08Z,mock-node,default,mock-pod,app,0.344087,False,"[{""feature"": ""syscall_read_rate"", ""value"": 190.728, ""z"": 1.811}, {""feature"": ""network_rx_bytes"", ""value"": 38350.33, ""z"": -1.49}, {""feature"": ""context_switch_count"", ""value"": 978.771, ""z"": 1.475}]"
2026-05-27T03:55:18Z,mock-node,default,mock-pod,app,0.545099,False,"[{""feature"": ""disk_read_bytes"", ""value"": 12966.026, ""z"": -2.442}, {""feature"": ""process_fork_count"", ""value"": 1.34, ""z"": 2.394}, {""feature"": ""tcp_connect_rate"", ""value"": 3.788, ""z"": -1.569}]"
2026-05-27T03:55:28Z,mock-node,default,mock-pod,app,0.264408,False,"[{""feature"": ""disk_read_bytes"", ""value"": 25964.475, ""z"": 1.989}, {""feature"": ""disk_write_bytes"", ""value"": 11309.653, ""z"": -1.625}, {""feature"": ""network_tx_bytes"", ""value"": 33000.093, ""z"": -1.179}]"
2026-05-27T03:55:38Z,mock-node,default,mock-pod,app,0.200682,False,"[{""feature"": ""tcp_connect_rate"", ""value"": 6.541, ""z"": 2.081}, {""feature"": ""disk_io_latency_ms"", ""value"": 2.362, ""z"": 1.178}, {""feature"": ""syscall_read_rate"", ""value"": 173.169, ""z"": 1.032}]"
2026-05-27T03:55:48Z,mock-node,default,mock-pod,app,0.804432,True,"[{""feature"": ""disk_write_bytes"", ""value"": 19523.519, ""z"": 2.066}, {""feature"": ""process_fork_count"", ""value"": 0.716, ""z"": -1.923}, {""feature"": ""disk_io_latency_ms"", ""value"": 2.577, ""z"": 1.889}]"
2026-05-27T03:55:58Z,mock-node,default,mock-pod,app,0.172549,False,"[{""feature"": ""disk_read_bytes"", ""value"": 24731.748, ""z"": 1.569}, {""feature"": ""network_tx_bytes"", ""value"": 48149.462, ""z"": 1.373}, {""feature"": ""tcp_connect_rate"", ""value"": 5.885, ""z"": 1.211}]"
2026-05-27T03:56:08Z,mock-node,default,mock-pod,app,0.239482,False,"[{""feature"": ""network_tx_bytes"", ""value"": 30714.875, ""z"": -1.564}, {""feature"": ""syscall_open_rate"", ""value"": 24.509, ""z"": 1.469}, {""feature"": ""syscall_write_rate"", ""value"": 105.666, ""z"": 1.182}]"
2026-05-27T03:56:18Z,mock-node,default,mock-pod,app,0.263927,False,"[{""feature"": ""syscall_read_rate"", ""value"": 89.827, ""z"": -2.665}, {""feature"": ""network_rx_bytes"", ""value"": 42831.457, ""z"": -0.923}, {""feature"": ""process_fork_count"", ""value"": 0.89, ""z"": -0.719}]"
2026-05-27T03:56:28Z,mock-node,default,mock-pod,app,0.507007,False,"[{""feature"": ""syscall_open_rate"", ""value"": 12.569, ""z"": -2.484}, {""feature"": ""tcp_retransmit_rate"", ""value"": 0.258, ""z"": 1.958}, {""feature"": ""syscall_read_rate"", ""value"": 110.506, ""z"": -1.748}]"
2026-05-27T03:56:38Z,mock-node,default,mock-pod,app,0.444531,False,"[{""feature"": ""tcp_connect_rate"", ""value"": 6.282, ""z"": 1.738}, {""feature"": ""tcp_retransmit_rate"", ""value"": 0.148, ""z"": -1.737}, {""feature"": ""disk_io_latency_ms"", ""value"": 2.498, ""z"": 1.628}]"
2026-05-27T03:56:48Z,mock-node,default,mock-pod,app,0.304773,False,"[{""feature"": ""process_fork_count"", ""value"": 0.798, ""z"": -1.355}, {""feature"": ""network_rx_bytes"", ""value"": 60236.63, ""z"": 1.278}, {""feature"": ""syscall_write_rate"", ""value"": 106.563, ""z"": 1.25}]"
2026-05-27T03:56:58Z,mock-node,default,mock-pod,app,0.287842,False,"[{""feature"": ""syscall_read_rate"", ""value"": 192.974, ""z"": 1.911}, {""feature"": ""disk_io_latency_ms"", ""value"": 2.42, ""z"": 1.37}, {""feature"": ""tcp_connect_rate"", ""value"": 6.003, ""z"": 1.368}]"
2026-05-27T03:57:08Z,mock-node,default,mock-pod,app,0.378727,False,"[{""feature"": ""disk_read_bytes"", ""value"": 24341.332, ""z"": 1.435}, {""feature"": ""tcp_connect_rate"", ""value"": 6.033, ""z"": 1.408}, {""feature"": ""network_tx_bytes"", ""value"": 47966.324, ""z"": 1.343}]"
2026-05-27T03:57:18Z,mock-node,default,mock-pod,app,0.225293,False,"[{""feature"": ""network_rx_bytes"", ""value"": 33820.18, ""z"": -2.063}, {""feature"": ""disk_write_bytes"", ""value"": 17678.118, ""z"": 1.237}, {""feature"": ""syscall_open_rate"", ""value"": 23.477, ""z"": 1.127}]"
2026-05-27T03:57:28Z,mock-node,default,mock-pod,app,0.226344,False,"[{""feature"": ""syscall_read_rate"", ""value"": 107.025, ""z"": -1.902}, {""feature"": ""disk_read_bytes"", ""value"": 15716.872, ""z"": -1.504}, {""feature"": ""context_switch_count"", ""value"": 884.125, ""z"": 0.671}]"
2026-05-27T03:57:38Z,mock-node,default,mock-pod,app,0.592204,False,"[{""feature"": ""syscall_read_rate"", ""value"": 92.185, ""z"": -2.56}, {""feature"": ""process_exec_count"", ""value"": 1.256, ""z"": 1.756}, {""feature"": ""tcp_connect_rate"", ""value"": 3.768, ""z"": -1.595}]"
2026-05-27T03:57:48Z,mock-node,default,mock-pod,app,0.28815,False,"[{""feature"": ""disk_write_bytes"", ""value"": 20336.814, ""z"": 2.431}, {""feature"": ""disk_read_bytes"", ""value"": 17677.032, ""z"": -0.836}, {""feature"": ""syscall_read_rate"", ""value"": 165.761, ""z"": 0.704}]"
2026-05-27T03:57:58Z,mock-node,default,mock-pod,app,0.539601,False,"[{""feature"": ""disk_write_bytes"", ""value"": 19636.952, ""z"": 2.117}, {""feature"": ""syscall_read_rate"", ""value"": 190.641, ""z"": 1.807}, {""feature"": ""syscall_write_rate"", ""value"": 112.87, ""z"": 1.728}]"
2026-05-27T03:58:08Z,mock-node,default,mock-pod,app,0.403868,False,"[{""feature"": ""disk_read_bytes"", ""value"": 27736.775, ""z"": 2.593}, {""feature"": ""syscall_read_rate"", ""value"": 192.946, ""z"": 1.909}, {""feature"": ""process_exec_count"", ""value"": 0.794, ""z"": -1.434}]"
2026-05-27T03:58:18Z,mock-node,default,mock-pod,app,0.544354,False,"[{""feature"": ""syscall_read_rate"", ""value"": 212.878, ""z"": 2.794}, {""feature"": ""tcp_connect_rate"", ""value"": 3.673, ""z"": -1.721}, {""feature"": ""syscall_write_rate"", ""value"": 69.142, ""z"": -1.587}]"
2026-05-27T03:58:28Z,mock-node,default,mock-pod,app,0.610395,False,"[{""feature"": ""process_exec_count"", ""value"": 0.641, ""z"": -2.49}, {""feature"": ""disk_read_bytes"", ""value"": 13728.128, ""z"": -2.182}, {""feature"": ""disk_io_latency_ms"", ""value"": 2.408, ""z"": 1.33}]"
2026-05-27T03:58:38Z,mock-node,default,mock-pod,app,0.153477,False,"[{""feature"": ""disk_read_bytes"", ""value"": 23446.316, ""z"": 1.13}, {""feature"": ""syscall_open_rate"", ""value"": 23.27, ""z"": 1.059}, {""feature"": ""network_rx_bytes"", ""value"": 58357.465, ""z"": 1.04}]"
2026-05-27T03:58:48Z,mock-node,default,mock-pod,app,0.484141,False,"[{""feature"": ""context_switch_count"", ""value"": 487.486, ""z"": -2.697}, {""feature"": ""disk_io_latency_ms"", ""value"": 1.385, ""z"": -2.05}, {""feature"": ""syscall_write_rate"", ""value"": 71.65, ""z"": -1.397}]"
2026-05-27T03:58:58Z,mock-node,default,mock-pod,app,0.304917,False,"[{""feature"": ""disk_read_bytes"", ""value"": 14214.916, ""z"": -2.016}, {""feature"": ""disk_write_bytes"", ""value"": 10859.807, ""z"": -1.827}, {""feature"": ""tcp_retransmit_rate"", ""value"": 0.231, ""z"": 1.051}]"
2026-05-27T03:59:08Z,mock-node,default,mock-pod,app,0.304899,False,"[{""feature"": ""process_fork_count"", ""value"": 0.805, ""z"": -1.307}, {""feature"": ""syscall_open_rate"", ""value"": 23.927, ""z"": 1.276}, {""feature"": ""context_switch_count"", ""value"": 947.133, ""z"": 1.206}]"
2026-05-27T03:59:18Z,mock-node,default,mock-pod,app,0.426367,False,"[{""feature"": ""disk_read_bytes"", ""value"": 24382.426, ""z"": 1.449}, {""feature"": ""context_switch_count"", ""value"": 969.063, ""z"": 1.392}, {""feature"": ""syscall_write_rate"", ""value"": 108.043, ""z"": 1.362}]"
2026-05-27T03:59:28Z,mock-node,default,mock-pod,app,0.200665,False,"[{""feature"": ""syscall_write_rate"", ""value"": 65.383, ""z"": -1.872}, {""feature"": ""syscall_read_rate"", ""value"": 172.238, ""z"": 0.991}, {""feature"": ""disk_io_latency_ms"", ""value"": 1.737, ""z"": -0.887}]"
2026-05-27T03:59:38Z,mock-node,default,mock-pod,app,0.564534,False,"[{""feature"": ""syscall_open_rate"", ""value"": 27.597, ""z"": 2.492}, {""feature"": ""process_fork_count"", ""value"": 1.229, ""z"": 1.626}, {""feature"": ""network_rx_bytes"", ""value"": 61749.026, ""z"": 1.469}]"
2026-05-27T03:59:48Z,mock-node,default,mock-pod,app,0.294742,False,"[{""feature"": ""network_rx_bytes"", ""value"": 37690.432, ""z"": -1.573}, {""feature"": ""disk_io_latency_ms"", ""value"": 1.563, ""z"": -1.462}, {""feature"": ""process_exec_count"", ""value"": 0.8, ""z"": -1.393}]"
2026-05-27T03:59:58Z,mock-node,default,mock-pod,app,0.183044,False,"[{""feature"": ""network_rx_bytes"", ""value"": 59710.406, ""z"": 1.211}, {""feature"": ""process_exec_count"", ""value"": 1.169, ""z"": 1.155}, {""feature"": ""disk_read_bytes"", ""value"": 17005.271, ""z"": -1.065}]"
2026-05-27T04:00:08Z,mock-node,default,mock-pod,app,0.716717,False,"[{""feature"": ""process_exec_count"", ""value"": 0.708, ""z"": -2.028}, {""feature"": ""disk_write_bytes"", ""value"": 19145.043, ""z"": 1.896}, {""feature"": ""network_rx_bytes"", ""value"": 64899.482, ""z"": 1.868}]"
2026-05-27T04:00:18Z,mock-node,default,mock-pod,app,0.268173,False,"[{""feature"": ""disk_read_bytes"", ""value"": 25533.154, ""z"": 1.842}, {""feature"": ""tcp_connect_rate"", ""value"": 5.962, ""z"": 1.314}, {""feature"": ""syscall_write_rate"", ""value"": 103.809, ""z"": 1.041}]"
2026-05-27T04:00:28Z,mock-node,default,mock-pod,app,0.300423,False,"[{""feature"": ""process_exec_count"", ""value"": 0.746, ""z"": -1.765}, {""feature"": ""syscall_write_rate"", ""value"": 67.28, ""z"": -1.728}, {""feature"": ""network_tx_bytes"", ""value"": 32733.228, ""z"": -1.224}]"
2026-05-27T04:00:38Z,mock-node,default,mock-pod,app,0.318859,False,"[{""feature"": ""disk_read_bytes"", ""value"": 24970.196, ""z"": 1.65}, {""feature"": ""context_switch_count"", ""value"": 633.633, ""z"": -1.456}, {""feature"": ""network_tx_bytes"", ""value"": 48432.601, ""z"": 1.421}]"
2026-05-27T04:00:48Z,mock-node,default,mock-pod,app,0.067036,False,"[{""feature"": ""process_exec_count"", ""value"": 0.842, ""z"": -1.103}, {""feature"": ""syscall_open_rate"", ""value"": 17.082, ""z"": -0.99}, {""feature"": ""network_tx_bytes"", ""value"": 35010.388, ""z"": -0.84}]"
2026-05-27T04:00:58Z,mock-node,default,mock-pod,app,0.319521,False,"[{""feature"": ""disk_read_bytes"", ""value"": 14163.936, ""z"": -2.034}, {""feature"": ""process_fork_count"", ""value"": 0.797, ""z"": -1.362}, {""feature"": ""syscall_write_rate"", ""value"": 75.483, ""z"": -1.106}]"
2026-05-27T04:01:08Z,mock-node,default,mock-pod,app,0.39824,False,"[{""feature"": ""process_fork_count"", ""value"": 1.51, ""z"": 3.57}, {""feature"": ""context_switch_count"", ""value"": 965.969, ""z"": 1.366}, {""feature"": ""process_exec_count"", ""value"": 0.855, ""z"": -1.013}]"
2026-05-27T04:01:18Z,mock-node,default,mock-pod,app,0.518153,False,"[{""feature"": ""network_rx_bytes"", ""value"": 32585.817, ""z"": -2.219}, {""feature"": ""disk_write_bytes"", ""value"": 11242.916, ""z"": -1.655}, {""feature"": ""context_switch_count"", ""value"": 976.161, ""z"": 1.453}]"
2026-05-27T04:01:28Z,mock-node,default,mock-pod,app,0.43866,False,"[{""feature"": ""disk_write_bytes"", ""value"": 20346.384, ""z"": 2.435}, {""feature"": ""disk_read_bytes"", ""value"": 24509.364, ""z"": 1.493}, {""feature"": ""context_switch_count"", ""value"": 643.136, ""z"": -1.375}]"
2026-05-27T04:01:38Z,mock-node,default,mock-pod,app,0.479206,False,"[{""feature"": ""network_rx_bytes"", ""value"": 69451.176, ""z"": 2.443}, {""feature"": ""tcp_retransmit_rate"", ""value"": 0.25, ""z"": 1.689}, {""feature"": ""process_fork_count"", ""value"": 1.218, ""z"": 1.55}]"
2026-05-27T04:01:48Z,mock-node,default,mock-pod,app,0.491641,False,"[{""feature"": ""syscall_write_rate"", ""value"": 59.499, ""z"": -2.318}, {""feature"": ""process_fork_count"", ""value"": 1.276, ""z"": 1.951}, {""feature"": ""tcp_retransmit_rate"", ""value"": 0.247, ""z"": 1.588}]"
2026-05-27T04:01:58Z,mock-node,default,mock-pod,app,0.756325,False,"[{""feature"": ""context_switch_count"", ""value"": 1141.622, ""z"": 2.858}, {""feature"": ""disk_write_bytes"", ""value"": 10116.794, ""z"": -2.161}, {""feature"": ""process_fork_count"", ""value"": 1.216, ""z"": 1.536}]"
2026-05-27T04:02:08Z,mock-node,default,mock-pod,app,0.051673,False,"[{""feature"": ""tcp_retransmit_rate"", ""value"": 0.168, ""z"": -1.065}, {""feature"": ""context_switch_count"", ""value"": 929.989, ""z"": 1.061}, {""feature"": ""disk_read_bytes"", ""value"": 22932.989, ""z"": 0.955}]"
2026-05-27T04:02:18Z,mock-node,default,mock-pod,app,0.287166,False,"[{""feature"": ""process_fork_count"", ""value"": 0.762, ""z"": -1.604}, {""feature"": ""disk_read_bytes"", ""value"": 15811.656, ""z"": -1.472}, {""feature"": ""syscall_open_rate"", ""value"": 23.752, ""z"": 1.219}]"
2026-05-27T04:02:28Z,mock-node,default,mock-pod,app,0.639897,False,"[{""feature"": ""syscall_open_rate"", ""value"": 13.087, ""z"": -2.313}, {""feature"": ""disk_read_bytes"", ""value"": 14737.721, ""z"": -1.838}, {""feature"": ""network_rx_bytes"", ""value"": 38846.63, ""z"": -1.427}]"
2026-05-27T04:02:38Z,mock-node,default,mock-pod,app,0.47264,False,"[{""feature"": ""disk_read_bytes"", ""value"": 14732.051, ""z"": -1.84}, {""feature"": ""process_fork_count"", ""value"": 1.251, ""z"": 1.778}, {""feature"": ""disk_write_bytes"", ""value"": 18188.246, ""z"": 1.466}]"
2026-05-27T04:02:48Z,mock-node,default,mock-pod,app,0.88644,True,"[{""feature"": ""syscall_open_rate"", ""value"": 28.249, ""z"": 2.708}, {""feature"": ""disk_io_latency_ms"", ""value"": 2.759, ""z"": 2.49}, {""feature"": ""context_switch_count"", ""value"": 595.963, ""z"": -1.776}]"
2026-05-27T04:02:58Z,mock-node,default,mock-pod,app,0.53656,False,"[{""feature"": ""context_switch_count"", ""value"": 1047.202, ""z"": 2.056}, {""feature"": ""disk_io_latency_ms"", ""value"": 1.423, ""z"": -1.924}, {""feature"": ""process_exec_count"", ""value"": 0.725, ""z"": -1.91}]"
2026-05-27T04:03:08Z,mock-node,default,mock-pod,app,0.7099,False,"[{""feature"": ""disk_read_bytes"", ""value"": 12269.609, ""z"": -2.679}, {""feature"": ""disk_io_latency_ms"", ""value"": 2.655, ""z"": 2.146}, {""feature"": ""process_fork_count"", ""value"": 0.742, ""z"": -1.743}]"
2026-05-27T04:03:18Z,mock-node,default,mock-pod,app,0.305371,False,"[{""feature"": ""network_rx_bytes"", ""value"": 64994.85, ""z"": 1.88}, {""feature"": ""tcp_connect_rate"", ""value"": 3.816, ""z"": -1.532}, {""feature"": ""tcp_retransmit_rate"", ""value"": 0.167, ""z"": -1.099}]"
2026-05-27T04:03:28Z,mock-node,default,mock-pod,app,0.227042,False,"[{""feature"": ""network_rx_bytes"", ""value"": 35032.678, ""z"": -1.909}, {""feature"": ""syscall_open_rate"", ""value"": 23.442, ""z"": 1.116}, {""feature"": ""disk_io_latency_ms"", ""value"": 1.697, ""z"": -1.019}]"
2026-05-27T04:03:38Z,mock-node,default,mock-pod,app,0.203278,False,"[{""feature"": ""disk_read_bytes"", ""value"": 27646.604, ""z"": 2.562}, {""feature"": ""syscall_open_rate"", ""value"": 17.981, ""z"": -0.692}, {""feature"": ""disk_write_bytes"", ""value"": 13704.275, ""z"": -0.549}]"
2026-05-27T04:03:48Z,mock-node,default,mock-pod,app,0.373909,False,"[{""feature"": ""network_rx_bytes"", ""value"": 65224.131, ""z"": 1.909}, {""feature"": ""network_tx_bytes"", ""value"": 31058.796, ""z"": -1.506}, {""feature"": ""process_fork_count"", ""value"": 0.787, ""z"": -1.431}]"
2026-05-27T04:03:58Z,mock-node,default,mock-pod,app,0.152864,False,"[{""feature"": ""syscall_read_rate"", ""value"": 109.461, ""z"": -1.794}, {""feature"": ""syscall_write_rate"", ""value"": 101.961, ""z"": 0.901}, {""feature"": ""tcp_retransmit_rate"", ""value"": 0.222, ""z"": 0.748}]"
2026-05-27T04:04:08Z,mock-node,default,mock-pod,app,0.322215,False,"[{""feature"": ""tcp_connect_rate"", ""value"": 3.371, ""z"": -2.122}, {""feature"": ""disk_read_bytes"", ""value"": 24998.813, ""z"": 1.66}, {""feature"": ""syscall_read_rate"", ""value"": 122.776, ""z"": -1.203}]"
2026-05-27T04:04:18Z,mock-node,default,mock-pod,app,0.595269,False,"[{""feature"": ""tcp_retransmit_rate"", ""value"": 0.262, ""z"": 2.092}, {""feature"": ""network_rx_bytes"", ""value"": 36061.292, ""z"": -1.779}, {""feature"": ""network_tx_bytes"", ""value"": 30771.915, ""z"": -1.554}]"
2026-05-27T04:04:28Z,mock-node,default,mock-pod,app,0.468398,False,"[{""feature"": ""context_switch_count"", ""value"": 1021.757, ""z"": 1.84}, {""feature"": ""tcp_retransmit_rate"", ""value"": 0.146, ""z"": -1.804}, {""feature"": ""network_tx_bytes"", ""value"": 31180.163, ""z"": -1.485}]"
2026-05-27T04:04:38Z,mock-node,default,mock-pod,app,0.202396,False,"[{""feature"": ""network_tx_bytes"", ""value"": 32933.037, ""z"": -1.19}, {""feature"": ""network_rx_bytes"", ""value"": 41247.934, ""z"": -1.123}, {""feature"": ""tcp_retransmit_rate"", ""value"": 0.17, ""z"": -0.998}]"
2026-05-27T04:04:48Z,mock-node,default,mock-pod,app,0.387211,False,"[{""feature"": ""network_tx_bytes"", ""value"": 50380.398, ""z"": 1.749}, {""feature"": ""tcp_retransmit_rate"", ""value"": 0.149, ""z"": -1.703}, {""feature"": ""tcp_connect_rate"", ""value"": 5.863, ""z"": 1.182}]"
2026-05-27T04:04:58Z,mock-node,default,mock-pod,app,0.157435,False,"[{""feature"": ""syscall_write_rate"", ""value"": 108.556, ""z"": 1.401}, {""feature"": ""disk_read_bytes"", ""value"": 16733.848, ""z"": -1.158}, {""feature"": ""process_exec_count"", ""value"": 0.87, ""z"": -0.909}]"
2026-05-27T04:05:08Z,mock-node,default,mock-pod,app,0.374872,False,"[{""feature"": ""syscall_write_rate"", ""value"": 111.618, ""z"": 1.633}, {""feature"": ""process_fork_count"", ""value"": 1.217, ""z"": 1.543}, {""feature"": ""syscall_open_rate"", ""value"": 24.018, ""z"": 1.307}]"
2026-05-27T04:05:18Z,mock-node,default,mock-pod,app,0.385857,False,"[{""feature"": ""process_exec_count"", ""value"": 0.727, ""z"": -1.897}, {""feature"": ""syscall_write_rate"", ""value"": 109.12, ""z"": 1.444}, {""feature"": ""context_switch_count"", ""value"": 973.749, ""z"": 1.432}]"
2026-05-27T04:05:28Z,mock-node,default,mock-pod,app,0.303881,False,"[{""feature"": ""network_tx_bytes"", ""value"": 49231.958, ""z"": 1.556}, {""feature"": ""disk_read_bytes"", ""value"": 24273.615, ""z"": 1.412}, {""feature"": ""tcp_retransmit_rate"", ""value"": 0.24, ""z"": 1.353}]"
2026-05-27T04:05:38Z,mock-node,default,mock-pod,app,0.251457,False,"[{""feature"": ""disk_write_bytes"", ""value"": 19733.529, ""z"": 2.16}, {""feature"": ""process_fork_count"", ""value"": 0.823, ""z"": -1.182}, {""feature"": ""tcp_retransmit_rate"", ""value"": 0.227, ""z"": 0.916}]"
2026-05-27T04:05:48Z,mock-node,default,mock-pod,app,0.396092,False,"[{""feature"": ""disk_write_bytes"", ""value"": 20278.143, ""z"": 2.405}, {""feature"": ""network_tx_bytes"", ""value"": 31153.127, ""z"": -1.49}, {""feature"": ""disk_io_latency_ms"", ""value"": 1.577, ""z"": -1.415}]"
2026-05-27T04:05:58Z,mock-node,default,mock-pod,app,0.459506,False,"[{""feature"": ""syscall_open_rate"", ""value"": 26.517, ""z"": 2.134}, {""feature"": ""process_fork_count"", ""value"": 1.285, ""z"": 2.013}, {""feature"": ""disk_io_latency_ms"", ""value"": 1.655, ""z"": -1.158}]"
2026-05-27T04:06:08Z,mock-node,default,mock-pod,app,0.170669,False,"[{""feature"": ""disk_io_latency_ms"", ""value"": 1.503, ""z"": -1.66}, {""feature"": ""network_rx_bytes"", ""value"": 40071.105, ""z"": -1.272}, {""feature"": ""network_tx_bytes"", ""value"": 34458.99, ""z"": -0.933}]"
2026-05-27T04:06:18Z,mock-node,default,mock-pod,app,0.542148,False,"[{""feature"": ""syscall_write_rate"", ""value"": 113.138, ""z"": 1.748}, {""feature"": ""disk_write_bytes"", ""value"": 11106.575, ""z"": -1.716}, {""feature"": ""disk_io_latency_ms"", ""value"": 1.528, ""z"": -1.577}]"
2026-05-27T04:06:28Z,mock-node,default,mock-pod,app,0.379201,False,"[{""feature"": ""network_tx_bytes"", ""value"": 29514.328, ""z"": -1.766}, {""feature"": ""disk_read_bytes"", ""value"": 15278.515, ""z"": -1.654}, {""feature"": ""context_switch_count"", ""value"": 685.629, ""z"": -1.014}]"
2026-05-27T04:06:38Z,mock-node,default,mock-pod,app,0.036204,False,"[{""feature"": ""syscall_read_rate"", ""value"": 125.261, ""z"": -1.093}, {""feature"": ""tcp_connect_rate"", ""value"": 4.486, ""z"": -0.643}, {""feature"": ""disk_io_latency_ms"", ""value"": 1.822, ""z"": -0.606}]"
2026-05-27T04:06:48Z,mock-node,default,mock-pod,app,0.388205,False,"[{""feature"": ""process_exec_count"", ""value"": 1.305, ""z"": 2.095}, {""feature"": ""network_rx_bytes"", ""value"": 37588.016, ""z"": -1.586}, {""feature"": ""tcp_connect_rate"", ""value"": 5.941, ""z"": 1.286}]"
2026-05-27T04:06:58Z,mock-node,default,mock-pod,app,0.540638,False,"[{""feature"": ""context_switch_count"", ""value"": 482.905, ""z"": -2.736}, {""feature"": ""process_exec_count"", ""value"": 1.36, ""z"": 2.474}, {""feature"": ""tcp_connect_rate"", ""value"": 5.744, ""z"": 1.025}]"
2026-05-27T04:07:08Z,mock-node,default,mock-pod,app,0.507099,False,"[{""feature"": ""context_switch_count"", ""value"": 566.552, ""z"": -2.025}, {""feature"": ""disk_io_latency_ms"", ""value"": 1.474, ""z"": -1.756}, {""feature"": ""process_exec_count"", ""value"": 0.756, ""z"": -1.696}]"
2026-05-27T04:07:18Z,mock-node,default,mock-pod,app,0.507152,False,"[{""feature"": ""process_fork_count"", ""value"": 1.237, ""z"": 1.681}, {""feature"": ""disk_write_bytes"", ""value"": 11525.463, ""z"": -1.528}, {""feature"": ""tcp_connect_rate"", ""value"": 3.833, ""z"": -1.509}]"
2026-05-27T04:07:28Z,mock-node,default,mock-pod,app,0.449696,False,"[{""feature"": ""syscall_open_rate"", ""value"": 10.929, ""z"": -3.027}, {""feature"": ""process_fork_count"", ""value"": 1.166, ""z"": 1.19}, {""feature"": ""syscall_read_rate"", ""value"": 123.855, ""z"": -1.155}]"
2026-05-27T04:07:38Z,mock-node,default,mock-pod,app,0.350845,False,"[{""feature"": ""context_switch_count"", ""value"": 1117.311, ""z"": 2.651}, {""feature"": ""process_exec_count"", ""value"": 0.825, ""z"": -1.22}, {""feature"": ""process_fork_count"", ""value"": 0.818, ""z"": -1.217}]"
2026-05-27T04:07:48Z,mock-node,default,mock-pod,app,0.208269,False,"[{""feature"": ""syscall_read_rate"", ""value"": 109.356, ""z"": -1.799}, {""feature"": ""network_rx_bytes"", ""value"": 58369.779, ""z"": 1.042}, {""feature"": ""tcp_retransmit_rate"", ""value"": 0.17, ""z"": -0.998}]"
2026-05-27T04:07:58Z,mock-node,default,mock-pod,app,0.513995,False,"[{""feature"": ""process_exec_count"", ""value"": 1.297, ""z"": 2.039}, {""feature"": ""tcp_connect_rate"", ""value"": 3.763, ""z"": -1.602}, {""feature"": ""process_fork_count"", ""value"": 0.778, ""z"": -1.494}]"
2026-05-27T04:08:08Z,mock-node,default,mock-pod,app,0.596743,False,"[{""feature"": ""disk_read_bytes"", ""value"": 28221.024, ""z"": 2.758}, {""feature"": ""syscall_write_rate"", ""value"": 115.524, ""z"": 1.929}, {""feature"": ""network_tx_bytes"", ""value"": 30014.279, ""z"": -1.682}]"
2026-05-27T04:08:18Z,mock-node,default,mock-pod,app,0.426204,False,"[{""feature"": ""syscall_open_rate"", ""value"": 26.9, ""z"": 2.261}, {""feature"": ""network_rx_bytes"", ""value"": 38121.438, ""z"": -1.519}, {""feature"": ""syscall_write_rate"", ""value"": 108.935, ""z"": 1.43}]"
2026-05-27T04:08:28Z,mock-node,default,mock-pod,app,0.307444,False,"[{""feature"": ""disk_io_latency_ms"", ""value"": 2.71, ""z"": 2.328}, {""feature"": ""disk_write_bytes"", ""value"": 12147.494, ""z"": -1.248}, {""feature"": ""network_rx_bytes"", ""value"": 41636.935, ""z"": -1.074}]"
2026-05-27T04:08:38Z,mock-node,default,mock-pod,app,0.128833,False,"[{""feature"": ""tcp_retransmit_rate"", ""value"": 0.242, ""z"": 1.42}, {""feature"": ""syscall_open_rate"", ""value"": 16.401, ""z"": -1.216}, {""feature"": ""syscall_write_rate"", ""value"": 104.798, ""z"": 1.116}]"
2026-05-27T04:08:48Z,mock-node,default,mock-pod,app,0.26747,False,"[{""feature"": ""disk_write_bytes"", ""value"": 10072.46, ""z"": -2.18}, {""feature"": ""disk_io_latency_ms"", ""value"": 1.601, ""z"": -1.336}, {""feature"": ""network_tx_bytes"", ""value"": 33199.374, ""z"": -1.145}]"
2026-05-27T04:08:58Z,mock-node,default,mock-pod,app,0.278588,False,"[{""feature"": ""syscall_write_rate"", ""value"": 66.294, ""z"": -1.803}, {""feature"": ""network_tx_bytes"", ""value"": 30936.97, ""z"": -1.526}, {""feature"": ""disk_read_bytes"", ""value"": 16039.748, ""z"": -1.394}]"
2026-05-27T04:09:08Z,mock-node,default,mock-pod,app,0.116296,False,"[{""feature"": ""network_rx_bytes"", ""value"": 57860.598, ""z"": 0.977}, {""feature"": ""network_tx_bytes"", ""value"": 34355.129, ""z"": -0.95}, {""feature"": ""process_exec_count"", ""value"": 1.133, ""z"": 0.907}]"
2026-05-27T04:09:18Z,mock-node,default,mock-pod,app,0.501246,False,"[{""feature"": ""network_tx_bytes"", ""value"": 22302.861, ""z"": -2.981}, {""feature"": ""disk_read_bytes"", ""value"": 13418.848, ""z"": -2.288}, {""feature"": ""disk_write_bytes"", ""value"": 12699.603, ""z"": -1.0}]"
2026-05-27T04:09:28Z,mock-node,default,mock-pod,app,0.202134,False,"[{""feature"": ""disk_io_latency_ms"", ""value"": 1.441, ""z"": -1.865}, {""feature"": ""process_exec_count"", ""value"": 0.802, ""z"": -1.379}, {""feature"": ""syscall_read_rate"", ""value"": 129.099, ""z"": -0.923}]"
2026-05-27T04:09:38Z,mock-node,default,mock-pod,app,0.218577,False,"[{""feature"": ""process_fork_count"", ""value"": 0.719, ""z"": -1.902}, {""feature"": ""disk_write_bytes"", ""value"": 11228.856, ""z"": -1.661}, {""feature"": ""syscall_open_rate"", ""value"": 23.044, ""z"": 0.984}]"
2026-05-27T04:09:48Z,mock-node,default,mock-pod,app,0.047676,False,"[{""feature"": ""process_fork_count"", ""value"": 0.887, ""z"": -0.74}, {""feature"": ""network_tx_bytes"", ""value"": 44300.859, ""z"": 0.725}, {""feature"": ""network_rx_bytes"", ""value"": 55615.14, ""z"": 0.693}]"
2026-05-27T04:09:58Z,mock-node,default,mock-pod,app,0.277041,False,"[{""feature"": ""process_exec_count"", ""value"": 0.746, ""z"": -1.765}, {""feature"": ""syscall_open_rate"", ""value"": 15.948, ""z"": -1.366}, {""feature"": ""network_tx_bytes"", ""value"": 47132.129, ""z"": 1.202}]"
2026-05-27T04:10:08Z,mock-node,default,mock-pod,app,0.293355,False,"[{""feature"": ""disk_read_bytes"", ""value"": 24863.85, ""z"": 1.614}, {""feature"": ""tcp_connect_rate"", ""value"": 3.851, ""z"": -1.485}, {""feature"": ""syscall_read_rate"", ""value"": 176.173, ""z"": 1.165}]"
2026-05-27T04:10:18Z,mock-node,default,mock-pod,app,0.403422,False,"[{""feature"": ""network_tx_bytes"", ""value"": 50885.285, ""z"": 1.834}, {""feature"": ""process_fork_count"", ""value"": 0.773, ""z"": -1.528}, {""feature"": ""disk_read_bytes"", ""value"": 16191.203, ""z"": -1.343}]"
2026-05-27T04:10:28Z,mock-node,default,mock-pod,app,0.386376,False,"[{""feature"": ""context_switch_count"", ""value"": 1040.19, ""z"": 1.996}, {""feature"": ""syscall_read_rate"", ""value"": 113.335, ""z"": -1.622}, {""feature"": ""tcp_connect_rate"", ""value"": 3.942, ""z"": -1.365}]"
2026-05-27T04:10:38Z,mock-node,default,mock-pod,app,0.807438,True,"[{""feature"": ""disk_io_latency_ms"", ""value"": 1.356, ""z"": -2.145}, {""feature"": ""syscall_open_rate"", ""value"": 13.935, ""z"": -2.032}, {""feature"": ""context_switch_count"", ""value"": 1035.997, ""z"": 1.961}]"
2026-05-27T04:10:48Z,mock-node,default,mock-pod,app,0.465879,False,"[{""feature"": ""context_switch_count"", ""value"": 1086.933, ""z"": 2.393}, {""feature"": ""network_rx_bytes"", ""value"": 31429.203, ""z"": -2.365}, {""feature"": ""disk_io_latency_ms"", ""value"": 1.572, ""z"": -1.432}]"
2026-05-27T04:10:58Z,mock-node,default,mock-pod,app,0.229522,False,"[{""feature"": ""process_fork_count"", ""value"": 0.763, ""z"": -1.597}, {""feature"": ""syscall_read_rate"", ""value"": 183.991, ""z"": 1.512}, {""feature"": ""syscall_open_rate"", ""value"": 16.897, ""z"": -1.051}]"
2026-05-27T04:11:08Z,mock-node,default,mock-pod,app,0.548532,False,"[{""feature"": ""tcp_connect_rate"", ""value"": 3.235, ""z"": -2.302}, {""feature"": ""context_switch_count"", ""value"": 603.158, ""z"": -1.714}, {""feature"": ""network_tx_bytes"", ""value"": 48871.274, ""z"": 1.495}]"
2026-05-27T04:11:18Z,mock-node,default,mock-pod,app,0.364633,False,"[{""feature"": ""disk_read_bytes"", ""value"": 13271.02, ""z"": -2.338}, {""feature"": ""tcp_retransmit_rate"", ""value"": 0.236, ""z"": 1.219}, {""feature"": ""disk_io_latency_ms"", ""value"": 2.372, ""z"": 1.211}]"
2026-05-27T04:11:28Z,mock-node,default,mock-pod,app,0.397754,False,"[{""feature"": ""network_rx_bytes"", ""value"": 67921.478, ""z"": 2.25}, {""feature"": ""syscall_open_rate"", ""value"": 14.729, ""z"": -1.769}, {""feature"": ""tcp_retransmit_rate"", ""value"": 0.239, ""z"": 1.319}]"
2026-05-27T04:11:38Z,mock-node,default,mock-pod,app,0.436707,False,"[{""feature"": ""process_exec_count"", ""value"": 0.738, ""z"": -1.821}, {""feature"": ""network_tx_bytes"", ""value"": 50492.584, ""z"": 1.768}, {""feature"": ""network_rx_bytes"", ""value"": 63330.476, ""z"": 1.669}]"
2026-05-27T04:11:48Z,mock-node,default,mock-pod,app,0.311355,False,"[{""feature"": ""disk_io_latency_ms"", ""value"": 1.342, ""z"": -2.192}, {""feature"": ""disk_read_bytes"", ""value"": 24595.91, ""z"": 1.522}, {""feature"": ""tcp_retransmit_rate"", ""value"": 0.239, ""z"": 1.319}]"
2026-05-27T04:11:58Z,mock-node,default,mock-pod,app,0.356866,False,"[{""feature"": ""disk_write_bytes"", ""value"": 11044.592, ""z"": -1.744}, {""feature"": ""context_switch_count"", ""value"": 625.261, ""z"": -1.527}, {""feature"": ""syscall_read_rate"", ""value"": 181.14, ""z"": 1.386}]"
2026-05-27T04:12:08Z,mock-node,default,mock-pod,app,0.470341,False,"[{""feature"": ""syscall_read_rate"", ""value"": 211.53, ""z"": 2.734}, {""feature"": ""network_tx_bytes"", ""value"": 50491.021, ""z"": 1.768}, {""feature"": ""tcp_connect_rate"", ""value"": 6.266, ""z"": 1.717}]"
2026-05-27T04:12:18Z,mock-node,default,mock-pod,app,0.41195,False,"[{""feature"": ""syscall_read_rate"", ""value"": 106.626, ""z"": -1.92}, {""feature"": ""syscall_write_rate"", ""value"": 115.073, ""z"": 1.895}, {""feature"": ""syscall_open_rate"", ""value"": 23.551, ""z"": 1.152}]"
2026-05-27T04:12:28Z,mock-node,default,mock-pod,app,0.208341,False,"[{""feature"": ""disk_io_latency_ms"", ""value"": 1.469, ""z"": -1.772}, {""feature"": ""process_fork_count"", ""value"": 1.201, ""z"": 1.432}, {""feature"": ""network_tx_bytes"", ""value"": 34326.508, ""z"": -0.955}]"
2026-05-27T04:12:38Z,mock-node,default,mock-pod,app,0.281718,False,"[{""feature"": ""syscall_open_rate"", ""value"": 25.976, ""z"": 1.955}, {""feature"": ""tcp_retransmit_rate"", ""value"": 0.242, ""z"": 1.42}, {""feature"": ""tcp_connect_rate"", ""value"": 3.967, ""z"": -1.332}]"
2026-05-27T04:12:48Z,mock-node,default,mock-pod,app,0.259565,False,"[{""feature"": ""process_fork_count"", ""value"": 0.798, ""z"": -1.355}, {""feature"": ""disk_io_latency_ms"", ""value"": 2.396, ""z"": 1.291}, {""feature"": ""disk_read_bytes"", ""value"": 16584.759, ""z"": -1.209}]"
2026-05-27T04:12:58Z,mock-node,default,mock-pod,app,0.457386,False,"[{""feature"": ""syscall_write_rate"", ""value"": 114.455, ""z"": 1.848}, {""feature"": ""syscall_open_rate"", ""value"": 15.441, ""z"": -1.533}, {""feature"": ""process_fork_count"", ""value"": 1.208, ""z"": 1.481}]"
2026-05-27T04:13:08Z,mock-node,default,mock-pod,app,0.243017,False,"[{""feature"": ""disk_write_bytes"", ""value"": 18752.898, ""z"": 1.72}, {""feature"": ""syscall_read_rate"", ""value"": 182.349, ""z"": 1.439}, {""feature"": ""tcp_connect_rate"", ""value"": 5.775, ""z"": 1.066}]"
2026-05-27T04:13:18Z,mock-node,default,mock-pod,app,0.478434,False,"[{""feature"": ""network_tx_bytes"", ""value"": 54729.295, ""z"": 2.482}, {""feature"": ""network_rx_bytes"", ""value"": 63819.45, ""z"": 1.731}, {""feature"": ""syscall_open_rate"", ""value"": 24.702, ""z"": 1.533}]"
2026-05-27T04:13:28Z,mock-node,default,mock-pod,app,0.338064,False,"[{""feature"": ""process_exec_count"", ""value"": 1.273, ""z"": 1.874}, {""feature"": ""disk_read_bytes"", ""value"": 25432.77, ""z"": 1.808}, {""feature"": ""tcp_retransmit_rate"", ""value"": 0.153, ""z"": -1.569}]"
2026-05-27T04:13:38Z,mock-node,default,mock-pod,app,0.366426,False,"[{""feature"": ""tcp_connect_rate"", ""value"": 6.622, ""z"": 2.189}, {""feature"": ""syscall_read_rate"", ""value"": 184.256, ""z"": 1.524}, {""feature"": ""network_rx_bytes"", ""value"": 60115.178, ""z"": 1.263}]"
2026-05-27T04:13:48Z,mock-node,default,mock-pod,app,0.417124,False,"[{""feature"": ""tcp_retransmit_rate"", ""value"": 0.131, ""z"": -2.308}, {""feature"": ""network_rx_bytes"", ""value"": 39865.778, ""z"": -1.298}, {""feature"": ""syscall_read_rate"", ""value"": 177.862, ""z"": 1.24}]"
2026-05-27T04:13:58Z,mock-node,default,mock-pod,app,0.30185,False,"[{""feature"": ""syscall_write_rate"", ""value"": 68.589, ""z"": -1.629}, {""feature"": ""network_rx_bytes"", ""value"": 39279.066, ""z"": -1.372}, {""feature"": ""context_switch_count"", ""value"": 951.367, ""z"": 1.242}]"
2026-05-27T04:14:08Z,mock-node,default,mock-pod,app,0.276616,False,"[{""feature"": ""syscall_write_rate"", ""value"": 68.8, ""z"": -1.613}, {""feature"": ""syscall_read_rate"", ""value"": 113.676, ""z"": -1.607}, {""feature"": ""disk_write_bytes"", ""value"": 11633.319, ""z"": -1.479}]"
2026-05-27T04:14:18Z,mock-node,default,mock-pod,app,0.26445,False,"[{""feature"": ""disk_read_bytes"", ""value"": 25222.622, ""z"": 1.736}, {""feature"": ""process_fork_count"", ""value"": 0.815, ""z"": -1.238}, {""feature"": ""network_tx_bytes"", ""value"": 33665.713, ""z"": -1.066}]"
2026-05-27T04:14:28Z,mock-node,default,mock-pod,app,0.284172,False,"[{""feature"": ""disk_read_bytes"", ""value"": 25056.328, ""z"": 1.679}, {""feature"": ""process_exec_count"", ""value"": 0.784, ""z"": -1.503}, {""feature"": ""network_rx_bytes"", ""value"": 40241.081, ""z"": -1.251}]"
2026-05-27T04:14:38Z,mock-node,default,mock-pod,app,0.508107,False,"[{""feature"": ""tcp_retransmit_rate"", ""value"": 0.131, ""z"": -2.308}, {""feature"": ""network_tx_bytes"", ""value"": 29580.131, ""z"": -1.755}, {""feature"": ""network_rx_bytes"", ""value"": 62750.313, ""z"": 1.596}]"
2026-05-27T04:14:48Z,mock-node,default,mock-pod,app,0.787333,False,"[{""feature"": ""disk_write_bytes"", ""value"": 9133.448, ""z"": -2.602}, {""feature"": ""syscall_open_rate"", ""value"": 14.042, ""z"": -1.997}, {""feature"": ""process_exec_count"", ""value"": 0.734, ""z"": -1.848}]"
2026-05-27T04:14:58Z,mock-node,default,mock-pod,app,0.387757,False,"[{""feature"": ""tcp_retransmit_rate"", ""value"": 0.262, ""z"": 2.092}, {""feature"": ""syscall_open_rate"", ""value"": 24.375, ""z"": 1.425}, {""feature"": ""network_rx_bytes"", ""value"": 39660.255, ""z"": -1.324}]"
2026-05-27T04:15:08Z,mock-node,default,mock-pod,app,0.2627,False,"[{""feature"": ""network_rx_bytes"", ""value"": 33594.704, ""z"": -2.091}, {""feature"": ""tcp_connect_rate"", ""value"": 3.764, ""z"": -1.601}, {""feature"": ""process_exec_count"", ""value"": 1.216, ""z"": 1.48}]"
2026-05-27T04:15:18Z,mock-node,default,mock-pod,app,0.395187,False,"[{""feature"": ""syscall_write_rate"", ""value"": 117.919, ""z"": 2.111}, {""feature"": ""disk_read_bytes"", ""value"": 15723.914, ""z"": -1.502}, {""feature"": ""context_switch_count"", ""value"": 955.056, ""z"": 1.273}]"
2026-05-27T04:15:28Z,mock-node,default,mock-pod,app,0.207273,False,"[{""feature"": ""disk_write_bytes"", ""value"": 18939.776, ""z"": 1.804}, {""feature"": ""process_exec_count"", ""value"": 1.209, ""z"": 1.432}, {""feature"": ""disk_read_bytes"", ""value"": 23617.208, ""z"": 1.189}]"
2026-05-27T04:15:38Z,mock-node,default,mock-pod,app,0.319139,False,"[{""feature"": ""disk_io_latency_ms"", ""value"": 2.724, ""z"": 2.374}, {""feature"": ""context_switch_count"", ""value"": 633.31, ""z"": -1.458}, {""feature"": ""syscall_read_rate"", ""value"": 176.625, ""z"": 1.185}]"
2026-05-27T04:15:48Z,mock-node,default,mock-pod,app,0.358898,False,"[{""feature"": ""syscall_read_rate"", ""value"": 203.264, ""z"": 2.367}, {""feature"": ""context_switch_count"", ""value"": 624.584, ""z"": -1.533}, {""feature"": ""syscall_write_rate"", ""value"": 105.481, ""z"": 1.168}]"
2026-05-27T04:15:58Z,mock-node,default,mock-pod,app,0.617654,False,"[{""feature"": ""network_tx_bytes"", ""value"": 54016.393, ""z"": 2.362}, {""feature"": ""process_exec_count"", ""value"": 0.71, ""z"": -2.014}, {""feature"": ""tcp_retransmit_rate"", ""value"": 0.252, ""z"": 1.756}]"
2026-05-27T04:16:08Z,mock-node,default,mock-pod,app,0.120997,False,"[{""feature"": ""tcp_connect_rate"", ""value"": 5.784, ""z"": 1.078}, {""feature"": ""network_rx_bytes"", ""value"": 41868.379, ""z"": -1.045}, {""feature"": ""disk_read_bytes"", ""value"": 17235.969, ""z"": -0.987}]"
2026-05-27T04:16:18Z,mock-node,default,mock-pod,app,0.445613,False,"[{""feature"": ""process_exec_count"", ""value"": 0.626, ""z"": -2.594}, {""feature"": ""process_fork_count"", ""value"": 0.772, ""z"": -1.535}, {""feature"": ""syscall_open_rate"", ""value"": 24.177, ""z"": 1.359}]"
2026-05-27T04:16:28Z,mock-node,default,mock-pod,app,0.319806,False,"[{""feature"": ""network_rx_bytes"", ""value"": 67504.849, ""z"": 2.197}, {""feature"": ""syscall_write_rate"", ""value"": 68.887, ""z"": -1.606}, {""feature"": ""context_switch_count"", ""value"": 664.714, ""z"": -1.192}]"
2026-05-27T04:16:38Z,mock-node,default,mock-pod,app,0.366734,False,"[{""feature"": ""tcp_retransmit_rate"", ""value"": 0.254, ""z"": 1.823}, {""feature"": ""context_switch_count"", ""value"": 1001.424, ""z"": 1.667}, {""feature"": ""syscall_open_rate"", ""value"": 24.998, ""z"": 1.631}]"
2026-05-27T04:16:48Z,mock-node,default,mock-pod,app,0.40058,False,"[{""feature"": ""syscall_write_rate"", ""value"": 62.452, ""z"": -2.094}, {""feature"": ""syscall_open_rate"", ""value"": 14.748, ""z"": -1.763}, {""feature"": ""tcp_connect_rate"", ""value"": 6.0, ""z"": 1.364}]"
2026-05-27T04:16:58Z,mock-node,default,mock-pod,app,0.22953,False,"[{""feature"": ""tcp_connect_rate"", ""value"": 6.29, ""z"": 1.748}, {""feature"": ""tcp_retransmit_rate"", ""value"": 0.238, ""z"": 1.286}, {""feature"": ""syscall_read_rate"", ""value"": 176.875, ""z"": 1.197}]"
2026-05-27T04:17:08Z,mock-node,default,mock-pod,app,0.402437,False,"[{""feature"": ""tcp_retransmit_rate"", ""value"": 0.277, ""z"": 2.596}, {""feature"": ""process_fork_count"", ""value"": 1.208, ""z"": 1.481}, {""feature"": ""syscall_write_rate"", ""value"": 102.824, ""z"": 0.966}]"
2026-05-27T04:17:18Z,mock-node,default,mock-pod,app,0.382825,False,"[{""feature"": ""process_fork_count"", ""value"": 1.217, ""z"": 1.543}, {""feature"": ""syscall_write_rate"", ""value"": 70.569, ""z"": -1.479}, {""feature"": ""syscall_read_rate"", ""value"": 179.188, ""z"": 1.299}]"
2026-05-27T04:17:28Z,mock-node,default,mock-pod,app,0.759215,False,"[{""feature"": ""disk_write_bytes"", ""value"": 9951.588, ""z"": -2.235}, {""feature"": ""syscall_open_rate"", ""value"": 14.406, ""z"": -1.876}, {""feature"": ""syscall_write_rate"", ""value"": 66.695, ""z"": -1.772}]"
2026-05-27T04:17:38Z,mock-node,default,mock-pod,app,0.500138,False,"[{""feature"": ""disk_read_bytes"", ""value"": 26507.012, ""z"": 2.174}, {""feature"": ""syscall_write_rate"", ""value"": 61.679, ""z"": -2.153}, {""feature"": ""tcp_connect_rate"", ""value"": 6.325, ""z"": 1.795}]"
2026-05-27T04:17:48Z,mock-node,default,mock-pod,app,0.231031,False,"[{""feature"": ""disk_read_bytes"", ""value"": 16286.565, ""z"": -1.31}, {""feature"": ""network_rx_bytes"", ""value"": 59629.207, ""z"": 1.201}, {""feature"": ""syscall_read_rate"", ""value"": 128.317, ""z"": -0.957}]"
2026-05-27T04:17:58Z,mock-node,default,mock-pod,app,0.555195,False,"[{""feature"": ""tcp_retransmit_rate"", ""value"": 0.139, ""z"": -2.039}, {""feature"": ""process_fork_count"", ""value"": 1.238, ""z"": 1.688}, {""feature"": ""disk_io_latency_ms"", ""value"": 2.514, ""z"": 1.681}]"
2026-05-27T04:18:08Z,mock-node,default,mock-pod,app,0.038003,False,"[{""feature"": ""disk_write_bytes"", ""value"": 17838.8, ""z"": 1.309}, {""feature"": ""disk_read_bytes"", ""value"": 23071.58, ""z"": 1.003}, {""feature"": ""syscall_read_rate"", ""value"": 135.638, ""z"": -0.633}]"
2026-05-27T04:18:18Z,mock-node,default,mock-pod,app,0.163436,False,"[{""feature"": ""disk_write_bytes"", ""value"": 11729.938, ""z"": -1.436}, {""feature"": ""network_tx_bytes"", ""value"": 34457.025, ""z"": -0.933}, {""feature"": ""context_switch_count"", ""value"": 911.561, ""z"": 0.904}]"
2026-05-27T04:18:28Z,mock-node,default,mock-pod,app,0.263867,False,"[{""feature"": ""process_exec_count"", ""value"": 0.771, ""z"": -1.593}, {""feature"": ""disk_read_bytes"", ""value"": 24057.113, ""z"": 1.339}, {""feature"": ""network_rx_bytes"", ""value"": 41101.028, ""z"": -1.142}]"
2026-05-27T04:18:38Z,mock-node,default,mock-pod,app,0.625167,False,"[{""feature"": ""process_fork_count"", ""value"": 0.685, ""z"": -2.137}, {""feature"": ""syscall_read_rate"", ""value"": 107.206, ""z"": -1.894}, {""feature"": ""network_rx_bytes"", ""value"": 62409.316, ""z"": 1.553}]"
2026-05-27T04:18:48Z,mock-node,default,mock-pod,app,0.522113,False,"[{""feature"": ""context_switch_count"", ""value"": 535.147, ""z"": -2.292}, {""feature"": ""tcp_connect_rate"", ""value"": 3.855, ""z"": -1.48}, {""feature"": ""syscall_open_rate"", ""value"": 24.271, ""z"": 1.39}]"
2026-05-27T04:18:58Z,mock-node,default,mock-pod,app,0.144515,False,"[{""feature"": ""syscall_write_rate"", ""value"": 71.927, ""z"": -1.376}, {""feature"": ""process_fork_count"", ""value"": 0.798, ""z"": -1.355}, {""feature"": ""context_switch_count"", ""value"": 699.053, ""z"": -0.9}]"
2026-05-27T04:19:08Z,mock-node,default,mock-pod,app,0.110748,False,"[{""feature"": ""process_exec_count"", ""value"": 0.795, ""z"": -1.427}, {""feature"": ""syscall_open_rate"", ""value"": 16.659, ""z"": -1.13}, {""feature"": ""network_tx_bytes"", ""value"": 45644.969, ""z"": 0.952}]"
2026-05-27T04:19:18Z,mock-node,default,mock-pod,app,0.356764,False,"[{""feature"": ""syscall_read_rate"", ""value"": 100.816, ""z"": -2.177}, {""feature"": ""syscall_open_rate"", ""value"": 25.744, ""z"": 1.878}, {""feature"": ""network_tx_bytes"", ""value"": 32487.323, ""z"": -1.265}]"
2026-05-27T04:19:28Z,mock-node,default,mock-pod,app,0.537175,False,"[{""feature"": ""process_fork_count"", ""value"": 1.239, ""z"": 1.695}, {""feature"": ""disk_write_bytes"", ""value"": 18629.613, ""z"": 1.664}, {""feature"": ""tcp_retransmit_rate"", ""value"": 0.242, ""z"": 1.42}]"
2026-05-27T04:19:38Z,mock-node,default,mock-pod,app,0.266646,False,"[{""feature"": ""network_rx_bytes"", ""value"": 65336.906, ""z"": 1.923}, {""feature"": ""disk_write_bytes"", ""value"": 12134.257, ""z"": -1.254}, {""feature"": ""process_exec_count"", ""value"": 0.859, ""z"": -0.985}]"
2026-05-27T04:19:48Z,mock-node,default,mock-pod,app,0.633607,False,"[{""feature"": ""disk_write_bytes"", ""value"": 9084.961, ""z"": -2.624}, {""feature"": ""disk_io_latency_ms"", ""value"": 2.591, ""z"": 1.935}, {""feature"": ""network_tx_bytes"", ""value"": 51360.55, ""z"": 1.914}]"
2026-05-27T04:19:58Z,mock-node,default,mock-pod,app,0.474897,False,"[{""feature"": ""network_rx_bytes"", ""value"": 33815.204, ""z"": -2.063}, {""feature"": ""syscall_read_rate"", ""value"": 189.096, ""z"": 1.739}, {""feature"": ""tcp_connect_rate"", ""value"": 3.817, ""z"": -1.53}]"
2026-05-27T04:20:08Z,mock-node,default,mock-pod,app,0.442182,False,"[{""feature"": ""network_tx_bytes"", ""value"": 51764.25, ""z"": 1.982}, {""feature"": ""network_rx_bytes"", ""value"": 63559.101, ""z"": 1.698}, {""feature"": ""syscall_read_rate"", ""value"": 184.048, ""z"": 1.515}]"
2026-05-27T04:20:18Z,mock-node,default,mock-pod,app,0.573466,False,"[{""feature"": ""disk_read_bytes"", ""value"": 11795.369, ""z"": -2.841}, {""feature"": ""network_tx_bytes"", ""value"": 51538.084, ""z"": 1.944}, {""feature"": ""disk_write_bytes"", ""value"": 18208.468, ""z"": 1.475}]"
2026-05-27T04:20:28Z,mock-node,default,mock-pod,app,0.588178,False,"[{""feature"": ""tcp_retransmit_rate"", ""value"": 0.128, ""z"": -2.409}, {""feature"": ""syscall_open_rate"", ""value"": 24.792, ""z"": 1.563}, {""feature"": ""syscall_read_rate"", ""value"": 184.258, ""z"": 1.524}]"
2026-05-27T04:20:38Z,mock-node,default,mock-pod,app,0.541751,False,"[{""feature"": ""context_switch_count"", ""value"": 1041.981, ""z"": 2.012}, {""feature"": ""tcp_connect_rate"", ""value"": 3.979, ""z"": -1.316}, {""feature"": ""syscall_write_rate"", ""value"": 107.077, ""z"": 1.289}]"
2026-05-27T04:20:48Z,mock-node,default,mock-pod,app,0.29178,False,"[{""feature"": ""syscall_read_rate"", ""value"": 188.905, ""z"": 1.73}, {""feature"": ""syscall_open_rate"", ""value"": 24.237, ""z"": 1.379}, {""feature"": ""disk_read_bytes"", ""value"": 23893.238, ""z"": 1.283}]"
2026-05-27T04:20:58Z,mock-node,default,mock-pod,app,0.260385,False,"[{""feature"": ""disk_io_latency_ms"", ""value"": 2.491, ""z"": 1.605}, {""feature"": ""syscall_read_rate"", ""value"": 180.406, ""z"": 1.353}, {""feature"": ""process_fork_count"", ""value"": 0.808, ""z"": -1.286}]"
2026-05-27T04:21:08Z,mock-node,default,mock-pod,app,0.357367,False,"[{""feature"": ""tcp_retransmit_rate"", ""value"": 0.258, ""z"": 1.958}, {""feature"": ""disk_io_latency_ms"", ""value"": 2.458, ""z"": 1.496}, {""feature"": ""disk_read_bytes"", ""value"": 16498.74, ""z"": -1.238}]"
2026-05-27T04:21:18Z,mock-node,default,mock-pod,app,0.259649,False,"[{""feature"": ""process_fork_count"", ""value"": 0.673, ""z"": -2.22}, {""feature"": ""tcp_retransmit_rate"", ""value"": 0.245, ""z"": 1.521}, {""feature"": ""context_switch_count"", ""value"": 928.369, ""z"": 1.047}]"
2026-05-27T04:21:28Z,mock-node,default,mock-pod,app,0.192503,False,"[{""feature"": ""disk_read_bytes"", ""value"": 15471.218, ""z"": -1.588}, {""feature"": ""network_tx_bytes"", ""value"": 33167.705, ""z"": -1.15}, {""feature"": ""disk_write_bytes"", ""value"": 16910.96, ""z"": 0.892}]"
2026-05-27T04:21:38Z,mock-node,default,mock-pod,app,0.713828,False,"[{""feature"": ""context_switch_count"", ""value"": 518.545, ""z"": -2.433}, {""feature"": ""syscall_read_rate"", ""value"": 200.525, ""z"": 2.246}, {""feature"": ""network_rx_bytes"", ""value"": 67010.463, ""z"": 2.135}]"
2026-05-27T04:21:48Z,mock-node,default,mock-pod,app,0.260094,False,"[{""feature"": ""syscall_open_rate"", ""value"": 14.802, ""z"": -1.745}, {""feature"": ""disk_write_bytes"", ""value"": 11392.049, ""z"": -1.588}, {""feature"": ""network_tx_bytes"", ""value"": 33314.747, ""z"": -1.126}]"
2026-05-27T04:21:58Z,mock-node,default,mock-pod,app,0.182918,False,"[{""feature"": ""syscall_open_rate"", ""value"": 25.354, ""z"": 1.749}, {""feature"": ""disk_read_bytes"", ""value"": 23679.17, ""z"": 1.21}, {""feature"": ""disk_write_bytes"", ""value"": 17550.538, ""z"": 1.179}]"
2026-05-27T04:22:08Z,mock-node,default,mock-pod,app,0.472157,False,"[{""feature"": ""syscall_write_rate"", ""value"": 61.368, ""z"": -2.176}, {""feature"": ""context_switch_count"", ""value"": 560.717, ""z"": -2.075}, {""feature"": ""syscall_read_rate"", ""value"": 177.34, ""z"": 1.217}]"
2026-05-27T04:22:18Z,mock-node,default,mock-pod,app,0.313031,False,"[{""feature"": ""context_switch_count"", ""value"": 976.912, ""z"": 1.459}, {""feature"": ""process_fork_count"", ""value"": 0.818, ""z"": -1.217}, {""feature"": ""network_rx_bytes"", ""value"": 58700.15, ""z"": 1.084}]"
2026-05-27T04:22:28Z,mock-node,default,mock-pod,app,0.194164,False,"[{""feature"": ""tcp_connect_rate"", ""value"": 6.335, ""z"": 1.808}, {""feature"": ""syscall_read_rate"", ""value"": 120.011, ""z"": -1.326}, {""feature"": ""network_tx_bytes"", ""value"": 47792.952, ""z"": 1.313}]"
2026-05-27T04:22:38Z,mock-node,default,mock-pod,app,0.466935,False,"[{""feature"": ""context_switch_count"", ""value"": 607.688, ""z"": -1.676}, {""feature"": ""network_tx_bytes"", ""value"": 49885.454, ""z"": 1.666}, {""feature"": ""syscall_write_rate"", ""value"": 111.22, ""z"": 1.603}]"
2026-05-27T04:22:48Z,mock-node,default,mock-pod,app,0.612852,False,"[{""feature"": ""process_exec_count"", ""value"": 1.414, ""z"": 2.847}, {""feature"": ""network_tx_bytes"", ""value"": 28969.538, ""z"": -1.858}, {""feature"": ""context_switch_count"", ""value"": 1013.43, ""z"": 1.769}]"
2026-05-27T04:22:58Z,mock-node,default,mock-pod,app,0.322636,False,"[{""feature"": ""syscall_write_rate"", ""value"": 107.069, ""z"": 1.288}, {""feature"": ""network_tx_bytes"", ""value"": 47508.722, ""z"": 1.265}, {""feature"": ""network_rx_bytes"", ""value"": 40253.91, ""z"": -1.249}]"
2026-05-27T04:23:08Z,mock-node,default,mock-pod,app,0.221385,False,"[{""feature"": ""context_switch_count"", ""value"": 960.192, ""z"": 1.317}, {""feature"": ""process_exec_count"", ""value"": 1.17, ""z"": 1.162}, {""feature"": ""disk_read_bytes"", ""value"": 17170.566, ""z"": -1.009}]"
2026-05-27T04:23:18Z,mock-node,default,mock-pod,app,0.360662,False,"[{""feature"": ""syscall_open_rate"", ""value"": 26.226, ""z"": 2.038}, {""feature"": ""disk_read_bytes"", ""value"": 25712.49, ""z"": 1.903}, {""feature"": ""syscall_read_rate"", ""value"": 182.494, ""z"": 1.446}]"
2026-05-27T04:23:28Z,mock-node,default,mock-pod,app,0.144671,False,"[{""feature"": ""process_exec_count"", ""value"": 0.808, ""z"": -1.337}, {""feature"": ""syscall_write_rate"", ""value"": 102.428, ""z"": 0.936}, {""feature"": ""tcp_retransmit_rate"", ""value"": 0.227, ""z"": 0.916}]"
2026-05-27T04:23:38Z,mock-node,default,mock-pod,app,0.229807,False,"[{""feature"": ""process_fork_count"", ""value"": 1.296, ""z"": 2.089}, {""feature"": ""disk_read_bytes"", ""value"": 23966.83, ""z"": 1.308}, {""feature"": ""syscall_open_rate"", ""value"": 16.628, ""z"": -1.14}]"
2026-05-27T04:23:48Z,mock-node,default,mock-pod,app,0.274761,False,"[{""feature"": ""network_rx_bytes"", ""value"": 37379.011, ""z"": -1.613}, {""feature"": ""context_switch_count"", ""value"": 985.891, ""z"": 1.535}, {""feature"": ""disk_write_bytes"", ""value"": 12531.332, ""z"": -1.076}]"
2026-05-27T04:23:58Z,mock-node,default,mock-pod,app,0.397929,False,"[{""feature"": ""network_rx_bytes"", ""value"": 33965.831, ""z"": -2.044}, {""feature"": ""context_switch_count"", ""value"": 615.254, ""z"": -1.612}, {""feature"": ""disk_read_bytes"", ""value"": 16377.262, ""z"": -1.279}]"
2026-05-27T04:24:08Z,mock-node,default,mock-pod,app,0.319114,False,"[{""feature"": ""tcp_connect_rate"", ""value"": 3.664, ""z"": -1.733}, {""feature"": ""process_fork_count"", ""value"": 0.803, ""z"": -1.321}, {""feature"": ""tcp_retransmit_rate"", ""value"": 0.162, ""z"": -1.267}]"
2026-05-27T04:24:18Z,mock-node,default,mock-pod,app,0.637058,False,"[{""feature"": ""context_switch_count"", ""value"": 1019.213, ""z"": 1.818}, {""feature"": ""process_exec_count"", ""value"": 0.757, ""z"": -1.689}, {""feature"": ""syscall_open_rate"", ""value"": 15.225, ""z"": -1.605}]"
2026-05-27T04:24:28Z,mock-node,default,mock-pod,app,0.177406,False,"[{""feature"": ""network_tx_bytes"", ""value"": 47663.758, ""z"": 1.292}, {""feature"": ""disk_write_bytes"", ""value"": 12139.003, ""z"": -1.252}, {""feature"": ""tcp_retransmit_rate"", ""value"": 0.167, ""z"": -1.099}]"
2026-05-27T04:24:38Z,mock-node,default,mock-pod,app,0.345496,False,"[{""feature"": ""process_fork_count"", ""value"": 1.336, ""z"": 2.366}, {""feature"": ""disk_io_latency_ms"", ""value"": 2.598, ""z"": 1.958}, {""feature"": ""tcp_connect_rate"", ""value"": 4.176, ""z"": -1.054}]"
2026-05-27T04:24:48Z,mock-node,default,mock-pod,app,0.395228,False,"[{""feature"": ""network_tx_bytes"", ""value"": 28836.878, ""z"": -1.88}, {""feature"": ""process_fork_count"", ""value"": 0.755, ""z"": -1.653}, {""feature"": ""tcp_connect_rate"", ""value"": 5.769, ""z"": 1.058}]"
2026-05-27T04:24:58Z,mock-node,default,mock-pod,app,0.198015,False,"[{""feature"": ""network_tx_bytes"", ""value"": 30207.005, ""z"": -1.649}, {""feature"": ""process_fork_count"", ""value"": 0.823, ""z"": -1.182}, {""feature"": ""syscall_open_rate"", ""value"": 16.552, ""z"": -1.166}]"
2026-05-27T04:25:08Z,mock-node,default,mock-pod,app,0.356974,False,"[{""feature"": ""process_exec_count"", ""value"": 1.325, ""z"": 2.233}, {""feature"": ""disk_io_latency_ms"", ""value"": 2.4, ""z"": 1.304}, {""feature"": ""tcp_retransmit_rate"", ""value"": 0.163, ""z"": -1.233}]"
2026-05-27T04:25:18Z,mock-node,default,mock-pod,app,0.1509,False,"[{""feature"": ""tcp_retransmit_rate"", ""value"": 0.243, ""z"": 1.454}, {""feature"": ""process_exec_count"", ""value"": 0.82, ""z"": -1.254}, {""feature"": ""network_rx_bytes"", ""value"": 59452.899, ""z"": 1.179}]"
2026-05-27T04:25:28Z,mock-node,default,mock-pod,app,0.467191,False,"[{""feature"": ""process_exec_count"", ""value"": 1.348, ""z"": 2.392}, {""feature"": ""disk_write_bytes"", ""value"": 17949.34, ""z"": 1.359}, {""feature"": ""network_tx_bytes"", ""value"": 32002.791, ""z"": -1.347}]"
2026-05-27T04:25:38Z,mock-node,default,mock-pod,app,0.269194,False,"[{""feature"": ""syscall_read_rate"", ""value"": 106.826, ""z"": -1.911}, {""feature"": ""network_rx_bytes"", ""value"": 40940.632, ""z"": -1.162}, {""feature"": ""syscall_write_rate"", ""value"": 75.258, ""z"": -1.123}]"
2026-05-27T04:25:48Z,mock-node,default,mock-pod,app,0.407057,False,"[{""feature"": ""disk_write_bytes"", ""value"": 19964.773, ""z"": 2.264}, {""feature"": ""process_exec_count"", ""value"": 0.789, ""z"": -1.468}, {""feature"": ""disk_io_latency_ms"", ""value"": 2.352, ""z"": 1.145}]"
2026-05-27T04:25:58Z,mock-node,default,mock-pod,app,0.59709,False,"[{""feature"": ""process_exec_count"", ""value"": 0.68, ""z"": -2.221}, {""feature"": ""tcp_connect_rate"", ""value"": 3.736, ""z"": -1.638}, {""feature"": ""disk_read_bytes"", ""value"": 15621.264, ""z"": -1.537}]"
2026-05-27T04:26:08Z,mock-node,default,mock-pod,app,0.453325,False,"[{""feature"": ""disk_read_bytes"", ""value"": 25584.99, ""z"": 1.859}, {""feature"": ""syscall_open_rate"", ""value"": 15.366, ""z"": -1.558}, {""feature"": ""tcp_retransmit_rate"", ""value"": 0.155, ""z"": -1.502}]"
2026-05-27T04:26:18Z,mock-node,default,mock-pod,app,0.319865,False,"[{""feature"": ""disk_read_bytes"", ""value"": 25069.042, ""z"": 1.684}, {""feature"": ""tcp_connect_rate"", ""value"": 6.164, ""z"": 1.581}, {""feature"": ""context_switch_count"", ""value"": 629.453, ""z"": -1.491}]"
2026-05-27T04:26:28Z,mock-node,default,mock-pod,app,0.286963,False,"[{""feature"": ""network_tx_bytes"", ""value"": 55989.995, ""z"": 2.694}, {""feature"": ""syscall_read_rate"", ""value"": 117.009, ""z"": -1.459}, {""feature"": ""process_fork_count"", ""value"": 1.149, ""z"": 1.073}]"
2026-05-27T04:26:38Z,mock-node,default,mock-pod,app,0.211924,False,"[{""feature"": ""disk_write_bytes"", ""value"": 18250.207, ""z"": 1.494}, {""feature"": ""process_fork_count"", ""value"": 1.171, ""z"": 1.225}, {""feature"": ""tcp_retransmit_rate"", ""value"": 0.169, ""z"": -1.032}]"
2026-05-27T04:26:48Z,mock-node,default,mock-pod,app,0.144746,False,"[{""feature"": ""syscall_open_rate"", ""value"": 25.307, ""z"": 1.733}, {""feature"": ""disk_io_latency_ms"", ""value"": 1.621, ""z"": -1.27}, {""feature"": ""tcp_connect_rate"", ""value"": 4.351, ""z"": -0.822}]"
2026-05-27T04:26:58Z,mock-node,default,mock-pod,app,0.447061,False,"[{""feature"": ""tcp_retransmit_rate"", ""value"": 0.148, ""z"": -1.737}, {""feature"": ""disk_read_bytes"", ""value"": 15581.831, ""z"": -1.55}, {""feature"": ""syscall_open_rate"", ""value"": 24.196, ""z"": 1.366}]"
2026-05-27T04:27:08Z,mock-node,default,mock-pod,app,0.608219,False,"[{""feature"": ""syscall_open_rate"", ""value"": 27.877, ""z"": 2.584}, {""feature"": ""context_switch_count"", ""value"": 1030.503, ""z"": 1.914}, {""feature"": ""tcp_connect_rate"", ""value"": 6.159, ""z"": 1.575}]"
2026-05-27T04:27:18Z,mock-node,default,mock-pod,app,0.316043,False,"[{""feature"": ""tcp_retransmit_rate"", ""value"": 0.151, ""z"": -1.636}, {""feature"": ""syscall_read_rate"", ""value"": 119.888, ""z"": -1.331}, {""feature"": ""tcp_connect_rate"", ""value"": 4.093, ""z"": -1.165}]"
2026-05-27T04:27:28Z,mock-node,default,mock-pod,app,0.867367,True,"[{""feature"": ""tcp_retransmit_rate"", ""value"": 0.28, ""z"": 2.697}, {""feature"": ""disk_write_bytes"", ""value"": 19994.065, ""z"": 2.277}, {""feature"": ""network_tx_bytes"", ""value"": 28475.8, ""z"": -1.941}]"
2026-05-27T04:27:38Z,mock-node,default,mock-pod,app,0.577947,False,"[{""feature"": ""context_switch_count"", ""value"": 568.561, ""z"": -2.008}, {""feature"": ""network_tx_bytes"", ""value"": 29707.451, ""z"": -1.733}, {""feature"": ""syscall_write_rate"", ""value"": 112.607, ""z"": 1.708}]"
2026-05-27T04:27:48Z,mock-node,default,mock-pod,app,0.399738,False,"[{""feature"": ""network_tx_bytes"", ""value"": 51418.916, ""z"": 1.924}, {""feature"": ""disk_io_latency_ms"", ""value"": 1.566, ""z"": -1.452}, {""feature"": ""network_rx_bytes"", ""value"": 38793.096, ""z"": -1.434}]"
2026-05-27T04:27:58Z,mock-node,default,mock-pod,app,0.304687,False,"[{""feature"": ""syscall_write_rate"", ""value"": 59.219, ""z"": -2.339}, {""feature"": ""network_rx_bytes"", ""value"": 62690.663, ""z"": 1.588}, {""feature"": ""tcp_connect_rate"", ""value"": 4.158, ""z"": -1.078}]"
2026-05-27T04:28:08Z,mock-node,default,mock-pod,app,0.305322,False,"[{""feature"": ""context_switch_count"", ""value"": 1006.85, ""z"": 1.713}, {""feature"": ""tcp_connect_rate"", ""value"": 6.2, ""z"": 1.629}, {""feature"": ""network_rx_bytes"", ""value"": 39196.236, ""z"": -1.383}]"
2026-05-27T04:28:18Z,mock-node,default,mock-pod,app,0.3763,False,"[{""feature"": ""network_rx_bytes"", ""value"": 32768.477, ""z"": -2.196}, {""feature"": ""disk_read_bytes"", ""value"": 15065.488, ""z"": -1.726}, {""feature"": ""disk_io_latency_ms"", ""value"": 2.421, ""z"": 1.373}]"
2026-05-27T04:28:28Z,mock-node,default,mock-pod,app,0.367174,False,"[{""feature"": ""disk_write_bytes"", ""value"": 9816.01, ""z"": -2.296}, {""feature"": ""context_switch_count"", ""value"": 639.98, ""z"": -1.402}, {""feature"": ""tcp_retransmit_rate"", ""value"": 0.163, ""z"": -1.233}]"
2026-05-27T04:28:38Z,mock-node,default,mock-pod,app,0.257195,False,"[{""feature"": ""syscall_read_rate"", ""value"": 110.614, ""z"": -1.743}, {""feature"": ""syscall_open_rate"", ""value"": 23.798, ""z"": 1.234}, {""feature"": ""network_rx_bytes"", ""value"": 58707.418, ""z"": 1.085}]"
2026-05-27T04:28:48Z,mock-node,default,mock-pod,app,0.634528,False,"[{""feature"": ""disk_write_bytes"", ""value"": 8900.343, ""z"": -2.707}, {""feature"": ""tcp_connect_rate"", ""value"": 6.998, ""z"": 2.687}, {""feature"": ""disk_io_latency_ms"", ""value"": 1.494, ""z"": -1.69}]"
2026-05-27T04:28:58Z,mock-node,default,mock-pod,app,0.361647,False,"[{""feature"": ""syscall_read_rate"", ""value"": 108.562, ""z"": -1.834}, {""feature"": ""context_switch_count"", ""value"": 1017.268, ""z"": 1.802}, {""feature"": ""tcp_retransmit_rate"", ""value"": 0.165, ""z"": -1.166}]"
2026-05-27T04:29:08Z,mock-node,default,mock-pod,app,0.309753,False,"[{""feature"": ""syscall_read_rate"", ""value"": 201.196, ""z"": 2.275}, {""feature"": ""tcp_connect_rate"", ""value"": 6.454, ""z"": 1.966}, {""feature"": ""syscall_open_rate"", ""value"": 24.309, ""z"": 1.403}]"
2026-05-27T04:29:18Z,mock-node,default,mock-pod,app,0.465054,False,"[{""feature"": ""network_tx_bytes"", ""value"": 26913.793, ""z"": -2.204}, {""feature"": ""disk_write_bytes"", ""value"": 19220.635, ""z"": 1.93}, {""feature"": ""context_switch_count"", ""value"": 649.916, ""z"": -1.317}]"
2026-05-27T04:29:28Z,mock-node,default,mock-pod,app,0.391773,False,"[{""feature"": ""network_rx_bytes"", ""value"": 68113.875, ""z"": 2.274}, {""feature"": ""syscall_open_rate"", ""value"": 24.704, ""z"": 1.534}, {""feature"": ""process_fork_count"", ""value"": 0.791, ""z"": -1.404}]"
2026-05-27T04:29:38Z,mock-node,default,mock-pod,app,0.400846,False,"[{""feature"": ""syscall_open_rate"", ""value"": 14.469, ""z"": -1.855}, {""feature"": ""network_tx_bytes"", ""value"": 50161.882, ""z"": 1.712}, {""feature"": ""tcp_retransmit_rate"", ""value"": 0.152, ""z"": -1.603}]"
2026-05-27T04:29:48Z,mock-node,default,mock-pod,app,0.124987,False,"[{""feature"": ""network_tx_bytes"", ""value"": 52188.704, ""z"": 2.054}, {""feature"": ""process_fork_count"", ""value"": 1.126, ""z"": 0.914}, {""feature"": ""syscall_open_rate"", ""value"": 22.717, ""z"": 0.876}]"
2026-05-27T04:29:58Z,mock-node,default,mock-pod,app,0.400049,False,"[{""feature"": ""disk_write_bytes"", ""value"": 9048.473, ""z"": -2.641}, {""feature"": ""syscall_read_rate"", ""value"": 125.303, ""z"": -1.091}, {""feature"": ""disk_read_bytes"", ""value"": 23106.921, ""z"": 1.015}]"
2026-05-27T04:30:08Z,mock-node,default,mock-pod,app,0.368026,False,"[{""feature"": ""disk_read_bytes"", ""value"": 14245.18, ""z"": -2.006}, {""feature"": ""context_switch_count"", ""value"": 629.987, ""z"": -1.487}, {""feature"": ""process_exec_count"", ""value"": 1.21, ""z"": 1.439}]"
2026-05-27T04:30:18Z,mock-node,default,mock-pod,app,0.3505,False,"[{""feature"": ""syscall_write_rate"", ""value"": 65.94, ""z"": -1.83}, {""feature"": ""context_switch_count"", ""value"": 601.207, ""z"": -1.731}, {""feature"": ""syscall_read_rate"", ""value"": 117.229, ""z"": -1.449}]"
2026-05-27T04:30:28Z,mock-node,default,mock-pod,app,0.347167,False,"[{""feature"": ""syscall_read_rate"", ""value"": 191.5, ""z"": 1.845}, {""feature"": ""syscall_open_rate"", ""value"": 24.477, ""z"": 1.459}, {""feature"": ""tcp_retransmit_rate"", ""value"": 0.158, ""z"": -1.401}]"
2026-05-27T04:30:38Z,mock-node,default,mock-pod,app,0.713356,False,"[{""feature"": ""network_tx_bytes"", ""value"": 26193.829, ""z"": -2.325}, {""feature"": ""disk_write_bytes"", ""value"": 10670.922, ""z"": -1.912}, {""feature"": ""process_fork_count"", ""value"": 1.237, ""z"": 1.681}]"
2026-05-27T04:30:48Z,mock-node,default,mock-pod,app,0.416424,False,"[{""feature"": ""disk_read_bytes"", ""value"": 26687.021, ""z"": 2.235}, {""feature"": ""process_fork_count"", ""value"": 1.229, ""z"": 1.626}, {""feature"": ""syscall_write_rate"", ""value"": 71.888, ""z"": -1.379}]"
2026-05-27T04:30:58Z,mock-node,default,mock-pod,app,0.198754,False,"[{""feature"": ""tcp_connect_rate"", ""value"": 3.98, ""z"": -1.314}, {""feature"": ""disk_read_bytes"", ""value"": 23789.132, ""z"": 1.247}, {""feature"": ""tcp_retransmit_rate"", ""value"": 0.236, ""z"": 1.219}]"
2026-05-27T04:31:08Z,mock-node,default,mock-pod,app,0.270041,False,"[{""feature"": ""network_tx_bytes"", ""value"": 31697.488, ""z"": -1.398}, {""feature"": ""context_switch_count"", ""value"": 966.697, ""z"": 1.372}, {""feature"": ""process_fork_count"", ""value"": 0.852, ""z"": -0.982}]"
2026-05-27T04:31:18Z,mock-node,default,mock-pod,app,0.687373,False,"[{""feature"": ""process_fork_count"", ""value"": 1.354, ""z"": 2.491}, {""feature"": ""context_switch_count"", ""value"": 551.539, ""z"": -2.153}, {""feature"": ""disk_io_latency_ms"", ""value"": 1.363, ""z"": -2.122}]"
2026-05-27T04:31:28Z,mock-node,default,mock-pod,app,0.54127,False,"[{""feature"": ""syscall_write_rate"", ""value"": 62.328, ""z"": -2.103}, {""feature"": ""syscall_read_rate"", ""value"": 103.366, ""z"": -2.064}, {""feature"": ""process_fork_count"", ""value"": 0.81, ""z"": -1.272}]"
2026-05-27T04:31:38Z,mock-node,default,mock-pod,app,0.475469,False,"[{""feature"": ""process_exec_count"", ""value"": 1.316, ""z"": 2.171}, {""feature"": ""process_fork_count"", ""value"": 0.682, ""z"": -2.158}, {""feature"": ""syscall_read_rate"", ""value"": 184.001, ""z"": 1.513}]"
2026-05-27T04:31:48Z,mock-node,default,mock-pod,app,0.655056,False,"[{""feature"": ""disk_write_bytes"", ""value"": 19527.215, ""z"": 2.067}, {""feature"": ""tcp_retransmit_rate"", ""value"": 0.139, ""z"": -2.039}, {""feature"": ""process_fork_count"", ""value"": 1.233, ""z"": 1.654}]"
2026-05-27T04:31:58Z,mock-node,default,mock-pod,app,0.429332,False,"[{""feature"": ""disk_io_latency_ms"", ""value"": 1.154, ""z"": -2.813}, {""feature"": ""network_rx_bytes"", ""value"": 34681.239, ""z"": -1.954}, {""feature"": ""process_fork_count"", ""value"": 0.834, ""z"": -1.106}]"
2026-05-27T04:32:08Z,mock-node,default,mock-pod,app,0.368868,False,"[{""feature"": ""process_fork_count"", ""value"": 1.276, ""z"": 1.951}, {""feature"": ""network_tx_bytes"", ""value"": 50959.221, ""z"": 1.847}, {""feature"": ""syscall_write_rate"", ""value"": 71.716, ""z"": -1.392}]"
2026-05-27T04:32:18Z,mock-node,default,mock-pod,app,0.215514,False,"[{""feature"": ""tcp_retransmit_rate"", ""value"": 0.151, ""z"": -1.636}, {""feature"": ""context_switch_count"", ""value"": 960.164, ""z"": 1.317}, {""feature"": ""network_rx_bytes"", ""value"": 57540.366, ""z"": 0.937}]"
2026-05-27T04:32:28Z,mock-node,default,mock-pod,app,0.152729,False,"[{""feature"": ""syscall_write_rate"", ""value"": 73.055, ""z"": -1.29}, {""feature"": ""process_exec_count"", ""value"": 1.164, ""z"": 1.121}, {""feature"": ""context_switch_count"", ""value"": 679.025, ""z"": -1.07}]"
2026-05-27T04:32:38Z,mock-node,default,mock-pod,app,0.3698,False,"[{""feature"": ""network_rx_bytes"", ""value"": 34667.732, ""z"": -1.956}, {""feature"": ""syscall_write_rate"", ""value"": 68.322, ""z"": -1.649}, {""feature"": ""disk_write_bytes"", ""value"": 11809.529, ""z"": -1.4}]"
2026-05-27T04:32:48Z,mock-node,default,mock-pod,app,0.214143,False,"[{""feature"": ""syscall_write_rate"", ""value"": 113.215, ""z"": 1.754}, {""feature"": ""disk_write_bytes"", ""value"": 17514.598, ""z"": 1.163}, {""feature"": ""network_tx_bytes"", ""value"": 46083.411, ""z"": 1.025}]"
2026-05-27T04:32:58Z,mock-node,default,mock-pod,app,0.500418,False,"[{""feature"": ""syscall_open_rate"", ""value"": 11.655, ""z"": -2.787}, {""feature"": ""tcp_connect_rate"", ""value"": 6.319, ""z"": 1.787}, {""feature"": ""syscall_read_rate"", ""value"": 125.645, ""z"": -1.076}]"
2026-05-27T04:33:08Z,mock-node,default,mock-pod,app,0.26056,False,"[{""feature"": ""disk_io_latency_ms"", ""value"": 2.667, ""z"": 2.186}, {""feature"": ""network_rx_bytes"", ""value"": 38953.368, ""z"": -1.414}, {""feature"": ""network_tx_bytes"", ""value"": 46723.123, ""z"": 1.133}]"
2026-05-27T04:33:18Z,mock-node,default,mock-pod,app,0.440518,False,"[{""feature"": ""syscall_read_rate"", ""value"": 99.616, ""z"": -2.231}, {""feature"": ""process_exec_count"", ""value"": 0.709, ""z"": -2.021}, {""feature"": ""process_fork_count"", ""value"": 1.192, ""z"": 1.37}]"
2026-05-27T04:33:28Z,mock-node,default,mock-pod,app,0.178987,False,"[{""feature"": ""tcp_connect_rate"", ""value"": 6.342, ""z"": 1.817}, {""feature"": ""syscall_read_rate"", ""value"": 186.774, ""z"": 1.636}, {""feature"": ""syscall_write_rate"", ""value"": 76.88, ""z"": -1.0}]"
2026-05-27T04:33:38Z,mock-node,default,mock-pod,app,0.384897,False,"[{""feature"": ""context_switch_count"", ""value"": 1083.569, ""z"": 2.365}, {""feature"": ""disk_io_latency_ms"", ""value"": 2.448, ""z"": 1.463}, {""feature"": ""network_tx_bytes"", ""value"": 31724.586, ""z"": -1.393}]"
2026-05-27T04:33:48Z,mock-node,default,mock-pod,app,0.363506,False,"[{""feature"": ""process_exec_count"", ""value"": 0.689, ""z"": -2.159}, {""feature"": ""disk_io_latency_ms"", ""value"": 1.404, ""z"": -1.987}, {""feature"": ""syscall_write_rate"", ""value"": 105.337, ""z"": 1.157}]"
2026-05-27T04:33:58Z,mock-node,default,mock-pod,app,0.558363,False,"[{""feature"": ""network_tx_bytes"", ""value"": 28480.171, ""z"": -1.94}, {""feature"": ""disk_io_latency_ms"", ""value"": 2.572, ""z"": 1.872}, {""feature"": ""context_switch_count"", ""value"": 1013.727, ""z"": 1.772}]"
2026-05-27T04:34:08Z,mock-node,default,mock-pod,app,0.4561,False,"[{""feature"": ""context_switch_count"", ""value"": 589.171, ""z"": -1.833}, {""feature"": ""disk_read_bytes"", ""value"": 24813.128, ""z"": 1.596}, {""feature"": ""tcp_connect_rate"", ""value"": 3.797, ""z"": -1.557}]"
2026-05-27T04:34:18Z,mock-node,default,mock-pod,app,0.401547,False,"[{""feature"": ""syscall_open_rate"", ""value"": 25.601, ""z"": 1.831}, {""feature"": ""tcp_retransmit_rate"", ""value"": 0.148, ""z"": -1.737}, {""feature"": ""context_switch_count"", ""value"": 605.155, ""z"": -1.698}]"
2026-05-27T04:34:28Z,mock-node,default,mock-pod,app,0.260399,False,"[{""feature"": ""disk_io_latency_ms"", ""value"": 1.45, ""z"": -1.835}, {""feature"": ""network_rx_bytes"", ""value"": 60551.738, ""z"": 1.318}, {""feature"": ""syscall_open_rate"", ""value"": 16.431, ""z"": -1.206}]"
2026-05-27T04:34:38Z,mock-node,default,mock-pod,app,0.477201,False,"[{""feature"": ""syscall_open_rate"", ""value"": 15.284, ""z"": -1.585}, {""feature"": ""tcp_retransmit_rate"", ""value"": 0.246, ""z"": 1.555}, {""feature"": ""syscall_read_rate"", ""value"": 117.74, ""z"": -1.427}]"
2026-05-27T04:34:48Z,mock-node,default,mock-pod,app,0.274183,False,"[{""feature"": ""syscall_read_rate"", ""value"": 110.577, ""z"": -1.744}, {""feature"": ""disk_write_bytes"", ""value"": 11112.344, ""z"": -1.713}, {""feature"": ""context_switch_count"", ""value"": 923.198, ""z"": 1.003}]"
2026-05-27T04:34:58Z,mock-node,default,mock-pod,app,0.301705,False,"[{""feature"": ""network_tx_bytes"", ""value"": 59702.648, ""z"": 3.32}, {""feature"": ""disk_write_bytes"", ""value"": 12200.232, ""z"": -1.224}, {""feature"": ""tcp_retransmit_rate"", ""value"": 0.235, ""z"": 1.185}]"
2026-05-27T04:35:08Z,mock-node,default,mock-pod,app,0.528706,False,"[{""feature"": ""syscall_open_rate"", ""value"": 14.245, ""z"": -1.929}, {""feature"": ""process_exec_count"", ""value"": 1.264, ""z"": 1.811}, {""feature"": ""disk_write_bytes"", ""value"": 18690.289, ""z"": 1.691}]"
2026-05-27T04:35:18Z,mock-node,default,mock-pod,app,0.498372,False,"[{""feature"": ""process_fork_count"", ""value"": 0.458, ""z"": -3.707}, {""feature"": ""network_tx_bytes"", ""value"": 48549.841, ""z"": 1.441}, {""feature"": ""context_switch_count"", ""value"": 972.507, ""z"": 1.422}]"
2026-05-27T04:35:28Z,mock-node,default,mock-pod,app,0.331119,False,"[{""feature"": ""syscall_write_rate"", ""value"": 112.311, ""z"": 1.685}, {""feature"": ""syscall_read_rate"", ""value"": 115.012, ""z"": -1.548}, {""feature"": ""disk_read_bytes"", ""value"": 16236.59, ""z"": -1.327}]"
2026-05-27T04:35:38Z,mock-node,default,mock-pod,app,0.318073,False,"[{""feature"": ""process_fork_count"", ""value"": 0.716, ""z"": -1.923}, {""feature"": ""syscall_write_rate"", ""value"": 67.509, ""z"": -1.711}, {""feature"": ""context_switch_count"", ""value"": 645.476, ""z"": -1.355}]"
2026-05-27T04:35:48Z,mock-node,default,mock-pod,app,0.556888,False,"[{""feature"": ""disk_io_latency_ms"", ""value"": 2.81, ""z"": 2.659}, {""feature"": ""network_tx_bytes"", ""value"": 54778.738, ""z"": 2.49}, {""feature"": ""disk_read_bytes"", ""value"": 25506.483, ""z"": 1.833}]"
2026-05-27T04:35:58Z,mock-node,default,mock-pod,app,0.383348,False,"[{""feature"": ""disk_write_bytes"", ""value"": 18601.062, ""z"": 1.651}, {""feature"": ""process_fork_count"", ""value"": 1.229, ""z"": 1.626}, {""feature"": ""tcp_retransmit_rate"", ""value"": 0.244, ""z"": 1.487}]"
2026-05-27T04:36:08Z,mock-node,default,mock-pod,app,0.255674,False,"[{""feature"": ""disk_io_latency_ms"", ""value"": 1.489, ""z"": -1.706}, {""feature"": ""process_exec_count"", ""value"": 0.775, ""z"": -1.565}, {""feature"": ""disk_write_bytes"", ""value"": 17509.568, ""z"": 1.161}]"
2026-05-27T04:36:18Z,mock-node,default,mock-pod,app,0.27367,False,"[{""feature"": ""syscall_open_rate"", ""value"": 26.213, ""z"": 2.033}, {""feature"": ""syscall_write_rate"", ""value"": 108.129, ""z"": 1.368}, {""feature"": ""tcp_connect_rate"", ""value"": 4.211, ""z"": -1.008}]"
2026-05-27T04:36:28Z,mock-node,default,mock-pod,app,0.410074,False,"[{""feature"": ""tcp_connect_rate"", ""value"": 3.418, ""z"": -2.06}, {""feature"": ""syscall_open_rate"", ""value"": 14.155, ""z"": -1.959}, {""feature"": ""tcp_retransmit_rate"", ""value"": 0.231, ""z"": 1.051}]"
2026-05-27T04:36:38Z,mock-node,default,mock-pod,app,0.39582,False,"[{""feature"": ""syscall_write_rate"", ""value"": 117.266, ""z"": 2.061}, {""feature"": ""disk_read_bytes"", ""value"": 15925.661, ""z"": -1.433}, {""feature"": ""syscall_read_rate"", ""value"": 180.643, ""z"": 1.364}]"
2026-05-27T04:36:48Z,mock-node,default,mock-pod,app,0.412407,False,"[{""feature"": ""tcp_connect_rate"", ""value"": 6.562, ""z"": 2.109}, {""feature"": ""network_tx_bytes"", ""value"": 49756.288, ""z"": 1.644}, {""feature"": ""context_switch_count"", ""value"": 646.074, ""z"": -1.35}]"
2026-05-27T04:36:58Z,mock-node,default,mock-pod,app,0.362924,False,"[{""feature"": ""context_switch_count"", ""value"": 569.116, ""z"": -2.004}, {""feature"": ""syscall_open_rate"", ""value"": 15.955, ""z"": -1.363}, {""feature"": ""tcp_retransmit_rate"", ""value"": 0.239, ""z"": 1.319}]"
2026-05-27T04:37:08Z,mock-node,default,mock-pod,app,0.192948,False,"[{""feature"": ""tcp_connect_rate"", ""value"": 6.094, ""z"": 1.489}, {""feature"": ""network_tx_bytes"", ""value"": 32197.798, ""z"": -1.314}, {""feature"": ""network_rx_bytes"", ""value"": 60069.586, ""z"": 1.257}]"
2026-05-27T04:37:18Z,mock-node,default,mock-pod,app,0.048035,False,"[{""feature"": ""context_switch_count"", ""value"": 942.874, ""z"": 1.17}, {""feature"": ""tcp_connect_rate"", ""value"": 4.383, ""z"": -0.78}, {""feature"": ""process_exec_count"", ""value"": 1.111, ""z"": 0.755}]"
2026-05-27T04:37:28Z,mock-node,default,mock-pod,app,0.591105,False,"[{""feature"": ""network_rx_bytes"", ""value"": 29054.591, ""z"": -2.665}, {""feature"": ""context_switch_count"", ""value"": 1051.336, ""z"": 2.091}, {""feature"": ""process_exec_count"", ""value"": 1.286, ""z"": 1.963}]"
2026-05-27T04:37:38Z,mock-node,default,mock-pod,app,0.692815,False,"[{""feature"": ""process_exec_count"", ""value"": 0.712, ""z"": -2.0}, {""feature"": ""disk_write_bytes"", ""value"": 19058.282, ""z"": 1.857}, {""feature"": ""process_fork_count"", ""value"": 1.219, ""z"": 1.557}]"
2026-05-27T04:37:48Z,mock-node,default,mock-pod,app,0.328896,False,"[{""feature"": ""disk_read_bytes"", ""value"": 27571.251, ""z"": 2.536}, {""feature"": ""syscall_open_rate"", ""value"": 23.76, ""z"": 1.221}, {""feature"": ""disk_write_bytes"", ""value"": 12616.233, ""z"": -1.038}]"
2026-05-27T04:37:58Z,mock-node,default,mock-pod,app,0.435371,False,"[{""feature"": ""tcp_connect_rate"", ""value"": 6.416, ""z"": 1.916}, {""feature"": ""context_switch_count"", ""value"": 1029.689, ""z"": 1.907}, {""feature"": ""process_fork_count"", ""value"": 1.263, ""z"": 1.861}]"
2026-05-27T04:38:08Z,mock-node,default,mock-pod,app,0.22565,False,"[{""feature"": ""syscall_open_rate"", ""value"": 25.002, ""z"": 1.632}, {""feature"": ""syscall_read_rate"", ""value"": 180.792, ""z"": 1.37}, {""feature"": ""network_tx_bytes"", ""value"": 46761.491, ""z"": 1.14}]"
2026-05-27T04:38:18Z,mock-node,default,mock-pod,app,0.235785,False,"[{""feature"": ""disk_read_bytes"", ""value"": 25945.223, ""z"": 1.982}, {""feature"": ""process_fork_count"", ""value"": 0.773, ""z"": -1.528}, {""feature"": ""network_tx_bytes"", ""value"": 46179.349, ""z"": 1.042}]"
2026-05-27T04:38:28Z,mock-node,default,mock-pod,app,0.294869,False,"[{""feature"": ""disk_read_bytes"", ""value"": 15463.595, ""z"": -1.591}, {""feature"": ""disk_io_latency_ms"", ""value"": 2.427, ""z"": 1.393}, {""feature"": ""network_tx_bytes"", ""value"": 33822.663, ""z"": -1.04}]"
2026-05-27T04:38:38Z,mock-node,default,mock-pod,app,0.456979,False,"[{""feature"": ""process_fork_count"", ""value"": 1.29, ""z"": 2.048}, {""feature"": ""tcp_retransmit_rate"", ""value"": 0.157, ""z"": -1.435}, {""feature"": ""process_exec_count"", ""value"": 1.197, ""z"": 1.349}]"
2026-05-27T04:38:48Z,mock-node,default,mock-pod,app,0.442977,False,"[{""feature"": ""disk_read_bytes"", ""value"": 12971.832, ""z"": -2.44}, {""feature"": ""syscall_read_rate"", ""value"": 186.201, ""z"": 1.61}, {""feature"": ""disk_io_latency_ms"", ""value"": 2.429, ""z"": 1.4}]"
2026-05-27T04:38:58Z,mock-node,default,mock-pod,app,0.344664,False,"[{""feature"": ""syscall_write_rate"", ""value"": 112.385, ""z"": 1.691}, {""feature"": ""context_switch_count"", ""value"": 975.951, ""z"": 1.451}, {""feature"": ""disk_read_bytes"", ""value"": 24086.711, ""z"": 1.349}]"
2026-05-27T04:39:08Z,mock-node,default,mock-pod,app,0.431752,False,"[{""feature"": ""network_tx_bytes"", ""value"": 27006.755, ""z"": -2.188}, {""feature"": ""tcp_connect_rate"", ""value"": 3.782, ""z"": -1.577}, {""feature"": ""disk_write_bytes"", ""value"": 11696.671, ""z"": -1.451}]"
2026-05-27T04:39:18Z,mock-node,default,mock-pod,app,0.512325,False,"[{""feature"": ""network_rx_bytes"", ""value"": 35761.897, ""z"": -1.817}, {""feature"": ""context_switch_count"", ""value"": 1010.491, ""z"": 1.744}, {""feature"": ""disk_io_latency_ms"", ""value"": 2.435, ""z"": 1.42}]"
2026-05-27T04:39:28Z,mock-node,default,mock-pod,app,0.650351,False,"[{""feature"": ""syscall_open_rate"", ""value"": 13.368, ""z"": -2.22}, {""feature"": ""tcp_connect_rate"", ""value"": 3.654, ""z"": -1.747}, {""feature"": ""process_exec_count"", ""value"": 1.213, ""z"": 1.459}]"
2026-05-27T04:39:38Z,mock-node,default,mock-pod,app,0.327424,False,"[{""feature"": ""syscall_open_rate"", ""value"": 15.014, ""z"": -1.675}, {""feature"": ""disk_read_bytes"", ""value"": 16068.5, ""z"": -1.384}, {""feature"": ""syscall_write_rate"", ""value"": 74.079, ""z"": -1.213}]"
2026-05-27T04:39:48Z,mock-node,default,mock-pod,app,0.422244,False,"[{""feature"": ""syscall_write_rate"", ""value"": 117.577, ""z"": 2.085}, {""feature"": ""process_fork_count"", ""value"": 0.714, ""z"": -1.936}, {""feature"": ""process_exec_count"", ""value"": 1.238, ""z"": 1.632}]"
2026-05-27T04:39:58Z,mock-node,default,mock-pod,app,0.645522,False,"[{""feature"": ""network_rx_bytes"", ""value"": 73659.408, ""z"": 2.975}, {""feature"": ""network_tx_bytes"", ""value"": 54250.248, ""z"": 2.401}, {""feature"": ""tcp_connect_rate"", ""value"": 3.562, ""z"": -1.869}]"
2026-05-27T04:40:08Z,mock-node,default,mock-pod,app,0.734632,False,"[{""feature"": ""tcp_retransmit_rate"", ""value"": 0.118, ""z"": -2.745}, {""feature"": ""network_rx_bytes"", ""value"": 70427.718, ""z"": 2.567}, {""feature"": ""network_tx_bytes"", ""value"": 52636.051, ""z"": 2.129}]"
2026-05-27T04:40:18Z,mock-node,default,mock-pod,app,0.26466,False,"[{""feature"": ""context_switch_count"", ""value"": 1024.461, ""z"": 1.863}, {""feature"": ""syscall_open_rate"", ""value"": 16.396, ""z"": -1.217}, {""feature"": ""network_rx_bytes"", ""value"": 41584.284, ""z"": -1.081}]"
2026-05-27T04:40:28Z,mock-node,default,mock-pod,app,0.973698,True,"[{""feature"": ""network_tx_bytes"", ""value"": 19540.993, ""z"": -3.446}, {""feature"": ""process_fork_count"", ""value"": 0.569, ""z"": -2.939}, {""feature"": ""disk_write_bytes"", ""value"": 10470.985, ""z"": -2.001}]"
2026-05-27T04:40:38Z,mock-node,default,mock-pod,app,0.407574,False,"[{""feature"": ""network_rx_bytes"", ""value"": 36639.927, ""z"": -1.706}, {""feature"": ""disk_io_latency_ms"", ""value"": 2.513, ""z"": 1.677}, {""feature"": ""tcp_connect_rate"", ""value"": 6.195, ""z"": 1.622}]"
2026-05-27T04:40:48Z,mock-node,default,mock-pod,app,0.508895,False,"[{""feature"": ""network_tx_bytes"", ""value"": 23961.977, ""z"": -2.701}, {""feature"": ""process_exec_count"", ""value"": 0.72, ""z"": -1.945}, {""feature"": ""tcp_retransmit_rate"", ""value"": 0.234, ""z"": 1.151}]"
2026-05-27T04:40:58Z,mock-node,default,mock-pod,app,0.303204,False,"[{""feature"": ""disk_write_bytes"", ""value"": 19970.231, ""z"": 2.266}, {""feature"": ""syscall_write_rate"", ""value"": 71.341, ""z"": -1.42}, {""feature"": ""disk_io_latency_ms"", ""value"": 1.667, ""z"": -1.118}]"
2026-05-27T04:41:08Z,mock-node,default,mock-pod,app,0.320939,False,"[{""feature"": ""syscall_write_rate"", ""value"": 64.924, ""z"": -1.907}, {""feature"": ""syscall_open_rate"", ""value"": 24.481, ""z"": 1.46}, {""feature"": ""network_rx_bytes"", ""value"": 60607.63, ""z"": 1.325}]"
2026-05-27T04:41:18Z,mock-node,default,mock-pod,app,0.585977,False,"[{""feature"": ""tcp_retransmit_rate"", ""value"": 0.119, ""z"": -2.711}, {""feature"": ""syscall_read_rate"", ""value"": 94.156, ""z"": -2.473}, {""feature"": ""syscall_write_rate"", ""value"": 74.297, ""z"": -1.196}]"
2026-05-27T04:41:28Z,mock-node,default,mock-pod,app,0.293755,False,"[{""feature"": ""syscall_open_rate"", ""value"": 15.631, ""z"": -1.471}, {""feature"": ""syscall_write_rate"", ""value"": 108.579, ""z"": 1.403}, {""feature"": ""disk_write_bytes"", ""value"": 12825.414, ""z"": -0.944}]"
2026-05-27T04:41:38Z,mock-node,default,mock-pod,app,0.409965,False,"[{""feature"": ""disk_io_latency_ms"", ""value"": 1.392, ""z"": -2.027}, {""feature"": ""tcp_connect_rate"", ""value"": 6.04, ""z"": 1.417}, {""feature"": ""process_exec_count"", ""value"": 0.807, ""z"": -1.344}]"
2026-05-27T04:41:48Z,mock-node,default,mock-pod,app,0.251706,False,"[{""feature"": ""syscall_read_rate"", ""value"": 205.583, ""z"": 2.47}, {""feature"": ""tcp_retransmit_rate"", ""value"": 0.147, ""z"": -1.771}, {""feature"": ""process_exec_count"", ""value"": 1.135, ""z"": 0.921}]"
2026-05-27T04:41:58Z,mock-node,default,mock-pod,app,0.717537,False,"[{""feature"": ""process_fork_count"", ""value"": 1.306, ""z"": 2.159}, {""feature"": ""disk_write_bytes"", ""value"": 10320.192, ""z"": -2.069}, {""feature"": ""tcp_connect_rate"", ""value"": 3.424, ""z"": -2.052}]"
2026-05-27T04:42:08Z,mock-node,default,mock-pod,app,0.26875,False,"[{""feature"": ""disk_read_bytes"", ""value"": 15060.078, ""z"": -1.728}, {""feature"": ""syscall_write_rate"", ""value"": 67.636, ""z"": -1.701}, {""feature"": ""tcp_connect_rate"", ""value"": 4.139, ""z"": -1.104}]"
2026-05-27T04:42:18Z,mock-node,default,mock-pod,app,0.525112,False,"[{""feature"": ""disk_io_latency_ms"", ""value"": 1.242, ""z"": -2.522}, {""feature"": ""syscall_write_rate"", ""value"": 61.193, ""z"": -2.189}, {""feature"": ""tcp_connect_rate"", ""value"": 4.064, ""z"": -1.203}]"
2026-05-27T04:42:28Z,mock-node,default,mock-pod,app,0.043605,False,"[{""feature"": ""syscall_open_rate"", ""value"": 23.998, ""z"": 1.3}, {""feature"": ""disk_write_bytes"", ""value"": 17057.529, ""z"": 0.958}, {""feature"": ""syscall_write_rate"", ""value"": 79.736, ""z"": -0.784}]"
2026-05-27T04:42:38Z,mock-node,default,mock-pod,app,0.106518,False,"[{""feature"": ""syscall_read_rate"", ""value"": 120.204, ""z"": -1.317}, {""feature"": ""disk_write_bytes"", ""value"": 17300.63, ""z"": 1.067}, {""feature"": ""syscall_open_rate"", ""value"": 16.94, ""z"": -1.037}]"
2026-05-27T04:42:48Z,mock-node,default,mock-pod,app,0.265587,False,"[{""feature"": ""network_tx_bytes"", ""value"": 30356.566, ""z"": -1.624}, {""feature"": ""disk_io_latency_ms"", ""value"": 1.586, ""z"": -1.386}, {""feature"": ""syscall_open_rate"", ""value"": 23.664, ""z"": 1.189}]"
2026-05-27T04:42:58Z,mock-node,default,mock-pod,app,0.32735,False,"[{""feature"": ""syscall_open_rate"", ""value"": 27.337, ""z"": 2.406}, {""feature"": ""disk_write_bytes"", ""value"": 12174.352, ""z"": -1.236}, {""feature"": ""tcp_retransmit_rate"", ""value"": 0.232, ""z"": 1.084}]"
2026-05-27T04:43:08Z,mock-node,default,mock-pod,app,0.297898,False,"[{""feature"": ""process_exec_count"", ""value"": 1.337, ""z"": 2.316}, {""feature"": ""network_tx_bytes"", ""value"": 32103.397, ""z"": -1.33}, {""feature"": ""disk_io_latency_ms"", ""value"": 1.649, ""z"": -1.177}]"
2026-05-27T04:43:18Z,mock-node,default,mock-pod,app,0.467013,False,"[{""feature"": ""process_exec_count"", ""value"": 0.643, ""z"": -2.477}, {""feature"": ""tcp_retransmit_rate"", ""value"": 0.141, ""z"": -1.972}, {""feature"": ""network_rx_bytes"", ""value"": 41902.438, ""z"": -1.041}]"
2026-05-27T04:43:28Z,mock-node,default,mock-pod,app,0.254272,False,"[{""feature"": ""tcp_connect_rate"", ""value"": 6.069, ""z"": 1.455}, {""feature"": ""tcp_retransmit_rate"", ""value"": 0.16, ""z"": -1.334}, {""feature"": ""context_switch_count"", ""value"": 662.166, ""z"": -1.213}]"
2026-05-27T04:43:38Z,mock-node,default,mock-pod,app,0.175056,False,"[{""feature"": ""disk_write_bytes"", ""value"": 9965.673, ""z"": -2.228}, {""feature"": ""network_rx_bytes"", ""value"": 57515.978, ""z"": 0.934}, {""feature"": ""syscall_open_rate"", ""value"": 22.506, ""z"": 0.806}]"
2026-05-27T04:43:48Z,mock-node,default,mock-pod,app,0.384251,False,"[{""feature"": ""tcp_retransmit_rate"", ""value"": 0.246, ""z"": 1.555}, {""feature"": ""syscall_write_rate"", ""value"": 70.974, ""z"": -1.448}, {""feature"": ""network_tx_bytes"", ""value"": 48262.412, ""z"": 1.392}]"
2026-05-27T04:43:58Z,mock-node,default,mock-pod,app,0.123521,False,"[{""feature"": ""network_tx_bytes"", ""value"": 32549.164, ""z"": -1.255}, {""feature"": ""process_exec_count"", ""value"": 0.854, ""z"": -1.02}, {""feature"": ""disk_write_bytes"", ""value"": 16694.632, ""z"": 0.795}]"
2026-05-27T04:44:08Z,mock-node,default,mock-pod,app,0.239738,False,"[{""feature"": ""context_switch_count"", ""value"": 635.653, ""z"": -1.439}, {""feature"": ""disk_read_bytes"", ""value"": 16803.984, ""z"": -1.134}, {""feature"": ""disk_write_bytes"", ""value"": 12567.239, ""z"": -1.06}]"
2026-05-27T04:44:18Z,mock-node,default,mock-pod,app,0.302572,False,"[{""feature"": ""process_fork_count"", ""value"": 0.682, ""z"": -2.158}, {""feature"": ""syscall_read_rate"", ""value"": 106.692, ""z"": -1.917}, {""feature"": ""syscall_open_rate"", ""value"": 17.095, ""z"": -0.986}]"
2026-05-27T04:44:28Z,mock-node,default,mock-pod,app,0.391645,False,"[{""feature"": ""disk_io_latency_ms"", ""value"": 1.223, ""z"": -2.585}, {""feature"": ""context_switch_count"", ""value"": 989.22, ""z"": 1.564}, {""feature"": ""network_tx_bytes"", ""value"": 31619.845, ""z"": -1.411}]"
2026-05-27T04:44:38Z,mock-node,default,mock-pod,app,0.353844,False,"[{""feature"": ""context_switch_count"", ""value"": 520.055, ""z"": -2.42}, {""feature"": ""disk_write_bytes"", ""value"": 12506.085, ""z"": -1.087}, {""feature"": ""tcp_connect_rate"", ""value"": 5.79, ""z"": 1.085}]"
2026-05-27T04:44:48Z,mock-node,default,mock-pod,app,0.699952,False,"[{""feature"": ""network_rx_bytes"", ""value"": 72819.077, ""z"": 2.869}, {""feature"": ""context_switch_count"", ""value"": 1119.689, ""z"": 2.671}, {""feature"": ""process_fork_count"", ""value"": 1.215, ""z"": 1.529}]"
2026-05-27T04:44:58Z,mock-node,default,mock-pod,app,0.269858,False,"[{""feature"": ""context_switch_count"", ""value"": 1033.528, ""z"": 1.94}, {""feature"": ""disk_read_bytes"", ""value"": 15820.147, ""z"": -1.469}, {""feature"": ""process_exec_count"", ""value"": 1.153, ""z"": 1.045}]"
2026-05-27T04:45:08Z,mock-node,default,mock-pod,app,0.474476,False,"[{""feature"": ""process_exec_count"", ""value"": 1.402, ""z"": 2.764}, {""feature"": ""disk_read_bytes"", ""value"": 15800.263, ""z"": -1.476}, {""feature"": ""syscall_write_rate"", ""value"": 107.204, ""z"": 1.298}]"
2026-05-27T04:45:18Z,mock-node,default,mock-pod,app,0.333543,False,"[{""feature"": ""tcp_retransmit_rate"", ""value"": 0.146, ""z"": -1.804}, {""feature"": ""tcp_connect_rate"", ""value"": 6.046, ""z"": 1.425}, {""feature"": ""process_exec_count"", ""value"": 0.813, ""z"": -1.303}]"
2026-05-27T04:45:28Z,mock-node,default,mock-pod,app,0.692305,False,"[{""feature"": ""tcp_connect_rate"", ""value"": 3.127, ""z"": -2.445}, {""feature"": ""tcp_retransmit_rate"", ""value"": 0.136, ""z"": -2.14}, {""feature"": ""network_tx_bytes"", ""value"": 51148.668, ""z"": 1.879}]"
2026-05-27T04:45:38Z,mock-node,default,mock-pod,app,0.3091,False,"[{""feature"": ""disk_read_bytes"", ""value"": 14228.431, ""z"": -2.012}, {""feature"": ""tcp_connect_rate"", ""value"": 5.871, ""z"": 1.193}, {""feature"": ""process_exec_count"", ""value"": 1.172, ""z"": 1.176}]"
2026-05-27T04:45:48Z,mock-node,default,mock-pod,app,0.342996,False,"[{""feature"": ""network_tx_bytes"", ""value"": 52812.168, ""z"": 2.159}, {""feature"": ""process_exec_count"", ""value"": 0.818, ""z"": -1.268}, {""feature"": ""syscall_open_rate"", ""value"": 16.824, ""z"": -1.075}]"
2026-05-27T04:45:58Z,mock-node,default,mock-pod,app,0.253684,False,"[{""feature"": ""disk_write_bytes"", ""value"": 18258.022, ""z"": 1.497}, {""feature"": ""network_tx_bytes"", ""value"": 48778.082, ""z"": 1.479}, {""feature"": ""disk_io_latency_ms"", ""value"": 1.626, ""z"": -1.253}]"
2026-05-27T04:46:08Z,mock-node,default,mock-pod,app,0.431542,False,"[{""feature"": ""tcp_connect_rate"", ""value"": 3.517, ""z"": -1.928}, {""feature"": ""syscall_read_rate"", ""value"": 108.93, ""z"": -1.817}, {""feature"": ""disk_io_latency_ms"", ""value"": 1.558, ""z"": -1.478}]"
2026-05-27T04:46:18Z,mock-node,default,mock-pod,app,0.59007,False,"[{""feature"": ""syscall_open_rate"", ""value"": 14.548, ""z"": -1.829}, {""feature"": ""network_rx_bytes"", ""value"": 36291.869, ""z"": -1.75}, {""feature"": ""process_fork_count"", ""value"": 1.196, ""z"": 1.398}]"
2026-05-27T04:46:28Z,mock-node,default,mock-pod,app,0.567969,False,"[{""feature"": ""network_rx_bytes"", ""value"": 31167.885, ""z"": -2.398}, {""feature"": ""disk_read_bytes"", ""value"": 25659.535, ""z"": 1.885}, {""feature"": ""syscall_read_rate"", ""value"": 112.364, ""z"": -1.665}]"
2026-05-27T04:46:38Z,mock-node,default,mock-pod,app,0.179474,False,"[{""feature"": ""network_tx_bytes"", ""value"": 48372.504, ""z"": 1.411}, {""feature"": ""context_switch_count"", ""value"": 935.408, ""z"": 1.107}, {""feature"": ""network_rx_bytes"", ""value"": 41532.19, ""z"": -1.088}]"
2026-05-27T04:46:48Z,mock-node,default,mock-pod,app,0.976769,True,"[{""feature"": ""syscall_open_rate"", ""value"": 11.867, ""z"": -2.717}, {""feature"": ""syscall_write_rate"", ""value"": 118.402, ""z"": 2.147}, {""feature"": ""tcp_retransmit_rate"", ""value"": 0.256, ""z"": 1.89}]"
2026-05-27T04:46:58Z,mock-node,default,mock-pod,app,0.585381,False,"[{""feature"": ""disk_io_latency_ms"", ""value"": 2.776, ""z"": 2.546}, {""feature"": ""context_switch_count"", ""value"": 1052.625, ""z"": 2.102}, {""feature"": ""process_fork_count"", ""value"": 1.171, ""z"": 1.225}]"
2026-05-27T04:47:08Z,mock-node,default,mock-pod,app,0.370014,False,"[{""feature"": ""disk_read_bytes"", ""value"": 14774.624, ""z"": -1.826}, {""feature"": ""process_fork_count"", ""value"": 1.172, ""z"": 1.232}, {""feature"": ""syscall_read_rate"", ""value"": 122.282, ""z"": -1.225}]"
2026-05-27T04:47:18Z,mock-node,default,mock-pod,app,0.289639,False,"[{""feature"": ""syscall_open_rate"", ""value"": 15.042, ""z"": -1.666}, {""feature"": ""tcp_connect_rate"", ""value"": 6.076, ""z"": 1.465}, {""feature"": ""process_exec_count"", ""value"": 0.816, ""z"": -1.282}]"
2026-05-27T04:47:28Z,mock-node,default,mock-pod,app,0.19695,False,"[{""feature"": ""network_rx_bytes"", ""value"": 36168.104, ""z"": -1.766}, {""feature"": ""syscall_read_rate"", ""value"": 175.328, ""z"": 1.128}, {""feature"": ""process_exec_count"", ""value"": 0.85, ""z"": -1.047}]"
2026-05-27T04:47:38Z,mock-node,default,mock-pod,app,0.186315,False,"[{""feature"": ""process_fork_count"", ""value"": 0.738, ""z"": -1.77}, {""feature"": ""disk_read_bytes"", ""value"": 24168.645, ""z"": 1.377}, {""feature"": ""tcp_connect_rate"", ""value"": 4.301, ""z"": -0.889}]"
2026-05-27T04:47:48Z,mock-node,default,mock-pod,app,0.311995,False,"[{""feature"": ""network_tx_bytes"", ""value"": 27636.144, ""z"": -2.082}, {""feature"": ""process_exec_count"", ""value"": 1.268, ""z"": 1.839}, {""feature"": ""network_rx_bytes"", ""value"": 40869.004, ""z"": -1.171}]"
2026-05-27T04:47:58Z,mock-node,default,mock-pod,app,0.214162,False,"[{""feature"": ""syscall_open_rate"", ""value"": 15.311, ""z"": -1.576}, {""feature"": ""context_switch_count"", ""value"": 664.169, ""z"": -1.196}, {""feature"": ""network_tx_bytes"", ""value"": 45948.348, ""z"": 1.003}]"
2026-05-27T04:48:08Z,mock-node,default,mock-pod,app,0.601176,False,"[{""feature"": ""disk_write_bytes"", ""value"": 8768.037, ""z"": -2.767}, {""feature"": ""syscall_write_rate"", ""value"": 59.135, ""z"": -2.345}, {""feature"": ""network_rx_bytes"", ""value"": 37647.899, ""z"": -1.579}]"
2026-05-27T04:48:18Z,mock-node,default,mock-pod,app,0.23887,False,"[{""feature"": ""tcp_retransmit_rate"", ""value"": 0.251, ""z"": 1.722}, {""feature"": ""disk_write_bytes"", ""value"": 11928.822, ""z"": -1.346}, {""feature"": ""disk_read_bytes"", ""value"": 17135.765, ""z"": -1.021}]"
2026-05-27T04:48:28Z,mock-node,default,mock-pod,app,0.428357,False,"[{""feature"": ""disk_io_latency_ms"", ""value"": 1.307, ""z"": -2.307}, {""feature"": ""context_switch_count"", ""value"": 624.93, ""z"": -1.53}, {""feature"": ""network_tx_bytes"", ""value"": 31520.159, ""z"": -1.428}]"
2026-05-27T04:48:38Z,mock-node,default,mock-pod,app,0.242015,False,"[{""feature"": ""disk_io_latency_ms"", ""value"": 2.512, ""z"": 1.674}, {""feature"": ""tcp_retransmit_rate"", ""value"": 0.248, ""z"": 1.622}, {""feature"": ""disk_write_bytes"", ""value"": 12432.854, ""z"": -1.12}]"
2026-05-27T04:48:48Z,mock-node,default,mock-pod,app,0.409013,False,"[{""feature"": ""syscall_write_rate"", ""value"": 66.476, ""z"": -1.789}, {""feature"": ""tcp_retransmit_rate"", ""value"": 0.247, ""z"": 1.588}, {""feature"": ""network_rx_bytes"", ""value"": 60766.01, ""z"": 1.345}]"
2026-05-27T04:48:58Z,mock-node,default,mock-pod,app,0.514286,False,"[{""feature"": ""disk_io_latency_ms"", ""value"": 1.141, ""z"": -2.856}, {""feature"": ""syscall_open_rate"", ""value"": 15.332, ""z"": -1.57}, {""feature"": ""disk_write_bytes"", ""value"": 18128.319, ""z"": 1.439}]"
2026-05-27T04:49:08Z,mock-node,default,mock-pod,app,0.268188,False,"[{""feature"": ""disk_io_latency_ms"", ""value"": 1.588, ""z"": -1.379}, {""feature"": ""disk_read_bytes"", ""value"": 16242.291, ""z"": -1.325}, {""feature"": ""tcp_connect_rate"", ""value"": 5.804, ""z"": 1.104}]"
2026-05-27T04:49:18Z,mock-node,default,mock-pod,app,0.154465,False,"[{""feature"": ""syscall_read_rate"", ""value"": 186.623, ""z"": 1.629}, {""feature"": ""tcp_connect_rate"", ""value"": 6.003, ""z"": 1.368}, {""feature"": ""tcp_retransmit_rate"", ""value"": 0.24, ""z"": 1.353}]"
2026-05-27T04:49:28Z,mock-node,default,mock-pod,app,0.420565,False,"[{""feature"": ""disk_read_bytes"", ""value"": 13510.652, ""z"": -2.256}, {""feature"": ""disk_io_latency_ms"", ""value"": 1.523, ""z"": -1.594}, {""feature"": ""tcp_connect_rate"", ""value"": 3.996, ""z"": -1.293}]"
2026-05-27T04:49:38Z,mock-node,default,mock-pod,app,0.537606,False,"[{""feature"": ""syscall_read_rate"", ""value"": 99.182, ""z"": -2.25}, {""feature"": ""process_exec_count"", ""value"": 1.228, ""z"": 1.563}, {""feature"": ""tcp_connect_rate"", ""value"": 3.863, ""z"": -1.469}]"
2026-05-27T04:49:48Z,mock-node,default,mock-pod,app,0.209131,False,"[{""feature"": ""syscall_write_rate"", ""value"": 115.71, ""z"": 1.943}, {""feature"": ""disk_write_bytes"", ""value"": 17669.471, ""z"": 1.233}, {""feature"": ""syscall_open_rate"", ""value"": 23.679, ""z"": 1.194}]"
2026-05-27T04:49:58Z,mock-node,default,mock-pod,app,0.699299,False,"[{""feature"": ""context_switch_count"", ""value"": 1089.296, ""z"": 2.413}, {""feature"": ""tcp_connect_rate"", ""value"": 6.406, ""z"": 1.902}, {""feature"": ""disk_io_latency_ms"", ""value"": 2.459, ""z"": 1.499}]"
2026-05-27T04:50:08Z,mock-node,default,mock-pod,app,0.620712,False,"[{""feature"": ""tcp_retransmit_rate"", ""value"": 0.262, ""z"": 2.092}, {""feature"": ""syscall_write_rate"", ""value"": 113.34, ""z"": 1.763}, {""feature"": ""process_exec_count"", ""value"": 1.228, ""z"": 1.563}]"
2026-05-27T04:50:18Z,mock-node,default,mock-pod,app,0.373935,False,"[{""feature"": ""disk_write_bytes"", ""value"": 18603.221, ""z"": 1.652}, {""feature"": ""tcp_connect_rate"", ""value"": 5.935, ""z"": 1.278}, {""feature"": ""syscall_write_rate"", ""value"": 106.039, ""z"": 1.21}]"
2026-05-27T04:50:28Z,mock-node,default,mock-pod,app,0.359193,False,"[{""feature"": ""process_exec_count"", ""value"": 1.271, ""z"": 1.86}, {""feature"": ""disk_read_bytes"", ""value"": 15673.158, ""z"": -1.519}, {""feature"": ""context_switch_count"", ""value"": 646.866, ""z"": -1.343}]"
2026-05-27T04:50:38Z,mock-node,default,mock-pod,app,0.575935,False,"[{""feature"": ""tcp_connect_rate"", ""value"": 3.654, ""z"": -1.747}, {""feature"": ""context_switch_count"", ""value"": 1003.46, ""z"": 1.684}, {""feature"": ""process_fork_count"", ""value"": 0.755, ""z"": -1.653}]"
2026-05-27T04:50:48Z,mock-node,default,mock-pod,app,0.405712,False,"[{""feature"": ""tcp_connect_rate"", ""value"": 6.68, ""z"": 2.266}, {""feature"": ""network_rx_bytes"", ""value"": 36878.059, ""z"": -1.676}, {""feature"": ""disk_io_latency_ms"", ""value"": 2.48, ""z"": 1.568}]"
2026-05-27T04:50:58Z,mock-node,default,mock-pod,app,0.345812,False,"[{""feature"": ""syscall_write_rate"", ""value"": 116.759, ""z"": 2.023}, {""feature"": ""disk_read_bytes"", ""value"": 23771.815, ""z"": 1.241}, {""feature"": ""network_rx_bytes"", ""value"": 40597.988, ""z"": -1.206}]"
2026-05-27T04:51:08Z,mock-node,default,mock-pod,app,0.567,False,"[{""feature"": ""tcp_connect_rate"", ""value"": 3.173, ""z"": -2.384}, {""feature"": ""disk_read_bytes"", ""value"": 14915.145, ""z"": -1.778}, {""feature"": ""network_tx_bytes"", ""value"": 50046.502, ""z"": 1.693}]"
2026-05-27T04:51:18Z,mock-node,default,mock-pod,app,0.3959,False,"[{""feature"": ""process_exec_count"", ""value"": 1.282, ""z"": 1.936}, {""feature"": ""syscall_read_rate"", ""value"": 113.343, ""z"": -1.622}, {""feature"": ""syscall_open_rate"", ""value"": 24.113, ""z"": 1.338}]"
2026-05-27T04:51:28Z,mock-node,default,mock-pod,app,0.198556,False,"[{""feature"": ""context_switch_count"", ""value"": 635.171, ""z"": -1.443}, {""feature"": ""network_rx_bytes"", ""value"": 60032.774, ""z"": 1.252}, {""feature"": ""disk_read_bytes"", ""value"": 23777.052, ""z"": 1.243}]"
2026-05-27T04:51:38Z,mock-node,default,mock-pod,app,0.173281,False,"[{""feature"": ""tcp_connect_rate"", ""value"": 5.871, ""z"": 1.193}, {""feature"": ""disk_io_latency_ms"", ""value"": 2.364, ""z"": 1.185}, {""feature"": ""disk_read_bytes"", ""value"": 17700.206, ""z"": -0.828}]"
2026-05-27T04:51:48Z,mock-node,default,mock-pod,app,0.679186,False,"[{""feature"": ""syscall_write_rate"", ""value"": 57.492, ""z"": -2.47}, {""feature"": ""process_fork_count"", ""value"": 0.66, ""z"": -2.31}, {""feature"": ""disk_io_latency_ms"", ""value"": 1.429, ""z"": -1.904}]"
2026-05-27T04:51:58Z,mock-node,default,mock-pod,app,0.43281,False,"[{""feature"": ""tcp_retransmit_rate"", ""value"": 0.257, ""z"": 1.924}, {""feature"": ""syscall_write_rate"", ""value"": 112.749, ""z"": 1.719}, {""feature"": ""process_exec_count"", ""value"": 1.167, ""z"": 1.142}]"
2026-05-27T04:52:08Z,mock-node,default,mock-pod,app,0.075497,False,"[{""feature"": ""syscall_read_rate"", ""value"": 120.161, ""z"": -1.319}, {""feature"": ""process_fork_count"", ""value"": 0.849, ""z"": -1.003}, {""feature"": ""network_rx_bytes"", ""value"": 43490.92, ""z"": -0.84}]"
2026-05-27T04:52:18Z,mock-node,default,mock-pod,app,0.253731,False,"[{""feature"": ""tcp_retransmit_rate"", ""value"": 0.14, ""z"": -2.006}, {""feature"": ""context_switch_count"", ""value"": 655.598, ""z"": -1.269}, {""feature"": ""disk_write_bytes"", ""value"": 17297.035, ""z"": 1.065}]"
2026-05-27T04:52:28Z,mock-node,default,mock-pod,app,0.301547,False,"[{""feature"": ""syscall_read_rate"", ""value"": 189.691, ""z"": 1.765}, {""feature"": ""network_rx_bytes"", ""value"": 39408.799, ""z"": -1.356}, {""feature"": ""syscall_write_rate"", ""value"": 72.213, ""z"": -1.354}]"
2026-05-27T04:52:38Z,mock-node,default,mock-pod,app,0.223703,False,"[{""feature"": ""network_tx_bytes"", ""value"": 31259.824, ""z"": -1.472}, {""feature"": ""disk_read_bytes"", ""value"": 15953.224, ""z"": -1.424}, {""feature"": ""tcp_connect_rate"", ""value"": 5.825, ""z"": 1.132}]"
2026-05-27T04:52:48Z,mock-node,default,mock-pod,app,0.107922,False,"[{""feature"": ""network_tx_bytes"", ""value"": 49818.811, ""z"": 1.655}, {""feature"": ""disk_read_bytes"", ""value"": 23436.763, ""z"": 1.127}, {""feature"": ""syscall_write_rate"", ""value"": 103.982, ""z"": 1.054}]"
2026-05-27T04:52:58Z,mock-node,default,mock-pod,app,0.500398,False,"[{""feature"": ""syscall_write_rate"", ""value"": 121.236, ""z"": 2.362}, {""feature"": ""process_fork_count"", ""value"": 1.332, ""z"": 2.338}, {""feature"": ""syscall_open_rate"", ""value"": 16.723, ""z"": -1.109}]"
2026-05-27T04:53:08Z,mock-node,default,mock-pod,app,0.129741,False,"[{""feature"": ""syscall_open_rate"", ""value"": 23.272, ""z"": 1.06}, {""feature"": ""tcp_retransmit_rate"", ""value"": 0.228, ""z"": 0.95}, {""feature"": ""syscall_write_rate"", ""value"": 102.379, ""z"": 0.933}]"
2026-05-27T04:53:18Z,mock-node,default,mock-pod,app,0.373734,False,"[{""feature"": ""tcp_connect_rate"", ""value"": 7.23, ""z"": 2.995}, {""feature"": ""syscall_write_rate"", ""value"": 71.745, ""z"": -1.39}, {""feature"": ""process_fork_count"", ""value"": 1.178, ""z"": 1.273}]"
2026-05-27T04:53:28Z,mock-node,default,mock-pod,app,0.730119,False,"[{""feature"": ""process_fork_count"", ""value"": 0.704, ""z"": -2.006}, {""feature"": ""network_tx_bytes"", ""value"": 29122.502, ""z"": -1.832}, {""feature"": ""tcp_retransmit_rate"", ""value"": 0.254, ""z"": 1.823}]"
2026-05-27T04:53:38Z,mock-node,default,mock-pod,app,0.216263,False,"[{""feature"": ""disk_read_bytes"", ""value"": 15017.488, ""z"": -1.743}, {""feature"": ""tcp_retransmit_rate"", ""value"": 0.168, ""z"": -1.065}, {""feature"": ""tcp_connect_rate"", ""value"": 4.19, ""z"": -1.036}]"
2026-05-27T04:53:48Z,mock-node,default,mock-pod,app,0.084476,False,"[{""feature"": ""context_switch_count"", ""value"": 637.526, ""z"": -1.423}, {""feature"": ""syscall_write_rate"", ""value"": 73.403, ""z"": -1.264}, {""feature"": ""process_fork_count"", ""value"": 1.157, ""z"": 1.128}]"
2026-05-27T04:53:58Z,mock-node,default,mock-pod,app,0.407505,False,"[{""feature"": ""syscall_open_rate"", ""value"": 28.644, ""z"": 2.838}, {""feature"": ""tcp_connect_rate"", ""value"": 4.025, ""z"": -1.255}, {""feature"": ""disk_read_bytes"", ""value"": 23642.485, ""z"": 1.197}]"
2026-05-27T04:54:08Z,mock-node,default,mock-pod,app,0.199637,False,"[{""feature"": ""syscall_open_rate"", ""value"": 13.76, ""z"": -2.09}, {""feature"": ""process_fork_count"", ""value"": 0.884, ""z"": -0.76}, {""feature"": ""disk_write_bytes"", ""value"": 13344.035, ""z"": -0.711}]"
2026-05-27T04:54:18Z,mock-node,default,mock-pod,app,0.306031,False,"[{""feature"": ""tcp_retransmit_rate"", ""value"": 0.254, ""z"": 1.823}, {""feature"": ""syscall_write_rate"", ""value"": 108.734, ""z"": 1.414}, {""feature"": ""tcp_connect_rate"", ""value"": 5.735, ""z"": 1.013}]"
2026-05-27T04:54:28Z,mock-node,default,mock-pod,app,0.199403,False,"[{""feature"": ""network_rx_bytes"", ""value"": 60734.575, ""z"": 1.341}, {""feature"": ""syscall_open_rate"", ""value"": 16.453, ""z"": -1.198}, {""feature"": ""context_switch_count"", ""value"": 939.556, ""z"": 1.142}]"
2026-05-27T04:54:38Z,mock-node,default,mock-pod,app,0.621774,False,"[{""feature"": ""syscall_read_rate"", ""value"": 94.555, ""z"": -2.455}, {""feature"": ""tcp_retransmit_rate"", ""value"": 0.272, ""z"": 2.428}, {""feature"": ""network_rx_bytes"", ""value"": 62899.305, ""z"": 1.615}]"
2026-05-27T04:54:48Z,mock-node,default,mock-pod,app,0.311623,False,"[{""feature"": ""syscall_open_rate"", ""value"": 25.805, ""z"": 1.898}, {""feature"": ""disk_write_bytes"", ""value"": 18535.253, ""z"": 1.622}, {""feature"": ""network_rx_bytes"", ""value"": 59835.82, ""z"": 1.227}]"
2026-05-27T04:54:58Z,mock-node,default,mock-pod,app,0.56297,False,"[{""feature"": ""tcp_connect_rate"", ""value"": 3.203, ""z"": -2.345}, {""feature"": ""disk_write_bytes"", ""value"": 18640.999, ""z"": 1.669}, {""feature"": ""syscall_read_rate"", ""value"": 113.795, ""z"": -1.602}]"
2026-05-27T04:55:08Z,mock-node,default,mock-pod,app,0.220712,False,"[{""feature"": ""disk_read_bytes"", ""value"": 26094.436, ""z"": 2.033}, {""feature"": ""network_rx_bytes"", ""value"": 42144.2, ""z"": -1.01}, {""feature"": ""syscall_read_rate"", ""value"": 171.613, ""z"": 0.963}]"
2026-05-27T04:55:18Z,mock-node,default,mock-pod,app,0.551843,False,"[{""feature"": ""syscall_write_rate"", ""value"": 116.365, ""z"": 1.993}, {""feature"": ""disk_io_latency_ms"", ""value"": 1.415, ""z"": -1.951}, {""feature"": ""network_tx_bytes"", ""value"": 31391.743, ""z"": -1.45}]"
2026-05-27T04:55:28Z,mock-node,default,mock-pod,app,0.170107,False,"[{""feature"": ""disk_write_bytes"", ""value"": 18529.805, ""z"": 1.619}, {""feature"": ""tcp_retransmit_rate"", ""value"": 0.241, ""z"": 1.387}, {""feature"": ""process_exec_count"", ""value"": 0.872, ""z"": -0.895}]"
2026-05-27T04:55:38Z,mock-node,default,mock-pod,app,0.213443,False,"[{""feature"": ""tcp_retransmit_rate"", ""value"": 0.257, ""z"": 1.924}, {""feature"": ""tcp_connect_rate"", ""value"": 5.895, ""z"": 1.225}, {""feature"": ""context_switch_count"", ""value"": 941.88, ""z"": 1.162}]"
2026-05-27T04:55:48Z,mock-node,default,mock-pod,app,0.385341,False,"[{""feature"": ""process_exec_count"", ""value"": 1.338, ""z"": 2.322}, {""feature"": ""disk_read_bytes"", ""value"": 24532.568, ""z"": 1.501}, {""feature"": ""tcp_connect_rate"", ""value"": 6.049, ""z"": 1.429}]"
2026-05-27T04:55:58Z,mock-node,default,mock-pod,app,0.679225,False,"[{""feature"": ""process_fork_count"", ""value"": 1.377, ""z"": 2.65}, {""feature"": ""context_switch_count"", ""value"": 1008.051, ""z"": 1.723}, {""feature"": ""syscall_read_rate"", ""value"": 181.134, ""z"": 1.385}]"
2026-05-27T04:56:08Z,mock-node,default,mock-pod,app,0.596958,False,"[{""feature"": ""disk_io_latency_ms"", ""value"": 2.669, ""z"": 2.193}, {""feature"": ""network_rx_bytes"", ""value"": 64370.027, ""z"": 1.801}, {""feature"": ""disk_read_bytes"", ""value"": 24341.105, ""z"": 1.435}]"
2026-05-27T04:56:18Z,mock-node,default,mock-pod,app,0.363311,False,"[{""feature"": ""process_exec_count"", ""value"": 1.298, ""z"": 2.046}, {""feature"": ""syscall_write_rate"", ""value"": 64.976, ""z"": -1.903}, {""feature"": ""syscall_read_rate"", ""value"": 186.724, ""z"": 1.633}]"
2026-05-27T04:56:28Z,mock-node,default,mock-pod,app,0.273939,False,"[{""feature"": ""tcp_retransmit_rate"", ""value"": 0.141, ""z"": -1.972}, {""feature"": ""tcp_connect_rate"", ""value"": 4.091, ""z"": -1.167}, {""feature"": ""process_fork_count"", ""value"": 1.156, ""z"": 1.121}]"
2026-05-27T04:56:38Z,mock-node,default,mock-pod,app,0.33802,False,"[{""feature"": ""process_exec_count"", ""value"": 1.257, ""z"": 1.763}, {""feature"": ""tcp_connect_rate"", ""value"": 3.655, ""z"": -1.745}, {""feature"": ""network_rx_bytes"", ""value"": 40682.868, ""z"": -1.195}]"
2026-05-27T04:56:48Z,mock-node,default,mock-pod,app,0.219147,False,"[{""feature"": ""disk_write_bytes"", ""value"": 18392.405, ""z"": 1.558}, {""feature"": ""disk_io_latency_ms"", ""value"": 2.402, ""z"": 1.311}, {""feature"": ""syscall_read_rate"", ""value"": 126.411, ""z"": -1.042}]"
2026-05-27T04:56:58Z,mock-node,default,mock-pod,app,0.25254,False,"[{""feature"": ""tcp_connect_rate"", ""value"": 3.845, ""z"": -1.493}, {""feature"": ""disk_read_bytes"", ""value"": 23961.094, ""z"": 1.306}, {""feature"": ""process_exec_count"", ""value"": 0.861, ""z"": -0.971}]"
2026-05-27T04:57:08Z,mock-node,default,mock-pod,app,0.27188,False,"[{""feature"": ""tcp_connect_rate"", ""value"": 6.895, ""z"": 2.551}, {""feature"": ""context_switch_count"", ""value"": 930.977, ""z"": 1.069}, {""feature"": ""syscall_read_rate"", ""value"": 168.63, ""z"": 0.831}]"
2026-05-27T04:57:18Z,mock-node,default,mock-pod,app,0.234356,False,"[{""feature"": ""context_switch_count"", ""value"": 961.687, ""z"": 1.33}, {""feature"": ""disk_read_bytes"", ""value"": 16327.053, ""z"": -1.296}, {""feature"": ""network_rx_bytes"", ""value"": 39935.745, ""z"": -1.289}]"
2026-05-27T04:57:28Z,mock-node,default,mock-pod,app,0.939505,True,"[{""feature"": ""syscall_open_rate"", ""value"": 11.413, ""z"": -2.867}, {""feature"": ""disk_write_bytes"", ""value"": 9044.132, ""z"": -2.642}, {""feature"": ""tcp_retransmit_rate"", ""value"": 0.131, ""z"": -2.308}]"
2026-05-27T04:57:38Z,mock-node,default,mock-pod,app,0.311455,False,"[{""feature"": ""disk_io_latency_ms"", ""value"": 1.542, ""z"": -1.531}, {""feature"": ""context_switch_count"", ""value"": 967.255, ""z"": 1.377}, {""feature"": ""process_exec_count"", ""value"": 1.159, ""z"": 1.086}]"
2026-05-27T04:57:48Z,mock-node,default,mock-pod,app,0.362813,False,"[{""feature"": ""network_tx_bytes"", ""value"": 49938.981, ""z"": 1.675}, {""feature"": ""network_rx_bytes"", ""value"": 40053.839, ""z"": -1.274}, {""feature"": ""disk_io_latency_ms"", ""value"": 2.387, ""z"": 1.261}]"
2026-05-27T04:57:58Z,mock-node,default,mock-pod,app,0.208367,False,"[{""feature"": ""process_exec_count"", ""value"": 0.76, ""z"": -1.669}, {""feature"": ""process_fork_count"", ""value"": 0.769, ""z"": -1.556}, {""feature"": ""context_switch_count"", ""value"": 937.687, ""z"": 1.126}]"
2026-05-27T04:58:08Z,mock-node,default,mock-pod,app,0.170968,False,"[{""feature"": ""syscall_open_rate"", ""value"": 25.172, ""z"": 1.689}, {""feature"": ""process_fork_count"", ""value"": 1.224, ""z"": 1.591}, {""feature"": ""disk_read_bytes"", ""value"": 22454.113, ""z"": 0.792}]"
2026-05-27T04:58:18Z,mock-node,default,mock-pod,app,0.34128,False,"[{""feature"": ""network_tx_bytes"", ""value"": 49916.328, ""z"": 1.671}, {""feature"": ""syscall_read_rate"", ""value"": 120.288, ""z"": -1.314}, {""feature"": ""disk_write_bytes"", ""value"": 12099.889, ""z"": -1.27}]"
2026-05-27T04:58:28Z,mock-node,default,mock-pod,app,0.385045,False,"[{""feature"": ""network_rx_bytes"", ""value"": 29091.359, ""z"": -2.661}, {""feature"": ""disk_io_latency_ms"", ""value"": 2.371, ""z"": 1.208}, {""feature"": ""disk_write_bytes"", ""value"": 17532.938, ""z"": 1.171}]"
2026-05-27T04:58:38Z,mock-node,default,mock-pod,app,0.594467,False,"[{""feature"": ""context_switch_count"", ""value"": 536.157, ""z"": -2.283}, {""feature"": ""network_tx_bytes"", ""value"": 28048.464, ""z"": -2.013}, {""feature"": ""disk_read_bytes"", ""value"": 14528.282, ""z"": -1.91}]"
2026-05-27T04:58:48Z,mock-node,default,mock-pod,app,0.271989,False,"[{""feature"": ""syscall_read_rate"", ""value"": 191.935, ""z"": 1.865}, {""feature"": ""process_fork_count"", ""value"": 1.205, ""z"": 1.46}, {""feature"": ""disk_read_bytes"", ""value"": 23442.33, ""z"": 1.129}]"
2026-05-27T04:58:58Z,mock-node,default,mock-pod,app,0.428282,False,"[{""feature"": ""disk_io_latency_ms"", ""value"": 1.421, ""z"": -1.931}, {""feature"": ""network_rx_bytes"", ""value"": 37102.162, ""z"": -1.648}, {""feature"": ""disk_write_bytes"", ""value"": 18390.596, ""z"": 1.557}]"
2026-05-27T04:59:08Z,mock-node,default,mock-pod,app,0.876173,True,"[{""feature"": ""syscall_read_rate"", ""value"": 90.006, ""z"": -2.657}, {""feature"": ""disk_io_latency_ms"", ""value"": 2.771, ""z"": 2.53}, {""feature"": ""context_switch_count"", ""value"": 1072.194, ""z"": 2.268}]"
2026-05-27T04:59:18Z,mock-node,default,mock-pod,app,0.05592,False,"[{""feature"": ""syscall_open_rate"", ""value"": 23.69, ""z"": 1.198}, {""feature"": ""disk_read_bytes"", ""value"": 23039.275, ""z"": 0.992}, {""feature"": ""process_exec_count"", ""value"": 0.861, ""z"": -0.971}]"
2026-05-27T04:59:28Z,mock-node,default,mock-pod,app,0.309766,False,"[{""feature"": ""tcp_connect_rate"", ""value"": 6.268, ""z"": 1.719}, {""feature"": ""context_switch_count"", ""value"": 994.077, ""z"": 1.605}, {""feature"": ""disk_write_bytes"", ""value"": 18374.743, ""z"": 1.55}]"
2026-05-27T04:59:38Z,mock-node,default,mock-pod,app,0.128989,False,"[{""feature"": ""disk_io_latency_ms"", ""value"": 2.399, ""z"": 1.301}, {""feature"": ""disk_write_bytes"", ""value"": 12275.612, ""z"": -1.191}, {""feature"": ""syscall_open_rate"", ""value"": 16.649, ""z"": -1.133}]"
2026-05-27T04:59:48Z,mock-node,default,mock-pod,app,0.2238,False,"[{""feature"": ""network_tx_bytes"", ""value"": 48918.561, ""z"": 1.503}, {""feature"": ""disk_write_bytes"", ""value"": 17704.749, ""z"": 1.249}, {""feature"": ""disk_read_bytes"", ""value"": 17126.916, ""z"": -1.024}]"
2026-05-27T04:59:58Z,mock-node,default,mock-pod,app,0.337839,False,"[{""feature"": ""context_switch_count"", ""value"": 965.966, ""z"": 1.366}, {""feature"": ""syscall_read_rate"", ""value"": 119.324, ""z"": -1.356}, {""feature"": ""tcp_retransmit_rate"", ""value"": 0.16, ""z"": -1.334}]"
2026-05-27T05:00:08Z,mock-node,default,mock-pod,app,0.470223,False,"[{""feature"": ""network_rx_bytes"", ""value"": 63928.19, ""z"": 1.745}, {""feature"": ""disk_write_bytes"", ""value"": 18626.381, ""z"": 1.663}, {""feature"": ""tcp_retransmit_rate"", ""value"": 0.154, ""z"": -1.536}]"
2026-05-27T05:00:18Z,mock-node,default,mock-pod,app,0.550445,False,"[{""feature"": ""context_switch_count"", ""value"": 435.495, ""z"": -3.138}, {""feature"": ""syscall_read_rate"", ""value"": 193.911, ""z"": 1.952}, {""feature"": ""syscall_open_rate"", ""value"": 25.451, ""z"": 1.781}]"
2026-05-27T05:00:28Z,mock-node,default,mock-pod,app,0.465551,False,"[{""feature"": ""disk_io_latency_ms"", ""value"": 2.618, ""z"": 2.024}, {""feature"": ""disk_write_bytes"", ""value"": 11035.593, ""z"": -1.748}, {""feature"": ""network_rx_bytes"", ""value"": 60642.127, ""z"": 1.329}]"
2026-05-27T05:00:38Z,mock-node,default,mock-pod,app,0.233957,False,"[{""feature"": ""network_rx_bytes"", ""value"": 62572.997, ""z"": 1.573}, {""feature"": ""disk_write_bytes"", ""value"": 11734.155, ""z"": -1.434}, {""feature"": ""process_fork_count"", ""value"": 0.788, ""z"": -1.425}]"
2026-05-27T05:00:48Z,mock-node,default,mock-pod,app,0.242738,False,"[{""feature"": ""tcp_retransmit_rate"", ""value"": 0.248, ""z"": 1.622}, {""feature"": ""disk_io_latency_ms"", ""value"": 1.608, ""z"": -1.313}, {""feature"": ""syscall_write_rate"", ""value"": 72.824, ""z"": -1.308}]"
2026-05-27T05:00:58Z,mock-node,default,mock-pod,app,0.330238,False,"[{""feature"": ""disk_read_bytes"", ""value"": 15669.677, ""z"": -1.52}, {""feature"": ""syscall_write_rate"", ""value"": 70.887, ""z"": -1.455}, {""feature"": ""tcp_retransmit_rate"", ""value"": 0.16, ""z"": -1.334}]"
2026-05-27T05:01:08Z,mock-node,default,mock-pod,app,0.055361,False,"[{""feature"": ""process_fork_count"", ""value"": 0.85, ""z"": -0.996}, {""feature"": ""syscall_open_rate"", ""value"": 22.532, ""z"": 0.815}, {""feature"": ""network_rx_bytes"", ""value"": 56469.367, ""z"": 0.802}]"
2026-05-27T05:01:18Z,mock-node,default,mock-pod,app,0.409906,False,"[{""feature"": ""syscall_open_rate"", ""value"": 25.803, ""z"": 1.898}, {""feature"": ""network_rx_bytes"", ""value"": 35322.522, ""z"": -1.873}, {""feature"": ""disk_read_bytes"", ""value"": 16068.083, ""z"": -1.385}]"
2026-05-27T05:01:28Z,mock-node,default,mock-pod,app,0.600596,False,"[{""feature"": ""disk_read_bytes"", ""value"": 26213.741, ""z"": 2.074}, {""feature"": ""disk_io_latency_ms"", ""value"": 1.469, ""z"": -1.772}, {""feature"": ""disk_write_bytes"", ""value"": 18318.393, ""z"": 1.524}]"
2026-05-27T05:01:38Z,mock-node,default,mock-pod,app,0.220472,False,"[{""feature"": ""disk_read_bytes"", ""value"": 14792.091, ""z"": -1.82}, {""feature"": ""disk_io_latency_ms"", ""value"": 2.441, ""z"": 1.439}, {""feature"": ""syscall_open_rate"", ""value"": 23.286, ""z"": 1.064}]"
2026-05-27T05:01:48Z,mock-node,default,mock-pod,app,0.535288,False,"[{""feature"": ""syscall_open_rate"", ""value"": 12.652, ""z"": -2.457}, {""feature"": ""syscall_read_rate"", ""value"": 193.822, ""z"": 1.948}, {""feature"": ""network_rx_bytes"", ""value"": 36630.839, ""z"": -1.707}]"
2026-05-27T05:01:58Z,mock-node,default,mock-pod,app,0.234223,False,"[{""feature"": ""disk_write_bytes"", ""value"": 10893.375, ""z"": -1.812}, {""feature"": ""context_switch_count"", ""value"": 953.085, ""z"": 1.257}, {""feature"": ""tcp_retransmit_rate"", ""value"": 0.166, ""z"": -1.132}]"
2026-05-27T05:02:08Z,mock-node,default,mock-pod,app,0.665137,False,"[{""feature"": ""syscall_open_rate"", ""value"": 27.59, ""z"": 2.489}, {""feature"": ""tcp_connect_rate"", ""value"": 3.539, ""z"": -1.899}, {""feature"": ""disk_io_latency_ms"", ""value"": 1.455, ""z"": -1.818}]"
2026-05-27T05:02:18Z,mock-node,default,mock-pod,app,0.470528,False,"[{""feature"": ""syscall_write_rate"", ""value"": 64.952, ""z"": -1.904}, {""feature"": ""syscall_read_rate"", ""value"": 189.474, ""z"": 1.755}, {""feature"": ""context_switch_count"", ""value"": 615.26, ""z"": -1.612}]"
2026-05-27T05:02:28Z,mock-node,default,mock-pod,app,0.237064,False,"[{""feature"": ""syscall_read_rate"", ""value"": 102.64, ""z"": -2.096}, {""feature"": ""context_switch_count"", ""value"": 618.715, ""z"": -1.582}, {""feature"": ""process_fork_count"", ""value"": 1.183, ""z"": 1.308}]"
2026-05-27T05:02:38Z,mock-node,default,mock-pod,app,0.20238,False,"[{""feature"": ""syscall_write_rate"", ""value"": 109.08, ""z"": 1.44}, {""feature"": ""disk_read_bytes"", ""value"": 16530.027, ""z"": -1.227}, {""feature"": ""network_rx_bytes"", ""value"": 41955.098, ""z"": -1.034}]"
2026-05-27T05:02:48Z,mock-node,default,mock-pod,app,0.371431,False,"[{""feature"": ""process_exec_count"", ""value"": 0.748, ""z"": -1.752}, {""feature"": ""context_switch_count"", ""value"": 635.965, ""z"": -1.436}, {""feature"": ""disk_io_latency_ms"", ""value"": 2.416, ""z"": 1.357}]"
2026-05-27T05:02:58Z,mock-node,default,mock-pod,app,0.413287,False,"[{""feature"": ""tcp_connect_rate"", ""value"": 6.657, ""z"": 2.235}, {""feature"": ""process_fork_count"", ""value"": 1.309, ""z"": 2.179}, {""feature"": ""disk_write_bytes"", ""value"": 18219.525, ""z"": 1.48}]"
2026-05-27T05:03:08Z,mock-node,default,mock-pod,app,0.568933,False,"[{""feature"": ""disk_io_latency_ms"", ""value"": 2.633, ""z"": 2.074}, {""feature"": ""tcp_connect_rate"", ""value"": 3.466, ""z"": -1.996}, {""feature"": ""disk_write_bytes"", ""value"": 10546.939, ""z"": -1.967}]"
2026-05-27T05:03:18Z,mock-node,default,mock-pod,app,0.452819,False,"[{""feature"": ""process_exec_count"", ""value"": 1.268, ""z"": 1.839}, {""feature"": ""network_tx_bytes"", ""value"": 31172.429, ""z"": -1.486}, {""feature"": ""context_switch_count"", ""value"": 976.106, ""z"": 1.452}]"
2026-05-27T05:03:28Z,mock-node,default,mock-pod,app,0.388,False,"[{""feature"": ""syscall_write_rate"", ""value"": 69.942, ""z"": -1.526}, {""feature"": ""syscall_open_rate"", ""value"": 24.019, ""z"": 1.307}, {""feature"": ""disk_io_latency_ms"", ""value"": 1.628, ""z"": -1.247}]"
2026-05-27T05:03:38Z,mock-node,default,mock-pod,app,0.286382,False,"[{""feature"": ""process_exec_count"", ""value"": 1.196, ""z"": 1.342}, {""feature"": ""disk_write_bytes"", ""value"": 12230.33, ""z"": -1.211}, {""feature"": ""disk_read_bytes"", ""value"": 23614.481, ""z"": 1.188}]"
2026-05-27T05:03:48Z,mock-node,default,mock-pod,app,0.598226,False,"[{""feature"": ""tcp_retransmit_rate"", ""value"": 0.137, ""z"": -2.107}, {""feature"": ""disk_io_latency_ms"", ""value"": 1.422, ""z"": -1.927}, {""feature"": ""disk_read_bytes"", ""value"": 14900.813, ""z"": -1.783}]"
2026-05-27T05:03:58Z,mock-node,default,mock-pod,app,0.366693,False,"[{""feature"": ""tcp_connect_rate"", ""value"": 3.538, ""z"": -1.9}, {""feature"": ""disk_read_bytes"", ""value"": 15588.989, ""z"": -1.548}, {""feature"": ""syscall_open_rate"", ""value"": 23.933, ""z"": 1.278}]"
2026-05-27T05:04:08Z,mock-node,default,mock-pod,app,0.294286,False,"[{""feature"": ""tcp_connect_rate"", ""value"": 6.227, ""z"": 1.665}, {""feature"": ""disk_io_latency_ms"", ""value"": 1.52, ""z"": -1.604}, {""feature"": ""tcp_retransmit_rate"", ""value"": 0.238, ""z"": 1.286}]"
2026-05-27T05:04:18Z,mock-node,default,mock-pod,app,0.432315,False,"[{""feature"": ""tcp_retransmit_rate"", ""value"": 0.133, ""z"": -2.241}, {""feature"": ""context_switch_count"", ""value"": 1048.091, ""z"": 2.063}, {""feature"": ""network_tx_bytes"", ""value"": 31250.537, ""z"": -1.473}]"
2026-05-27T05:04:28Z,mock-node,default,mock-pod,app,0.135077,False,"[{""feature"": ""syscall_read_rate"", ""value"": 124.937, ""z"": -1.107}, {""feature"": ""network_rx_bytes"", ""value"": 41827.989, ""z"": -1.05}, {""feature"": ""network_tx_bytes"", ""value"": 34080.163, ""z"": -0.997}]"
2026-05-27T05:04:38Z,mock-node,default,mock-pod,app,0.35485,False,"[{""feature"": ""disk_read_bytes"", ""value"": 26165.798, ""z"": 2.057}, {""feature"": ""syscall_read_rate"", ""value"": 111.083, ""z"": -1.722}, {""feature"": ""context_switch_count"", ""value"": 950.154, ""z"": 1.232}]"
2026-05-27T05:04:48Z,mock-node,default,mock-pod,app,0.516677,False,"[{""feature"": ""process_exec_count"", ""value"": 1.348, ""z"": 2.392}, {""feature"": ""context_switch_count"", ""value"": 600.928, ""z"": -1.733}, {""feature"": ""disk_write_bytes"", ""value"": 18025.384, ""z"": 1.393}]"
2026-05-27T05:04:58Z,mock-node,default,mock-pod,app,0.601616,False,"[{""feature"": ""network_rx_bytes"", ""value"": 66544.371, ""z"": 2.076}, {""feature"": ""syscall_write_rate"", ""value"": 111.556, ""z"": 1.628}, {""feature"": ""context_switch_count"", ""value"": 989.483, ""z"": 1.566}]"
2026-05-27T05:05:08Z,mock-node,default,mock-pod,app,0.484724,False,"[{""feature"": ""disk_io_latency_ms"", ""value"": 2.651, ""z"": 2.133}, {""feature"": ""network_rx_bytes"", ""value"": 66209.746, ""z"": 2.033}, {""feature"": ""context_switch_count"", ""value"": 951.614, ""z"": 1.244}]"
2026-05-27T05:05:18Z,mock-node,default,mock-pod,app,0.244155,False,"[{""feature"": ""tcp_retransmit_rate"", ""value"": 0.14, ""z"": -2.006}, {""feature"": ""process_fork_count"", ""value"": 1.149, ""z"": 1.073}, {""feature"": ""disk_io_latency_ms"", ""value"": 1.713, ""z"": -0.966}]"
2026-05-27T05:05:28Z,mock-node,default,mock-pod,app,0.214698,False,"[{""feature"": ""process_exec_count"", ""value"": 1.189, ""z"": 1.294}, {""feature"": ""context_switch_count"", ""value"": 944.376, ""z"": 1.183}, {""feature"": ""network_rx_bytes"", ""value"": 41262.566, ""z"": -1.122}]"
2026-05-27T05:05:38Z,mock-node,default,mock-pod,app,0.17577,False,"[{""feature"": ""syscall_write_rate"", ""value"": 113.607, ""z"": 1.784}, {""feature"": ""syscall_open_rate"", ""value"": 16.184, ""z"": -1.287}, {""feature"": ""syscall_read_rate"", ""value"": 169.901, ""z"": 0.887}]"
2026-05-27T05:05:48Z,mock-node,default,mock-pod,app,0.635007,False,"[{""feature"": ""process_exec_count"", ""value"": 0.486, ""z"": -3.561}, {""feature"": ""tcp_connect_rate"", ""value"": 3.268, ""z"": -2.258}, {""feature"": ""syscall_write_rate"", ""value"": 72.612, ""z"": -1.324}]"
2026-05-27T05:05:58Z,mock-node,default,mock-pod,app,0.33632,False,"[{""feature"": ""tcp_connect_rate"", ""value"": 3.409, ""z"": -2.071}, {""feature"": ""tcp_retransmit_rate"", ""value"": 0.236, ""z"": 1.219}, {""feature"": ""process_exec_count"", ""value"": 0.831, ""z"": -1.178}]"
2026-05-27T05:06:08Z,mock-node,default,mock-pod,app,0.677908,False,"[{""feature"": ""syscall_open_rate"", ""value"": 12.49, ""z"": -2.511}, {""feature"": ""disk_read_bytes"", ""value"": 13746.758, ""z"": -2.176}, {""feature"": ""disk_write_bytes"", ""value"": 18374.09, ""z"": 1.549}]"
2026-05-27T05:06:18Z,mock-node,default,mock-pod,app,0.329234,False,"[{""feature"": ""syscall_write_rate"", ""value"": 65.613, ""z"": -1.854}, {""feature"": ""network_tx_bytes"", ""value"": 49471.635, ""z"": 1.596}, {""feature"": ""disk_write_bytes"", ""value"": 18196.857, ""z"": 1.47}]"
2026-05-27T05:06:28Z,mock-node,default,mock-pod,app,0.289519,False,"[{""feature"": ""context_switch_count"", ""value"": 1036.895, ""z"": 1.968}, {""feature"": ""disk_write_bytes"", ""value"": 19257.842, ""z"": 1.946}, {""feature"": ""network_tx_bytes"", ""value"": 34363.234, ""z"": -0.949}]"
2026-05-27T05:06:38Z,mock-node,default,mock-pod,app,0.196531,False,"[{""feature"": ""process_fork_count"", ""value"": 1.253, ""z"": 1.792}, {""feature"": ""disk_write_bytes"", ""value"": 12042.381, ""z"": -1.295}, {""feature"": ""syscall_read_rate"", ""value"": 167.482, ""z"": 0.78}]"
2026-05-27T05:06:48Z,mock-node,default,mock-pod,app,0.238646,False,"[{""feature"": ""process_exec_count"", ""value"": 0.795, ""z"": -1.427}, {""feature"": ""tcp_retransmit_rate"", ""value"": 0.158, ""z"": -1.401}, {""feature"": ""network_rx_bytes"", ""value"": 40106.426, ""z"": -1.268}]"
2026-05-27T05:06:58Z,mock-node,default,mock-pod,app,0.171924,False,"[{""feature"": ""disk_io_latency_ms"", ""value"": 2.342, ""z"": 1.112}, {""feature"": ""syscall_write_rate"", ""value"": 104.454, ""z"": 1.09}, {""feature"": ""tcp_connect_rate"", ""value"": 4.22, ""z"": -0.996}]"
2026-05-27T05:07:08Z,mock-node,default,mock-pod,app,0.513503,False,"[{""feature"": ""network_rx_bytes"", ""value"": 74315.308, ""z"": 3.058}, {""feature"": ""tcp_retransmit_rate"", ""value"": 0.256, ""z"": 1.89}, {""feature"": ""process_exec_count"", ""value"": 0.771, ""z"": -1.593}]"
2026-05-27T05:07:18Z,mock-node,default,mock-pod,app,0.383361,False,"[{""feature"": ""network_rx_bytes"", ""value"": 70090.279, ""z"": 2.524}, {""feature"": ""disk_read_bytes"", ""value"": 14326.586, ""z"": -1.978}, {""feature"": ""tcp_connect_rate"", ""value"": 5.735, ""z"": 1.013}]"
2026-05-27T05:07:28Z,mock-node,default,mock-pod,app,0.646282,False,"[{""feature"": ""process_exec_count"", ""value"": 0.704, ""z"": -2.055}, {""feature"": ""disk_read_bytes"", ""value"": 15661.591, ""z"": -1.523}, {""feature"": ""syscall_write_rate"", ""value"": 108.586, ""z"": 1.403}]"
2026-05-27T05:07:38Z,mock-node,default,mock-pod,app,0.476454,False,"[{""feature"": ""network_rx_bytes"", ""value"": 68486.688, ""z"": 2.321}, {""feature"": ""process_fork_count"", ""value"": 1.271, ""z"": 1.917}, {""feature"": ""context_switch_count"", ""value"": 609.791, ""z"": -1.658}]"
2026-05-27T05:07:48Z,mock-node,default,mock-pod,app,0.578052,False,"[{""feature"": ""tcp_connect_rate"", ""value"": 6.614, ""z"": 2.178}, {""feature"": ""tcp_retransmit_rate"", ""value"": 0.264, ""z"": 2.159}, {""feature"": ""disk_read_bytes"", ""value"": 14410.07, ""z"": -1.95}]"
2026-05-27T05:07:58Z,mock-node,default,mock-pod,app,0.364221,False,"[{""feature"": ""syscall_read_rate"", ""value"": 101.269, ""z"": -2.157}, {""feature"": ""process_exec_count"", ""value"": 1.194, ""z"": 1.328}, {""feature"": ""disk_read_bytes"", ""value"": 16353.137, ""z"": -1.287}]"
2026-05-27T05:08:08Z,mock-node,default,mock-pod,app,0.27016,False,"[{""feature"": ""tcp_connect_rate"", ""value"": 6.485, ""z"": 2.007}, {""feature"": ""context_switch_count"", ""value"": 601.284, ""z"": -1.73}, {""feature"": ""network_rx_bytes"", ""value"": 38426.228, ""z"": -1.48}]"
2026-05-27T05:08:18Z,mock-node,default,mock-pod,app,0.246356,False,"[{""feature"": ""disk_read_bytes"", ""value"": 15346.324, ""z"": -1.631}, {""feature"": ""tcp_retransmit_rate"", ""value"": 0.159, ""z"": -1.368}, {""feature"": ""syscall_read_rate"", ""value"": 131.317, ""z"": -0.824}]"
2026-05-27T05:08:28Z,mock-node,default,mock-pod,app,0.442332,False,"[{""feature"": ""tcp_connect_rate"", ""value"": 7.052, ""z"": 2.759}, {""feature"": ""process_fork_count"", ""value"": 0.694, ""z"": -2.075}, {""feature"": ""disk_write_bytes"", ""value"": 10778.552, ""z"": -1.863}]"
2026-05-27T05:08:38Z,mock-node,default,mock-pod,app,0.319261,False,"[{""feature"": ""network_tx_bytes"", ""value"": 29787.448, ""z"": -1.72}, {""feature"": ""tcp_connect_rate"", ""value"": 6.053, ""z"": 1.434}, {""feature"": ""disk_io_latency_ms"", ""value"": 1.58, ""z"": -1.405}]"
2026-05-27T05:08:48Z,mock-node,default,mock-pod,app,0.229549,False,"[{""feature"": ""disk_io_latency_ms"", ""value"": 2.502, ""z"": 1.641}, {""feature"": ""syscall_read_rate"", ""value"": 122.641, ""z"": -1.209}, {""feature"": ""process_fork_count"", ""value"": 1.161, ""z"": 1.156}]"
2026-05-27T05:08:58Z,mock-node,default,mock-pod,app,0.410003,False,"[{""feature"": ""syscall_open_rate"", ""value"": 14.57, ""z"": -1.822}, {""feature"": ""tcp_retransmit_rate"", ""value"": 0.16, ""z"": -1.334}, {""feature"": ""process_fork_count"", ""value"": 1.186, ""z"": 1.329}]"
2026-05-27T05:09:08Z,mock-node,default,mock-pod,app,0.390435,False,"[{""feature"": ""network_rx_bytes"", ""value"": 67925.785, ""z"": 2.25}, {""feature"": ""tcp_connect_rate"", ""value"": 3.773, ""z"": -1.589}, {""feature"": ""process_fork_count"", ""value"": 0.814, ""z"": -1.245}]"
2026-05-27T05:09:18Z,mock-node,default,mock-pod,app,0.329613,False,"[{""feature"": ""syscall_write_rate"", ""value"": 48.009, ""z"": -3.189}, {""feature"": ""disk_io_latency_ms"", ""value"": 1.643, ""z"": -1.197}, {""feature"": ""disk_write_bytes"", ""value"": 17369.006, ""z"": 1.098}]"
2026-05-27T05:09:28Z,mock-node,default,mock-pod,app,0.691189,False,"[{""feature"": ""tcp_retransmit_rate"", ""value"": 0.122, ""z"": -2.61}, {""feature"": ""network_rx_bytes"", ""value"": 34074.579, ""z"": -2.031}, {""feature"": ""process_fork_count"", ""value"": 0.794, ""z"": -1.383}]"
2026-05-27T05:09:38Z,mock-node,default,mock-pod,app,0.201814,False,"[{""feature"": ""tcp_retransmit_rate"", ""value"": 0.251, ""z"": 1.722}, {""feature"": ""tcp_connect_rate"", ""value"": 5.758, ""z"": 1.043}, {""feature"": ""network_rx_bytes"", ""value"": 57715.885, ""z"": 0.959}]"
2026-05-27T05:09:48Z,mock-node,default,mock-pod,app,0.140254,False,"[{""feature"": ""context_switch_count"", ""value"": 657.504, ""z"": -1.253}, {""feature"": ""syscall_read_rate"", ""value"": 126.626, ""z"": -1.032}, {""feature"": ""tcp_connect_rate"", ""value"": 4.228, ""z"": -0.986}]"
2026-05-27T05:09:58Z,mock-node,default,mock-pod,app,0.212622,False,"[{""feature"": ""network_rx_bytes"", ""value"": 63102.937, ""z"": 1.64}, {""feature"": ""process_fork_count"", ""value"": 0.805, ""z"": -1.307}, {""feature"": ""syscall_write_rate"", ""value"": 77.255, ""z"": -0.972}]"
2026-05-27T05:10:08Z,mock-node,default,mock-pod,app,0.08769,False,"[{""feature"": ""disk_read_bytes"", ""value"": 23474.637, ""z"": 1.14}, {""feature"": ""syscall_write_rate"", ""value"": 75.393, ""z"": -1.113}, {""feature"": ""tcp_retransmit_rate"", ""value"": 0.171, ""z"": -0.965}]"
2026-05-27T05:10:18Z,mock-node,default,mock-pod,app,0.579638,False,"[{""feature"": ""disk_read_bytes"", ""value"": 13412.821, ""z"": -2.29}, {""feature"": ""context_switch_count"", ""value"": 555.148, ""z"": -2.122}, {""feature"": ""disk_io_latency_ms"", ""value"": 1.471, ""z"": -1.766}]"
2026-05-27T05:10:28Z,mock-node,default,mock-pod,app,0.581953,False,"[{""feature"": ""disk_read_bytes"", ""value"": 13047.542, ""z"": -2.414}, {""feature"": ""disk_io_latency_ms"", ""value"": 1.481, ""z"": -1.732}, {""feature"": ""syscall_open_rate"", ""value"": 15.222, ""z"": -1.606}]"
2026-05-27T05:10:38Z,mock-node,default,mock-pod,app,0.343886,False,"[{""feature"": ""context_switch_count"", ""value"": 553.706, ""z"": -2.134}, {""feature"": ""syscall_read_rate"", ""value"": 114.032, ""z"": -1.591}, {""feature"": ""disk_read_bytes"", ""value"": 23896.727, ""z"": 1.284}]"
2026-05-27T05:10:48Z,mock-node,default,mock-pod,app,0.670543,False,"[{""feature"": ""network_tx_bytes"", ""value"": 55473.834, ""z"": 2.607}, {""feature"": ""disk_io_latency_ms"", ""value"": 2.724, ""z"": 2.374}, {""feature"": ""context_switch_count"", ""value"": 1000.446, ""z"": 1.659}]"
2026-05-27T05:10:58Z,mock-node,default,mock-pod,app,0.173043,False,"[{""feature"": ""disk_io_latency_ms"", ""value"": 1.607, ""z"": -1.316}, {""feature"": ""process_exec_count"", ""value"": 1.17, ""z"": 1.162}, {""feature"": ""disk_write_bytes"", ""value"": 12516.533, ""z"": -1.082}]"
2026-05-27T05:11:08Z,mock-node,default,mock-pod,app,0.518033,False,"[{""feature"": ""disk_io_latency_ms"", ""value"": 2.623, ""z"": 2.041}, {""feature"": ""context_switch_count"", ""value"": 1033.852, ""z"": 1.943}, {""feature"": ""syscall_write_rate"", ""value"": 68.45, ""z"": -1.639}]"
2026-05-27T05:11:18Z,mock-node,default,mock-pod,app,0.366593,False,"[{""feature"": ""network_tx_bytes"", ""value"": 29398.631, ""z"": -1.785}, {""feature"": ""context_switch_count"", ""value"": 986.629, ""z"": 1.542}, {""feature"": ""syscall_read_rate"", ""value"": 117.171, ""z"": -1.452}]"
2026-05-27T05:11:28Z,mock-node,default,mock-pod,app,0.374456,False,"[{""feature"": ""syscall_write_rate"", ""value"": 65.306, ""z"": -1.878}, {""feature"": ""context_switch_count"", ""value"": 604.42, ""z"": -1.704}, {""feature"": ""network_tx_bytes"", ""value"": 30600.167, ""z"": -1.583}]"
2026-05-27T05:11:38Z,mock-node,default,mock-pod,app,0.558909,False,"[{""feature"": ""process_fork_count"", ""value"": 1.266, ""z"": 1.882}, {""feature"": ""disk_io_latency_ms"", ""value"": 1.498, ""z"": -1.676}, {""feature"": ""disk_write_bytes"", ""value"": 11366.205, ""z"": -1.599}]"
2026-05-27T05:11:48Z,mock-node,default,mock-pod,app,0.281119,False,"[{""feature"": ""network_tx_bytes"", ""value"": 50867.726, ""z"": 1.831}, {""feature"": ""tcp_connect_rate"", ""value"": 3.955, ""z"": -1.348}, {""feature"": ""syscall_write_rate"", ""value"": 74.554, ""z"": -1.177}]"
2026-05-27T05:11:58Z,mock-node,default,mock-pod,app,0.229826,False,"[{""feature"": ""disk_write_bytes"", ""value"": 11218.092, ""z"": -1.666}, {""feature"": ""tcp_connect_rate"", ""value"": 5.94, ""z"": 1.284}, {""feature"": ""process_fork_count"", ""value"": 1.168, ""z"": 1.204}]"
2026-05-27T05:12:08Z,mock-node,default,mock-pod,app,0.266554,False,"[{""feature"": ""syscall_open_rate"", ""value"": 14.508, ""z"": -1.842}, {""feature"": ""process_exec_count"", ""value"": 1.227, ""z"": 1.556}, {""feature"": ""process_fork_count"", ""value"": 1.152, ""z"": 1.093}]"
2026-05-27T05:12:18Z,mock-node,default,mock-pod,app,0.179344,False,"[{""feature"": ""syscall_read_rate"", ""value"": 119.806, ""z"": -1.335}, {""feature"": ""syscall_open_rate"", ""value"": 24.077, ""z"": 1.326}, {""feature"": ""context_switch_count"", ""value"": 929.147, ""z"": 1.054}]"
2026-05-27T05:12:28Z,mock-node,default,mock-pod,app,0.323931,False,"[{""feature"": ""disk_read_bytes"", ""value"": 24694.494, ""z"": 1.556}, {""feature"": ""syscall_write_rate"", ""value"": 109.97, ""z"": 1.508}, {""feature"": ""process_exec_count"", ""value"": 1.189, ""z"": 1.294}]"
2026-05-27T05:12:38Z,mock-node,default,mock-pod,app,0.484225,False,"[{""feature"": ""syscall_read_rate"", ""value"": 204.459, ""z"": 2.42}, {""feature"": ""tcp_connect_rate"", ""value"": 3.71, ""z"": -1.672}, {""feature"": ""disk_io_latency_ms"", ""value"": 2.478, ""z"": 1.562}]"
2026-05-27T05:12:48Z,mock-node,default,mock-pod,app,0.667587,False,"[{""feature"": ""network_rx_bytes"", ""value"": 72061.697, ""z"": 2.773}, {""feature"": ""disk_write_bytes"", ""value"": 9983.936, ""z"": -2.22}, {""feature"": ""syscall_write_rate"", ""value"": 111.542, ""z"": 1.627}]"
2026-05-27T05:12:58Z,mock-node,default,mock-pod,app,0.314132,False,"[{""feature"": ""tcp_connect_rate"", ""value"": 3.079, ""z"": -2.509}, {""feature"": ""network_tx_bytes"", ""value"": 33165.011, ""z"": -1.151}, {""feature"": ""syscall_read_rate"", ""value"": 174.229, ""z"": 1.079}]"
2026-05-27T05:13:08Z,mock-node,default,mock-pod,app,0.353403,False,"[{""feature"": ""process_fork_count"", ""value"": 1.354, ""z"": 2.491}, {""feature"": ""process_exec_count"", ""value"": 1.205, ""z"": 1.404}, {""feature"": ""disk_io_latency_ms"", ""value"": 2.364, ""z"": 1.185}]"
2026-05-27T05:13:18Z,mock-node,default,mock-pod,app,0.558171,False,"[{""feature"": ""tcp_retransmit_rate"", ""value"": 0.144, ""z"": -1.871}, {""feature"": ""network_rx_bytes"", ""value"": 36265.502, ""z"": -1.754}, {""feature"": ""process_fork_count"", ""value"": 1.193, ""z"": 1.377}]"
2026-05-27T05:13:28Z,mock-node,default,mock-pod,app,0.658199,False,"[{""feature"": ""process_exec_count"", ""value"": 1.478, ""z"": 3.289}, {""feature"": ""syscall_read_rate"", ""value"": 107.776, ""z"": -1.869}, {""feature"": ""network_rx_bytes"", ""value"": 37579.946, ""z"": -1.587}]"
2026-05-27T05:13:38Z,mock-node,default,mock-pod,app,0.182463,False,"[{""feature"": ""disk_read_bytes"", ""value"": 23976.811, ""z"": 1.311}, {""feature"": ""process_fork_count"", ""value"": 0.829, ""z"": -1.141}, {""feature"": ""process_exec_count"", ""value"": 1.154, ""z"": 1.052}]"
2026-05-27T05:13:48Z,mock-node,default,mock-pod,app,0.324581,False,"[{""feature"": ""process_fork_count"", ""value"": 0.766, ""z"": -1.577}, {""feature"": ""disk_io_latency_ms"", ""value"": 2.481, ""z"": 1.572}, {""feature"": ""tcp_connect_rate"", ""value"": 5.932, ""z"": 1.274}]"
2026-05-27T05:13:58Z,mock-node,default,mock-pod,app,0.339956,False,"[{""feature"": ""disk_io_latency_ms"", ""value"": 2.602, ""z"": 1.971}, {""feature"": ""tcp_connect_rate"", ""value"": 6.119, ""z"": 1.522}, {""feature"": ""network_tx_bytes"", ""value"": 33018.123, ""z"": -1.176}]"
2026-05-27T05:14:08Z,mock-node,default,mock-pod,app,0.196843,False,"[{""feature"": ""process_fork_count"", ""value"": 1.244, ""z"": 1.73}, {""feature"": ""tcp_connect_rate"", ""value"": 3.86, ""z"": -1.473}, {""feature"": ""network_tx_bytes"", ""value"": 34332.823, ""z"": -0.954}]"
2026-05-27T05:14:18Z,mock-node,default,mock-pod,app,0.094865,False,"[{""feature"": ""disk_read_bytes"", ""value"": 15815.506, ""z"": -1.471}, {""feature"": ""tcp_connect_rate"", ""value"": 5.543, ""z"": 0.758}, {""feature"": ""network_tx_bytes"", ""value"": 44485.195, ""z"": 0.756}]"
2026-05-27T05:14:28Z,mock-node,default,mock-pod,app,0.701454,False,"[{""feature"": ""network_tx_bytes"", ""value"": 56865.483, ""z"": 2.842}, {""feature"": ""disk_write_bytes"", ""value"": 10507.934, ""z"": -1.985}, {""feature"": ""context_switch_count"", ""value"": 573.774, ""z"": -1.964}]"
2026-05-27T05:14:38Z,mock-node,default,mock-pod,app,0.376367,False,"[{""feature"": ""syscall_write_rate"", ""value"": 119.499, ""z"": 2.23}, {""feature"": ""context_switch_count"", ""value"": 967.224, ""z"": 1.377}, {""feature"": ""syscall_read_rate"", ""value"": 119.726, ""z"": -1.339}]"
2026-05-27T05:14:48Z,mock-node,default,mock-pod,app,0.362624,False,"[{""feature"": ""disk_write_bytes"", ""value"": 18671.424, ""z"": 1.683}, {""feature"": ""syscall_open_rate"", ""value"": 15.01, ""z"": -1.676}, {""feature"": ""syscall_read_rate"", ""value"": 112.602, ""z"": -1.655}]"
2026-05-27T05:14:58Z,mock-node,default,mock-pod,app,0.268488,False,"[{""feature"": ""tcp_retransmit_rate"", ""value"": 0.147, ""z"": -1.771}, {""feature"": ""network_rx_bytes"", ""value"": 59344.29, ""z"": 1.165}, {""feature"": ""disk_write_bytes"", ""value"": 12608.619, ""z"": -1.041}]"
2026-05-27T05:15:08Z,mock-node,default,mock-pod,app,0.185285,False,"[{""feature"": ""disk_io_latency_ms"", ""value"": 1.509, ""z"": -1.64}, {""feature"": ""tcp_retransmit_rate"", ""value"": 0.24, ""z"": 1.353}, {""feature"": ""network_tx_bytes"", ""value"": 48025.993, ""z"": 1.353}]"
2026-05-27T05:15:18Z,mock-node,default,mock-pod,app,0.466813,False,"[{""feature"": ""syscall_write_rate"", ""value"": 121.499, ""z"": 2.382}, {""feature"": ""syscall_open_rate"", ""value"": 25.36, ""z"": 1.751}, {""feature"": ""tcp_retransmit_rate"", ""value"": 0.243, ""z"": 1.454}]"
2026-05-27T05:15:28Z,mock-node,default,mock-pod,app,0.755776,False,"[{""feature"": ""disk_io_latency_ms"", ""value"": 2.971, ""z"": 3.191}, {""feature"": ""syscall_write_rate"", ""value"": 114.377, ""z"": 1.842}, {""feature"": ""tcp_connect_rate"", ""value"": 6.25, ""z"": 1.695}]"
2026-05-27T05:15:38Z,mock-node,default,mock-pod,app,0.569619,False,"[{""feature"": ""disk_io_latency_ms"", ""value"": 2.618, ""z"": 2.024}, {""feature"": ""network_rx_bytes"", ""value"": 65065.908, ""z"": 1.889}, {""feature"": ""syscall_read_rate"", ""value"": 186.483, ""z"": 1.623}]"
2026-05-27T05:15:48Z,mock-node,default,mock-pod,app,0.200208,False,"[{""feature"": ""disk_write_bytes"", ""value"": 11123.223, ""z"": -1.708}, {""feature"": ""syscall_open_rate"", ""value"": 16.078, ""z"": -1.322}, {""feature"": ""syscall_read_rate"", ""value"": 171.701, ""z"": 0.967}]"
2026-05-27T05:15:58Z,mock-node,default,mock-pod,app,0.525054,False,"[{""feature"": ""disk_io_latency_ms"", ""value"": 2.56, ""z"": 1.833}, {""feature"": ""syscall_open_rate"", ""value"": 14.706, ""z"": -1.777}, {""feature"": ""disk_write_bytes"", ""value"": 18786.115, ""z"": 1.734}]"
2026-05-27T05:16:08Z,mock-node,default,mock-pod,app,0.221668,False,"[{""feature"": ""tcp_retransmit_rate"", ""value"": 0.161, ""z"": -1.3}, {""feature"": ""network_rx_bytes"", ""value"": 59862.784, ""z"": 1.231}, {""feature"": ""process_fork_count"", ""value"": 0.828, ""z"": -1.148}]"
2026-05-27T05:16:18Z,mock-node,default,mock-pod,app,0.50975,False,"[{""feature"": ""disk_read_bytes"", ""value"": 25412.787, ""z"": 1.801}, {""feature"": ""network_rx_bytes"", ""value"": 63691.086, ""z"": 1.715}, {""feature"": ""syscall_open_rate"", ""value"": 24.637, ""z"": 1.512}]"
2026-05-27T05:16:28Z,mock-node,default,mock-pod,app,0.375453,False,"[{""feature"": ""syscall_write_rate"", ""value"": 117.918, ""z"": 2.11}, {""feature"": ""disk_write_bytes"", ""value"": 11291.091, ""z"": -1.633}, {""feature"": ""network_tx_bytes"", ""value"": 31670.151, ""z"": -1.403}]"
2026-05-27T05:16:38Z,mock-node,default,mock-pod,app,0.255008,False,"[{""feature"": ""network_tx_bytes"", ""value"": 47514.345, ""z"": 1.266}, {""feature"": ""disk_read_bytes"", ""value"": 23591.208, ""z"": 1.18}, {""feature"": ""context_switch_count"", ""value"": 942.641, ""z"": 1.168}]"
2026-05-27T05:16:48Z,mock-node,default,mock-pod,app,0.397423,False,"[{""feature"": ""tcp_connect_rate"", ""value"": 7.63, ""z"": 3.525}, {""feature"": ""context_switch_count"", ""value"": 588.981, ""z"": -1.835}, {""feature"": ""network_tx_bytes"", ""value"": 32590.759, ""z"": -1.248}]"
2026-05-27T05:16:58Z,mock-node,default,mock-pod,app,0.253979,False,"[{""feature"": ""process_exec_count"", ""value"": 1.272, ""z"": 1.867}, {""feature"": ""tcp_connect_rate"", ""value"": 5.97, ""z"": 1.324}, {""feature"": ""tcp_retransmit_rate"", ""value"": 0.232, ""z"": 1.084}]"
2026-05-27T05:17:08Z,mock-node,default,mock-pod,app,0.114416,False,"[{""feature"": ""network_tx_bytes"", ""value"": 48011.007, ""z"": 1.35}, {""feature"": ""disk_io_latency_ms"", ""value"": 1.68, ""z"": -1.075}, {""feature"": ""syscall_open_rate"", ""value"": 17.094, ""z"": -0.986}]"
2026-05-27T05:17:18Z,mock-node,default,mock-pod,app,0.479144,False,"[{""feature"": ""process_exec_count"", ""value"": 1.342, ""z"": 2.35}, {""feature"": ""process_fork_count"", ""value"": 0.727, ""z"": -1.846}, {""feature"": ""network_tx_bytes"", ""value"": 47566.701, ""z"": 1.275}]"
2026-05-27T05:17:28Z,mock-node,default,mock-pod,app,0.149445,False,"[{""feature"": ""network_rx_bytes"", ""value"": 60375.835, ""z"": 1.296}, {""feature"": ""disk_io_latency_ms"", ""value"": 2.345, ""z"": 1.122}, {""feature"": ""tcp_retransmit_rate"", ""value"": 0.233, ""z"": 1.118}]"
2026-05-27T05:17:38Z,mock-node,default,mock-pod,app,0.241546,False,"[{""feature"": ""disk_write_bytes"", ""value"": 11286.364, ""z"": -1.635}, {""feature"": ""tcp_connect_rate"", ""value"": 6.118, ""z"": 1.52}, {""feature"": ""process_fork_count"", ""value"": 0.799, ""z"": -1.348}]"
2026-05-27T05:17:48Z,mock-node,default,mock-pod,app,0.523031,False,"[{""feature"": ""syscall_write_rate"", ""value"": 119.764, ""z"": 2.25}, {""feature"": ""process_fork_count"", ""value"": 0.774, ""z"": -1.521}, {""feature"": ""disk_io_latency_ms"", ""value"": 2.429, ""z"": 1.4}]"
2026-05-27T05:17:58Z,mock-node,default,mock-pod,app,0.199346,False,"[{""feature"": ""process_fork_count"", ""value"": 1.192, ""z"": 1.37}, {""feature"": ""disk_io_latency_ms"", ""value"": 2.415, ""z"": 1.354}, {""feature"": ""process_exec_count"", ""value"": 0.835, ""z"": -1.151}]"
2026-05-27T05:18:08Z,mock-node,default,mock-pod,app,0.645089,False,"[{""feature"": ""disk_io_latency_ms"", ""value"": 2.906, ""z"": 2.976}, {""feature"": ""network_tx_bytes"", ""value"": 51917.14, ""z"": 2.008}, {""feature"": ""tcp_retransmit_rate"", ""value"": 0.146, ""z"": -1.804}]"
2026-05-27T05:18:18Z,mock-node,default,mock-pod,app,0.163289,False,"[{""feature"": ""process_fork_count"", ""value"": 0.745, ""z"": -1.722}, {""feature"": ""disk_write_bytes"", ""value"": 17482.46, ""z"": 1.149}, {""feature"": ""syscall_write_rate"", ""value"": 104.881, ""z"": 1.122}]"
2026-05-27T05:18:28Z,mock-node,default,mock-pod,app,0.152249,False,"[{""feature"": ""process_exec_count"", ""value"": 1.155, ""z"": 1.059}, {""feature"": ""network_tx_bytes"", ""value"": 44921.482, ""z"": 0.83}, {""feature"": ""syscall_write_rate"", ""value"": 100.398, ""z"": 0.782}]"
2026-05-27T05:18:38Z,mock-node,default,mock-pod,app,0.258928,False,"[{""feature"": ""network_tx_bytes"", ""value"": 50784.223, ""z"": 1.817}, {""feature"": ""process_exec_count"", ""value"": 0.745, ""z"": -1.772}, {""feature"": ""syscall_read_rate"", ""value"": 117.184, ""z"": -1.451}]"
2026-05-27T05:18:48Z,mock-node,default,mock-pod,app,0.3298,False,"[{""feature"": ""tcp_connect_rate"", ""value"": 3.709, ""z"": -1.674}, {""feature"": ""context_switch_count"", ""value"": 619.144, ""z"": -1.579}, {""feature"": ""syscall_read_rate"", ""value"": 181.765, ""z"": 1.413}]"
2026-05-27T05:18:58Z,mock-node,default,mock-pod,app,0.109216,False,"[{""feature"": ""syscall_read_rate"", ""value"": 123.864, ""z"": -1.155}, {""feature"": ""disk_write_bytes"", ""value"": 12454.783, ""z"": -1.11}, {""feature"": ""syscall_write_rate"", ""value"": 75.706, ""z"": -1.089}]"
2026-05-27T05:19:08Z,mock-node,default,mock-pod,app,0.513896,False,"[{""feature"": ""syscall_open_rate"", ""value"": 11.193, ""z"": -2.94}, {""feature"": ""process_exec_count"", ""value"": 0.691, ""z"": -2.145}, {""feature"": ""tcp_retransmit_rate"", ""value"": 0.235, ""z"": 1.185}]"
2026-05-27T05:19:18Z,mock-node,default,mock-pod,app,0.533369,False,"[{""feature"": ""disk_write_bytes"", ""value"": 10764.927, ""z"": -1.869}, {""feature"": ""syscall_write_rate"", ""value"": 112.579, ""z"": 1.706}, {""feature"": ""syscall_read_rate"", ""value"": 186.389, ""z"": 1.619}]"
2026-05-27T05:19:28Z,mock-node,default,mock-pod,app,0.441413,False,"[{""feature"": ""network_rx_bytes"", ""value"": 35805.573, ""z"": -1.812}, {""feature"": ""network_tx_bytes"", ""value"": 29423.558, ""z"": -1.781}, {""feature"": ""process_exec_count"", ""value"": 1.225, ""z"": 1.542}]"
2026-05-27T05:19:38Z,mock-node,default,mock-pod,app,0.484672,False,"[{""feature"": ""syscall_write_rate"", ""value"": 58.873, ""z"": -2.365}, {""feature"": ""context_switch_count"", ""value"": 570.141, ""z"": -1.995}, {""feature"": ""tcp_retransmit_rate"", ""value"": 0.238, ""z"": 1.286}]"
2026-05-27T05:19:48Z,mock-node,default,mock-pod,app,0.22266,False,"[{""feature"": ""process_fork_count"", ""value"": 0.742, ""z"": -1.743}, {""feature"": ""context_switch_count"", ""value"": 974.35, ""z"": 1.437}, {""feature"": ""tcp_connect_rate"", ""value"": 3.896, ""z"": -1.426}]"
2026-05-27T05:19:58Z,mock-node,default,mock-pod,app,0.419829,False,"[{""feature"": ""syscall_open_rate"", ""value"": 14.604, ""z"": -1.811}, {""feature"": ""disk_io_latency_ms"", ""value"": 1.518, ""z"": -1.61}, {""feature"": ""tcp_connect_rate"", ""value"": 6.07, ""z"": 1.457}]"
2026-05-27T05:20:08Z,mock-node,default,mock-pod,app,0.274685,False,"[{""feature"": ""network_rx_bytes"", ""value"": 33839.811, ""z"": -2.06}, {""feature"": ""syscall_open_rate"", ""value"": 25.435, ""z"": 1.776}, {""feature"": ""syscall_read_rate"", ""value"": 169.838, ""z"": 0.884}]"
2026-05-27T05:20:18Z,mock-node,default,mock-pod,app,0.150543,False,"[{""feature"": ""disk_read_bytes"", ""value"": 15939.106, ""z"": -1.429}, {""feature"": ""process_exec_count"", ""value"": 0.832, ""z"": -1.172}, {""feature"": ""process_fork_count"", ""value"": 1.148, ""z"": 1.066}]"
2026-05-27T05:20:28Z,mock-node,default,mock-pod,app,0.339401,False,"[{""feature"": ""process_fork_count"", ""value"": 0.776, ""z"": -1.508}, {""feature"": ""tcp_connect_rate"", ""value"": 6.097, ""z"": 1.493}, {""feature"": ""syscall_open_rate"", ""value"": 24.207, ""z"": 1.369}]"
2026-05-27T05:20:38Z,mock-node,default,mock-pod,app,0.521867,False,"[{""feature"": ""disk_write_bytes"", ""value"": 19831.418, ""z"": 2.204}, {""feature"": ""tcp_retransmit_rate"", ""value"": 0.245, ""z"": 1.521}, {""feature"": ""syscall_write_rate"", ""value"": 71.92, ""z"": -1.376}]"
2026-05-27T05:20:48Z,mock-node,default,mock-pod,app,0.280611,False,"[{""feature"": ""network_rx_bytes"", ""value"": 68412.089, ""z"": 2.312}, {""feature"": ""disk_read_bytes"", ""value"": 25002.32, ""z"": 1.661}, {""feature"": ""tcp_retransmit_rate"", ""value"": 0.172, ""z"": -0.931}]"
2026-05-27T05:20:58Z,mock-node,default,mock-pod,app,0.504086,False,"[{""feature"": ""network_tx_bytes"", ""value"": 53153.553, ""z"": 2.216}, {""feature"": ""syscall_write_rate"", ""value"": 116.722, ""z"": 2.02}, {""feature"": ""disk_io_latency_ms"", ""value"": 2.583, ""z"": 1.909}]"
2026-05-27T05:21:08Z,mock-node,default,mock-pod,app,0.529379,False,"[{""feature"": ""context_switch_count"", ""value"": 1109.001, ""z"": 2.581}, {""feature"": ""network_tx_bytes"", ""value"": 50198.96, ""z"": 1.719}, {""feature"": ""disk_io_latency_ms"", ""value"": 2.465, ""z"": 1.519}]"
2026-05-27T05:21:18Z,mock-node,default,mock-pod,app,0.560951,False,"[{""feature"": ""syscall_write_rate"", ""value"": 65.21, ""z"": -1.885}, {""feature"": ""disk_read_bytes"", ""value"": 15372.19, ""z"": -1.622}, {""feature"": ""network_rx_bytes"", ""value"": 62744.226, ""z"": 1.595}]"
2026-05-27T05:21:28Z,mock-node,default,mock-pod,app,0.810588,True,"[{""feature"": ""syscall_read_rate"", ""value"": 214.704, ""z"": 2.875}, {""feature"": ""network_rx_bytes"", ""value"": 70255.926, ""z"": 2.545}, {""feature"": ""tcp_connect_rate"", ""value"": 6.55, ""z"": 2.093}]"
2026-05-27T05:21:38Z,mock-node,default,mock-pod,app,0.589013,False,"[{""feature"": ""network_tx_bytes"", ""value"": 62102.101, ""z"": 3.724}, {""feature"": ""tcp_connect_rate"", ""value"": 3.215, ""z"": -2.329}, {""feature"": ""disk_io_latency_ms"", ""value"": 1.377, ""z"": -2.076}]"
2026-05-27T05:21:48Z,mock-node,default,mock-pod,app,0.570255,False,"[{""feature"": ""syscall_open_rate"", ""value"": 28.006, ""z"": 2.627}, {""feature"": ""disk_io_latency_ms"", ""value"": 1.637, ""z"": -1.217}, {""feature"": ""syscall_read_rate"", ""value"": 176.237, ""z"": 1.168}]"
2026-05-27T05:21:58Z,mock-node,default,mock-pod,app,0.376871,False,"[{""feature"": ""process_exec_count"", ""value"": 1.356, ""z"": 2.447}, {""feature"": ""network_rx_bytes"", ""value"": 36050.328, ""z"": -1.781}, {""feature"": ""disk_io_latency_ms"", ""value"": 1.784, ""z"": -0.731}]"
2026-05-27T05:22:08Z,mock-node,default,mock-pod,app,0.307054,False,"[{""feature"": ""network_tx_bytes"", ""value"": 49776.479, ""z"": 1.647}, {""feature"": ""syscall_open_rate"", ""value"": 15.466, ""z"": -1.525}, {""feature"": ""process_exec_count"", ""value"": 1.196, ""z"": 1.342}]"
2026-05-27T05:22:18Z,mock-node,default,mock-pod,app,0.316397,False,"[{""feature"": ""syscall_read_rate"", ""value"": 111.387, ""z"": -1.708}, {""feature"": ""syscall_open_rate"", ""value"": 15.727, ""z"": -1.439}, {""feature"": ""process_exec_count"", ""value"": 0.809, ""z"": -1.33}]"
2026-05-27T05:22:28Z,mock-node,default,mock-pod,app,0.189818,False,"[{""feature"": ""process_exec_count"", ""value"": 0.793, ""z"": -1.441}, {""feature"": ""syscall_read_rate"", ""value"": 180.633, ""z"": 1.363}, {""feature"": ""process_fork_count"", ""value"": 1.173, ""z"": 1.239}]"
2026-05-27T05:22:38Z,mock-node,default,mock-pod,app,0.503798,False,"[{""feature"": ""tcp_retransmit_rate"", ""value"": 0.12, ""z"": -2.678}, {""feature"": ""process_exec_count"", ""value"": 0.778, ""z"": -1.544}, {""feature"": ""process_fork_count"", ""value"": 0.778, ""z"": -1.494}]"
2026-05-27T05:22:48Z,mock-node,default,mock-pod,app,0.876718,True,"[{""feature"": ""disk_io_latency_ms"", ""value"": 1.08, ""z"": -3.057}, {""feature"": ""syscall_open_rate"", ""value"": 13.21, ""z"": -2.272}, {""feature"": ""syscall_write_rate"", ""value"": 113.023, ""z"": 1.739}]"
2026-05-27T05:22:58Z,mock-node,default,mock-pod,app,0.193753,False,"[{""feature"": ""context_switch_count"", ""value"": 999.242, ""z"": 1.649}, {""feature"": ""disk_read_bytes"", ""value"": 24008.858, ""z"": 1.322}, {""feature"": ""tcp_connect_rate"", ""value"": 5.77, ""z"": 1.059}]"
2026-05-27T05:23:08Z,mock-node,default,mock-pod,app,0.865814,True,"[{""feature"": ""syscall_open_rate"", ""value"": 10.997, ""z"": -3.005}, {""feature"": ""context_switch_count"", ""value"": 1069.351, ""z"": 2.244}, {""feature"": ""syscall_read_rate"", ""value"": 105.867, ""z"": -1.953}]"
2026-05-27T05:23:18Z,mock-node,default,mock-pod,app,0.271214,False,"[{""feature"": ""context_switch_count"", ""value"": 593.392, ""z"": -1.797}, {""feature"": ""process_fork_count"", ""value"": 0.825, ""z"": -1.169}, {""feature"": ""tcp_connect_rate"", ""value"": 5.805, ""z"": 1.105}]"
2026-05-27T05:23:28Z,mock-node,default,mock-pod,app,0.087789,False,"[{""feature"": ""network_tx_bytes"", ""value"": 30826.885, ""z"": -1.545}, {""feature"": ""syscall_open_rate"", ""value"": 17.181, ""z"": -0.957}, {""feature"": ""syscall_write_rate"", ""value"": 77.832, ""z"": -0.928}]"
2026-05-27T05:23:38Z,mock-node,default,mock-pod,app,0.266258,False,"[{""feature"": ""disk_io_latency_ms"", ""value"": 1.507, ""z"": -1.647}, {""feature"": ""process_fork_count"", ""value"": 1.211, ""z"": 1.501}, {""feature"": ""tcp_retransmit_rate"", ""value"": 0.162, ""z"": -1.267}]"
2026-05-27T05:23:48Z,mock-node,default,mock-pod,app,0.59935,False,"[{""feature"": ""disk_io_latency_ms"", ""value"": 1.229, ""z"": -2.565}, {""feature"": ""disk_write_bytes"", ""value"": 18960.339, ""z"": 1.813}, {""feature"": ""syscall_open_rate"", ""value"": 25.151, ""z"": 1.682}]"
2026-05-27T05:23:58Z,mock-node,default,mock-pod,app,0.145134,False,"[{""feature"": ""tcp_retransmit_rate"", ""value"": 0.249, ""z"": 1.655}, {""feature"": ""context_switch_count"", ""value"": 671.878, ""z"": -1.131}, {""feature"": ""disk_read_bytes"", ""value"": 16944.491, ""z"": -1.086}]"
2026-05-27T05:24:08Z,mock-node,default,mock-pod,app,0.074966,False,"[{""feature"": ""process_exec_count"", ""value"": 1.18, ""z"": 1.231}, {""feature"": ""tcp_retransmit_rate"", ""value"": 0.173, ""z"": -0.897}, {""feature"": ""syscall_read_rate"", ""value"": 132.657, ""z"": -0.765}]"
2026-05-27T03:10:58Z,mock-node,default,mock-pod,app,0.726733,False,"[{""feature"": ""context_switch_count"", ""value"": 3600.435, ""z"": 23.735}, {""feature"": ""process_exec_count"", ""value"": 4.237, ""z"": 22.341}, {""feature"": ""syscall_read_rate"", ""value"": 288.485, ""z"": 6.147}]"
2026-05-27T03:11:08Z,mock-node,default,mock-pod,app,0.800897,False,"[{""feature"": ""context_switch_count"", ""value"": 5083.791, ""z"": 36.331}, {""feature"": ""process_exec_count"", ""value"": 3.615, ""z"": 18.046}, {""feature"": ""syscall_read_rate"", ""value"": 338.486, ""z"": 8.365}]"
2026-05-27T03:11:18Z,mock-node,default,mock-pod,app,0.850037,True,"[{""feature"": ""context_switch_count"", ""value"": 4425.175, ""z"": 30.738}, {""feature"": ""process_exec_count"", ""value"": 3.732, ""z"": 18.854}, {""feature"": ""syscall_read_rate"", ""value"": 270.249, ""z"": 5.339}]"
2026-05-27T03:11:28Z,mock-node,default,mock-pod,app,0.901605,True,"[{""feature"": ""context_switch_count"", ""value"": 4755.158, ""z"": 33.54}, {""feature"": ""process_exec_count"", ""value"": 3.51, ""z"": 17.321}, {""feature"": ""syscall_read_rate"", ""value"": 354.941, ""z"": 9.095}]"
2026-05-27T03:11:38Z,mock-node,default,mock-pod,app,0.88224,True,"[{""feature"": ""context_switch_count"", ""value"": 4103.318, ""z"": 28.005}, {""feature"": ""process_exec_count"", ""value"": 3.728, ""z"": 18.826}, {""feature"": ""syscall_read_rate"", ""value"": 234.09, ""z"": 3.735}]"
2026-05-27T03:11:48Z,mock-node,default,mock-pod,app,1.0,True,"[{""feature"": ""context_switch_count"", ""value"": 5503.707, ""z"": 39.896}, {""feature"": ""process_exec_count"", ""value"": 3.558, ""z"": 17.652}, {""feature"": ""syscall_read_rate"", ""value"": 276.1, ""z"": 5.598}]"
2026-05-27T03:11:58Z,mock-node,default,mock-pod,app,0.960742,True,"[{""feature"": ""process_exec_count"", ""value"": 4.573, ""z"": 24.661}, {""feature"": ""context_switch_count"", ""value"": 3378.81, ""z"": 21.854}, {""feature"": ""syscall_read_rate"", ""value"": 349.58, ""z"": 8.858}]"
2026-05-27T03:12:08Z,mock-node,default,mock-pod,app,0.978542,True,"[{""feature"": ""context_switch_count"", ""value"": 5624.875, ""z"": 40.925}, {""feature"": ""process_exec_count"", ""value"": 4.39, ""z"": 23.397}, {""feature"": ""syscall_read_rate"", ""value"": 271.484, ""z"": 5.393}]"
2026-05-27T03:12:18Z,mock-node,default,mock-pod,app,0.821219,True,"[{""feature"": ""context_switch_count"", ""value"": 5811.435, ""z"": 42.509}, {""feature"": ""process_exec_count"", ""value"": 3.911, ""z"": 20.09}, {""feature"": ""syscall_read_rate"", ""value"": 270.23, ""z"": 5.338}]"
2026-05-27T03:12:28Z,mock-node,default,mock-pod,app,0.86482,True,"[{""feature"": ""context_switch_count"", ""value"": 4999.754, ""z"": 35.617}, {""feature"": ""process_exec_count"", ""value"": 4.345, ""z"": 23.087}, {""feature"": ""syscall_read_rate"", ""value"": 253.788, ""z"": 4.608}]"
2026-05-27T03:12:38Z,mock-node,default,mock-pod,app,0.800493,False,"[{""feature"": ""context_switch_count"", ""value"": 6122.857, ""z"": 45.153}, {""feature"": ""process_exec_count"", ""value"": 3.798, ""z"": 19.309}, {""feature"": ""syscall_read_rate"", ""value"": 325.773, ""z"": 7.802}]"
2026-05-27T03:12:48Z,mock-node,default,mock-pod,app,0.755487,False,"[{""feature"": ""context_switch_count"", ""value"": 4728.397, ""z"": 33.313}, {""feature"": ""process_exec_count"", ""value"": 4.213, ""z"": 22.175}, {""feature"": ""disk_io_latency_ms"", ""value"": 2.729, ""z"": 2.391}]"
2026-05-27T03:12:58Z,mock-node,default,mock-pod,app,1.0,True,"[{""feature"": ""context_switch_count"", ""value"": 4554.516, ""z"": 31.837}, {""feature"": ""process_exec_count"", ""value"": 2.979, ""z"": 13.654}, {""feature"": ""syscall_read_rate"", ""value"": 289.848, ""z"": 6.208}]"
2026-05-27T03:13:08Z,mock-node,default,mock-pod,app,1.0,True,"[{""feature"": ""context_switch_count"", ""value"": 4901.792, ""z"": 34.785}, {""feature"": ""process_exec_count"", ""value"": 4.115, ""z"": 21.498}, {""feature"": ""syscall_read_rate"", ""value"": 328.048, ""z"": 7.902}]"
2026-05-27T03:13:18Z,mock-node,default,mock-pod,app,1.0,True,"[{""feature"": ""context_switch_count"", ""value"": 3700.326, ""z"": 24.584}, {""feature"": ""process_exec_count"", ""value"": 4.133, ""z"": 21.623}, {""feature"": ""syscall_read_rate"", ""value"": 296.018, ""z"": 6.482}]"
2026-05-27T03:13:28Z,mock-node,default,mock-pod,app,0.983143,True,"[{""feature"": ""context_switch_count"", ""value"": 5944.384, ""z"": 43.638}, {""feature"": ""process_exec_count"", ""value"": 3.316, ""z"": 15.981}, {""feature"": ""syscall_read_rate"", ""value"": 232.072, ""z"": 3.645}]"
2026-05-27T03:13:38Z,mock-node,default,mock-pod,app,0.971841,True,"[{""feature"": ""context_switch_count"", ""value"": 5618.091, ""z"": 40.867}, {""feature"": ""process_exec_count"", ""value"": 4.899, ""z"": 26.912}, {""feature"": ""syscall_read_rate"", ""value"": 259.94, ""z"": 4.881}]"
2026-05-27T03:13:48Z,mock-node,default,mock-pod,app,1.0,True,"[{""feature"": ""context_switch_count"", ""value"": 5389.524, ""z"": 38.927}, {""feature"": ""process_exec_count"", ""value"": 3.768, ""z"": 19.102}, {""feature"": ""syscall_read_rate"", ""value"": 366.931, ""z"": 9.627}]"
2026-05-27T03:13:58Z,mock-node,default,mock-pod,app,0.928556,True,"[{""feature"": ""context_switch_count"", ""value"": 3449.283, ""z"": 22.452}, {""feature"": ""process_exec_count"", ""value"": 3.597, ""z"": 17.921}, {""feature"": ""syscall_read_rate"", ""value"": 314.267, ""z"": 7.291}]"
2026-05-27T03:14:08Z,mock-node,default,mock-pod,app,0.853054,True,"[{""feature"": ""context_switch_count"", ""value"": 5520.374, ""z"": 40.038}, {""feature"": ""process_exec_count"", ""value"": 4.027, ""z"": 20.891}, {""feature"": ""syscall_read_rate"", ""value"": 251.249, ""z"": 4.496}]"
2026-05-27T03:14:18Z,mock-node,default,mock-pod,app,0.888174,True,"[{""feature"": ""context_switch_count"", ""value"": 3673.961, ""z"": 24.36}, {""feature"": ""process_exec_count"", ""value"": 4.1, ""z"": 21.395}, {""feature"": ""syscall_read_rate"", ""value"": 291.092, ""z"": 6.263}]"
2026-05-27T03:14:28Z,mock-node,default,mock-pod,app,0.991976,True,"[{""feature"": ""process_exec_count"", ""value"": 4.197, ""z"": 22.065}, {""feature"": ""context_switch_count"", ""value"": 3401.653, ""z"": 22.048}, {""feature"": ""syscall_read_rate"", ""value"": 271.247, ""z"": 5.383}]"
2026-05-27T03:14:38Z,mock-node,default,mock-pod,app,0.926785,True,"[{""feature"": ""context_switch_count"", ""value"": 5124.877, ""z"": 36.68}, {""feature"": ""process_exec_count"", ""value"": 4.8, ""z"": 26.228}, {""feature"": ""syscall_read_rate"", ""value"": 332.612, ""z"": 8.105}]"
2026-05-27T03:14:48Z,mock-node,default,mock-pod,app,1.0,True,"[{""feature"": ""context_switch_count"", ""value"": 4713.448, ""z"": 33.186}, {""feature"": ""process_exec_count"", ""value"": 4.414, ""z"": 23.563}, {""feature"": ""syscall_read_rate"", ""value"": 206.221, ""z"": 2.498}]"
2026-05-27T03:14:58Z,mock-node,default,mock-pod,app,0.784928,False,"[{""feature"": ""context_switch_count"", ""value"": 4185.82, ""z"": 28.706}, {""feature"": ""process_exec_count"", ""value"": 4.535, ""z"": 24.399}, {""feature"": ""syscall_read_rate"", ""value"": 325.254, ""z"": 7.778}]"
2026-05-27T03:15:08Z,mock-node,default,mock-pod,app,1.0,True,"[{""feature"": ""context_switch_count"", ""value"": 5543.942, ""z"": 40.238}, {""feature"": ""process_exec_count"", ""value"": 4.313, ""z"": 22.866}, {""feature"": ""syscall_read_rate"", ""value"": 262.128, ""z"": 4.978}]"
2026-05-27T03:15:18Z,mock-node,default,mock-pod,app,0.906532,True,"[{""feature"": ""process_exec_count"", ""value"": 5.272, ""z"": 29.488}, {""feature"": ""context_switch_count"", ""value"": 3940.155, ""z"": 26.62}, {""feature"": ""syscall_read_rate"", ""value"": 314.62, ""z"": 7.307}]"
2026-05-27T03:15:28Z,mock-node,default,mock-pod,app,1.0,True,"[{""feature"": ""context_switch_count"", ""value"": 4710.559, ""z"": 33.162}, {""feature"": ""process_exec_count"", ""value"": 4.314, ""z"": 22.873}, {""feature"": ""syscall_read_rate"", ""value"": 239.475, ""z"": 3.973}]"
2026-05-27T03:15:38Z,mock-node,default,mock-pod,app,0.689797,False,"[{""feature"": ""context_switch_count"", ""value"": 4799.643, ""z"": 33.918}, {""feature"": ""process_exec_count"", ""value"": 3.934, ""z"": 20.249}, {""feature"": ""syscall_read_rate"", ""value"": 320.635, ""z"": 7.574}]"
2026-05-27T03:15:48Z,mock-node,default,mock-pod,app,0.8902,True,"[{""feature"": ""context_switch_count"", ""value"": 5332.699, ""z"": 38.444}, {""feature"": ""process_exec_count"", ""value"": 4.036, ""z"": 20.953}, {""feature"": ""syscall_read_rate"", ""value"": 307.914, ""z"": 7.009}]"
2026-05-27T03:15:58Z,mock-node,default,mock-pod,app,1.0,True,"[{""feature"": ""context_switch_count"", ""value"": 4784.894, ""z"": 33.793}, {""feature"": ""process_exec_count"", ""value"": 4.89, ""z"": 26.85}, {""feature"": ""syscall_read_rate"", ""value"": 251.216, ""z"": 4.494}]"
2026-05-27T03:16:08Z,mock-node,default,mock-pod,app,0.898362,True,"[{""feature"": ""context_switch_count"", ""value"": 6633.391, ""z"": 49.488}, {""feature"": ""process_exec_count"", ""value"": 4.545, ""z"": 24.468}, {""feature"": ""syscall_read_rate"", ""value"": 326.85, ""z"": 7.849}]"
2026-05-27T03:16:18Z,mock-node,default,mock-pod,app,0.949591,True,"[{""feature"": ""context_switch_count"", ""value"": 5363.68, ""z"": 38.707}, {""feature"": ""process_exec_count"", ""value"": 4.216, ""z"": 22.196}, {""feature"": ""syscall_read_rate"", ""value"": 355.801, ""z"": 9.134}]"
2026-05-27T03:16:28Z,mock-node,default,mock-pod,app,0.742302,False,"[{""feature"": ""context_switch_count"", ""value"": 3353.635, ""z"": 21.64}, {""feature"": ""process_exec_count"", ""value"": 3.122, ""z"": 14.641}, {""feature"": ""syscall_read_rate"", ""value"": 301.096, ""z"": 6.707}]"
2026-05-27T03:16:38Z,mock-node,default,mock-pod,app,0.945943,True,"[{""feature"": ""context_switch_count"", ""value"": 5361.955, ""z"": 38.693}, {""feature"": ""process_exec_count"", ""value"": 3.889, ""z"": 19.938}, {""feature"": ""syscall_read_rate"", ""value"": 269.27, ""z"": 5.295}]"
2026-05-27T03:16:48Z,mock-node,default,mock-pod,app,1.0,True,"[{""feature"": ""context_switch_count"", ""value"": 5305.446, ""z"": 38.213}, {""feature"": ""process_exec_count"", ""value"": 4.15, ""z"": 21.74}, {""feature"": ""syscall_read_rate"", ""value"": 342.081, ""z"": 8.525}]"
2026-05-27T03:16:58Z,mock-node,default,mock-pod,app,0.860516,True,"[{""feature"": ""context_switch_count"", ""value"": 4656.39, ""z"": 32.702}, {""feature"": ""process_exec_count"", ""value"": 3.257, ""z"": 15.574}, {""feature"": ""syscall_read_rate"", ""value"": 367.619, ""z"": 9.658}]"
2026-05-27T03:17:08Z,mock-node,default,mock-pod,app,0.983248,True,"[{""feature"": ""context_switch_count"", ""value"": 4943.656, ""z"": 35.141}, {""feature"": ""process_exec_count"", ""value"": 4.022, ""z"": 20.856}, {""feature"": ""syscall_read_rate"", ""value"": 285.993, ""z"": 6.037}]"
2026-05-27T03:17:18Z,mock-node,default,mock-pod,app,0.659617,False,"[{""feature"": ""context_switch_count"", ""value"": 4279.756, ""z"": 29.504}, {""feature"": ""process_exec_count"", ""value"": 4.441, ""z"": 23.749}, {""feature"": ""syscall_read_rate"", ""value"": 306.635, ""z"": 6.953}]"
2026-05-27T03:17:28Z,mock-node,default,mock-pod,app,0.871419,True,"[{""feature"": ""context_switch_count"", ""value"": 4887.596, ""z"": 34.665}, {""feature"": ""process_exec_count"", ""value"": 3.807, ""z"": 19.372}, {""feature"": ""syscall_read_rate"", ""value"": 239.052, ""z"": 3.955}]"
2026-05-27T03:17:38Z,mock-node,default,mock-pod,app,1.0,True,"[{""feature"": ""context_switch_count"", ""value"": 5166.572, ""z"": 37.034}, {""feature"": ""process_exec_count"", ""value"": 4.306, ""z"": 22.817}, {""feature"": ""syscall_read_rate"", ""value"": 350.227, ""z"": 8.886}]"
2026-05-27T03:17:48Z,mock-node,default,mock-pod,app,0.978727,True,"[{""feature"": ""context_switch_count"", ""value"": 5311.25, ""z"": 38.262}, {""feature"": ""process_exec_count"", ""value"": 4.155, ""z"": 21.775}, {""feature"": ""syscall_read_rate"", ""value"": 251.484, ""z"": 4.506}]"
2026-05-27T03:17:58Z,mock-node,default,mock-pod,app,0.961543,True,"[{""feature"": ""context_switch_count"", ""value"": 5760.352, ""z"": 42.075}, {""feature"": ""process_exec_count"", ""value"": 3.584, ""z"": 17.832}, {""feature"": ""syscall_read_rate"", ""value"": 265.237, ""z"": 5.116}]"
2026-05-27T03:18:08Z,mock-node,default,mock-pod,app,0.905779,True,"[{""feature"": ""context_switch_count"", ""value"": 4767.843, ""z"": 33.648}, {""feature"": ""process_exec_count"", ""value"": 4.472, ""z"": 23.964}, {""feature"": ""syscall_read_rate"", ""value"": 299.545, ""z"": 6.638}]"
2026-05-27T03:18:18Z,mock-node,default,mock-pod,app,0.98247,True,"[{""feature"": ""context_switch_count"", ""value"": 4817.358, ""z"": 34.068}, {""feature"": ""process_exec_count"", ""value"": 3.927, ""z"": 20.2}, {""feature"": ""syscall_read_rate"", ""value"": 221.25, ""z"": 3.165}]"
2026-05-27T03:18:28Z,mock-node,default,mock-pod,app,0.689451,False,"[{""feature"": ""context_switch_count"", ""value"": 4294.069, ""z"": 29.625}, {""feature"": ""process_exec_count"", ""value"": 3.931, ""z"": 20.228}, {""feature"": ""syscall_read_rate"", ""value"": 235.29, ""z"": 3.788}]"
2026-05-27T03:18:38Z,mock-node,default,mock-pod,app,1.0,True,"[{""feature"": ""context_switch_count"", ""value"": 4911.162, ""z"": 34.865}, {""feature"": ""process_exec_count"", ""value"": 3.687, ""z"": 18.543}, {""feature"": ""syscall_read_rate"", ""value"": 257.825, ""z"": 4.787}]"
2026-05-27T03:18:48Z,mock-node,default,mock-pod,app,0.881547,True,"[{""feature"": ""context_switch_count"", ""value"": 5257.14, ""z"": 37.803}, {""feature"": ""process_exec_count"", ""value"": 4.377, ""z"": 23.308}, {""feature"": ""syscall_read_rate"", ""value"": 318.354, ""z"": 7.472}]"
2026-05-27T03:18:58Z,mock-node,default,mock-pod,app,0.721389,False,"[{""feature"": ""context_switch_count"", ""value"": 6141.061, ""z"": 45.308}, {""feature"": ""process_exec_count"", ""value"": 3.473, ""z"": 17.065}, {""feature"": ""syscall_read_rate"", ""value"": 333.56, ""z"": 8.147}]"
2026-05-27T03:19:08Z,mock-node,default,mock-pod,app,0.855501,True,"[{""feature"": ""process_exec_count"", ""value"": 4.864, ""z"": 26.67}, {""feature"": ""context_switch_count"", ""value"": 3540.616, ""z"": 23.228}, {""feature"": ""syscall_read_rate"", ""value"": 275.045, ""z"": 5.551}]"
2026-05-27T03:19:18Z,mock-node,default,mock-pod,app,0.873622,True,"[{""feature"": ""context_switch_count"", ""value"": 6018.661, ""z"": 44.269}, {""feature"": ""process_exec_count"", ""value"": 3.267, ""z"": 15.643}, {""feature"": ""syscall_read_rate"", ""value"": 333.496, ""z"": 8.144}]"
2026-05-27T03:19:28Z,mock-node,default,mock-pod,app,1.0,True,"[{""feature"": ""context_switch_count"", ""value"": 4654.381, ""z"": 32.685}, {""feature"": ""process_exec_count"", ""value"": 4.148, ""z"": 21.726}, {""feature"": ""syscall_read_rate"", ""value"": 319.325, ""z"": 7.515}]"
2026-05-27T03:19:38Z,mock-node,default,mock-pod,app,0.796665,False,"[{""feature"": ""context_switch_count"", ""value"": 5890.238, ""z"": 43.178}, {""feature"": ""process_exec_count"", ""value"": 4.043, ""z"": 21.001}, {""feature"": ""syscall_read_rate"", ""value"": 275.58, ""z"": 5.575}]"
2026-05-27T03:19:48Z,mock-node,default,mock-pod,app,0.788042,False,"[{""feature"": ""context_switch_count"", ""value"": 5439.97, ""z"": 39.355}, {""feature"": ""process_exec_count"", ""value"": 4.156, ""z"": 21.781}, {""feature"": ""syscall_read_rate"", ""value"": 282.785, ""z"": 5.895}]"
2026-05-27T03:19:58Z,mock-node,default,mock-pod,app,0.874274,True,"[{""feature"": ""context_switch_count"", ""value"": 4305.816, ""z"": 29.725}, {""feature"": ""process_exec_count"", ""value"": 4.181, ""z"": 21.954}, {""feature"": ""syscall_read_rate"", ""value"": 287.707, ""z"": 6.113}]"
2026-05-27T03:20:08Z,mock-node,default,mock-pod,app,0.901403,True,"[{""feature"": ""context_switch_count"", ""value"": 4982.801, ""z"": 35.473}, {""feature"": ""process_exec_count"", ""value"": 5.578, ""z"": 31.601}, {""feature"": ""syscall_read_rate"", ""value"": 406.48, ""z"": 11.382}]"
2026-05-27T03:20:18Z,mock-node,default,mock-pod,app,1.0,True,"[{""feature"": ""context_switch_count"", ""value"": 4440.302, ""z"": 30.867}, {""feature"": ""process_exec_count"", ""value"": 3.996, ""z"": 20.677}, {""feature"": ""syscall_read_rate"", ""value"": 341.816, ""z"": 8.513}]"
2026-05-27T03:20:28Z,mock-node,default,mock-pod,app,0.659881,False,"[{""feature"": ""context_switch_count"", ""value"": 5847.829, ""z"": 42.818}, {""feature"": ""process_exec_count"", ""value"": 3.909, ""z"": 20.076}, {""feature"": ""syscall_read_rate"", ""value"": 262.295, ""z"": 4.986}]"
2026-05-27T03:20:38Z,mock-node,default,mock-pod,app,0.958659,True,"[{""feature"": ""context_switch_count"", ""value"": 4821.684, ""z"": 34.105}, {""feature"": ""process_exec_count"", ""value"": 3.071, ""z"": 14.289}, {""feature"": ""syscall_read_rate"", ""value"": 320.938, ""z"": 7.587}]"
2026-05-27T03:20:48Z,mock-node,default,mock-pod,app,0.843384,True,"[{""feature"": ""context_switch_count"", ""value"": 5940.085, ""z"": 43.602}, {""feature"": ""process_exec_count"", ""value"": 3.782, ""z"": 19.199}, {""feature"": ""syscall_read_rate"", ""value"": 287.107, ""z"": 6.086}]"
2026-05-27T03:20:58Z,mock-node,default,mock-pod,app,0.872827,True,"[{""feature"": ""process_exec_count"", ""value"": 5.434, ""z"": 30.606}, {""feature"": ""context_switch_count"", ""value"": 4385.914, ""z"": 30.405}, {""feature"": ""syscall_read_rate"", ""value"": 285.339, ""z"": 6.008}]"
2026-05-27T03:21:08Z,mock-node,default,mock-pod,app,0.887734,True,"[{""feature"": ""context_switch_count"", ""value"": 5418.312, ""z"": 39.171}, {""feature"": ""process_exec_count"", ""value"": 3.666, ""z"": 18.398}, {""feature"": ""syscall_read_rate"", ""value"": 322.382, ""z"": 7.651}]"
2026-05-27T03:21:18Z,mock-node,default,mock-pod,app,1.0,True,"[{""feature"": ""context_switch_count"", ""value"": 4771.807, ""z"": 33.682}, {""feature"": ""process_exec_count"", ""value"": 5.325, ""z"": 29.854}, {""feature"": ""syscall_read_rate"", ""value"": 303.674, ""z"": 6.821}]"
2026-05-27T03:21:28Z,mock-node,default,mock-pod,app,0.844276,True,"[{""feature"": ""context_switch_count"", ""value"": 4485.696, ""z"": 31.252}, {""feature"": ""process_exec_count"", ""value"": 2.838, ""z"": 12.68}, {""feature"": ""syscall_read_rate"", ""value"": 318.778, ""z"": 7.491}]"
2026-05-27T03:21:38Z,mock-node,default,mock-pod,app,0.795361,False,"[{""feature"": ""context_switch_count"", ""value"": 3012.333, ""z"": 18.742}, {""feature"": ""process_exec_count"", ""value"": 3.53, ""z"": 17.459}, {""feature"": ""syscall_read_rate"", ""value"": 320.284, ""z"": 7.558}]"
2026-05-27T03:21:48Z,mock-node,default,mock-pod,app,0.915437,True,"[{""feature"": ""context_switch_count"", ""value"": 4950.635, ""z"": 35.2}, {""feature"": ""process_exec_count"", ""value"": 2.879, ""z"": 12.963}, {""feature"": ""syscall_read_rate"", ""value"": 385.47, ""z"": 10.45}]"
2026-05-27T03:21:58Z,mock-node,default,mock-pod,app,0.803523,False,"[{""feature"": ""context_switch_count"", ""value"": 3975.738, ""z"": 26.922}, {""feature"": ""process_exec_count"", ""value"": 4.267, ""z"": 22.548}, {""feature"": ""syscall_read_rate"", ""value"": 321.367, ""z"": 7.606}]"
2026-05-27T03:22:08Z,mock-node,default,mock-pod,app,0.705693,False,"[{""feature"": ""context_switch_count"", ""value"": 4385.206, ""z"": 30.399}, {""feature"": ""process_exec_count"", ""value"": 4.038, ""z"": 20.967}, {""feature"": ""syscall_read_rate"", ""value"": 264.444, ""z"": 5.081}]"
2026-05-27T03:22:18Z,mock-node,default,mock-pod,app,0.787454,False,"[{""feature"": ""context_switch_count"", ""value"": 4304.231, ""z"": 29.711}, {""feature"": ""process_exec_count"", ""value"": 4.477, ""z"": 23.998}, {""feature"": ""syscall_read_rate"", ""value"": 288.44, ""z"": 6.145}]"
2026-05-27T03:22:28Z,mock-node,default,mock-pod,app,1.0,True,"[{""feature"": ""context_switch_count"", ""value"": 4318.701, ""z"": 29.834}, {""feature"": ""process_exec_count"", ""value"": 4.3, ""z"": 22.776}, {""feature"": ""syscall_read_rate"", ""value"": 319.722, ""z"": 7.533}]"
2026-05-27T03:22:38Z,mock-node,default,mock-pod,app,0.999951,True,"[{""feature"": ""context_switch_count"", ""value"": 5651.463, ""z"": 41.151}, {""feature"": ""process_exec_count"", ""value"": 3.165, ""z"": 14.938}, {""feature"": ""syscall_read_rate"", ""value"": 396.847, ""z"": 10.954}]"
2026-05-27T03:22:48Z,mock-node,default,mock-pod,app,0.812679,True,"[{""feature"": ""context_switch_count"", ""value"": 5154.381, ""z"": 36.93}, {""feature"": ""process_exec_count"", ""value"": 2.526, ""z"": 10.526}, {""feature"": ""syscall_read_rate"", ""value"": 333.319, ""z"": 8.136}]"
2026-05-27T03:22:58Z,mock-node,default,mock-pod,app,0.751925,False,"[{""feature"": ""context_switch_count"", ""value"": 3649.954, ""z"": 24.156}, {""feature"": ""process_exec_count"", ""value"": 4.095, ""z"": 21.36}, {""feature"": ""syscall_read_rate"", ""value"": 414.837, ""z"": 11.752}]"
2026-05-27T03:23:08Z,mock-node,default,mock-pod,app,0.824558,True,"[{""feature"": ""context_switch_count"", ""value"": 5036.372, ""z"": 35.928}, {""feature"": ""process_exec_count"", ""value"": 2.736, ""z"": 11.976}, {""feature"": ""syscall_read_rate"", ""value"": 349.189, ""z"": 8.84}]"
2026-05-27T03:23:18Z,mock-node,default,mock-pod,app,0.749914,False,"[{""feature"": ""context_switch_count"", ""value"": 4069.446, ""z"": 27.718}, {""feature"": ""process_exec_count"", ""value"": 3.214, ""z"": 15.277}, {""feature"": ""syscall_read_rate"", ""value"": 300.588, ""z"": 6.684}]"
2026-05-27T03:23:28Z,mock-node,default,mock-pod,app,0.862459,True,"[{""feature"": ""context_switch_count"", ""value"": 5351.926, ""z"": 38.607}, {""feature"": ""process_exec_count"", ""value"": 4.048, ""z"": 21.036}, {""feature"": ""syscall_read_rate"", ""value"": 315.861, ""z"": 7.362}]"
2026-05-27T03:23:38Z,mock-node,default,mock-pod,app,0.74945,False,"[{""feature"": ""context_switch_count"", ""value"": 5171.179, ""z"": 37.073}, {""feature"": ""process_exec_count"", ""value"": 3.416, ""z"": 16.672}, {""feature"": ""syscall_read_rate"", ""value"": 340.756, ""z"": 8.466}]"
2026-05-27T03:23:48Z,mock-node,default,mock-pod,app,1.0,True,"[{""feature"": ""context_switch_count"", ""value"": 3185.057, ""z"": 20.209}, {""feature"": ""process_exec_count"", ""value"": 3.819, ""z"": 19.454}, {""feature"": ""syscall_read_rate"", ""value"": 292.602, ""z"": 6.33}]"
2026-05-27T03:23:58Z,mock-node,default,mock-pod,app,0.803934,True,"[{""feature"": ""context_switch_count"", ""value"": 4169.221, ""z"": 28.565}, {""feature"": ""process_exec_count"", ""value"": 4.121, ""z"": 21.54}, {""feature"": ""syscall_read_rate"", ""value"": 338.341, ""z"": 8.359}]"
2026-05-27T03:24:08Z,mock-node,default,mock-pod,app,1.0,True,"[{""feature"": ""context_switch_count"", ""value"": 4286.242, ""z"": 29.559}, {""feature"": ""process_exec_count"", ""value"": 4.488, ""z"": 24.074}, {""feature"": ""syscall_read_rate"", ""value"": 298.511, ""z"": 6.592}]"
2026-05-27T03:24:18Z,mock-node,default,mock-pod,app,1.0,True,"[{""feature"": ""context_switch_count"", ""value"": 4017.862, ""z"": 27.28}, {""feature"": ""process_exec_count"", ""value"": 4.786, ""z"": 26.132}, {""feature"": ""syscall_read_rate"", ""value"": 339.978, ""z"": 8.432}]"
2026-05-27T03:24:28Z,mock-node,default,mock-pod,app,0.975587,True,"[{""feature"": ""context_switch_count"", ""value"": 4839.814, ""z"": 34.259}, {""feature"": ""process_exec_count"", ""value"": 3.545, ""z"": 17.562}, {""feature"": ""syscall_read_rate"", ""value"": 358.9, ""z"": 9.271}]"
2026-05-27T03:24:38Z,mock-node,default,mock-pod,app,0.820052,True,"[{""feature"": ""context_switch_count"", ""value"": 5331.234, ""z"": 38.432}, {""feature"": ""process_exec_count"", ""value"": 4.562, ""z"": 24.585}, {""feature"": ""syscall_read_rate"", ""value"": 325.022, ""z"": 7.768}]"
2026-05-27T03:24:48Z,mock-node,default,mock-pod,app,0.923172,True,"[{""feature"": ""context_switch_count"", ""value"": 5381.375, ""z"": 38.858}, {""feature"": ""process_exec_count"", ""value"": 4.341, ""z"": 23.059}, {""feature"": ""syscall_read_rate"", ""value"": 326.213, ""z"": 7.821}]"
2026-05-27T03:24:58Z,mock-node,default,mock-pod,app,0.787334,False,"[{""feature"": ""context_switch_count"", ""value"": 4814.703, ""z"": 34.046}, {""feature"": ""process_exec_count"", ""value"": 4.901, ""z"": 26.926}, {""feature"": ""syscall_read_rate"", ""value"": 354.241, ""z"": 9.064}]"
2026-05-27T03:25:08Z,mock-node,default,mock-pod,app,0.886636,True,"[{""feature"": ""context_switch_count"", ""value"": 5736.324, ""z"": 41.871}, {""feature"": ""process_exec_count"", ""value"": 3.879, ""z"": 19.869}, {""feature"": ""syscall_read_rate"", ""value"": 397.309, ""z"": 10.975}]"
2026-05-27T03:25:18Z,mock-node,default,mock-pod,app,0.798215,False,"[{""feature"": ""context_switch_count"", ""value"": 4775.643, ""z"": 33.714}, {""feature"": ""process_exec_count"", ""value"": 5.157, ""z"": 28.694}, {""feature"": ""syscall_read_rate"", ""value"": 235.599, ""z"": 3.801}]"
2026-05-27T03:25:28Z,mock-node,default,mock-pod,app,0.751686,False,"[{""feature"": ""context_switch_count"", ""value"": 4250.106, ""z"": 29.252}, {""feature"": ""process_exec_count"", ""value"": 2.909, ""z"": 13.171}, {""feature"": ""syscall_read_rate"", ""value"": 249.672, ""z"": 4.426}]"
2026-05-27T03:25:38Z,mock-node,default,mock-pod,app,0.758346,False,"[{""feature"": ""context_switch_count"", ""value"": 4733.383, ""z"": 33.355}, {""feature"": ""process_exec_count"", ""value"": 3.971, ""z"": 20.504}, {""feature"": ""syscall_read_rate"", ""value"": 254.56, ""z"": 4.643}]"
2026-05-27T03:25:48Z,mock-node,default,mock-pod,app,1.0,True,"[{""feature"": ""context_switch_count"", ""value"": 5062.472, ""z"": 36.15}, {""feature"": ""process_exec_count"", ""value"": 2.563, ""z"": 10.781}, {""feature"": ""network_tx_bytes"", ""value"": 53063.676, ""z"": 2.201}]"
2026-05-27T03:25:58Z,mock-node,default,mock-pod,app,1.0,True,"[{""feature"": ""context_switch_count"", ""value"": 6097.562, ""z"": 44.939}, {""feature"": ""process_exec_count"", ""value"": 4.086, ""z"": 21.298}, {""feature"": ""syscall_read_rate"", ""value"": 271.287, ""z"": 5.385}]"
2026-05-27T03:26:08Z,mock-node,default,mock-pod,app,0.830485,True,"[{""feature"": ""context_switch_count"", ""value"": 5804.997, ""z"": 42.455}, {""feature"": ""process_exec_count"", ""value"": 4.322, ""z"": 22.928}, {""feature"": ""syscall_read_rate"", ""value"": 364.287, ""z"": 9.51}]"
2026-05-27T03:26:18Z,mock-node,default,mock-pod,app,1.0,True,"[{""feature"": ""context_switch_count"", ""value"": 3905.689, ""z"": 26.327}, {""feature"": ""process_exec_count"", ""value"": 4.632, ""z"": 25.068}, {""feature"": ""syscall_read_rate"", ""value"": 340.128, ""z"": 8.438}]"
2026-05-27T03:26:28Z,mock-node,default,mock-pod,app,0.667006,False,"[{""feature"": ""context_switch_count"", ""value"": 5918.168, ""z"": 43.415}, {""feature"": ""process_exec_count"", ""value"": 4.061, ""z"": 21.125}, {""feature"": ""syscall_read_rate"", ""value"": 237.261, ""z"": 3.875}]"
2026-05-27T03:26:38Z,mock-node,default,mock-pod,app,0.940726,True,"[{""feature"": ""context_switch_count"", ""value"": 4311.13, ""z"": 29.77}, {""feature"": ""process_exec_count"", ""value"": 3.465, ""z"": 17.01}, {""feature"": ""syscall_read_rate"", ""value"": 273.263, ""z"": 5.472}]"
2026-05-27T03:26:48Z,mock-node,default,mock-pod,app,1.0,True,"[{""feature"": ""context_switch_count"", ""value"": 4868.741, ""z"": 34.505}, {""feature"": ""process_exec_count"", ""value"": 4.019, ""z"": 20.835}, {""feature"": ""syscall_read_rate"", ""value"": 292.587, ""z"": 6.329}]"
2026-05-27T03:26:58Z,mock-node,default,mock-pod,app,1.0,True,"[{""feature"": ""context_switch_count"", ""value"": 5907.755, ""z"": 43.327}, {""feature"": ""process_exec_count"", ""value"": 4.658, ""z"": 25.248}, {""feature"": ""syscall_read_rate"", ""value"": 321.024, ""z"": 7.591}]"
2026-05-27T03:27:08Z,mock-node,default,mock-pod,app,0.799511,False,"[{""feature"": ""context_switch_count"", ""value"": 5341.481, ""z"": 38.519}, {""feature"": ""process_exec_count"", ""value"": 3.913, ""z"": 20.103}, {""feature"": ""syscall_read_rate"", ""value"": 338.564, ""z"": 8.369}]"
2026-05-27T03:27:18Z,mock-node,default,mock-pod,app,0.96694,True,"[{""feature"": ""context_switch_count"", ""value"": 5576.561, ""z"": 40.515}, {""feature"": ""process_exec_count"", ""value"": 3.69, ""z"": 18.564}, {""feature"": ""syscall_read_rate"", ""value"": 343.175, ""z"": 8.573}]"
2026-05-27T03:27:28Z,mock-node,default,mock-pod,app,0.828995,True,"[{""feature"": ""context_switch_count"", ""value"": 5369.308, ""z"": 38.755}, {""feature"": ""process_exec_count"", ""value"": 3.708, ""z"": 18.688}, {""feature"": ""syscall_read_rate"", ""value"": 371.734, ""z"": 9.84}]"
2026-05-27T03:27:38Z,mock-node,default,mock-pod,app,0.711713,False,"[{""feature"": ""context_switch_count"", ""value"": 6279.592, ""z"": 46.484}, {""feature"": ""process_exec_count"", ""value"": 4.957, ""z"": 27.313}, {""feature"": ""syscall_read_rate"", ""value"": 274.856, ""z"": 5.543}]"
2026-05-27T03:27:48Z,mock-node,default,mock-pod,app,0.800081,False,"[{""feature"": ""context_switch_count"", ""value"": 4922.104, ""z"": 34.958}, {""feature"": ""process_exec_count"", ""value"": 4.254, ""z"": 22.458}, {""feature"": ""syscall_read_rate"", ""value"": 368.804, ""z"": 9.71}]"
2026-05-27T03:27:58Z,mock-node,default,mock-pod,app,0.900654,True,"[{""feature"": ""context_switch_count"", ""value"": 3729.708, ""z"": 24.833}, {""feature"": ""process_exec_count"", ""value"": 4.533, ""z"": 24.385}, {""feature"": ""syscall_read_rate"", ""value"": 235.872, ""z"": 3.814}]"
2026-05-27T03:28:08Z,mock-node,default,mock-pod,app,0.962175,True,"[{""feature"": ""context_switch_count"", ""value"": 5734.566, ""z"": 41.856}, {""feature"": ""process_exec_count"", ""value"": 3.487, ""z"": 17.162}, {""feature"": ""syscall_read_rate"", ""value"": 266.455, ""z"": 5.17}]"
2026-05-27T03:28:18Z,mock-node,default,mock-pod,app,0.947736,True,"[{""feature"": ""context_switch_count"", ""value"": 5228.58, ""z"": 37.56}, {""feature"": ""process_exec_count"", ""value"": 3.373, ""z"": 16.375}, {""feature"": ""syscall_read_rate"", ""value"": 338.34, ""z"": 8.359}]"
2026-05-27T03:28:28Z,mock-node,default,mock-pod,app,1.0,True,"[{""feature"": ""context_switch_count"", ""value"": 5358.482, ""z"": 38.663}, {""feature"": ""process_exec_count"", ""value"": 3.735, ""z"": 18.874}, {""feature"": ""syscall_read_rate"", ""value"": 359.888, ""z"": 9.315}]"
2026-05-27T03:28:38Z,mock-node,default,mock-pod,app,1.0,True,"[{""feature"": ""context_switch_count"", ""value"": 6293.234, ""z"": 46.6}, {""feature"": ""process_exec_count"", ""value"": 3.206, ""z"": 15.221}, {""feature"": ""syscall_read_rate"", ""value"": 230.834, ""z"": 3.59}]"
2026-05-27T03:28:48Z,mock-node,default,mock-pod,app,0.769754,False,"[{""feature"": ""context_switch_count"", ""value"": 5969.029, ""z"": 43.847}, {""feature"": ""process_exec_count"", ""value"": 4.377, ""z"": 23.308}, {""feature"": ""syscall_read_rate"", ""value"": 390.321, ""z"": 10.665}]"
2026-05-27T03:28:58Z,mock-node,default,mock-pod,app,0.826554,True,"[{""feature"": ""context_switch_count"", ""value"": 5078.887, ""z"": 36.289}, {""feature"": ""process_exec_count"", ""value"": 3.243, ""z"": 15.477}, {""feature"": ""syscall_read_rate"", ""value"": 351.194, ""z"": 8.929}]"
2026-05-27T03:29:08Z,mock-node,default,mock-pod,app,0.798989,False,"[{""feature"": ""context_switch_count"", ""value"": 4341.875, ""z"": 30.031}, {""feature"": ""process_exec_count"", ""value"": 3.514, ""z"": 17.348}, {""feature"": ""syscall_read_rate"", ""value"": 414.648, ""z"": 11.744}]"
2026-05-27T03:29:18Z,mock-node,default,mock-pod,app,0.852357,True,"[{""feature"": ""context_switch_count"", ""value"": 4431.303, ""z"": 30.79}, {""feature"": ""process_exec_count"", ""value"": 3.23, ""z"": 15.387}, {""feature"": ""syscall_read_rate"", ""value"": 275.491, ""z"": 5.571}]"
2026-05-27T03:29:28Z,mock-node,default,mock-pod,app,1.0,True,"[{""feature"": ""context_switch_count"", ""value"": 4927.762, ""z"": 35.006}, {""feature"": ""process_exec_count"", ""value"": 3.923, ""z"": 20.173}, {""feature"": ""syscall_read_rate"", ""value"": 264.057, ""z"": 5.064}]"
2026-05-27T03:29:38Z,mock-node,default,mock-pod,app,1.0,True,"[{""feature"": ""context_switch_count"", ""value"": 3824.577, ""z"": 25.639}, {""feature"": ""process_exec_count"", ""value"": 4.623, ""z"": 25.006}, {""feature"": ""syscall_read_rate"", ""value"": 280.983, ""z"": 5.815}]"
2026-05-27T03:29:48Z,mock-node,default,mock-pod,app,1.0,True,"[{""feature"": ""context_switch_count"", ""value"": 4608.617, ""z"": 32.296}, {""feature"": ""process_exec_count"", ""value"": 4.467, ""z"": 23.929}, {""feature"": ""syscall_read_rate"", ""value"": 250.611, ""z"": 4.467}]"
2026-05-27T03:29:58Z,mock-node,default,mock-pod,app,0.82689,True,"[{""feature"": ""process_exec_count"", ""value"": 5.149, ""z"": 28.638}, {""feature"": ""context_switch_count"", ""value"": 3892.813, ""z"": 26.218}, {""feature"": ""syscall_read_rate"", ""value"": 302.447, ""z"": 6.767}]"
2026-05-27T03:30:08Z,mock-node,default,mock-pod,app,0.894723,True,"[{""feature"": ""process_exec_count"", ""value"": 4.147, ""z"": 21.719}, {""feature"": ""context_switch_count"", ""value"": 3280.151, ""z"": 21.016}, {""feature"": ""syscall_read_rate"", ""value"": 311.571, ""z"": 7.172}]"
2026-05-27T03:30:18Z,mock-node,default,mock-pod,app,1.0,True,"[{""feature"": ""context_switch_count"", ""value"": 3580.414, ""z"": 23.565}, {""feature"": ""process_exec_count"", ""value"": 3.546, ""z"": 17.569}, {""feature"": ""syscall_read_rate"", ""value"": 238.352, ""z"": 3.924}]"
2026-05-27T03:30:28Z,mock-node,default,mock-pod,app,0.962211,True,"[{""feature"": ""context_switch_count"", ""value"": 4721.087, ""z"": 33.251}, {""feature"": ""process_exec_count"", ""value"": 3.989, ""z"": 20.628}, {""feature"": ""syscall_read_rate"", ""value"": 287.663, ""z"": 6.111}]"
2026-05-27T03:30:38Z,mock-node,default,mock-pod,app,0.912681,True,"[{""feature"": ""context_switch_count"", ""value"": 5379.174, ""z"": 38.839}, {""feature"": ""process_exec_count"", ""value"": 4.567, ""z"": 24.62}, {""feature"": ""syscall_read_rate"", ""value"": 254.997, ""z"": 4.662}]"
2026-05-27T03:30:48Z,mock-node,default,mock-pod,app,0.932792,True,"[{""feature"": ""context_switch_count"", ""value"": 3884.685, ""z"": 26.149}, {""feature"": ""process_exec_count"", ""value"": 3.436, ""z"": 16.81}, {""feature"": ""syscall_read_rate"", ""value"": 311.686, ""z"": 7.177}]"
2026-05-27T03:30:58Z,mock-node,default,mock-pod,app,0.743958,False,"[{""feature"": ""context_switch_count"", ""value"": 5357.472, ""z"": 38.655}, {""feature"": ""process_exec_count"", ""value"": 3.679, ""z"": 18.488}, {""feature"": ""syscall_read_rate"", ""value"": 286.93, ""z"": 6.078}]"
2026-05-27T03:31:08Z,mock-node,default,mock-pod,app,0.955339,True,"[{""feature"": ""context_switch_count"", ""value"": 4888.704, ""z"": 34.674}, {""feature"": ""process_exec_count"", ""value"": 4.261, ""z"": 22.507}, {""feature"": ""syscall_read_rate"", ""value"": 229.004, ""z"": 3.509}]"
2026-05-27T03:31:18Z,mock-node,default,mock-pod,app,0.902409,True,"[{""feature"": ""context_switch_count"", ""value"": 4493.932, ""z"": 31.322}, {""feature"": ""process_exec_count"", ""value"": 3.763, ""z"": 19.068}, {""feature"": ""syscall_read_rate"", ""value"": 321.794, ""z"": 7.625}]"
2026-05-27T03:31:28Z,mock-node,default,mock-pod,app,0.976362,True,"[{""feature"": ""context_switch_count"", ""value"": 4273.595, ""z"": 29.451}, {""feature"": ""process_exec_count"", ""value"": 4.082, ""z"": 21.27}, {""feature"": ""syscall_read_rate"", ""value"": 275.496, ""z"": 5.571}]"
2026-05-27T03:31:38Z,mock-node,default,mock-pod,app,0.916458,True,"[{""feature"": ""context_switch_count"", ""value"": 4752.694, ""z"": 33.519}, {""feature"": ""process_exec_count"", ""value"": 2.65, ""z"": 11.382}, {""feature"": ""syscall_read_rate"", ""value"": 297.01, ""z"": 6.526}]"
2026-05-27T03:31:48Z,mock-node,default,mock-pod,app,0.786666,False,"[{""feature"": ""context_switch_count"", ""value"": 4821.689, ""z"": 34.105}, {""feature"": ""process_exec_count"", ""value"": 5.03, ""z"": 27.817}, {""feature"": ""syscall_read_rate"", ""value"": 416.147, ""z"": 11.81}]"
2026-05-27T03:31:58Z,mock-node,default,mock-pod,app,1.0,True,"[{""feature"": ""context_switch_count"", ""value"": 5986.894, ""z"": 43.999}, {""feature"": ""process_exec_count"", ""value"": 3.206, ""z"": 15.221}, {""feature"": ""syscall_read_rate"", ""value"": 260.365, ""z"": 4.9}]"
2026-05-27T03:32:08Z,mock-node,default,mock-pod,app,1.0,True,"[{""feature"": ""context_switch_count"", ""value"": 4432.854, ""z"": 30.804}, {""feature"": ""process_exec_count"", ""value"": 3.84, ""z"": 19.599}, {""feature"": ""syscall_read_rate"", ""value"": 273.252, ""z"": 5.472}]"
2026-05-27T03:32:18Z,mock-node,default,mock-pod,app,0.918365,True,"[{""feature"": ""context_switch_count"", ""value"": 5406.198, ""z"": 39.068}, {""feature"": ""process_exec_count"", ""value"": 3.295, ""z"": 15.836}, {""feature"": ""syscall_read_rate"", ""value"": 215.144, ""z"": 2.894}]"
2026-05-27T03:32:28Z,mock-node,default,mock-pod,app,1.0,True,"[{""feature"": ""context_switch_count"", ""value"": 5049.097, ""z"": 36.036}, {""feature"": ""process_exec_count"", ""value"": 2.782, ""z"": 12.294}, {""feature"": ""syscall_read_rate"", ""value"": 213.915, ""z"": 2.84}]"
2026-05-27T03:32:38Z,mock-node,default,mock-pod,app,0.898403,True,"[{""feature"": ""context_switch_count"", ""value"": 5006.775, ""z"": 35.677}, {""feature"": ""process_exec_count"", ""value"": 3.97, ""z"": 20.497}, {""feature"": ""syscall_read_rate"", ""value"": 224.12, ""z"": 3.292}]"
2026-05-27T03:32:48Z,mock-node,default,mock-pod,app,0.977596,True,"[{""feature"": ""context_switch_count"", ""value"": 5236.601, ""z"": 37.628}, {""feature"": ""process_exec_count"", ""value"": 4.117, ""z"": 21.512}, {""feature"": ""syscall_read_rate"", ""value"": 251.767, ""z"": 4.519}]"
2026-05-27T03:32:58Z,mock-node,default,mock-pod,app,0.891695,True,"[{""feature"": ""context_switch_count"", ""value"": 4897.555, ""z"": 34.749}, {""feature"": ""process_exec_count"", ""value"": 4.667, ""z"": 25.31}, {""feature"": ""syscall_read_rate"", ""value"": 329.5, ""z"": 7.967}]"
2026-05-27T03:33:08Z,mock-node,default,mock-pod,app,0.933617,True,"[{""feature"": ""context_switch_count"", ""value"": 4054.13, ""z"": 27.588}, {""feature"": ""process_exec_count"", ""value"": 3.809, ""z"": 19.385}, {""feature"": ""syscall_read_rate"", ""value"": 274.496, ""z"": 5.527}]"
2026-05-27T03:33:18Z,mock-node,default,mock-pod,app,0.794695,False,"[{""feature"": ""context_switch_count"", ""value"": 3113.348, ""z"": 19.6}, {""feature"": ""process_exec_count"", ""value"": 2.864, ""z"": 12.86}, {""feature"": ""syscall_read_rate"", ""value"": 372.537, ""z"": 9.876}]"
2026-05-27T03:33:28Z,mock-node,default,mock-pod,app,0.978666,True,"[{""feature"": ""context_switch_count"", ""value"": 4170.032, ""z"": 28.572}, {""feature"": ""process_exec_count"", ""value"": 2.839, ""z"": 12.687}, {""feature"": ""syscall_read_rate"", ""value"": 328.283, ""z"": 7.913}]"
2026-05-27T03:33:38Z,mock-node,default,mock-pod,app,1.0,True,"[{""feature"": ""context_switch_count"", ""value"": 5056.521, ""z"": 36.099}, {""feature"": ""process_exec_count"", ""value"": 4.097, ""z"": 21.374}, {""feature"": ""syscall_read_rate"", ""value"": 274.838, ""z"": 5.542}]"
2026-05-27T03:33:48Z,mock-node,default,mock-pod,app,1.0,True,"[{""feature"": ""context_switch_count"", ""value"": 5191.786, ""z"": 37.248}, {""feature"": ""process_exec_count"", ""value"": 3.451, ""z"": 16.913}, {""feature"": ""syscall_read_rate"", ""value"": 231.073, ""z"": 3.601}]"
2026-05-27T03:33:58Z,mock-node,default,mock-pod,app,0.70806,False,"[{""feature"": ""context_switch_count"", ""value"": 5108.818, ""z"": 36.543}, {""feature"": ""process_exec_count"", ""value"": 5.34, ""z"": 29.957}, {""feature"": ""syscall_read_rate"", ""value"": 298.98, ""z"": 6.613}]"
2026-05-27T03:34:08Z,mock-node,default,mock-pod,app,1.0,True,"[{""feature"": ""context_switch_count"", ""value"": 4064.514, ""z"": 27.676}, {""feature"": ""process_exec_count"", ""value"": 4.161, ""z"": 21.816}, {""feature"": ""syscall_read_rate"", ""value"": 403.123, ""z"": 11.233}]"
2026-05-27T03:34:18Z,mock-node,default,mock-pod,app,0.839243,True,"[{""feature"": ""context_switch_count"", ""value"": 5146.664, ""z"": 36.865}, {""feature"": ""process_exec_count"", ""value"": 4.267, ""z"": 22.548}, {""feature"": ""syscall_read_rate"", ""value"": 282.695, ""z"": 5.891}]"
2026-05-27T03:34:28Z,mock-node,default,mock-pod,app,1.0,True,"[{""feature"": ""context_switch_count"", ""value"": 4883.476, ""z"": 34.63}, {""feature"": ""process_exec_count"", ""value"": 3.64, ""z"": 18.218}, {""feature"": ""syscall_read_rate"", ""value"": 265.651, ""z"": 5.135}]"
2026-05-27T03:34:38Z,mock-node,default,mock-pod,app,1.0,True,"[{""feature"": ""context_switch_count"", ""value"": 4928.268, ""z"": 35.01}, {""feature"": ""process_exec_count"", ""value"": 3.926, ""z"": 20.193}, {""feature"": ""syscall_read_rate"", ""value"": 298.522, ""z"": 6.593}]"
2026-05-27T03:34:48Z,mock-node,default,mock-pod,app,0.733574,False,"[{""feature"": ""context_switch_count"", ""value"": 4629.899, ""z"": 32.477}, {""feature"": ""process_exec_count"", ""value"": 3.779, ""z"": 19.178}, {""feature"": ""syscall_read_rate"", ""value"": 298.917, ""z"": 6.61}]"
2026-05-27T03:34:58Z,mock-node,default,mock-pod,app,0.769004,False,"[{""feature"": ""context_switch_count"", ""value"": 5159.322, ""z"": 36.972}, {""feature"": ""process_exec_count"", ""value"": 3.284, ""z"": 15.76}, {""feature"": ""syscall_read_rate"", ""value"": 332.814, ""z"": 8.114}]"
2026-05-27T03:35:08Z,mock-node,default,mock-pod,app,0.709538,False,"[{""feature"": ""context_switch_count"", ""value"": 4805.572, ""z"": 33.968}, {""feature"": ""process_exec_count"", ""value"": 2.995, ""z"": 13.764}, {""feature"": ""syscall_read_rate"", ""value"": 244.887, ""z"": 4.213}]"
2026-05-27T03:35:18Z,mock-node,default,mock-pod,app,0.833397,True,"[{""feature"": ""context_switch_count"", ""value"": 3982.913, ""z"": 26.983}, {""feature"": ""process_exec_count"", ""value"": 4.726, ""z"": 25.717}, {""feature"": ""syscall_read_rate"", ""value"": 343.272, ""z"": 8.578}]"
2026-05-27T03:35:28Z,mock-node,default,mock-pod,app,1.0,True,"[{""feature"": ""context_switch_count"", ""value"": 4560.451, ""z"": 31.887}, {""feature"": ""process_exec_count"", ""value"": 4.457, ""z"": 23.86}, {""feature"": ""syscall_read_rate"", ""value"": 318.108, ""z"": 7.462}]"
2026-05-27T03:35:38Z,mock-node,default,mock-pod,app,0.754302,False,"[{""feature"": ""context_switch_count"", ""value"": 4650.495, ""z"": 32.652}, {""feature"": ""process_exec_count"", ""value"": 4.265, ""z"": 22.534}, {""feature"": ""syscall_read_rate"", ""value"": 244.856, ""z"": 4.212}]"
2026-05-27T03:35:48Z,mock-node,default,mock-pod,app,0.855309,True,"[{""feature"": ""context_switch_count"", ""value"": 4834.161, ""z"": 34.211}, {""feature"": ""process_exec_count"", ""value"": 4.086, ""z"": 21.298}, {""feature"": ""syscall_read_rate"", ""value"": 271.864, ""z"": 5.41}]"
2026-05-27T03:35:58Z,mock-node,default,mock-pod,app,0.966041,True,"[{""feature"": ""context_switch_count"", ""value"": 4224.304, ""z"": 29.033}, {""feature"": ""process_exec_count"", ""value"": 4.65, ""z"": 25.193}, {""feature"": ""syscall_read_rate"", ""value"": 295.751, ""z"": 6.47}]"
2026-05-27T03:36:08Z,mock-node,default,mock-pod,app,1.0,True,"[{""feature"": ""process_exec_count"", ""value"": 4.666, ""z"": 25.303}, {""feature"": ""context_switch_count"", ""value"": 3301.647, ""z"": 21.198}, {""feature"": ""syscall_read_rate"", ""value"": 330.247, ""z"": 8.0}]"
2026-05-27T03:36:18Z,mock-node,default,mock-pod,app,0.990087,True,"[{""feature"": ""context_switch_count"", ""value"": 4020.854, ""z"": 27.305}, {""feature"": ""process_exec_count"", ""value"": 3.777, ""z"": 19.164}, {""feature"": ""syscall_read_rate"", ""value"": 334.69, ""z"": 8.197}]"
2026-05-27T03:36:28Z,mock-node,default,mock-pod,app,0.911474,True,"[{""feature"": ""context_switch_count"", ""value"": 4360.377, ""z"": 30.188}, {""feature"": ""process_exec_count"", ""value"": 3.895, ""z"": 19.979}, {""feature"": ""syscall_read_rate"", ""value"": 321.789, ""z"": 7.625}]"
2026-05-27T03:36:38Z,mock-node,default,mock-pod,app,0.996963,True,"[{""feature"": ""context_switch_count"", ""value"": 5503.409, ""z"": 39.894}, {""feature"": ""process_exec_count"", ""value"": 3.704, ""z"": 18.66}, {""feature"": ""syscall_read_rate"", ""value"": 284.367, ""z"": 5.965}]"
2026-05-27T03:36:48Z,mock-node,default,mock-pod,app,0.750351,False,"[{""feature"": ""context_switch_count"", ""value"": 5322.258, ""z"": 38.356}, {""feature"": ""process_exec_count"", ""value"": 4.59, ""z"": 24.778}, {""feature"": ""syscall_read_rate"", ""value"": 341.483, ""z"": 8.498}]"
2026-05-27T03:36:58Z,mock-node,default,mock-pod,app,0.932182,True,"[{""feature"": ""context_switch_count"", ""value"": 4600.996, ""z"": 32.231}, {""feature"": ""process_exec_count"", ""value"": 3.488, ""z"": 17.169}, {""feature"": ""syscall_read_rate"", ""value"": 348.175, ""z"": 8.795}]"
2026-05-27T03:37:08Z,mock-node,default,mock-pod,app,0.790307,False,"[{""feature"": ""context_switch_count"", ""value"": 6880.889, ""z"": 51.59}, {""feature"": ""process_exec_count"", ""value"": 3.757, ""z"": 19.026}, {""feature"": ""syscall_read_rate"", ""value"": 331.126, ""z"": 8.039}]"
2026-05-27T03:37:18Z,mock-node,default,mock-pod,app,0.948537,True,"[{""feature"": ""context_switch_count"", ""value"": 5941.154, ""z"": 43.611}, {""feature"": ""process_exec_count"", ""value"": 4.332, ""z"": 22.997}, {""feature"": ""syscall_read_rate"", ""value"": 278.172, ""z"": 5.69}]"
2026-05-27T03:37:28Z,mock-node,default,mock-pod,app,0.861879,True,"[{""feature"": ""context_switch_count"", ""value"": 3983.873, ""z"": 26.991}, {""feature"": ""process_exec_count"", ""value"": 3.013, ""z"": 13.889}, {""feature"": ""syscall_read_rate"", ""value"": 281.355, ""z"": 5.831}]"
2026-05-27T03:37:38Z,mock-node,default,mock-pod,app,0.86551,True,"[{""feature"": ""context_switch_count"", ""value"": 5107.144, ""z"": 36.529}, {""feature"": ""process_exec_count"", ""value"": 3.439, ""z"": 16.83}, {""feature"": ""syscall_read_rate"", ""value"": 315.39, ""z"": 7.341}]"
2026-05-27T03:37:48Z,mock-node,default,mock-pod,app,0.741824,False,"[{""feature"": ""process_exec_count"", ""value"": 4.351, ""z"": 23.128}, {""feature"": ""context_switch_count"", ""value"": 3436.452, ""z"": 22.343}, {""feature"": ""syscall_read_rate"", ""value"": 210.662, ""z"": 2.695}]"
2026-05-27T03:37:58Z,mock-node,default,mock-pod,app,0.778794,False,"[{""feature"": ""context_switch_count"", ""value"": 5270.533, ""z"": 37.916}, {""feature"": ""process_exec_count"", ""value"": 4.634, ""z"": 25.082}, {""feature"": ""syscall_read_rate"", ""value"": 251.24, ""z"": 4.495}]"
2026-05-27T03:38:08Z,mock-node,default,mock-pod,app,1.0,True,"[{""feature"": ""context_switch_count"", ""value"": 4704.928, ""z"": 33.114}, {""feature"": ""process_exec_count"", ""value"": 3.486, ""z"": 17.155}, {""feature"": ""syscall_read_rate"", ""value"": 292.205, ""z"": 6.312}]"
2026-05-27T03:38:18Z,mock-node,default,mock-pod,app,0.950932,True,"[{""feature"": ""context_switch_count"", ""value"": 3475.393, ""z"": 22.674}, {""feature"": ""process_exec_count"", ""value"": 3.374, ""z"": 16.382}, {""feature"": ""syscall_read_rate"", ""value"": 282.304, ""z"": 5.873}]"
2026-05-27T03:38:28Z,mock-node,default,mock-pod,app,0.982192,True,"[{""feature"": ""context_switch_count"", ""value"": 4618.034, ""z"": 32.376}, {""feature"": ""process_exec_count"", ""value"": 4.461, ""z"": 23.888}, {""feature"": ""syscall_read_rate"", ""value"": 258.435, ""z"": 4.814}]"
2026-05-27T03:38:38Z,mock-node,default,mock-pod,app,0.887548,True,"[{""feature"": ""context_switch_count"", ""value"": 4973.254, ""z"": 35.392}, {""feature"": ""process_exec_count"", ""value"": 3.29, ""z"": 15.802}, {""feature"": ""syscall_read_rate"", ""value"": 278.29, ""z"": 5.695}]"
2026-05-27T03:38:48Z,mock-node,default,mock-pod,app,1.0,True,"[{""feature"": ""context_switch_count"", ""value"": 4815.083, ""z"": 34.049}, {""feature"": ""process_exec_count"", ""value"": 4.861, ""z"": 26.65}, {""feature"": ""syscall_read_rate"", ""value"": 326.427, ""z"": 7.831}]"
2026-05-27T03:38:58Z,mock-node,default,mock-pod,app,1.0,True,"[{""feature"": ""context_switch_count"", ""value"": 5103.778, ""z"": 36.5}, {""feature"": ""process_exec_count"", ""value"": 3.449, ""z"": 16.899}, {""feature"": ""syscall_read_rate"", ""value"": 332.713, ""z"": 8.109}]"
2026-05-27T03:39:08Z,mock-node,default,mock-pod,app,0.830685,True,"[{""feature"": ""context_switch_count"", ""value"": 4169.567, ""z"": 28.568}, {""feature"": ""process_exec_count"", ""value"": 4.036, ""z"": 20.953}, {""feature"": ""syscall_read_rate"", ""value"": 318.169, ""z"": 7.464}]"
2026-05-27T03:39:18Z,mock-node,default,mock-pod,app,0.870647,True,"[{""feature"": ""process_exec_count"", ""value"": 5.188, ""z"": 28.908}, {""feature"": ""context_switch_count"", ""value"": 3216.45, ""z"": 20.475}, {""feature"": ""syscall_read_rate"", ""value"": 290.944, ""z"": 6.257}]"
2026-05-27T03:39:28Z,mock-node,default,mock-pod,app,1.0,True,"[{""feature"": ""context_switch_count"", ""value"": 3702.525, ""z"": 24.602}, {""feature"": ""process_exec_count"", ""value"": 3.533, ""z"": 17.48}, {""feature"": ""syscall_read_rate"", ""value"": 243.414, ""z"": 4.148}]"
2026-05-27T03:39:38Z,mock-node,default,mock-pod,app,0.861454,True,"[{""feature"": ""context_switch_count"", ""value"": 4508.685, ""z"": 31.447}, {""feature"": ""process_exec_count"", ""value"": 4.015, ""z"": 20.808}, {""feature"": ""disk_read_bytes"", ""value"": 25703.589, ""z"": 1.9}]"
2026-05-27T03:39:48Z,mock-node,default,mock-pod,app,0.739787,False,"[{""feature"": ""context_switch_count"", ""value"": 5234.138, ""z"": 37.607}, {""feature"": ""process_exec_count"", ""value"": 4.785, ""z"": 26.125}, {""feature"": ""syscall_read_rate"", ""value"": 322.466, ""z"": 7.655}]"
2026-05-27T03:39:58Z,mock-node,default,mock-pod,app,0.784417,False,"[{""feature"": ""context_switch_count"", ""value"": 3516.164, ""z"": 23.02}, {""feature"": ""process_exec_count"", ""value"": 4.16, ""z"": 21.809}, {""feature"": ""syscall_read_rate"", ""value"": 313.272, ""z"": 7.247}]"
2026-05-27T03:40:08Z,mock-node,default,mock-pod,app,1.0,True,"[{""feature"": ""context_switch_count"", ""value"": 4911.725, ""z"": 34.87}, {""feature"": ""process_exec_count"", ""value"": 3.987, ""z"": 20.614}, {""feature"": ""syscall_read_rate"", ""value"": 329.855, ""z"": 7.983}]"
2026-05-27T03:40:18Z,mock-node,default,mock-pod,app,0.698027,False,"[{""feature"": ""context_switch_count"", ""value"": 4641.732, ""z"": 32.577}, {""feature"": ""process_exec_count"", ""value"": 3.252, ""z"": 15.539}, {""feature"": ""syscall_read_rate"", ""value"": 290.552, ""z"": 6.239}]"
2026-05-27T03:40:28Z,mock-node,default,mock-pod,app,0.867501,True,"[{""feature"": ""context_switch_count"", ""value"": 5385.045, ""z"": 38.889}, {""feature"": ""process_exec_count"", ""value"": 4.798, ""z"": 26.215}, {""feature"": ""syscall_read_rate"", ""value"": 376.715, ""z"": 10.061}]"
2026-05-27T03:40:38Z,mock-node,default,mock-pod,app,0.820386,True,"[{""feature"": ""context_switch_count"", ""value"": 5860.02, ""z"": 42.922}, {""feature"": ""process_exec_count"", ""value"": 4.871, ""z"": 26.719}, {""feature"": ""syscall_read_rate"", ""value"": 265.83, ""z"": 5.142}]"
2026-05-27T03:40:48Z,mock-node,default,mock-pod,app,0.839725,True,"[{""feature"": ""context_switch_count"", ""value"": 4249.263, ""z"": 29.245}, {""feature"": ""process_exec_count"", ""value"": 3.569, ""z"": 17.728}, {""feature"": ""syscall_read_rate"", ""value"": 239.911, ""z"": 3.993}]"
2026-05-27T03:40:58Z,mock-node,default,mock-pod,app,0.809814,True,"[{""feature"": ""context_switch_count"", ""value"": 5402.583, ""z"": 39.038}, {""feature"": ""process_exec_count"", ""value"": 3.808, ""z"": 19.378}, {""feature"": ""syscall_read_rate"", ""value"": 280.342, ""z"": 5.786}]"
2026-05-27T03:41:08Z,mock-node,default,mock-pod,app,0.791842,False,"[{""feature"": ""context_switch_count"", ""value"": 3724.344, ""z"": 24.788}, {""feature"": ""process_exec_count"", ""value"": 4.021, ""z"": 20.849}, {""feature"": ""syscall_read_rate"", ""value"": 309.477, ""z"": 7.079}]"
2026-05-27T03:41:18Z,mock-node,default,mock-pod,app,0.880657,True,"[{""feature"": ""context_switch_count"", ""value"": 4554.667, ""z"": 31.838}, {""feature"": ""process_exec_count"", ""value"": 3.999, ""z"": 20.697}, {""feature"": ""syscall_read_rate"", ""value"": 296.982, ""z"": 6.524}]"
2026-05-27T03:41:28Z,mock-node,default,mock-pod,app,0.90519,True,"[{""feature"": ""context_switch_count"", ""value"": 4230.155, ""z"": 29.082}, {""feature"": ""process_exec_count"", ""value"": 2.873, ""z"": 12.922}, {""feature"": ""syscall_read_rate"", ""value"": 257.68, ""z"": 4.781}]"
2026-05-27T03:41:38Z,mock-node,default,mock-pod,app,0.852769,True,"[{""feature"": ""context_switch_count"", ""value"": 5806.847, ""z"": 42.47}, {""feature"": ""process_exec_count"", ""value"": 3.947, ""z"": 20.338}, {""feature"": ""syscall_read_rate"", ""value"": 365.645, ""z"": 9.57}]"
2026-05-27T03:41:48Z,mock-node,default,mock-pod,app,0.644351,False,"[{""feature"": ""context_switch_count"", ""value"": 5334.052, ""z"": 38.456}, {""feature"": ""process_exec_count"", ""value"": 3.139, ""z"": 14.759}, {""feature"": ""syscall_read_rate"", ""value"": 287.756, ""z"": 6.115}]"
2026-05-27T03:41:58Z,mock-node,default,mock-pod,app,0.926444,True,"[{""feature"": ""context_switch_count"", ""value"": 5318.689, ""z"": 38.325}, {""feature"": ""process_exec_count"", ""value"": 3.032, ""z"": 14.02}, {""feature"": ""syscall_read_rate"", ""value"": 251.393, ""z"": 4.502}]"
2026-05-27T03:42:08Z,mock-node,default,mock-pod,app,0.814044,True,"[{""feature"": ""context_switch_count"", ""value"": 5858.522, ""z"": 42.909}, {""feature"": ""process_exec_count"", ""value"": 4.18, ""z"": 21.947}, {""feature"": ""syscall_read_rate"", ""value"": 358.282, ""z"": 9.244}]"
2026-05-27T03:42:18Z,mock-node,default,mock-pod,app,0.747614,False,"[{""feature"": ""context_switch_count"", ""value"": 5720.12, ""z"": 41.734}, {""feature"": ""process_exec_count"", ""value"": 4.824, ""z"": 26.394}, {""feature"": ""syscall_read_rate"", ""value"": 279.129, ""z"": 5.732}]"
2026-05-27T03:42:28Z,mock-node,default,mock-pod,app,0.801052,False,"[{""feature"": ""context_switch_count"", ""value"": 4351.509, ""z"": 30.113}, {""feature"": ""process_exec_count"", ""value"": 2.99, ""z"": 13.73}, {""feature"": ""syscall_read_rate"", ""value"": 292.815, ""z"": 6.34}]"
2026-05-27T03:42:38Z,mock-node,default,mock-pod,app,1.0,True,"[{""feature"": ""context_switch_count"", ""value"": 5373.799, ""z"": 38.793}, {""feature"": ""process_exec_count"", ""value"": 4.515, ""z"": 24.26}, {""feature"": ""syscall_read_rate"", ""value"": 300.62, ""z"": 6.686}]"
2026-05-27T03:42:48Z,mock-node,default,mock-pod,app,0.864237,True,"[{""feature"": ""context_switch_count"", ""value"": 4386.863, ""z"": 30.413}, {""feature"": ""process_exec_count"", ""value"": 4.174, ""z"": 21.906}, {""feature"": ""syscall_read_rate"", ""value"": 235.147, ""z"": 3.781}]"
2026-05-27T03:42:58Z,mock-node,default,mock-pod,app,0.961902,True,"[{""feature"": ""process_exec_count"", ""value"": 3.864, ""z"": 19.765}, {""feature"": ""context_switch_count"", ""value"": 3015.053, ""z"": 18.765}, {""feature"": ""syscall_read_rate"", ""value"": 329.856, ""z"": 7.983}]"
2026-05-27T03:43:08Z,mock-node,default,mock-pod,app,0.744116,False,"[{""feature"": ""context_switch_count"", ""value"": 5836.886, ""z"": 42.725}, {""feature"": ""process_exec_count"", ""value"": 3.385, ""z"": 16.458}, {""feature"": ""syscall_read_rate"", ""value"": 341.604, ""z"": 8.504}]"
2026-05-27T03:43:18Z,mock-node,default,mock-pod,app,0.793259,False,"[{""feature"": ""context_switch_count"", ""value"": 4902.08, ""z"": 34.788}, {""feature"": ""process_exec_count"", ""value"": 3.488, ""z"": 17.169}, {""feature"": ""syscall_read_rate"", ""value"": 253.139, ""z"": 4.58}]"
2026-05-27T03:43:28Z,mock-node,default,mock-pod,app,1.0,True,"[{""feature"": ""context_switch_count"", ""value"": 3916.619, ""z"": 26.42}, {""feature"": ""process_exec_count"", ""value"": 3.804, ""z"": 19.351}, {""feature"": ""syscall_read_rate"", ""value"": 317.867, ""z"": 7.451}]"
2026-05-27T03:43:38Z,mock-node,default,mock-pod,app,0.923485,True,"[{""feature"": ""context_switch_count"", ""value"": 5710.216, ""z"": 41.65}, {""feature"": ""process_exec_count"", ""value"": 3.717, ""z"": 18.75}, {""feature"": ""syscall_read_rate"", ""value"": 282.945, ""z"": 5.902}]"
2026-05-27T03:43:48Z,mock-node,default,mock-pod,app,0.862459,True,"[{""feature"": ""context_switch_count"", ""value"": 5729.367, ""z"": 41.812}, {""feature"": ""process_exec_count"", ""value"": 3.518, ""z"": 17.376}, {""feature"": ""syscall_read_rate"", ""value"": 333.744, ""z"": 8.155}]"
2026-05-27T03:43:58Z,mock-node,default,mock-pod,app,0.824206,True,"[{""feature"": ""context_switch_count"", ""value"": 4564.392, ""z"": 31.92}, {""feature"": ""process_exec_count"", ""value"": 3.792, ""z"": 19.268}, {""feature"": ""syscall_read_rate"", ""value"": 299.559, ""z"": 6.639}]"
2026-05-27T03:44:08Z,mock-node,default,mock-pod,app,0.995569,True,"[{""feature"": ""context_switch_count"", ""value"": 5077.088, ""z"": 36.274}, {""feature"": ""process_exec_count"", ""value"": 4.676, ""z"": 25.372}, {""feature"": ""syscall_read_rate"", ""value"": 309.603, ""z"": 7.084}]"
2026-05-27T03:10:58Z,mock-node,default,mock-pod,app,0.849978,True,"[{""feature"": ""tcp_retransmit_rate"", ""value"": 2.581, ""z"": 79.982}, {""feature"": ""tcp_connect_rate"", ""value"": 14.291, ""z"": 12.357}, {""feature"": ""disk_io_latency_ms"", ""value"": 3.112, ""z"": 3.656}]"
2026-05-27T03:11:08Z,mock-node,default,mock-pod,app,0.745183,False,"[{""feature"": ""tcp_retransmit_rate"", ""value"": 2.215, ""z"": 67.689}, {""feature"": ""tcp_connect_rate"", ""value"": 11.194, ""z"": 8.251}, {""feature"": ""disk_io_latency_ms"", ""value"": 3.234, ""z"": 4.06}]"
2026-05-27T03:11:18Z,mock-node,default,mock-pod,app,0.800525,False,"[{""feature"": ""tcp_retransmit_rate"", ""value"": 2.721, ""z"": 84.684}, {""feature"": ""tcp_connect_rate"", ""value"": 17.693, ""z"": 16.868}, {""feature"": ""disk_io_latency_ms"", ""value"": 3.112, ""z"": 3.656}]"
2026-05-27T03:11:28Z,mock-node,default,mock-pod,app,0.908274,True,"[{""feature"": ""tcp_retransmit_rate"", ""value"": 2.33, ""z"": 71.551}, {""feature"": ""tcp_connect_rate"", ""value"": 15.96, ""z"": 14.57}, {""feature"": ""disk_io_latency_ms"", ""value"": 2.952, ""z"": 3.128}]"
2026-05-27T03:11:38Z,mock-node,default,mock-pod,app,0.798498,False,"[{""feature"": ""tcp_retransmit_rate"", ""value"": 3.648, ""z"": 115.82}, {""feature"": ""tcp_connect_rate"", ""value"": 17.128, ""z"": 16.118}, {""feature"": ""disk_io_latency_ms"", ""value"": 2.725, ""z"": 2.378}]"
2026-05-27T03:11:48Z,mock-node,default,mock-pod,app,1.0,True,"[{""feature"": ""tcp_retransmit_rate"", ""value"": 3.108, ""z"": 97.683}, {""feature"": ""tcp_connect_rate"", ""value"": 11.72, ""z"": 8.948}, {""feature"": ""disk_io_latency_ms"", ""value"": 3.161, ""z"": 3.818}]"
2026-05-27T03:11:58Z,mock-node,default,mock-pod,app,0.94424,True,"[{""feature"": ""tcp_retransmit_rate"", ""value"": 3.717, ""z"": 118.137}, {""feature"": ""tcp_connect_rate"", ""value"": 15.977, ""z"": 14.592}, {""feature"": ""disk_io_latency_ms"", ""value"": 3.577, ""z"": 5.193}]"
2026-05-27T03:12:08Z,mock-node,default,mock-pod,app,0.966893,True,"[{""feature"": ""tcp_retransmit_rate"", ""value"": 3.459, ""z"": 109.472}, {""feature"": ""tcp_connect_rate"", ""value"": 14.586, ""z"": 12.748}, {""feature"": ""disk_io_latency_ms"", ""value"": 3.146, ""z"": 3.769}]"
2026-05-27T03:12:18Z,mock-node,default,mock-pod,app,0.883778,True,"[{""feature"": ""tcp_retransmit_rate"", ""value"": 2.604, ""z"": 80.754}, {""feature"": ""tcp_connect_rate"", ""value"": 15.06, ""z"": 13.376}, {""feature"": ""disk_io_latency_ms"", ""value"": 2.939, ""z"": 3.085}]"
2026-05-27T03:12:28Z,mock-node,default,mock-pod,app,0.94018,True,"[{""feature"": ""tcp_retransmit_rate"", ""value"": 3.284, ""z"": 103.594}, {""feature"": ""tcp_connect_rate"", ""value"": 13.229, ""z"": 10.949}, {""feature"": ""disk_io_latency_ms"", ""value"": 3.069, ""z"": 3.514}]"
2026-05-27T03:12:38Z,mock-node,default,mock-pod,app,0.775434,False,"[{""feature"": ""tcp_retransmit_rate"", ""value"": 3.905, ""z"": 124.452}, {""feature"": ""tcp_connect_rate"", ""value"": 16.273, ""z"": 14.985}, {""feature"": ""disk_io_latency_ms"", ""value"": 3.416, ""z"": 4.661}]"
2026-05-27T03:12:48Z,mock-node,default,mock-pod,app,0.957595,True,"[{""feature"": ""tcp_retransmit_rate"", ""value"": 3.107, ""z"": 97.649}, {""feature"": ""tcp_connect_rate"", ""value"": 15.896, ""z"": 14.485}, {""feature"": ""disk_io_latency_ms"", ""value"": 4.094, ""z"": 6.901}]"
2026-05-27T03:12:58Z,mock-node,default,mock-pod,app,1.0,True,"[{""feature"": ""tcp_retransmit_rate"", ""value"": 3.454, ""z"": 109.304}, {""feature"": ""tcp_connect_rate"", ""value"": 13.904, ""z"": 11.844}, {""feature"": ""disk_io_latency_ms"", ""value"": 3.671, ""z"": 5.503}]"
2026-05-27T03:13:08Z,mock-node,default,mock-pod,app,1.0,True,"[{""feature"": ""tcp_retransmit_rate"", ""value"": 2.349, ""z"": 72.189}, {""feature"": ""tcp_connect_rate"", ""value"": 17.45, ""z"": 16.545}, {""feature"": ""disk_io_latency_ms"", ""value"": 2.933, ""z"": 3.065}]"
2026-05-27T03:13:18Z,mock-node,default,mock-pod,app,0.932956,True,"[{""feature"": ""tcp_retransmit_rate"", ""value"": 4.235, ""z"": 135.536}, {""feature"": ""tcp_connect_rate"", ""value"": 14.339, ""z"": 12.421}, {""feature"": ""disk_io_latency_ms"", ""value"": 3.317, ""z"": 4.334}]"
2026-05-27T03:13:28Z,mock-node,default,mock-pod,app,1.0,True,"[{""feature"": ""tcp_retransmit_rate"", ""value"": 2.338, ""z"": 71.82}, {""feature"": ""tcp_connect_rate"", ""value"": 12.69, ""z"": 10.234}, {""feature"": ""disk_io_latency_ms"", ""value"": 3.0, ""z"": 3.286}]"
2026-05-27T03:13:38Z,mock-node,default,mock-pod,app,1.0,True,"[{""feature"": ""tcp_retransmit_rate"", ""value"": 2.113, ""z"": 64.263}, {""feature"": ""tcp_connect_rate"", ""value"": 14.6, ""z"": 12.767}, {""feature"": ""disk_io_latency_ms"", ""value"": 3.184, ""z"": 3.894}]"
2026-05-27T03:13:48Z,mock-node,default,mock-pod,app,0.693693,False,"[{""feature"": ""tcp_retransmit_rate"", ""value"": 3.458, ""z"": 109.438}, {""feature"": ""tcp_connect_rate"", ""value"": 13.326, ""z"": 11.077}, {""feature"": ""process_fork_count"", ""value"": 0.722, ""z"": -1.881}]"
2026-05-27T03:13:58Z,mock-node,default,mock-pod,app,0.936792,True,"[{""feature"": ""tcp_retransmit_rate"", ""value"": 3.036, ""z"": 95.264}, {""feature"": ""tcp_connect_rate"", ""value"": 16.873, ""z"": 15.78}, {""feature"": ""disk_io_latency_ms"", ""value"": 3.724, ""z"": 5.679}]"
2026-05-27T03:14:08Z,mock-node,default,mock-pod,app,0.908426,True,"[{""feature"": ""tcp_retransmit_rate"", ""value"": 2.994, ""z"": 93.854}, {""feature"": ""tcp_connect_rate"", ""value"": 12.228, ""z"": 9.622}, {""feature"": ""disk_io_latency_ms"", ""value"": 3.806, ""z"": 5.949}]"
2026-05-27T03:14:18Z,mock-node,default,mock-pod,app,0.858908,True,"[{""feature"": ""tcp_retransmit_rate"", ""value"": 2.259, ""z"": 69.167}, {""feature"": ""tcp_connect_rate"", ""value"": 17.416, ""z"": 16.5}, {""feature"": ""disk_io_latency_ms"", ""value"": 3.362, ""z"": 4.482}]"
2026-05-27T03:14:28Z,mock-node,default,mock-pod,app,0.744003,False,"[{""feature"": ""tcp_retransmit_rate"", ""value"": 2.653, ""z"": 82.4}, {""feature"": ""tcp_connect_rate"", ""value"": 12.97, ""z"": 10.605}, {""feature"": ""context_switch_count"", ""value"": 566.942, ""z"": -2.022}]"
2026-05-27T03:14:38Z,mock-node,default,mock-pod,app,0.974536,True,"[{""feature"": ""tcp_retransmit_rate"", ""value"": 3.131, ""z"": 98.455}, {""feature"": ""tcp_connect_rate"", ""value"": 13.031, ""z"": 10.686}, {""feature"": ""disk_io_latency_ms"", ""value"": 3.147, ""z"": 3.772}]"
2026-05-27T03:14:48Z,mock-node,default,mock-pod,app,1.0,True,"[{""feature"": ""tcp_retransmit_rate"", ""value"": 2.789, ""z"": 86.968}, {""feature"": ""tcp_connect_rate"", ""value"": 14.332, ""z"": 12.411}, {""feature"": ""disk_write_bytes"", ""value"": 20453.36, ""z"": 2.484}]"
2026-05-27T03:14:58Z,mock-node,default,mock-pod,app,0.817266,True,"[{""feature"": ""tcp_retransmit_rate"", ""value"": 3.132, ""z"": 98.489}, {""feature"": ""tcp_connect_rate"", ""value"": 14.8, ""z"": 13.032}, {""feature"": ""disk_io_latency_ms"", ""value"": 2.838, ""z"": 2.751}]"
2026-05-27T03:15:08Z,mock-node,default,mock-pod,app,1.0,True,"[{""feature"": ""tcp_retransmit_rate"", ""value"": 1.833, ""z"": 54.858}, {""feature"": ""tcp_connect_rate"", ""value"": 16.434, ""z"": 15.198}, {""feature"": ""disk_io_latency_ms"", ""value"": 2.97, ""z"": 3.187}]"
2026-05-27T03:15:18Z,mock-node,default,mock-pod,app,0.808762,True,"[{""feature"": ""tcp_retransmit_rate"", ""value"": 2.369, ""z"": 72.861}, {""feature"": ""tcp_connect_rate"", ""value"": 19.071, ""z"": 18.695}, {""feature"": ""process_exec_count"", ""value"": 1.318, ""z"": 2.184}]"
2026-05-27T03:15:28Z,mock-node,default,mock-pod,app,1.0,True,"[{""feature"": ""tcp_retransmit_rate"", ""value"": 3.365, ""z"": 106.315}, {""feature"": ""tcp_connect_rate"", ""value"": 19.097, ""z"": 18.729}, {""feature"": ""disk_io_latency_ms"", ""value"": 2.973, ""z"": 3.197}]"
2026-05-27T03:15:38Z,mock-node,default,mock-pod,app,0.728839,False,"[{""feature"": ""tcp_retransmit_rate"", ""value"": 2.854, ""z"": 89.151}, {""feature"": ""tcp_connect_rate"", ""value"": 15.47, ""z"": 13.92}, {""feature"": ""disk_io_latency_ms"", ""value"": 3.0, ""z"": 3.286}]"
2026-05-27T03:15:48Z,mock-node,default,mock-pod,app,0.508278,False,"[{""feature"": ""tcp_retransmit_rate"", ""value"": 3.474, ""z"": 109.976}, {""feature"": ""tcp_connect_rate"", ""value"": 15.948, ""z"": 14.554}, {""feature"": ""syscall_open_rate"", ""value"": 16.225, ""z"": -1.274}]"
2026-05-27T03:15:58Z,mock-node,default,mock-pod,app,1.0,True,"[{""feature"": ""tcp_retransmit_rate"", ""value"": 2.828, ""z"": 88.278}, {""feature"": ""tcp_connect_rate"", ""value"": 18.551, ""z"": 18.005}, {""feature"": ""disk_io_latency_ms"", ""value"": 3.08, ""z"": 3.551}]"
2026-05-27T03:16:08Z,mock-node,default,mock-pod,app,1.0,True,"[{""feature"": ""tcp_retransmit_rate"", ""value"": 2.513, ""z"": 77.698}, {""feature"": ""tcp_connect_rate"", ""value"": 17.303, ""z"": 16.35}, {""feature"": ""disk_io_latency_ms"", ""value"": 3.268, ""z"": 4.172}]"
2026-05-27T03:16:18Z,mock-node,default,mock-pod,app,0.826974,True,"[{""feature"": ""tcp_retransmit_rate"", ""value"": 2.846, ""z"": 88.883}, {""feature"": ""tcp_connect_rate"", ""value"": 20.839, ""z"": 21.039}, {""feature"": ""disk_io_latency_ms"", ""value"": 3.084, ""z"": 3.564}]"
2026-05-27T03:16:28Z,mock-node,default,mock-pod,app,0.963423,True,"[{""feature"": ""tcp_retransmit_rate"", ""value"": 3.025, ""z"": 94.895}, {""feature"": ""tcp_connect_rate"", ""value"": 15.464, ""z"": 13.912}, {""feature"": ""disk_io_latency_ms"", ""value"": 3.002, ""z"": 3.293}]"
2026-05-27T03:16:38Z,mock-node,default,mock-pod,app,0.871948,True,"[{""feature"": ""tcp_retransmit_rate"", ""value"": 2.896, ""z"": 90.562}, {""feature"": ""tcp_connect_rate"", ""value"": 14.877, ""z"": 13.134}, {""feature"": ""disk_io_latency_ms"", ""value"": 2.603, ""z"": 1.975}]"
2026-05-27T03:16:48Z,mock-node,default,mock-pod,app,1.0,True,"[{""feature"": ""tcp_retransmit_rate"", ""value"": 2.207, ""z"": 67.42}, {""feature"": ""tcp_connect_rate"", ""value"": 16.418, ""z"": 15.177}, {""feature"": ""disk_io_latency_ms"", ""value"": 3.014, ""z"": 3.333}]"
2026-05-27T03:16:58Z,mock-node,default,mock-pod,app,0.706197,False,"[{""feature"": ""tcp_retransmit_rate"", ""value"": 2.523, ""z"": 78.034}, {""feature"": ""tcp_connect_rate"", ""value"": 13.863, ""z"": 11.789}, {""feature"": ""syscall_read_rate"", ""value"": 183.81, ""z"": 1.504}]"
2026-05-27T03:17:08Z,mock-node,default,mock-pod,app,0.76676,False,"[{""feature"": ""tcp_retransmit_rate"", ""value"": 3.159, ""z"": 99.395}, {""feature"": ""tcp_connect_rate"", ""value"": 16.578, ""z"": 15.389}, {""feature"": ""disk_write_bytes"", ""value"": 8876.397, ""z"": -2.718}]"
2026-05-27T03:17:18Z,mock-node,default,mock-pod,app,0.790959,False,"[{""feature"": ""tcp_retransmit_rate"", ""value"": 3.207, ""z"": 101.008}, {""feature"": ""tcp_connect_rate"", ""value"": 14.294, ""z"": 12.361}, {""feature"": ""disk_io_latency_ms"", ""value"": 2.971, ""z"": 3.191}]"
2026-05-27T03:17:28Z,mock-node,default,mock-pod,app,0.79066,False,"[{""feature"": ""tcp_retransmit_rate"", ""value"": 2.948, ""z"": 92.308}, {""feature"": ""tcp_connect_rate"", ""value"": 12.498, ""z"": 9.98}, {""feature"": ""disk_io_latency_ms"", ""value"": 4.046, ""z"": 6.742}]"
2026-05-27T03:17:38Z,mock-node,default,mock-pod,app,1.0,True,"[{""feature"": ""tcp_retransmit_rate"", ""value"": 3.271, ""z"": 103.157}, {""feature"": ""tcp_connect_rate"", ""value"": 15.556, ""z"": 14.034}, {""feature"": ""disk_io_latency_ms"", ""value"": 3.426, ""z"": 4.694}]"
2026-05-27T03:17:48Z,mock-node,default,mock-pod,app,0.736342,False,"[{""feature"": ""tcp_retransmit_rate"", ""value"": 3.954, ""z"": 126.098}, {""feature"": ""tcp_connect_rate"", ""value"": 15.561, ""z"": 14.041}, {""feature"": ""disk_io_latency_ms"", ""value"": 2.637, ""z"": 2.087}]"
2026-05-27T03:17:58Z,mock-node,default,mock-pod,app,1.0,True,"[{""feature"": ""tcp_retransmit_rate"", ""value"": 3.121, ""z"": 98.119}, {""feature"": ""tcp_connect_rate"", ""value"": 15.041, ""z"": 13.351}, {""feature"": ""disk_io_latency_ms"", ""value"": 2.784, ""z"": 2.573}]"
2026-05-27T03:18:08Z,mock-node,default,mock-pod,app,0.985226,True,"[{""feature"": ""tcp_retransmit_rate"", ""value"": 3.14, ""z"": 98.757}, {""feature"": ""tcp_connect_rate"", ""value"": 14.889, ""z"": 13.15}, {""feature"": ""disk_io_latency_ms"", ""value"": 3.002, ""z"": 3.293}]"
2026-05-27T03:18:18Z,mock-node,default,mock-pod,app,1.0,True,"[{""feature"": ""tcp_retransmit_rate"", ""value"": 2.323, ""z"": 71.316}, {""feature"": ""tcp_connect_rate"", ""value"": 12.266, ""z"": 9.672}, {""feature"": ""disk_io_latency_ms"", ""value"": 2.859, ""z"": 2.821}]"
2026-05-27T03:18:28Z,mock-node,default,mock-pod,app,0.849459,True,"[{""feature"": ""tcp_retransmit_rate"", ""value"": 2.896, ""z"": 90.562}, {""feature"": ""tcp_connect_rate"", ""value"": 16.052, ""z"": 14.692}, {""feature"": ""disk_io_latency_ms"", ""value"": 3.345, ""z"": 4.426}]"
2026-05-27T03:18:38Z,mock-node,default,mock-pod,app,0.796583,False,"[{""feature"": ""tcp_retransmit_rate"", ""value"": 3.256, ""z"": 102.653}, {""feature"": ""tcp_connect_rate"", ""value"": 16.16, ""z"": 14.835}, {""feature"": ""disk_write_bytes"", ""value"": 21287.888, ""z"": 2.858}]"
2026-05-27T03:18:48Z,mock-node,default,mock-pod,app,0.794019,False,"[{""feature"": ""tcp_retransmit_rate"", ""value"": 3.347, ""z"": 105.71}, {""feature"": ""tcp_connect_rate"", ""value"": 15.119, ""z"": 13.455}, {""feature"": ""network_rx_bytes"", ""value"": 35805.577, ""z"": -1.812}]"
2026-05-27T03:18:58Z,mock-node,default,mock-pod,app,0.830443,True,"[{""feature"": ""tcp_retransmit_rate"", ""value"": 2.366, ""z"": 72.76}, {""feature"": ""tcp_connect_rate"", ""value"": 14.765, ""z"": 12.985}, {""feature"": ""disk_io_latency_ms"", ""value"": 3.337, ""z"": 4.4}]"
2026-05-27T03:19:08Z,mock-node,default,mock-pod,app,0.729613,False,"[{""feature"": ""tcp_retransmit_rate"", ""value"": 3.142, ""z"": 98.824}, {""feature"": ""tcp_connect_rate"", ""value"": 18.466, ""z"": 17.892}, {""feature"": ""context_switch_count"", ""value"": 590.103, ""z"": -1.825}]"
2026-05-27T03:19:18Z,mock-node,default,mock-pod,app,0.73544,False,"[{""feature"": ""tcp_retransmit_rate"", ""value"": 2.325, ""z"": 71.383}, {""feature"": ""tcp_connect_rate"", ""value"": 15.825, ""z"": 14.391}, {""feature"": ""context_switch_count"", ""value"": 1003.11, ""z"": 1.682}]"
2026-05-27T03:19:28Z,mock-node,default,mock-pod,app,0.88151,True,"[{""feature"": ""tcp_retransmit_rate"", ""value"": 2.697, ""z"": 83.878}, {""feature"": ""tcp_connect_rate"", ""value"": 13.831, ""z"": 11.747}, {""feature"": ""disk_io_latency_ms"", ""value"": 3.131, ""z"": 3.719}]"
2026-05-27T03:19:38Z,mock-node,default,mock-pod,app,0.782103,False,"[{""feature"": ""tcp_retransmit_rate"", ""value"": 2.841, ""z"": 88.715}, {""feature"": ""tcp_connect_rate"", ""value"": 14.806, ""z"": 13.04}, {""feature"": ""disk_io_latency_ms"", ""value"": 2.659, ""z"": 2.16}]"
2026-05-27T03:19:48Z,mock-node,default,mock-pod,app,0.804423,True,"[{""feature"": ""tcp_retransmit_rate"", ""value"": 3.007, ""z"": 94.29}, {""feature"": ""tcp_connect_rate"", ""value"": 11.629, ""z"": 8.827}, {""feature"": ""disk_io_latency_ms"", ""value"": 3.017, ""z"": 3.343}]"
2026-05-27T03:19:58Z,mock-node,default,mock-pod,app,0.688495,False,"[{""feature"": ""tcp_retransmit_rate"", ""value"": 2.695, ""z"": 83.811}, {""feature"": ""tcp_connect_rate"", ""value"": 11.472, ""z"": 8.619}, {""feature"": ""disk_io_latency_ms"", ""value"": 2.705, ""z"": 2.312}]"
2026-05-27T03:20:08Z,mock-node,default,mock-pod,app,1.0,True,"[{""feature"": ""tcp_retransmit_rate"", ""value"": 3.461, ""z"": 109.539}, {""feature"": ""tcp_connect_rate"", ""value"": 15.39, ""z"": 13.814}, {""feature"": ""disk_io_latency_ms"", ""value"": 3.281, ""z"": 4.215}]"
2026-05-27T03:20:18Z,mock-node,default,mock-pod,app,1.0,True,"[{""feature"": ""tcp_retransmit_rate"", ""value"": 2.831, ""z"": 88.379}, {""feature"": ""tcp_connect_rate"", ""value"": 12.214, ""z"": 9.603}, {""feature"": ""disk_io_latency_ms"", ""value"": 3.969, ""z"": 6.488}]"
2026-05-27T03:20:28Z,mock-node,default,mock-pod,app,0.768629,False,"[{""feature"": ""tcp_retransmit_rate"", ""value"": 3.03, ""z"": 95.063}, {""feature"": ""tcp_connect_rate"", ""value"": 15.083, ""z"": 13.407}, {""feature"": ""disk_io_latency_ms"", ""value"": 3.299, ""z"": 4.274}]"
2026-05-27T03:20:38Z,mock-node,default,mock-pod,app,0.935065,True,"[{""feature"": ""tcp_retransmit_rate"", ""value"": 2.296, ""z"": 70.409}, {""feature"": ""tcp_connect_rate"", ""value"": 15.776, ""z"": 14.326}, {""feature"": ""disk_io_latency_ms"", ""value"": 2.933, ""z"": 3.065}]"
2026-05-27T03:20:48Z,mock-node,default,mock-pod,app,0.886911,True,"[{""feature"": ""tcp_retransmit_rate"", ""value"": 2.833, ""z"": 88.446}, {""feature"": ""tcp_connect_rate"", ""value"": 16.52, ""z"": 15.312}, {""feature"": ""disk_io_latency_ms"", ""value"": 3.602, ""z"": 5.275}]"
2026-05-27T03:20:58Z,mock-node,default,mock-pod,app,0.972308,True,"[{""feature"": ""tcp_retransmit_rate"", ""value"": 3.552, ""z"": 112.595}, {""feature"": ""tcp_connect_rate"", ""value"": 15.09, ""z"": 13.416}, {""feature"": ""disk_io_latency_ms"", ""value"": 3.508, ""z"": 4.965}]"
2026-05-27T03:21:08Z,mock-node,default,mock-pod,app,0.830081,True,"[{""feature"": ""tcp_retransmit_rate"", ""value"": 2.875, ""z"": 89.857}, {""feature"": ""tcp_connect_rate"", ""value"": 16.287, ""z"": 15.003}, {""feature"": ""disk_io_latency_ms"", ""value"": 2.687, ""z"": 2.252}]"
2026-05-27T03:21:18Z,mock-node,default,mock-pod,app,0.973411,True,"[{""feature"": ""tcp_retransmit_rate"", ""value"": 3.003, ""z"": 94.156}, {""feature"": ""tcp_connect_rate"", ""value"": 18.558, ""z"": 18.014}, {""feature"": ""disk_io_latency_ms"", ""value"": 4.121, ""z"": 6.99}]"
2026-05-27T03:21:28Z,mock-node,default,mock-pod,app,0.960799,True,"[{""feature"": ""tcp_retransmit_rate"", ""value"": 2.526, ""z"": 78.134}, {""feature"": ""tcp_connect_rate"", ""value"": 14.388, ""z"": 12.485}, {""feature"": ""disk_io_latency_ms"", ""value"": 2.989, ""z"": 3.25}]"
2026-05-27T03:21:38Z,mock-node,default,mock-pod,app,0.992861,True,"[{""feature"": ""tcp_retransmit_rate"", ""value"": 2.978, ""z"": 93.316}, {""feature"": ""tcp_connect_rate"", ""value"": 14.113, ""z"": 12.121}, {""feature"": ""disk_io_latency_ms"", ""value"": 3.767, ""z"": 5.821}]"
2026-05-27T03:21:48Z,mock-node,default,mock-pod,app,1.0,True,"[{""feature"": ""tcp_retransmit_rate"", ""value"": 2.389, ""z"": 73.533}, {""feature"": ""tcp_connect_rate"", ""value"": 16.176, ""z"": 14.856}, {""feature"": ""disk_io_latency_ms"", ""value"": 3.538, ""z"": 5.064}]"
2026-05-27T03:21:58Z,mock-node,default,mock-pod,app,0.801765,False,"[{""feature"": ""tcp_retransmit_rate"", ""value"": 3.393, ""z"": 107.255}, {""feature"": ""tcp_connect_rate"", ""value"": 14.497, ""z"": 12.63}, {""feature"": ""disk_io_latency_ms"", ""value"": 3.779, ""z"": 5.86}]"
2026-05-27T03:22:08Z,mock-node,default,mock-pod,app,0.756228,False,"[{""feature"": ""tcp_retransmit_rate"", ""value"": 3.236, ""z"": 101.982}, {""feature"": ""tcp_connect_rate"", ""value"": 15.959, ""z"": 14.568}, {""feature"": ""disk_io_latency_ms"", ""value"": 3.4, ""z"": 4.608}]"
2026-05-27T03:22:18Z,mock-node,default,mock-pod,app,0.847927,True,"[{""feature"": ""tcp_retransmit_rate"", ""value"": 3.192, ""z"": 100.504}, {""feature"": ""tcp_connect_rate"", ""value"": 12.278, ""z"": 9.688}, {""feature"": ""disk_io_latency_ms"", ""value"": 2.849, ""z"": 2.787}]"
2026-05-27T03:22:28Z,mock-node,default,mock-pod,app,1.0,True,"[{""feature"": ""tcp_retransmit_rate"", ""value"": 3.538, ""z"": 112.125}, {""feature"": ""tcp_connect_rate"", ""value"": 13.889, ""z"": 11.824}, {""feature"": ""disk_io_latency_ms"", ""value"": 2.804, ""z"": 2.639}]"
2026-05-27T03:22:38Z,mock-node,default,mock-pod,app,1.0,True,"[{""feature"": ""tcp_retransmit_rate"", ""value"": 2.225, ""z"": 68.025}, {""feature"": ""tcp_connect_rate"", ""value"": 16.922, ""z"": 15.845}, {""feature"": ""disk_io_latency_ms"", ""value"": 3.053, ""z"": 3.462}]"
2026-05-27T03:22:48Z,mock-node,default,mock-pod,app,1.0,True,"[{""feature"": ""tcp_retransmit_rate"", ""value"": 3.291, ""z"": 103.829}, {""feature"": ""tcp_connect_rate"", ""value"": 16.117, ""z"": 14.778}, {""feature"": ""disk_io_latency_ms"", ""value"": 3.397, ""z"": 4.598}]"
2026-05-27T03:22:58Z,mock-node,default,mock-pod,app,1.0,True,"[{""feature"": ""tcp_retransmit_rate"", ""value"": 3.399, ""z"": 107.457}, {""feature"": ""tcp_connect_rate"", ""value"": 15.081, ""z"": 13.404}, {""feature"": ""syscall_read_rate"", ""value"": 207.418, ""z"": 2.551}]"
2026-05-27T03:23:08Z,mock-node,default,mock-pod,app,1.0,True,"[{""feature"": ""tcp_retransmit_rate"", ""value"": 3.446, ""z"": 109.035}, {""feature"": ""tcp_connect_rate"", ""value"": 15.452, ""z"": 13.896}, {""feature"": ""disk_io_latency_ms"", ""value"": 2.849, ""z"": 2.787}]"
2026-05-27T03:23:18Z,mock-node,default,mock-pod,app,0.834939,True,"[{""feature"": ""tcp_retransmit_rate"", ""value"": 2.539, ""z"": 78.571}, {""feature"": ""tcp_connect_rate"", ""value"": 14.042, ""z"": 12.027}, {""feature"": ""disk_io_latency_ms"", ""value"": 3.286, ""z"": 4.231}]"
2026-05-27T03:23:28Z,mock-node,default,mock-pod,app,0.884061,True,"[{""feature"": ""tcp_retransmit_rate"", ""value"": 3.022, ""z"": 94.794}, {""feature"": ""tcp_connect_rate"", ""value"": 13.356, ""z"": 11.117}, {""feature"": ""disk_io_latency_ms"", ""value"": 2.789, ""z"": 2.589}]"
2026-05-27T03:23:38Z,mock-node,default,mock-pod,app,0.874134,True,"[{""feature"": ""tcp_retransmit_rate"", ""value"": 2.878, ""z"": 89.957}, {""feature"": ""tcp_connect_rate"", ""value"": 14.959, ""z"": 13.243}, {""feature"": ""disk_io_latency_ms"", ""value"": 2.989, ""z"": 3.25}]"
2026-05-27T03:23:48Z,mock-node,default,mock-pod,app,1.0,True,"[{""feature"": ""tcp_retransmit_rate"", ""value"": 2.179, ""z"": 66.48}, {""feature"": ""tcp_connect_rate"", ""value"": 14.536, ""z"": 12.682}, {""feature"": ""disk_io_latency_ms"", ""value"": 3.234, ""z"": 4.06}]"
2026-05-27T03:23:58Z,mock-node,default,mock-pod,app,0.84868,True,"[{""feature"": ""tcp_retransmit_rate"", ""value"": 3.287, ""z"": 103.695}, {""feature"": ""tcp_connect_rate"", ""value"": 13.678, ""z"": 11.544}, {""feature"": ""disk_io_latency_ms"", ""value"": 2.986, ""z"": 3.24}]"
2026-05-27T03:24:08Z,mock-node,default,mock-pod,app,0.979324,True,"[{""feature"": ""tcp_retransmit_rate"", ""value"": 3.896, ""z"": 124.15}, {""feature"": ""tcp_connect_rate"", ""value"": 17.796, ""z"": 17.004}, {""feature"": ""disk_io_latency_ms"", ""value"": 3.415, ""z"": 4.658}]"
2026-05-27T03:24:18Z,mock-node,default,mock-pod,app,0.987127,True,"[{""feature"": ""tcp_retransmit_rate"", ""value"": 4.122, ""z"": 131.74}, {""feature"": ""tcp_connect_rate"", ""value"": 12.756, ""z"": 10.322}, {""feature"": ""disk_io_latency_ms"", ""value"": 2.663, ""z"": 2.173}]"
2026-05-27T03:24:28Z,mock-node,default,mock-pod,app,0.812811,True,"[{""feature"": ""tcp_retransmit_rate"", ""value"": 2.859, ""z"": 89.319}, {""feature"": ""tcp_connect_rate"", ""value"": 14.972, ""z"": 13.26}, {""feature"": ""disk_write_bytes"", ""value"": 10032.057, ""z"": -2.199}]"
2026-05-27T03:24:38Z,mock-node,default,mock-pod,app,0.765118,False,"[{""feature"": ""tcp_retransmit_rate"", ""value"": 2.047, ""z"": 62.046}, {""feature"": ""tcp_connect_rate"", ""value"": 13.405, ""z"": 11.182}, {""feature"": ""disk_io_latency_ms"", ""value"": 2.922, ""z"": 3.029}]"
2026-05-27T03:24:48Z,mock-node,default,mock-pod,app,1.0,True,"[{""feature"": ""tcp_retransmit_rate"", ""value"": 2.839, ""z"": 88.647}, {""feature"": ""tcp_connect_rate"", ""value"": 13.711, ""z"": 11.588}, {""feature"": ""disk_io_latency_ms"", ""value"": 3.01, ""z"": 3.319}]"
2026-05-27T03:24:58Z,mock-node,default,mock-pod,app,0.802242,False,"[{""feature"": ""tcp_retransmit_rate"", ""value"": 3.646, ""z"": 115.753}, {""feature"": ""tcp_connect_rate"", ""value"": 16.018, ""z"": 14.647}, {""feature"": ""disk_io_latency_ms"", ""value"": 2.614, ""z"": 2.011}]"
2026-05-27T03:25:08Z,mock-node,default,mock-pod,app,1.0,True,"[{""feature"": ""tcp_retransmit_rate"", ""value"": 3.185, ""z"": 100.269}, {""feature"": ""tcp_connect_rate"", ""value"": 13.623, ""z"": 11.471}, {""feature"": ""disk_io_latency_ms"", ""value"": 3.232, ""z"": 4.053}]"
2026-05-27T03:25:18Z,mock-node,default,mock-pod,app,0.747254,False,"[{""feature"": ""tcp_retransmit_rate"", ""value"": 2.861, ""z"": 89.386}, {""feature"": ""tcp_connect_rate"", ""value"": 13.715, ""z"": 11.593}, {""feature"": ""network_tx_bytes"", ""value"": 52009.893, ""z"": 2.024}]"
2026-05-27T03:25:28Z,mock-node,default,mock-pod,app,0.909131,True,"[{""feature"": ""tcp_retransmit_rate"", ""value"": 3.21, ""z"": 101.108}, {""feature"": ""tcp_connect_rate"", ""value"": 15.16, ""z"": 13.509}, {""feature"": ""disk_io_latency_ms"", ""value"": 2.706, ""z"": 2.315}]"
2026-05-27T03:25:38Z,mock-node,default,mock-pod,app,0.760273,False,"[{""feature"": ""tcp_retransmit_rate"", ""value"": 2.938, ""z"": 91.973}, {""feature"": ""tcp_connect_rate"", ""value"": 12.341, ""z"": 9.771}, {""feature"": ""disk_io_latency_ms"", ""value"": 2.946, ""z"": 3.108}]"
2026-05-27T03:25:48Z,mock-node,default,mock-pod,app,1.0,True,"[{""feature"": ""tcp_retransmit_rate"", ""value"": 2.725, ""z"": 84.818}, {""feature"": ""tcp_connect_rate"", ""value"": 16.465, ""z"": 15.239}, {""feature"": ""process_exec_count"", ""value"": 0.641, ""z"": -2.49}]"
2026-05-27T03:25:58Z,mock-node,default,mock-pod,app,1.0,True,"[{""feature"": ""tcp_retransmit_rate"", ""value"": 2.651, ""z"": 82.333}, {""feature"": ""tcp_connect_rate"", ""value"": 16.389, ""z"": 15.139}, {""feature"": ""disk_io_latency_ms"", ""value"": 3.465, ""z"": 4.823}]"
2026-05-27T03:26:08Z,mock-node,default,mock-pod,app,1.0,True,"[{""feature"": ""tcp_retransmit_rate"", ""value"": 3.024, ""z"": 94.861}, {""feature"": ""tcp_connect_rate"", ""value"": 15.646, ""z"": 14.153}, {""feature"": ""disk_io_latency_ms"", ""value"": 3.551, ""z"": 5.107}]"
2026-05-27T03:26:18Z,mock-node,default,mock-pod,app,1.0,True,"[{""feature"": ""tcp_retransmit_rate"", ""value"": 3.929, ""z"": 125.258}, {""feature"": ""tcp_connect_rate"", ""value"": 16.822, ""z"": 15.713}, {""feature"": ""disk_io_latency_ms"", ""value"": 3.077, ""z"": 3.541}]"
2026-05-27T03:26:28Z,mock-node,default,mock-pod,app,0.8721,True,"[{""feature"": ""tcp_retransmit_rate"", ""value"": 3.12, ""z"": 98.086}, {""feature"": ""tcp_connect_rate"", ""value"": 15.827, ""z"": 14.393}, {""feature"": ""disk_io_latency_ms"", ""value"": 3.344, ""z"": 4.423}]"
2026-05-27T03:26:38Z,mock-node,default,mock-pod,app,0.879526,True,"[{""feature"": ""tcp_retransmit_rate"", ""value"": 3.371, ""z"": 106.516}, {""feature"": ""tcp_connect_rate"", ""value"": 14.403, ""z"": 12.505}, {""feature"": ""disk_io_latency_ms"", ""value"": 3.301, ""z"": 4.281}]"
2026-05-27T03:26:48Z,mock-node,default,mock-pod,app,0.912048,True,"[{""feature"": ""tcp_retransmit_rate"", ""value"": 2.751, ""z"": 85.692}, {""feature"": ""tcp_connect_rate"", ""value"": 15.584, ""z"": 14.071}, {""feature"": ""disk_io_latency_ms"", ""value"": 3.523, ""z"": 5.014}]"
2026-05-27T03:26:58Z,mock-node,default,mock-pod,app,0.909609,True,"[{""feature"": ""tcp_retransmit_rate"", ""value"": 2.928, ""z"": 91.637}, {""feature"": ""tcp_connect_rate"", ""value"": 18.481, ""z"": 17.912}, {""feature"": ""network_rx_bytes"", ""value"": 67960.538, ""z"": 2.255}]"
2026-05-27T03:27:08Z,mock-node,default,mock-pod,app,0.854355,True,"[{""feature"": ""tcp_retransmit_rate"", ""value"": 2.696, ""z"": 83.844}, {""feature"": ""tcp_connect_rate"", ""value"": 13.536, ""z"": 11.356}, {""feature"": ""disk_io_latency_ms"", ""value"": 3.078, ""z"": 3.544}]"
2026-05-27T03:27:18Z,mock-node,default,mock-pod,app,0.834957,True,"[{""feature"": ""tcp_retransmit_rate"", ""value"": 3.052, ""z"": 95.802}, {""feature"": ""tcp_connect_rate"", ""value"": 18.212, ""z"": 17.556}, {""feature"": ""network_tx_bytes"", ""value"": 30141.323, ""z"": -1.66}]"
2026-05-27T03:27:28Z,mock-node,default,mock-pod,app,0.968236,True,"[{""feature"": ""tcp_retransmit_rate"", ""value"": 3.423, ""z"": 108.263}, {""feature"": ""tcp_connect_rate"", ""value"": 16.171, ""z"": 14.85}, {""feature"": ""disk_io_latency_ms"", ""value"": 3.249, ""z"": 4.109}]"
2026-05-27T03:27:38Z,mock-node,default,mock-pod,app,0.956747,True,"[{""feature"": ""tcp_retransmit_rate"", ""value"": 3.006, ""z"": 94.257}, {""feature"": ""tcp_connect_rate"", ""value"": 16.082, ""z"": 14.732}, {""feature"": ""disk_io_latency_ms"", ""value"": 3.257, ""z"": 4.136}]"
2026-05-27T03:27:48Z,mock-node,default,mock-pod,app,0.868145,True,"[{""feature"": ""tcp_retransmit_rate"", ""value"": 2.919, ""z"": 91.334}, {""feature"": ""tcp_connect_rate"", ""value"": 18.984, ""z"": 18.579}, {""feature"": ""disk_io_latency_ms"", ""value"": 3.24, ""z"": 4.079}]"
2026-05-27T03:27:58Z,mock-node,default,mock-pod,app,0.980676,True,"[{""feature"": ""tcp_retransmit_rate"", ""value"": 2.662, ""z"": 82.702}, {""feature"": ""tcp_connect_rate"", ""value"": 12.515, ""z"": 10.002}, {""feature"": ""disk_io_latency_ms"", ""value"": 3.417, ""z"": 4.664}]"
2026-05-27T03:28:08Z,mock-node,default,mock-pod,app,0.763192,False,"[{""feature"": ""tcp_retransmit_rate"", ""value"": 2.087, ""z"": 63.389}, {""feature"": ""tcp_connect_rate"", ""value"": 14.195, ""z"": 12.23}, {""feature"": ""disk_io_latency_ms"", ""value"": 2.688, ""z"": 2.256}]"
2026-05-27T03:28:18Z,mock-node,default,mock-pod,app,0.849276,True,"[{""feature"": ""tcp_retransmit_rate"", ""value"": 2.766, ""z"": 86.196}, {""feature"": ""tcp_connect_rate"", ""value"": 11.517, ""z"": 8.679}, {""feature"": ""disk_io_latency_ms"", ""value"": 2.681, ""z"": 2.232}]"
2026-05-27T03:28:28Z,mock-node,default,mock-pod,app,0.97055,True,"[{""feature"": ""tcp_retransmit_rate"", ""value"": 3.078, ""z"": 96.675}, {""feature"": ""tcp_connect_rate"", ""value"": 8.913, ""z"": 5.226}, {""feature"": ""disk_io_latency_ms"", ""value"": 3.507, ""z"": 4.962}]"
2026-05-27T03:28:38Z,mock-node,default,mock-pod,app,1.0,True,"[{""feature"": ""tcp_retransmit_rate"", ""value"": 3.26, ""z"": 102.788}, {""feature"": ""tcp_connect_rate"", ""value"": 14.754, ""z"": 12.971}, {""feature"": ""disk_io_latency_ms"", ""value"": 3.662, ""z"": 5.474}]"
2026-05-27T03:28:48Z,mock-node,default,mock-pod,app,0.948267,True,"[{""feature"": ""tcp_retransmit_rate"", ""value"": 3.449, ""z"": 109.136}, {""feature"": ""tcp_connect_rate"", ""value"": 14.653, ""z"": 12.837}, {""feature"": ""disk_io_latency_ms"", ""value"": 2.789, ""z"": 2.589}]"
2026-05-27T03:28:58Z,mock-node,default,mock-pod,app,0.705193,False,"[{""feature"": ""tcp_retransmit_rate"", ""value"": 2.758, ""z"": 85.927}, {""feature"": ""tcp_connect_rate"", ""value"": 18.969, ""z"": 18.559}, {""feature"": ""disk_io_latency_ms"", ""value"": 2.406, ""z"": 1.324}]"
2026-05-27T03:29:08Z,mock-node,default,mock-pod,app,0.905636,True,"[{""feature"": ""tcp_retransmit_rate"", ""value"": 2.248, ""z"": 68.797}, {""feature"": ""tcp_connect_rate"", ""value"": 16.734, ""z"": 15.596}, {""feature"": ""disk_io_latency_ms"", ""value"": 3.212, ""z"": 3.987}]"
2026-05-27T03:29:18Z,mock-node,default,mock-pod,app,0.71955,False,"[{""feature"": ""tcp_retransmit_rate"", ""value"": 3.72, ""z"": 118.238}, {""feature"": ""tcp_connect_rate"", ""value"": 15.646, ""z"": 14.153}, {""feature"": ""disk_io_latency_ms"", ""value"": 3.487, ""z"": 4.895}]"
2026-05-27T03:29:28Z,mock-node,default,mock-pod,app,1.0,True,"[{""feature"": ""tcp_retransmit_rate"", ""value"": 3.296, ""z"": 103.997}, {""feature"": ""tcp_connect_rate"", ""value"": 18.953, ""z"": 18.538}, {""feature"": ""disk_io_latency_ms"", ""value"": 2.948, ""z"": 3.115}]"
2026-05-27T03:29:38Z,mock-node,default,mock-pod,app,0.905819,True,"[{""feature"": ""tcp_retransmit_rate"", ""value"": 3.08, ""z"": 96.742}, {""feature"": ""tcp_connect_rate"", ""value"": 15.744, ""z"": 14.283}, {""feature"": ""process_fork_count"", ""value"": 1.275, ""z"": 1.944}]"
2026-05-27T03:29:48Z,mock-node,default,mock-pod,app,0.837648,True,"[{""feature"": ""tcp_retransmit_rate"", ""value"": 2.165, ""z"": 66.009}, {""feature"": ""tcp_connect_rate"", ""value"": 16.019, ""z"": 14.648}, {""feature"": ""syscall_open_rate"", ""value"": 14.461, ""z"": -1.858}]"
2026-05-27T03:29:58Z,mock-node,default,mock-pod,app,0.904356,True,"[{""feature"": ""tcp_retransmit_rate"", ""value"": 2.754, ""z"": 85.792}, {""feature"": ""tcp_connect_rate"", ""value"": 15.034, ""z"": 13.342}, {""feature"": ""disk_io_latency_ms"", ""value"": 2.779, ""z"": 2.556}]"
2026-05-27T03:30:08Z,mock-node,default,mock-pod,app,1.0,True,"[{""feature"": ""tcp_retransmit_rate"", ""value"": 3.332, ""z"": 105.206}, {""feature"": ""tcp_connect_rate"", ""value"": 13.343, ""z"": 11.1}, {""feature"": ""disk_io_latency_ms"", ""value"": 3.607, ""z"": 5.292}]"
2026-05-27T03:30:18Z,mock-node,default,mock-pod,app,1.0,True,"[{""feature"": ""tcp_retransmit_rate"", ""value"": 3.095, ""z"": 97.246}, {""feature"": ""tcp_connect_rate"", ""value"": 14.827, ""z"": 13.068}, {""feature"": ""disk_io_latency_ms"", ""value"": 3.76, ""z"": 5.797}]"
2026-05-27T03:30:28Z,mock-node,default,mock-pod,app,0.801198,False,"[{""feature"": ""tcp_retransmit_rate"", ""value"": 3.268, ""z"": 103.057}, {""feature"": ""tcp_connect_rate"", ""value"": 12.474, ""z"": 9.948}, {""feature"": ""process_fork_count"", ""value"": 0.593, ""z"": -2.773}]"
2026-05-27T03:30:38Z,mock-node,default,mock-pod,app,1.0,True,"[{""feature"": ""tcp_retransmit_rate"", ""value"": 2.818, ""z"": 87.942}, {""feature"": ""tcp_connect_rate"", ""value"": 16.717, ""z"": 15.573}, {""feature"": ""disk_io_latency_ms"", ""value"": 3.179, ""z"": 3.878}]"
2026-05-27T03:30:48Z,mock-node,default,mock-pod,app,0.760371,False,"[{""feature"": ""tcp_retransmit_rate"", ""value"": 2.708, ""z"": 84.247}, {""feature"": ""tcp_connect_rate"", ""value"": 17.714, ""z"": 16.895}, {""feature"": ""disk_io_latency_ms"", ""value"": 2.531, ""z"": 1.737}]"
2026-05-27T03:30:58Z,mock-node,default,mock-pod,app,0.46471,False,"[{""feature"": ""tcp_retransmit_rate"", ""value"": 3.017, ""z"": 94.626}, {""feature"": ""tcp_connect_rate"", ""value"": 12.841, ""z"": 10.434}, {""feature"": ""process_fork_count"", ""value"": 0.881, ""z"": -0.781}]"
2026-05-27T03:31:08Z,mock-node,default,mock-pod,app,0.983055,True,"[{""feature"": ""tcp_retransmit_rate"", ""value"": 3.446, ""z"": 109.035}, {""feature"": ""tcp_connect_rate"", ""value"": 14.244, ""z"": 12.295}, {""feature"": ""disk_io_latency_ms"", ""value"": 3.549, ""z"": 5.1}]"
2026-05-27T03:31:18Z,mock-node,default,mock-pod,app,0.944635,True,"[{""feature"": ""tcp_retransmit_rate"", ""value"": 3.444, ""z"": 108.968}, {""feature"": ""tcp_connect_rate"", ""value"": 13.803, ""z"": 11.71}, {""feature"": ""disk_io_latency_ms"", ""value"": 2.938, ""z"": 3.082}]"
2026-05-27T03:31:28Z,mock-node,default,mock-pod,app,1.0,True,"[{""feature"": ""tcp_retransmit_rate"", ""value"": 3.021, ""z"": 94.76}, {""feature"": ""tcp_connect_rate"", ""value"": 18.413, ""z"": 17.822}, {""feature"": ""disk_io_latency_ms"", ""value"": 3.059, ""z"": 3.481}]"
2026-05-27T03:31:38Z,mock-node,default,mock-pod,app,0.925471,True,"[{""feature"": ""tcp_retransmit_rate"", ""value"": 2.799, ""z"": 87.304}, {""feature"": ""tcp_connect_rate"", ""value"": 16.202, ""z"": 14.891}, {""feature"": ""process_exec_count"", ""value"": 0.662, ""z"": -2.345}]"
2026-05-27T03:31:48Z,mock-node,default,mock-pod,app,1.0,True,"[{""feature"": ""tcp_retransmit_rate"", ""value"": 3.06, ""z"": 96.07}, {""feature"": ""tcp_connect_rate"", ""value"": 18.249, ""z"": 17.605}, {""feature"": ""disk_io_latency_ms"", ""value"": 3.45, ""z"": 4.773}]"
2026-05-27T03:31:58Z,mock-node,default,mock-pod,app,1.0,True,"[{""feature"": ""tcp_retransmit_rate"", ""value"": 3.493, ""z"": 110.614}, {""feature"": ""tcp_connect_rate"", ""value"": 16.27, ""z"": 14.981}, {""feature"": ""disk_io_latency_ms"", ""value"": 2.659, ""z"": 2.16}]"
2026-05-27T03:32:08Z,mock-node,default,mock-pod,app,0.877785,True,"[{""feature"": ""tcp_retransmit_rate"", ""value"": 3.452, ""z"": 109.237}, {""feature"": ""tcp_connect_rate"", ""value"": 20.642, ""z"": 20.778}, {""feature"": ""disk_io_latency_ms"", ""value"": 3.84, ""z"": 6.062}]"
2026-05-27T03:32:18Z,mock-node,default,mock-pod,app,1.0,True,"[{""feature"": ""tcp_retransmit_rate"", ""value"": 2.232, ""z"": 68.26}, {""feature"": ""tcp_connect_rate"", ""value"": 17.392, ""z"": 16.468}, {""feature"": ""disk_io_latency_ms"", ""value"": 3.004, ""z"": 3.3}]"
2026-05-27T03:32:28Z,mock-node,default,mock-pod,app,1.0,True,"[{""feature"": ""tcp_retransmit_rate"", ""value"": 2.163, ""z"": 65.942}, {""feature"": ""tcp_connect_rate"", ""value"": 16.711, ""z"": 15.566}, {""feature"": ""process_exec_count"", ""value"": 0.696, ""z"": -2.111}]"
2026-05-27T03:32:38Z,mock-node,default,mock-pod,app,0.99242,True,"[{""feature"": ""tcp_retransmit_rate"", ""value"": 3.299, ""z"": 104.098}, {""feature"": ""tcp_connect_rate"", ""value"": 18.567, ""z"": 18.026}, {""feature"": ""disk_io_latency_ms"", ""value"": 3.066, ""z"": 3.504}]"
2026-05-27T03:32:48Z,mock-node,default,mock-pod,app,0.86021,True,"[{""feature"": ""tcp_retransmit_rate"", ""value"": 2.676, ""z"": 83.173}, {""feature"": ""tcp_connect_rate"", ""value"": 15.227, ""z"": 13.598}, {""feature"": ""network_rx_bytes"", ""value"": 35969.233, ""z"": -1.791}]"
2026-05-27T03:32:58Z,mock-node,default,mock-pod,app,0.962052,True,"[{""feature"": ""tcp_retransmit_rate"", ""value"": 2.556, ""z"": 79.142}, {""feature"": ""tcp_connect_rate"", ""value"": 17.202, ""z"": 16.217}, {""feature"": ""disk_io_latency_ms"", ""value"": 2.992, ""z"": 3.26}]"
2026-05-27T03:33:08Z,mock-node,default,mock-pod,app,0.891017,True,"[{""feature"": ""tcp_retransmit_rate"", ""value"": 2.989, ""z"": 93.686}, {""feature"": ""tcp_connect_rate"", ""value"": 14.545, ""z"": 12.694}, {""feature"": ""network_rx_bytes"", ""value"": 72356.274, ""z"": 2.811}]"
2026-05-27T03:33:18Z,mock-node,default,mock-pod,app,1.0,True,"[{""feature"": ""tcp_retransmit_rate"", ""value"": 2.997, ""z"": 93.954}, {""feature"": ""tcp_connect_rate"", ""value"": 9.744, ""z"": 6.328}, {""feature"": ""disk_io_latency_ms"", ""value"": 3.073, ""z"": 3.528}]"
2026-05-27T03:33:28Z,mock-node,default,mock-pod,app,0.918445,True,"[{""feature"": ""tcp_retransmit_rate"", ""value"": 2.738, ""z"": 85.255}, {""feature"": ""tcp_connect_rate"", ""value"": 13.152, ""z"": 10.847}, {""feature"": ""process_exec_count"", ""value"": 0.71, ""z"": -2.014}]"
2026-05-27T03:33:38Z,mock-node,default,mock-pod,app,0.786315,False,"[{""feature"": ""tcp_retransmit_rate"", ""value"": 3.022, ""z"": 94.794}, {""feature"": ""tcp_connect_rate"", ""value"": 13.513, ""z"": 11.325}, {""feature"": ""syscall_open_rate"", ""value"": 29.075, ""z"": 2.981}]"
2026-05-27T03:33:48Z,mock-node,default,mock-pod,app,1.0,True,"[{""feature"": ""tcp_retransmit_rate"", ""value"": 3.086, ""z"": 96.944}, {""feature"": ""tcp_connect_rate"", ""value"": 16.182, ""z"": 14.864}, {""feature"": ""network_tx_bytes"", ""value"": 25800.323, ""z"": -2.391}]"
2026-05-27T03:33:58Z,mock-node,default,mock-pod,app,0.822202,True,"[{""feature"": ""tcp_retransmit_rate"", ""value"": 3.018, ""z"": 94.66}, {""feature"": ""tcp_connect_rate"", ""value"": 15.16, ""z"": 13.509}, {""feature"": ""disk_io_latency_ms"", ""value"": 2.71, ""z"": 2.328}]"
2026-05-27T03:34:08Z,mock-node,default,mock-pod,app,1.0,True,"[{""feature"": ""tcp_retransmit_rate"", ""value"": 3.377, ""z"": 106.718}, {""feature"": ""tcp_connect_rate"", ""value"": 16.565, ""z"": 15.372}, {""feature"": ""syscall_read_rate"", ""value"": 201.561, ""z"": 2.292}]"
2026-05-27T03:34:18Z,mock-node,default,mock-pod,app,0.832932,True,"[{""feature"": ""tcp_retransmit_rate"", ""value"": 2.871, ""z"": 89.722}, {""feature"": ""tcp_connect_rate"", ""value"": 15.757, ""z"": 14.301}, {""feature"": ""disk_io_latency_ms"", ""value"": 3.461, ""z"": 4.81}]"
2026-05-27T03:34:28Z,mock-node,default,mock-pod,app,1.0,True,"[{""feature"": ""tcp_retransmit_rate"", ""value"": 3.885, ""z"": 123.78}, {""feature"": ""tcp_connect_rate"", ""value"": 12.983, ""z"": 10.623}, {""feature"": ""disk_io_latency_ms"", ""value"": 2.848, ""z"": 2.784}]"
2026-05-27T03:34:38Z,mock-node,default,mock-pod,app,0.831338,True,"[{""feature"": ""tcp_retransmit_rate"", ""value"": 4.024, ""z"": 128.449}, {""feature"": ""tcp_connect_rate"", ""value"": 20.202, ""z"": 20.194}, {""feature"": ""disk_io_latency_ms"", ""value"": 2.906, ""z"": 2.976}]"
2026-05-27T03:34:48Z,mock-node,default,mock-pod,app,0.772634,False,"[{""feature"": ""tcp_retransmit_rate"", ""value"": 3.022, ""z"": 94.794}, {""feature"": ""tcp_connect_rate"", ""value"": 15.089, ""z"": 13.415}, {""feature"": ""disk_io_latency_ms"", ""value"": 3.269, ""z"": 4.175}]"
2026-05-27T03:34:58Z,mock-node,default,mock-pod,app,0.906016,True,"[{""feature"": ""tcp_retransmit_rate"", ""value"": 3.169, ""z"": 99.731}, {""feature"": ""tcp_connect_rate"", ""value"": 13.554, ""z"": 11.38}, {""feature"": ""disk_io_latency_ms"", ""value"": 3.302, ""z"": 4.284}]"
2026-05-27T03:35:08Z,mock-node,default,mock-pod,app,0.862162,True,"[{""feature"": ""tcp_retransmit_rate"", ""value"": 2.542, ""z"": 78.672}, {""feature"": ""tcp_connect_rate"", ""value"": 14.75, ""z"": 12.965}, {""feature"": ""disk_io_latency_ms"", ""value"": 3.491, ""z"": 4.909}]"
2026-05-27T03:35:18Z,mock-node,default,mock-pod,app,0.905778,True,"[{""feature"": ""tcp_retransmit_rate"", ""value"": 3.332, ""z"": 105.206}, {""feature"": ""tcp_connect_rate"", ""value"": 13.725, ""z"": 11.606}, {""feature"": ""disk_io_latency_ms"", ""value"": 3.438, ""z"": 4.734}]"
2026-05-27T03:35:28Z,mock-node,default,mock-pod,app,1.0,True,"[{""feature"": ""tcp_retransmit_rate"", ""value"": 2.176, ""z"": 66.379}, {""feature"": ""tcp_connect_rate"", ""value"": 16.83, ""z"": 15.723}, {""feature"": ""disk_io_latency_ms"", ""value"": 3.847, ""z"": 6.085}]"
2026-05-27T03:35:38Z,mock-node,default,mock-pod,app,0.723137,False,"[{""feature"": ""tcp_retransmit_rate"", ""value"": 3.314, ""z"": 104.602}, {""feature"": ""tcp_connect_rate"", ""value"": 14.893, ""z"": 13.155}, {""feature"": ""disk_io_latency_ms"", ""value"": 3.83, ""z"": 6.029}]"
2026-05-27T03:35:48Z,mock-node,default,mock-pod,app,0.844123,True,"[{""feature"": ""tcp_retransmit_rate"", ""value"": 2.747, ""z"": 85.557}, {""feature"": ""tcp_connect_rate"", ""value"": 12.573, ""z"": 10.079}, {""feature"": ""disk_io_latency_ms"", ""value"": 3.221, ""z"": 4.017}]"
2026-05-27T03:35:58Z,mock-node,default,mock-pod,app,0.912187,True,"[{""feature"": ""tcp_retransmit_rate"", ""value"": 2.251, ""z"": 68.898}, {""feature"": ""tcp_connect_rate"", ""value"": 15.682, ""z"": 14.201}, {""feature"": ""disk_io_latency_ms"", ""value"": 2.73, ""z"": 2.394}]"
2026-05-27T03:36:08Z,mock-node,default,mock-pod,app,0.718914,False,"[{""feature"": ""tcp_retransmit_rate"", ""value"": 3.653, ""z"": 115.988}, {""feature"": ""tcp_connect_rate"", ""value"": 10.753, ""z"": 7.666}, {""feature"": ""context_switch_count"", ""value"": 550.274, ""z"": -2.164}]"
2026-05-27T03:36:18Z,mock-node,default,mock-pod,app,0.833347,True,"[{""feature"": ""tcp_retransmit_rate"", ""value"": 4.014, ""z"": 128.113}, {""feature"": ""tcp_connect_rate"", ""value"": 15.897, ""z"": 14.486}, {""feature"": ""disk_io_latency_ms"", ""value"": 2.683, ""z"": 2.239}]"
2026-05-27T03:36:28Z,mock-node,default,mock-pod,app,0.837954,True,"[{""feature"": ""tcp_retransmit_rate"", ""value"": 2.853, ""z"": 89.118}, {""feature"": ""tcp_connect_rate"", ""value"": 18.825, ""z"": 18.368}, {""feature"": ""disk_io_latency_ms"", ""value"": 3.089, ""z"": 3.58}]"
2026-05-27T03:36:38Z,mock-node,default,mock-pod,app,1.0,True,"[{""feature"": ""tcp_retransmit_rate"", ""value"": 2.753, ""z"": 85.759}, {""feature"": ""tcp_connect_rate"", ""value"": 13.658, ""z"": 11.518}, {""feature"": ""disk_io_latency_ms"", ""value"": 2.887, ""z"": 2.913}]"
2026-05-27T03:36:48Z,mock-node,default,mock-pod,app,0.875208,True,"[{""feature"": ""tcp_retransmit_rate"", ""value"": 3.501, ""z"": 110.882}, {""feature"": ""tcp_connect_rate"", ""value"": 14.709, ""z"": 12.911}, {""feature"": ""disk_io_latency_ms"", ""value"": 2.876, ""z"": 2.877}]"
2026-05-27T03:36:58Z,mock-node,default,mock-pod,app,0.892507,True,"[{""feature"": ""tcp_retransmit_rate"", ""value"": 2.41, ""z"": 74.238}, {""feature"": ""tcp_connect_rate"", ""value"": 12.391, ""z"": 9.838}, {""feature"": ""disk_io_latency_ms"", ""value"": 3.138, ""z"": 3.742}]"
2026-05-27T03:37:08Z,mock-node,default,mock-pod,app,0.803702,True,"[{""feature"": ""tcp_retransmit_rate"", ""value"": 3.4, ""z"": 107.49}, {""feature"": ""tcp_connect_rate"", ""value"": 12.782, ""z"": 10.356}, {""feature"": ""context_switch_count"", ""value"": 1146.815, ""z"": 2.902}]"
2026-05-27T03:37:18Z,mock-node,default,mock-pod,app,1.0,True,"[{""feature"": ""tcp_retransmit_rate"", ""value"": 3.335, ""z"": 105.307}, {""feature"": ""tcp_connect_rate"", ""value"": 15.702, ""z"": 14.228}, {""feature"": ""disk_io_latency_ms"", ""value"": 3.271, ""z"": 4.182}]"
2026-05-27T03:37:28Z,mock-node,default,mock-pod,app,0.974446,True,"[{""feature"": ""tcp_retransmit_rate"", ""value"": 3.54, ""z"": 112.192}, {""feature"": ""tcp_connect_rate"", ""value"": 12.974, ""z"": 10.611}, {""feature"": ""disk_io_latency_ms"", ""value"": 2.948, ""z"": 3.115}]"
2026-05-27T03:37:38Z,mock-node,default,mock-pod,app,0.986737,True,"[{""feature"": ""tcp_retransmit_rate"", ""value"": 3.029, ""z"": 95.029}, {""feature"": ""tcp_connect_rate"", ""value"": 14.4, ""z"": 12.501}, {""feature"": ""disk_io_latency_ms"", ""value"": 3.015, ""z"": 3.336}]"
2026-05-27T03:37:48Z,mock-node,default,mock-pod,app,1.0,True,"[{""feature"": ""tcp_retransmit_rate"", ""value"": 3.147, ""z"": 98.992}, {""feature"": ""tcp_connect_rate"", ""value"": 12.621, ""z"": 10.143}, {""feature"": ""disk_io_latency_ms"", ""value"": 2.703, ""z"": 2.305}]"
2026-05-27T03:37:58Z,mock-node,default,mock-pod,app,0.875206,True,"[{""feature"": ""tcp_retransmit_rate"", ""value"": 3.361, ""z"": 106.18}, {""feature"": ""tcp_connect_rate"", ""value"": 16.754, ""z"": 15.623}, {""feature"": ""disk_io_latency_ms"", ""value"": 2.809, ""z"": 2.655}]"
2026-05-27T03:38:08Z,mock-node,default,mock-pod,app,0.850326,True,"[{""feature"": ""tcp_retransmit_rate"", ""value"": 3.009, ""z"": 94.357}, {""feature"": ""tcp_connect_rate"", ""value"": 15.7, ""z"": 14.225}, {""feature"": ""syscall_write_rate"", ""value"": 63.447, ""z"": -2.019}]"
2026-05-27T03:38:18Z,mock-node,default,mock-pod,app,1.0,True,"[{""feature"": ""tcp_retransmit_rate"", ""value"": 2.351, ""z"": 72.257}, {""feature"": ""tcp_connect_rate"", ""value"": 17.358, ""z"": 16.423}, {""feature"": ""disk_io_latency_ms"", ""value"": 3.254, ""z"": 4.126}]"
2026-05-27T03:38:28Z,mock-node,default,mock-pod,app,1.0,True,"[{""feature"": ""tcp_retransmit_rate"", ""value"": 3.231, ""z"": 101.814}, {""feature"": ""tcp_connect_rate"", ""value"": 12.07, ""z"": 9.412}, {""feature"": ""disk_io_latency_ms"", ""value"": 3.188, ""z"": 3.908}]"
2026-05-27T03:38:38Z,mock-node,default,mock-pod,app,0.945674,True,"[{""feature"": ""tcp_retransmit_rate"", ""value"": 3.587, ""z"": 113.771}, {""feature"": ""tcp_connect_rate"", ""value"": 12.881, ""z"": 10.487}, {""feature"": ""disk_io_latency_ms"", ""value"": 3.31, ""z"": 4.311}]"
2026-05-27T03:38:48Z,mock-node,default,mock-pod,app,0.965861,True,"[{""feature"": ""tcp_retransmit_rate"", ""value"": 4.143, ""z"": 132.446}, {""feature"": ""tcp_connect_rate"", ""value"": 10.671, ""z"": 7.557}, {""feature"": ""disk_io_latency_ms"", ""value"": 2.759, ""z"": 2.49}]"
2026-05-27T03:38:58Z,mock-node,default,mock-pod,app,0.920075,True,"[{""feature"": ""tcp_retransmit_rate"", ""value"": 2.429, ""z"": 74.876}, {""feature"": ""tcp_connect_rate"", ""value"": 13.704, ""z"": 11.579}, {""feature"": ""disk_write_bytes"", ""value"": 7456.272, ""z"": -3.356}]"
2026-05-27T03:39:08Z,mock-node,default,mock-pod,app,0.925959,True,"[{""feature"": ""tcp_retransmit_rate"", ""value"": 3.162, ""z"": 99.496}, {""feature"": ""tcp_connect_rate"", ""value"": 16.113, ""z"": 14.773}, {""feature"": ""disk_io_latency_ms"", ""value"": 3.066, ""z"": 3.504}]"
2026-05-27T03:39:18Z,mock-node,default,mock-pod,app,1.0,True,"[{""feature"": ""tcp_retransmit_rate"", ""value"": 3.79, ""z"": 120.589}, {""feature"": ""tcp_connect_rate"", ""value"": 16.55, ""z"": 15.352}, {""feature"": ""disk_io_latency_ms"", ""value"": 3.138, ""z"": 3.742}]"
2026-05-27T03:39:28Z,mock-node,default,mock-pod,app,1.0,True,"[{""feature"": ""tcp_retransmit_rate"", ""value"": 3.135, ""z"": 98.589}, {""feature"": ""tcp_connect_rate"", ""value"": 15.003, ""z"": 13.301}, {""feature"": ""disk_io_latency_ms"", ""value"": 3.154, ""z"": 3.795}]"
2026-05-27T03:39:38Z,mock-node,default,mock-pod,app,1.0,True,"[{""feature"": ""tcp_retransmit_rate"", ""value"": 2.937, ""z"": 91.939}, {""feature"": ""tcp_connect_rate"", ""value"": 17.234, ""z"": 16.259}, {""feature"": ""disk_io_latency_ms"", ""value"": 3.078, ""z"": 3.544}]"
2026-05-27T03:39:48Z,mock-node,default,mock-pod,app,0.852428,True,"[{""feature"": ""tcp_retransmit_rate"", ""value"": 2.916, ""z"": 91.234}, {""feature"": ""tcp_connect_rate"", ""value"": 13.97, ""z"": 11.931}, {""feature"": ""disk_io_latency_ms"", ""value"": 3.601, ""z"": 5.272}]"
2026-05-27T03:39:58Z,mock-node,default,mock-pod,app,0.908026,True,"[{""feature"": ""tcp_retransmit_rate"", ""value"": 2.789, ""z"": 86.968}, {""feature"": ""tcp_connect_rate"", ""value"": 15.598, ""z"": 14.09}, {""feature"": ""disk_io_latency_ms"", ""value"": 3.196, ""z"": 3.934}]"
2026-05-27T03:40:08Z,mock-node,default,mock-pod,app,0.975238,True,"[{""feature"": ""tcp_retransmit_rate"", ""value"": 3.575, ""z"": 113.368}, {""feature"": ""tcp_connect_rate"", ""value"": 12.829, ""z"": 10.418}, {""feature"": ""disk_write_bytes"", ""value"": 20334.103, ""z"": 2.43}]"
2026-05-27T03:40:18Z,mock-node,default,mock-pod,app,0.733903,False,"[{""feature"": ""tcp_retransmit_rate"", ""value"": 2.771, ""z"": 86.363}, {""feature"": ""tcp_connect_rate"", ""value"": 13.234, ""z"": 10.955}, {""feature"": ""disk_io_latency_ms"", ""value"": 2.834, ""z"": 2.738}]"
2026-05-27T03:40:28Z,mock-node,default,mock-pod,app,0.956325,True,"[{""feature"": ""tcp_retransmit_rate"", ""value"": 2.84, ""z"": 88.681}, {""feature"": ""tcp_connect_rate"", ""value"": 13.232, ""z"": 10.953}, {""feature"": ""disk_io_latency_ms"", ""value"": 2.714, ""z"": 2.341}]"
2026-05-27T03:40:38Z,mock-node,default,mock-pod,app,0.922903,True,"[{""feature"": ""tcp_retransmit_rate"", ""value"": 2.879, ""z"": 89.991}, {""feature"": ""tcp_connect_rate"", ""value"": 15.795, ""z"": 14.351}, {""feature"": ""disk_io_latency_ms"", ""value"": 3.448, ""z"": 4.767}]"
2026-05-27T03:40:48Z,mock-node,default,mock-pod,app,0.893807,True,"[{""feature"": ""tcp_retransmit_rate"", ""value"": 3.125, ""z"": 98.253}, {""feature"": ""tcp_connect_rate"", ""value"": 18.336, ""z"": 17.72}, {""feature"": ""disk_io_latency_ms"", ""value"": 2.893, ""z"": 2.933}]"
2026-05-27T03:40:58Z,mock-node,default,mock-pod,app,0.825089,True,"[{""feature"": ""tcp_retransmit_rate"", ""value"": 2.929, ""z"": 91.67}, {""feature"": ""tcp_connect_rate"", ""value"": 18.291, ""z"": 17.66}, {""feature"": ""disk_io_latency_ms"", ""value"": 3.254, ""z"": 4.126}]"
2026-05-27T03:41:08Z,mock-node,default,mock-pod,app,0.88385,True,"[{""feature"": ""tcp_retransmit_rate"", ""value"": 2.505, ""z"": 77.429}, {""feature"": ""tcp_connect_rate"", ""value"": 16.558, ""z"": 15.363}, {""feature"": ""disk_io_latency_ms"", ""value"": 2.988, ""z"": 3.247}]"
2026-05-27T03:41:18Z,mock-node,default,mock-pod,app,0.785217,False,"[{""feature"": ""tcp_retransmit_rate"", ""value"": 3.322, ""z"": 104.87}, {""feature"": ""tcp_connect_rate"", ""value"": 12.559, ""z"": 10.06}, {""feature"": ""disk_io_latency_ms"", ""value"": 3.967, ""z"": 6.481}]"
2026-05-27T03:41:28Z,mock-node,default,mock-pod,app,1.0,True,"[{""feature"": ""tcp_retransmit_rate"", ""value"": 3.192, ""z"": 100.504}, {""feature"": ""tcp_connect_rate"", ""value"": 14.81, ""z"": 13.045}, {""feature"": ""disk_io_latency_ms"", ""value"": 2.939, ""z"": 3.085}]"
2026-05-27T03:41:38Z,mock-node,default,mock-pod,app,0.685429,False,"[{""feature"": ""tcp_retransmit_rate"", ""value"": 3.212, ""z"": 101.176}, {""feature"": ""tcp_connect_rate"", ""value"": 16.173, ""z"": 14.852}, {""feature"": ""syscall_read_rate"", ""value"": 182.823, ""z"": 1.46}]"
2026-05-27T03:41:48Z,mock-node,default,mock-pod,app,0.795288,False,"[{""feature"": ""tcp_retransmit_rate"", ""value"": 3.154, ""z"": 99.228}, {""feature"": ""tcp_connect_rate"", ""value"": 16.972, ""z"": 15.912}, {""feature"": ""disk_io_latency_ms"", ""value"": 2.821, ""z"": 2.695}]"
2026-05-27T03:41:58Z,mock-node,default,mock-pod,app,0.993404,True,"[{""feature"": ""tcp_retransmit_rate"", ""value"": 2.714, ""z"": 84.449}, {""feature"": ""tcp_connect_rate"", ""value"": 14.179, ""z"": 12.208}, {""feature"": ""disk_io_latency_ms"", ""value"": 3.716, ""z"": 5.652}]"
2026-05-27T03:42:08Z,mock-node,default,mock-pod,app,0.859509,True,"[{""feature"": ""tcp_retransmit_rate"", ""value"": 2.156, ""z"": 65.707}, {""feature"": ""tcp_connect_rate"", ""value"": 15.43, ""z"": 13.867}, {""feature"": ""disk_io_latency_ms"", ""value"": 3.339, ""z"": 4.406}]"
2026-05-27T03:42:18Z,mock-node,default,mock-pod,app,0.907559,True,"[{""feature"": ""tcp_retransmit_rate"", ""value"": 2.822, ""z"": 88.076}, {""feature"": ""tcp_connect_rate"", ""value"": 17.258, ""z"": 16.291}, {""feature"": ""disk_io_latency_ms"", ""value"": 2.963, ""z"": 3.164}]"
2026-05-27T03:42:28Z,mock-node,default,mock-pod,app,0.630795,False,"[{""feature"": ""tcp_retransmit_rate"", ""value"": 3.117, ""z"": 97.985}, {""feature"": ""tcp_connect_rate"", ""value"": 13.663, ""z"": 11.524}, {""feature"": ""process_exec_count"", ""value"": 0.748, ""z"": -1.752}]"
2026-05-27T03:42:38Z,mock-node,default,mock-pod,app,0.809317,True,"[{""feature"": ""tcp_retransmit_rate"", ""value"": 3.201, ""z"": 100.806}, {""feature"": ""tcp_connect_rate"", ""value"": 15.672, ""z"": 14.188}, {""feature"": ""syscall_open_rate"", ""value"": 25.099, ""z"": 1.665}]"
2026-05-27T03:42:48Z,mock-node,default,mock-pod,app,0.937193,True,"[{""feature"": ""tcp_retransmit_rate"", ""value"": 2.648, ""z"": 82.232}, {""feature"": ""tcp_connect_rate"", ""value"": 15.901, ""z"": 14.492}, {""feature"": ""disk_io_latency_ms"", ""value"": 3.009, ""z"": 3.316}]"
2026-05-27T03:42:58Z,mock-node,default,mock-pod,app,1.0,True,"[{""feature"": ""tcp_retransmit_rate"", ""value"": 2.471, ""z"": 76.287}, {""feature"": ""tcp_connect_rate"", ""value"": 11.96, ""z"": 9.266}, {""feature"": ""disk_io_latency_ms"", ""value"": 2.91, ""z"": 2.989}]"
2026-05-27T03:43:08Z,mock-node,default,mock-pod,app,0.864845,True,"[{""feature"": ""tcp_retransmit_rate"", ""value"": 3.109, ""z"": 97.716}, {""feature"": ""tcp_connect_rate"", ""value"": 13.64, ""z"": 11.494}, {""feature"": ""disk_io_latency_ms"", ""value"": 3.109, ""z"": 3.647}]"
2026-05-27T03:43:18Z,mock-node,default,mock-pod,app,0.791508,False,"[{""feature"": ""tcp_retransmit_rate"", ""value"": 2.577, ""z"": 79.847}, {""feature"": ""tcp_connect_rate"", ""value"": 17.052, ""z"": 16.018}, {""feature"": ""disk_io_latency_ms"", ""value"": 3.467, ""z"": 4.829}]"
2026-05-27T03:43:28Z,mock-node,default,mock-pod,app,0.969175,True,"[{""feature"": ""tcp_retransmit_rate"", ""value"": 2.823, ""z"": 88.11}, {""feature"": ""tcp_connect_rate"", ""value"": 19.843, ""z"": 19.718}, {""feature"": ""disk_io_latency_ms"", ""value"": 3.059, ""z"": 3.481}]"
2026-05-27T03:43:38Z,mock-node,default,mock-pod,app,1.0,True,"[{""feature"": ""tcp_retransmit_rate"", ""value"": 2.772, ""z"": 86.397}, {""feature"": ""tcp_connect_rate"", ""value"": 14.247, ""z"": 12.299}, {""feature"": ""disk_io_latency_ms"", ""value"": 3.051, ""z"": 3.455}]"
2026-05-27T03:43:48Z,mock-node,default,mock-pod,app,0.977515,True,"[{""feature"": ""tcp_retransmit_rate"", ""value"": 3.277, ""z"": 103.359}, {""feature"": ""tcp_connect_rate"", ""value"": 12.608, ""z"": 10.125}, {""feature"": ""disk_io_latency_ms"", ""value"": 3.437, ""z"": 4.73}]"
2026-05-27T03:43:58Z,mock-node,default,mock-pod,app,0.78012,False,"[{""feature"": ""tcp_retransmit_rate"", ""value"": 2.429, ""z"": 74.876}, {""feature"": ""tcp_connect_rate"", ""value"": 14.671, ""z"": 12.861}, {""feature"": ""disk_io_latency_ms"", ""value"": 3.352, ""z"": 4.449}]"
2026-05-27T03:44:08Z,mock-node,default,mock-pod,app,0.946601,True,"[{""feature"": ""tcp_retransmit_rate"", ""value"": 2.777, ""z"": 86.565}, {""feature"": ""tcp_connect_rate"", ""value"": 11.615, ""z"": 8.809}, {""feature"": ""disk_io_latency_ms"", ""value"": 3.679, ""z"": 5.53}]"
2026-05-27T03:10:59Z,mock-node,default,mock-pod,app,0.888976,True,"[{""feature"": ""tcp_retransmit_rate"", ""value"": 6.884, ""z"": 224.51}, {""feature"": ""network_rx_bytes"", ""value"": 19360.094, ""z"": -3.891}, {""feature"": ""network_tx_bytes"", ""value"": 18668.602, ""z"": -3.593}]"
2026-05-27T03:11:09Z,mock-node,default,mock-pod,app,0.858215,True,"[{""feature"": ""tcp_retransmit_rate"", ""value"": 5.907, ""z"": 191.694}, {""feature"": ""network_tx_bytes"", ""value"": 14876.346, ""z"": -4.232}, {""feature"": ""network_rx_bytes"", ""value"": 17331.154, ""z"": -4.148}]"
2026-05-27T03:11:19Z,mock-node,default,mock-pod,app,0.963466,True,"[{""feature"": ""tcp_retransmit_rate"", ""value"": 7.256, ""z"": 237.004}, {""feature"": ""network_tx_bytes"", ""value"": 15174.288, ""z"": -4.181}, {""feature"": ""network_rx_bytes"", ""value"": 17781.452, ""z"": -4.091}]"
2026-05-27T03:11:29Z,mock-node,default,mock-pod,app,0.926258,True,"[{""feature"": ""tcp_retransmit_rate"", ""value"": 6.212, ""z"": 201.939}, {""feature"": ""network_rx_bytes"", ""value"": 20145.423, ""z"": -3.792}, {""feature"": ""network_tx_bytes"", ""value"": 19134.985, ""z"": -3.514}]"
2026-05-27T03:11:39Z,mock-node,default,mock-pod,app,1.0,True,"[{""feature"": ""tcp_retransmit_rate"", ""value"": 9.729, ""z"": 320.067}, {""feature"": ""network_tx_bytes"", ""value"": 16286.258, ""z"": -3.994}, {""feature"": ""network_rx_bytes"", ""value"": 21086.731, ""z"": -3.673}]"
2026-05-27T03:11:49Z,mock-node,default,mock-pod,app,1.0,True,"[{""feature"": ""tcp_retransmit_rate"", ""value"": 8.287, ""z"": 271.633}, {""feature"": ""network_tx_bytes"", ""value"": 17388.393, ""z"": -3.808}, {""feature"": ""network_rx_bytes"", ""value"": 24330.049, ""z"": -3.263}]"
2026-05-27T03:11:59Z,mock-node,default,mock-pod,app,1.0,True,"[{""feature"": ""tcp_retransmit_rate"", ""value"": 9.913, ""z"": 326.247}, {""feature"": ""network_tx_bytes"", ""value"": 17244.759, ""z"": -3.833}, {""feature"": ""network_rx_bytes"", ""value"": 21857.086, ""z"": -3.576}]"
2026-05-27T03:12:09Z,mock-node,default,mock-pod,app,0.906743,True,"[{""feature"": ""tcp_retransmit_rate"", ""value"": 9.223, ""z"": 303.071}, {""feature"": ""network_rx_bytes"", ""value"": 16066.434, ""z"": -4.308}, {""feature"": ""network_tx_bytes"", ""value"": 19864.255, ""z"": -3.391}]"
2026-05-27T03:12:19Z,mock-node,default,mock-pod,app,0.834528,True,"[{""feature"": ""tcp_retransmit_rate"", ""value"": 6.943, ""z"": 226.491}, {""feature"": ""network_rx_bytes"", ""value"": 22839.366, ""z"": -3.451}, {""feature"": ""network_tx_bytes"", ""value"": 19517.194, ""z"": -3.45}]"
2026-05-27T03:12:29Z,mock-node,default,mock-pod,app,0.953767,True,"[{""feature"": ""tcp_retransmit_rate"", ""value"": 8.758, ""z"": 287.453}, {""feature"": ""network_tx_bytes"", ""value"": 18061.606, ""z"": -3.695}, {""feature"": ""network_rx_bytes"", ""value"": 23386.071, ""z"": -3.382}]"
2026-05-27T03:12:39Z,mock-node,default,mock-pod,app,0.913125,True,"[{""feature"": ""tcp_retransmit_rate"", ""value"": 10.413, ""z"": 343.041}, {""feature"": ""network_tx_bytes"", ""value"": 14973.777, ""z"": -4.215}, {""feature"": ""network_rx_bytes"", ""value"": 20974.828, ""z"": -3.687}]"
2026-05-27T03:12:49Z,mock-node,default,mock-pod,app,1.0,True,"[{""feature"": ""tcp_retransmit_rate"", ""value"": 8.286, ""z"": 271.6}, {""feature"": ""network_rx_bytes"", ""value"": 18706.546, ""z"": -3.974}, {""feature"": ""network_tx_bytes"", ""value"": 17572.351, ""z"": -3.777}]"
2026-05-27T03:12:59Z,mock-node,default,mock-pod,app,1.0,True,"[{""feature"": ""tcp_retransmit_rate"", ""value"": 9.21, ""z"": 302.635}, {""feature"": ""network_rx_bytes"", ""value"": 16494.313, ""z"": -4.254}, {""feature"": ""network_tx_bytes"", ""value"": 15839.92, ""z"": -4.069}]"
2026-05-27T03:13:09Z,mock-node,default,mock-pod,app,1.0,True,"[{""feature"": ""tcp_retransmit_rate"", ""value"": 6.263, ""z"": 203.652}, {""feature"": ""network_tx_bytes"", ""value"": 12418.868, ""z"": -4.646}, {""feature"": ""network_rx_bytes"", ""value"": 22049.45, ""z"": -3.551}]"
2026-05-27T03:13:19Z,mock-node,default,mock-pod,app,0.969966,True,"[{""feature"": ""tcp_retransmit_rate"", ""value"": 11.294, ""z"": 372.631}, {""feature"": ""network_rx_bytes"", ""value"": 16559.483, ""z"": -4.246}, {""feature"": ""network_tx_bytes"", ""value"": 18195.062, ""z"": -3.673}]"
2026-05-27T03:13:29Z,mock-node,default,mock-pod,app,1.0,True,"[{""feature"": ""tcp_retransmit_rate"", ""value"": 6.236, ""z"": 202.745}, {""feature"": ""network_tx_bytes"", ""value"": 17791.739, ""z"": -3.74}, {""feature"": ""network_rx_bytes"", ""value"": 23799.14, ""z"": -3.33}]"
2026-05-27T03:13:39Z,mock-node,default,mock-pod,app,1.0,True,"[{""feature"": ""tcp_retransmit_rate"", ""value"": 5.634, ""z"": 182.525}, {""feature"": ""network_tx_bytes"", ""value"": 15768.975, ""z"": -4.081}, {""feature"": ""network_rx_bytes"", ""value"": 24219.895, ""z"": -3.277}]"
2026-05-27T03:13:49Z,mock-node,default,mock-pod,app,1.0,True,"[{""feature"": ""tcp_retransmit_rate"", ""value"": 9.222, ""z"": 303.038}, {""feature"": ""network_tx_bytes"", ""value"": 16298.055, ""z"": -3.992}, {""feature"": ""network_rx_bytes"", ""value"": 20345.556, ""z"": -3.767}]"
2026-05-27T03:13:59Z,mock-node,default,mock-pod,app,1.0,True,"[{""feature"": ""tcp_retransmit_rate"", ""value"": 8.095, ""z"": 265.184}, {""feature"": ""network_tx_bytes"", ""value"": 15852.916, ""z"": -4.067}, {""feature"": ""network_rx_bytes"", ""value"": 23979.565, ""z"": -3.307}]"
2026-05-27T03:14:09Z,mock-node,default,mock-pod,app,1.0,True,"[{""feature"": ""tcp_retransmit_rate"", ""value"": 7.985, ""z"": 261.49}, {""feature"": ""network_tx_bytes"", ""value"": 15931.366, ""z"": -4.054}, {""feature"": ""network_rx_bytes"", ""value"": 19423.358, ""z"": -3.883}]"
2026-05-27T03:14:19Z,mock-node,default,mock-pod,app,0.941087,True,"[{""feature"": ""tcp_retransmit_rate"", ""value"": 6.025, ""z"": 195.658}, {""feature"": ""network_rx_bytes"", ""value"": 18206.463, ""z"": -4.037}, {""feature"": ""network_tx_bytes"", ""value"": 18417.786, ""z"": -3.635}]"
2026-05-27T03:14:29Z,mock-node,default,mock-pod,app,1.0,True,"[{""feature"": ""tcp_retransmit_rate"", ""value"": 7.075, ""z"": 230.925}, {""feature"": ""network_rx_bytes"", ""value"": 15404.699, ""z"": -4.392}, {""feature"": ""network_tx_bytes"", ""value"": 15718.54, ""z"": -4.09}]"
2026-05-27T03:14:39Z,mock-node,default,mock-pod,app,0.99138,True,"[{""feature"": ""tcp_retransmit_rate"", ""value"": 8.349, ""z"": 273.716}, {""feature"": ""network_rx_bytes"", ""value"": 18624.253, ""z"": -3.985}, {""feature"": ""network_tx_bytes"", ""value"": 17871.961, ""z"": -3.727}]"
2026-05-27T03:14:49Z,mock-node,default,mock-pod,app,1.0,True,"[{""feature"": ""tcp_retransmit_rate"", ""value"": 7.437, ""z"": 243.084}, {""feature"": ""network_tx_bytes"", ""value"": 11780.482, ""z"": -4.753}, {""feature"": ""network_rx_bytes"", ""value"": 25820.895, ""z"": -3.074}]"
2026-05-27T03:14:59Z,mock-node,default,mock-pod,app,0.892095,True,"[{""feature"": ""tcp_retransmit_rate"", ""value"": 8.351, ""z"": 273.783}, {""feature"": ""network_tx_bytes"", ""value"": 15917.118, ""z"": -4.056}, {""feature"": ""network_rx_bytes"", ""value"": 22476.155, ""z"": -3.497}]"
2026-05-27T03:15:09Z,mock-node,default,mock-pod,app,1.0,True,"[{""feature"": ""tcp_retransmit_rate"", ""value"": 4.888, ""z"": 157.469}, {""feature"": ""network_tx_bytes"", ""value"": 17153.664, ""z"": -3.848}, {""feature"": ""network_rx_bytes"", ""value"": 21864.445, ""z"": -3.575}]"
2026-05-27T03:15:19Z,mock-node,default,mock-pod,app,1.0,True,"[{""feature"": ""tcp_retransmit_rate"", ""value"": 6.317, ""z"": 205.465}, {""feature"": ""network_rx_bytes"", ""value"": 18000.997, ""z"": -4.063}, {""feature"": ""network_tx_bytes"", ""value"": 16699.037, ""z"": -3.925}]"
2026-05-27T03:15:29Z,mock-node,default,mock-pod,app,1.0,True,"[{""feature"": ""tcp_retransmit_rate"", ""value"": 8.972, ""z"": 294.641}, {""feature"": ""network_rx_bytes"", ""value"": 17383.774, ""z"": -4.141}, {""feature"": ""network_tx_bytes"", ""value"": 16625.597, ""z"": -3.937}]"
2026-05-27T03:15:39Z,mock-node,default,mock-pod,app,0.78466,False,"[{""feature"": ""tcp_retransmit_rate"", ""value"": 7.611, ""z"": 248.928}, {""feature"": ""network_tx_bytes"", ""value"": 16118.463, ""z"": -4.022}, {""feature"": ""network_rx_bytes"", ""value"": 22367.471, ""z"": -3.511}]"
2026-05-27T03:15:49Z,mock-node,default,mock-pod,app,0.881947,True,"[{""feature"": ""tcp_retransmit_rate"", ""value"": 9.264, ""z"": 304.448}, {""feature"": ""network_tx_bytes"", ""value"": 15545.81, ""z"": -4.119}, {""feature"": ""network_rx_bytes"", ""value"": 21303.929, ""z"": -3.646}]"
2026-05-27T03:15:59Z,mock-node,default,mock-pod,app,1.0,True,"[{""feature"": ""tcp_retransmit_rate"", ""value"": 7.542, ""z"": 246.61}, {""feature"": ""network_tx_bytes"", ""value"": 14167.945, ""z"": -4.351}, {""feature"": ""network_rx_bytes"", ""value"": 15891.75, ""z"": -4.33}]"
2026-05-27T03:16:09Z,mock-node,default,mock-pod,app,1.0,True,"[{""feature"": ""tcp_retransmit_rate"", ""value"": 6.701, ""z"": 218.363}, {""feature"": ""network_rx_bytes"", ""value"": 19554.694, ""z"": -3.867}, {""feature"": ""network_tx_bytes"", ""value"": 17751.626, ""z"": -3.747}]"
2026-05-27T03:16:19Z,mock-node,default,mock-pod,app,1.0,True,"[{""feature"": ""tcp_retransmit_rate"", ""value"": 7.588, ""z"": 248.155}, {""feature"": ""network_tx_bytes"", ""value"": 18353.08, ""z"": -3.646}, {""feature"": ""network_rx_bytes"", ""value"": 22622.422, ""z"": -3.479}]"
2026-05-27T03:16:29Z,mock-node,default,mock-pod,app,1.0,True,"[{""feature"": ""tcp_retransmit_rate"", ""value"": 8.066, ""z"": 264.21}, {""feature"": ""network_rx_bytes"", ""value"": 19269.919, ""z"": -3.903}, {""feature"": ""network_tx_bytes"", ""value"": 17646.785, ""z"": -3.765}]"
2026-05-27T03:16:39Z,mock-node,default,mock-pod,app,0.925443,True,"[{""feature"": ""tcp_retransmit_rate"", ""value"": 7.721, ""z"": 252.623}, {""feature"": ""network_rx_bytes"", ""value"": 15749.526, ""z"": -4.348}, {""feature"": ""network_tx_bytes"", ""value"": 20386.756, ""z"": -3.303}]"
2026-05-27T03:16:49Z,mock-node,default,mock-pod,app,0.972986,True,"[{""feature"": ""tcp_retransmit_rate"", ""value"": 5.886, ""z"": 190.989}, {""feature"": ""network_rx_bytes"", ""value"": 14523.657, ""z"": -4.503}, {""feature"": ""network_tx_bytes"", ""value"": 13443.788, ""z"": -4.473}]"
2026-05-27T03:16:59Z,mock-node,default,mock-pod,app,1.0,True,"[{""feature"": ""tcp_retransmit_rate"", ""value"": 6.728, ""z"": 219.27}, {""feature"": ""network_rx_bytes"", ""value"": 16770.149, ""z"": -4.219}, {""feature"": ""network_tx_bytes"", ""value"": 15804.88, ""z"": -4.075}]"
2026-05-27T03:17:09Z,mock-node,default,mock-pod,app,1.0,True,"[{""feature"": ""tcp_retransmit_rate"", ""value"": 8.425, ""z"": 276.268}, {""feature"": ""network_tx_bytes"", ""value"": 14387.042, ""z"": -4.314}, {""feature"": ""network_rx_bytes"", ""value"": 19736.732, ""z"": -3.844}]"
2026-05-27T03:17:19Z,mock-node,default,mock-pod,app,0.825346,True,"[{""feature"": ""tcp_retransmit_rate"", ""value"": 8.552, ""z"": 280.534}, {""feature"": ""network_tx_bytes"", ""value"": 15912.876, ""z"": -4.057}, {""feature"": ""network_rx_bytes"", ""value"": 21835.684, ""z"": -3.578}]"
2026-05-27T03:17:29Z,mock-node,default,mock-pod,app,1.0,True,"[{""feature"": ""tcp_retransmit_rate"", ""value"": 7.861, ""z"": 257.325}, {""feature"": ""network_tx_bytes"", ""value"": 16253.049, ""z"": -4.0}, {""feature"": ""network_rx_bytes"", ""value"": 18526.789, ""z"": -3.997}]"
2026-05-27T03:17:39Z,mock-node,default,mock-pod,app,1.0,True,"[{""feature"": ""tcp_retransmit_rate"", ""value"": 8.723, ""z"": 286.277}, {""feature"": ""network_tx_bytes"", ""value"": 16774.093, ""z"": -3.912}, {""feature"": ""network_rx_bytes"", ""value"": 27009.575, ""z"": -2.924}]"
2026-05-27T03:17:49Z,mock-node,default,mock-pod,app,0.901547,True,"[{""feature"": ""tcp_retransmit_rate"", ""value"": 10.545, ""z"": 347.474}, {""feature"": ""network_tx_bytes"", ""value"": 16046.811, ""z"": -4.034}, {""feature"": ""network_rx_bytes"", ""value"": 19329.747, ""z"": -3.895}]"
2026-05-27T03:17:59Z,mock-node,default,mock-pod,app,1.0,True,"[{""feature"": ""tcp_retransmit_rate"", ""value"": 8.322, ""z"": 272.809}, {""feature"": ""network_rx_bytes"", ""value"": 18714.477, ""z"": -3.973}, {""feature"": ""network_tx_bytes"", ""value"": 19393.908, ""z"": -3.471}]"
2026-05-27T03:18:09Z,mock-node,default,mock-pod,app,0.957861,True,"[{""feature"": ""tcp_retransmit_rate"", ""value"": 8.373, ""z"": 274.522}, {""feature"": ""network_tx_bytes"", ""value"": 18715.895, ""z"": -3.585}, {""feature"": ""network_rx_bytes"", ""value"": 24568.603, ""z"": -3.233}]"
2026-05-27T03:18:19Z,mock-node,default,mock-pod,app,1.0,True,"[{""feature"": ""tcp_retransmit_rate"", ""value"": 6.194, ""z"": 201.334}, {""feature"": ""network_rx_bytes"", ""value"": 15136.815, ""z"": -4.426}, {""feature"": ""network_tx_bytes"", ""value"": 18821.815, ""z"": -3.567}]"
2026-05-27T03:18:29Z,mock-node,default,mock-pod,app,0.985018,True,"[{""feature"": ""tcp_retransmit_rate"", ""value"": 7.722, ""z"": 252.656}, {""feature"": ""network_rx_bytes"", ""value"": 17288.86, ""z"": -4.153}, {""feature"": ""network_tx_bytes"", ""value"": 16382.974, ""z"": -3.978}]"
2026-05-27T03:18:39Z,mock-node,default,mock-pod,app,1.0,True,"[{""feature"": ""tcp_retransmit_rate"", ""value"": 8.683, ""z"": 284.934}, {""feature"": ""network_tx_bytes"", ""value"": 14308.349, ""z"": -4.327}, {""feature"": ""network_rx_bytes"", ""value"": 26296.048, ""z"": -3.014}]"
2026-05-27T03:18:49Z,mock-node,default,mock-pod,app,0.817869,True,"[{""feature"": ""tcp_retransmit_rate"", ""value"": 8.926, ""z"": 293.096}, {""feature"": ""network_rx_bytes"", ""value"": 14322.231, ""z"": -4.529}, {""feature"": ""network_tx_bytes"", ""value"": 13875.906, ""z"": -4.4}]"
2026-05-27T03:18:59Z,mock-node,default,mock-pod,app,0.932305,True,"[{""feature"": ""tcp_retransmit_rate"", ""value"": 6.309, ""z"": 205.197}, {""feature"": ""network_tx_bytes"", ""value"": 17090.167, ""z"": -3.859}, {""feature"": ""network_rx_bytes"", ""value"": 19909.792, ""z"": -3.822}]"
2026-05-27T03:19:09Z,mock-node,default,mock-pod,app,1.0,True,"[{""feature"": ""tcp_retransmit_rate"", ""value"": 8.38, ""z"": 274.757}, {""feature"": ""network_tx_bytes"", ""value"": 14343.81, ""z"": -4.321}, {""feature"": ""network_rx_bytes"", ""value"": 22693.189, ""z"": -3.47}]"
2026-05-27T03:19:19Z,mock-node,default,mock-pod,app,0.953435,True,"[{""feature"": ""tcp_retransmit_rate"", ""value"": 6.201, ""z"": 201.569}, {""feature"": ""network_rx_bytes"", ""value"": 19363.868, ""z"": -3.891}, {""feature"": ""network_tx_bytes"", ""value"": 19582.279, ""z"": -3.439}]"
2026-05-27T03:19:29Z,mock-node,default,mock-pod,app,1.0,True,"[{""feature"": ""tcp_retransmit_rate"", ""value"": 7.191, ""z"": 234.821}, {""feature"": ""network_tx_bytes"", ""value"": 17316.481, ""z"": -3.821}, {""feature"": ""network_rx_bytes"", ""value"": 21585.365, ""z"": -3.61}]"
2026-05-27T03:19:39Z,mock-node,default,mock-pod,app,0.847387,True,"[{""feature"": ""tcp_retransmit_rate"", ""value"": 7.576, ""z"": 247.752}, {""feature"": ""network_tx_bytes"", ""value"": 19337.824, ""z"": -3.48}, {""feature"": ""network_rx_bytes"", ""value"": 23160.664, ""z"": -3.411}]"
2026-05-27T03:19:49Z,mock-node,default,mock-pod,app,0.984853,True,"[{""feature"": ""tcp_retransmit_rate"", ""value"": 8.019, ""z"": 262.632}, {""feature"": ""network_rx_bytes"", ""value"": 17972.366, ""z"": -4.067}, {""feature"": ""network_tx_bytes"", ""value"": 16891.55, ""z"": -3.892}]"
2026-05-27T03:19:59Z,mock-node,default,mock-pod,app,0.9559,True,"[{""feature"": ""tcp_retransmit_rate"", ""value"": 7.187, ""z"": 234.687}, {""feature"": ""network_rx_bytes"", ""value"": 19937.685, ""z"": -3.818}, {""feature"": ""network_tx_bytes"", ""value"": 18037.358, ""z"": -3.699}]"
2026-05-27T03:20:09Z,mock-node,default,mock-pod,app,1.0,True,"[{""feature"": ""tcp_retransmit_rate"", ""value"": 9.229, ""z"": 303.273}, {""feature"": ""network_tx_bytes"", ""value"": 10958.689, ""z"": -4.892}, {""feature"": ""network_rx_bytes"", ""value"": 16288.93, ""z"": -4.28}]"
2026-05-27T03:20:19Z,mock-node,default,mock-pod,app,1.0,True,"[{""feature"": ""tcp_retransmit_rate"", ""value"": 7.55, ""z"": 246.879}, {""feature"": ""network_rx_bytes"", ""value"": 9665.885, ""z"": -5.117}, {""feature"": ""network_tx_bytes"", ""value"": 17949.798, ""z"": -3.714}]"
2026-05-27T03:20:29Z,mock-node,default,mock-pod,app,0.840375,True,"[{""feature"": ""tcp_retransmit_rate"", ""value"": 8.08, ""z"": 264.681}, {""feature"": ""network_rx_bytes"", ""value"": 19480.184, ""z"": -3.876}, {""feature"": ""network_tx_bytes"", ""value"": 18194.473, ""z"": -3.673}]"
2026-05-27T03:20:39Z,mock-node,default,mock-pod,app,0.8823,True,"[{""feature"": ""tcp_retransmit_rate"", ""value"": 6.123, ""z"": 198.949}, {""feature"": ""network_tx_bytes"", ""value"": 16800.369, ""z"": -3.907}, {""feature"": ""network_rx_bytes"", ""value"": 24829.846, ""z"": -3.2}]"
2026-05-27T03:20:49Z,mock-node,default,mock-pod,app,0.897503,True,"[{""feature"": ""tcp_retransmit_rate"", ""value"": 7.555, ""z"": 247.047}, {""feature"": ""network_tx_bytes"", ""value"": 10866.533, ""z"": -4.907}, {""feature"": ""network_rx_bytes"", ""value"": 19890.598, ""z"": -3.824}]"
2026-05-27T03:20:59Z,mock-node,default,mock-pod,app,1.0,True,"[{""feature"": ""tcp_retransmit_rate"", ""value"": 9.472, ""z"": 311.435}, {""feature"": ""network_rx_bytes"", ""value"": 17868.521, ""z"": -4.08}, {""feature"": ""network_tx_bytes"", ""value"": 16498.412, ""z"": -3.958}]"
2026-05-27T03:21:09Z,mock-node,default,mock-pod,app,0.866273,True,"[{""feature"": ""tcp_retransmit_rate"", ""value"": 7.667, ""z"": 250.809}, {""feature"": ""network_tx_bytes"", ""value"": 12281.638, ""z"": -4.669}, {""feature"": ""network_rx_bytes"", ""value"": 21593.579, ""z"": -3.609}]"
2026-05-27T03:21:19Z,mock-node,default,mock-pod,app,1.0,True,"[{""feature"": ""tcp_retransmit_rate"", ""value"": 8.007, ""z"": 262.229}, {""feature"": ""network_rx_bytes"", ""value"": 21097.394, ""z"": -3.672}, {""feature"": ""network_tx_bytes"", ""value"": 18975.273, ""z"": -3.541}]"
2026-05-27T03:21:29Z,mock-node,default,mock-pod,app,1.0,True,"[{""feature"": ""tcp_retransmit_rate"", ""value"": 6.735, ""z"": 219.505}, {""feature"": ""network_rx_bytes"", ""value"": 20308.869, ""z"": -3.772}, {""feature"": ""network_tx_bytes"", ""value"": 18480.246, ""z"": -3.625}]"
2026-05-27T03:21:39Z,mock-node,default,mock-pod,app,1.0,True,"[{""feature"": ""tcp_retransmit_rate"", ""value"": 7.94, ""z"": 259.978}, {""feature"": ""network_rx_bytes"", ""value"": 18006.025, ""z"": -4.063}, {""feature"": ""network_tx_bytes"", ""value"": 16029.087, ""z"": -4.037}]"
2026-05-27T03:21:49Z,mock-node,default,mock-pod,app,1.0,True,"[{""feature"": ""tcp_retransmit_rate"", ""value"": 6.37, ""z"": 207.246}, {""feature"": ""network_tx_bytes"", ""value"": 15936.661, ""z"": -4.053}, {""feature"": ""network_rx_bytes"", ""value"": 21391.736, ""z"": -3.635}]"
2026-05-27T03:21:59Z,mock-node,default,mock-pod,app,0.926916,True,"[{""feature"": ""tcp_retransmit_rate"", ""value"": 9.048, ""z"": 297.193}, {""feature"": ""network_rx_bytes"", ""value"": 18770.256, ""z"": -3.966}, {""feature"": ""network_tx_bytes"", ""value"": 17747.04, ""z"": -3.748}]"
2026-05-27T03:22:09Z,mock-node,default,mock-pod,app,0.816184,True,"[{""feature"": ""tcp_retransmit_rate"", ""value"": 8.629, ""z"": 283.12}, {""feature"": ""network_rx_bytes"", ""value"": 19874.735, ""z"": -3.826}, {""feature"": ""network_tx_bytes"", ""value"": 19244.847, ""z"": -3.496}]"
2026-05-27T03:22:19Z,mock-node,default,mock-pod,app,0.86683,True,"[{""feature"": ""tcp_retransmit_rate"", ""value"": 8.512, ""z"": 279.19}, {""feature"": ""network_tx_bytes"", ""value"": 13599.575, ""z"": -4.447}, {""feature"": ""network_rx_bytes"", ""value"": 20537.053, ""z"": -3.743}]"
2026-05-27T03:22:29Z,mock-node,default,mock-pod,app,1.0,True,"[{""feature"": ""tcp_retransmit_rate"", ""value"": 9.434, ""z"": 310.158}, {""feature"": ""network_rx_bytes"", ""value"": 18058.047, ""z"": -4.056}, {""feature"": ""network_tx_bytes"", ""value"": 17947.13, ""z"": -3.714}]"
2026-05-27T03:22:39Z,mock-node,default,mock-pod,app,1.0,True,"[{""feature"": ""tcp_retransmit_rate"", ""value"": 5.934, ""z"": 192.601}, {""feature"": ""network_tx_bytes"", ""value"": 14613.398, ""z"": -4.276}, {""feature"": ""network_rx_bytes"", ""value"": 23452.546, ""z"": -3.374}]"
2026-05-27T03:22:49Z,mock-node,default,mock-pod,app,1.0,True,"[{""feature"": ""tcp_retransmit_rate"", ""value"": 8.777, ""z"": 288.091}, {""feature"": ""network_rx_bytes"", ""value"": 13223.288, ""z"": -4.668}, {""feature"": ""network_tx_bytes"", ""value"": 15274.979, ""z"": -4.164}]"
2026-05-27T03:22:59Z,mock-node,default,mock-pod,app,1.0,True,"[{""feature"": ""tcp_retransmit_rate"", ""value"": 9.063, ""z"": 297.697}, {""feature"": ""network_rx_bytes"", ""value"": 18670.015, ""z"": -3.979}, {""feature"": ""network_tx_bytes"", ""value"": 18753.394, ""z"": -3.578}]"
2026-05-27T03:23:09Z,mock-node,default,mock-pod,app,1.0,True,"[{""feature"": ""tcp_retransmit_rate"", ""value"": 9.188, ""z"": 301.896}, {""feature"": ""network_rx_bytes"", ""value"": 17067.566, ""z"": -4.181}, {""feature"": ""network_tx_bytes"", ""value"": 15735.147, ""z"": -4.087}]"
2026-05-27T03:23:19Z,mock-node,default,mock-pod,app,0.901121,True,"[{""feature"": ""tcp_retransmit_rate"", ""value"": 6.77, ""z"": 220.681}, {""feature"": ""network_tx_bytes"", ""value"": 14567.601, ""z"": -4.284}, {""feature"": ""network_rx_bytes"", ""value"": 17780.698, ""z"": -4.091}]"
2026-05-27T03:23:29Z,mock-node,default,mock-pod,app,0.934004,True,"[{""feature"": ""tcp_retransmit_rate"", ""value"": 8.058, ""z"": 263.942}, {""feature"": ""network_tx_bytes"", ""value"": 11838.866, ""z"": -4.743}, {""feature"": ""network_rx_bytes"", ""value"": 20444.407, ""z"": -3.754}]"
2026-05-27T03:23:39Z,mock-node,default,mock-pod,app,0.941659,True,"[{""feature"": ""tcp_retransmit_rate"", ""value"": 7.675, ""z"": 251.077}, {""feature"": ""network_tx_bytes"", ""value"": 15568.806, ""z"": -4.115}, {""feature"": ""network_rx_bytes"", ""value"": 19060.313, ""z"": -3.929}]"
2026-05-27T03:23:49Z,mock-node,default,mock-pod,app,1.0,True,"[{""feature"": ""tcp_retransmit_rate"", ""value"": 5.81, ""z"": 188.436}, {""feature"": ""network_rx_bytes"", ""value"": 22939.914, ""z"": -3.439}, {""feature"": ""network_tx_bytes"", ""value"": 22369.926, ""z"": -2.969}]"
2026-05-27T03:23:59Z,mock-node,default,mock-pod,app,0.934285,True,"[{""feature"": ""tcp_retransmit_rate"", ""value"": 8.766, ""z"": 287.722}, {""feature"": ""network_rx_bytes"", ""value"": 18543.841, ""z"": -3.995}, {""feature"": ""network_tx_bytes"", ""value"": 16535.493, ""z"": -3.952}]"
2026-05-27T03:24:09Z,mock-node,default,mock-pod,app,0.973695,True,"[{""feature"": ""tcp_retransmit_rate"", ""value"": 10.39, ""z"": 342.268}, {""feature"": ""network_tx_bytes"", ""value"": 11389.835, ""z"": -4.819}, {""feature"": ""network_rx_bytes"", ""value"": 17274.109, ""z"": -4.155}]"
2026-05-27T03:24:19Z,mock-node,default,mock-pod,app,1.0,True,"[{""feature"": ""tcp_retransmit_rate"", ""value"": 10.991, ""z"": 362.454}, {""feature"": ""network_tx_bytes"", ""value"": 14352.493, ""z"": -4.32}, {""feature"": ""network_rx_bytes"", ""value"": 25770.185, ""z"": -3.081}]"
2026-05-27T03:24:29Z,mock-node,default,mock-pod,app,1.0,True,"[{""feature"": ""tcp_retransmit_rate"", ""value"": 7.623, ""z"": 249.331}, {""feature"": ""network_tx_bytes"", ""value"": 14338.013, ""z"": -4.322}, {""feature"": ""network_rx_bytes"", ""value"": 20974.79, ""z"": -3.687}]"
2026-05-27T03:24:39Z,mock-node,default,mock-pod,app,0.815958,True,"[{""feature"": ""tcp_retransmit_rate"", ""value"": 5.457, ""z"": 176.58}, {""feature"": ""network_rx_bytes"", ""value"": 19492.586, ""z"": -3.875}, {""feature"": ""network_tx_bytes"", ""value"": 17163.661, ""z"": -3.846}]"
2026-05-27T03:24:49Z,mock-node,default,mock-pod,app,1.0,True,"[{""feature"": ""tcp_retransmit_rate"", ""value"": 7.569, ""z"": 247.517}, {""feature"": ""network_tx_bytes"", ""value"": 14086.754, ""z"": -4.365}, {""feature"": ""network_rx_bytes"", ""value"": 17576.054, ""z"": -4.117}]"
2026-05-27T03:24:59Z,mock-node,default,mock-pod,app,0.924622,True,"[{""feature"": ""tcp_retransmit_rate"", ""value"": 9.722, ""z"": 319.832}, {""feature"": ""network_tx_bytes"", ""value"": 13939.753, ""z"": -4.389}, {""feature"": ""network_rx_bytes"", ""value"": 20311.573, ""z"": -3.771}]"
2026-05-27T03:25:09Z,mock-node,default,mock-pod,app,1.0,True,"[{""feature"": ""tcp_retransmit_rate"", ""value"": 8.492, ""z"": 278.519}, {""feature"": ""network_tx_bytes"", ""value"": 17495.298, ""z"": -3.79}, {""feature"": ""network_rx_bytes"", ""value"": 24865.043, ""z"": -3.195}]"
2026-05-27T03:25:19Z,mock-node,default,mock-pod,app,0.988789,True,"[{""feature"": ""tcp_retransmit_rate"", ""value"": 7.63, ""z"": 249.566}, {""feature"": ""network_rx_bytes"", ""value"": 22360.728, ""z"": -3.512}, {""feature"": ""network_tx_bytes"", ""value"": 20803.957, ""z"": -3.233}]"
2026-05-27T03:25:29Z,mock-node,default,mock-pod,app,1.0,True,"[{""feature"": ""tcp_retransmit_rate"", ""value"": 8.56, ""z"": 280.803}, {""feature"": ""network_tx_bytes"", ""value"": 16671.17, ""z"": -3.929}, {""feature"": ""network_rx_bytes"", ""value"": 20093.707, ""z"": -3.799}]"
2026-05-27T03:25:39Z,mock-node,default,mock-pod,app,0.844994,True,"[{""feature"": ""tcp_retransmit_rate"", ""value"": 7.835, ""z"": 256.452}, {""feature"": ""network_tx_bytes"", ""value"": 17638.581, ""z"": -3.766}, {""feature"": ""network_rx_bytes"", ""value"": 24280.174, ""z"": -3.269}]"
2026-05-27T03:25:49Z,mock-node,default,mock-pod,app,1.0,True,"[{""feature"": ""tcp_retransmit_rate"", ""value"": 7.268, ""z"": 237.407}, {""feature"": ""network_rx_bytes"", ""value"": 20445.251, ""z"": -3.754}, {""feature"": ""network_tx_bytes"", ""value"": 21225.47, ""z"": -3.162}]"
2026-05-27T03:25:59Z,mock-node,default,mock-pod,app,1.0,True,"[{""feature"": ""tcp_retransmit_rate"", ""value"": 7.07, ""z"": 230.757}, {""feature"": ""network_rx_bytes"", ""value"": 18899.472, ""z"": -3.95}, {""feature"": ""network_tx_bytes"", ""value"": 16793.1, ""z"": -3.909}]"
2026-05-27T03:26:09Z,mock-node,default,mock-pod,app,1.0,True,"[{""feature"": ""tcp_retransmit_rate"", ""value"": 8.063, ""z"": 264.11}, {""feature"": ""network_tx_bytes"", ""value"": 12816.459, ""z"": -4.579}, {""feature"": ""network_rx_bytes"", ""value"": 18499.877, ""z"": -4.0}]"
2026-05-27T03:26:19Z,mock-node,default,mock-pod,app,1.0,True,"[{""feature"": ""tcp_retransmit_rate"", ""value"": 10.477, ""z"": 345.19}, {""feature"": ""network_rx_bytes"", ""value"": 16306.634, ""z"": -4.278}, {""feature"": ""network_tx_bytes"", ""value"": 17273.7, ""z"": -3.828}]"
2026-05-27T03:26:29Z,mock-node,default,mock-pod,app,0.964287,True,"[{""feature"": ""tcp_retransmit_rate"", ""value"": 8.32, ""z"": 272.742}, {""feature"": ""network_tx_bytes"", ""value"": 14376.088, ""z"": -4.316}, {""feature"": ""network_rx_bytes"", ""value"": 20093.988, ""z"": -3.799}]"
2026-05-27T03:26:39Z,mock-node,default,mock-pod,app,0.958148,True,"[{""feature"": ""tcp_retransmit_rate"", ""value"": 8.991, ""z"": 295.279}, {""feature"": ""network_rx_bytes"", ""value"": 16652.934, ""z"": -4.234}, {""feature"": ""network_tx_bytes"", ""value"": 18430.212, ""z"": -3.633}]"
2026-05-27T03:26:49Z,mock-node,default,mock-pod,app,1.0,True,"[{""feature"": ""tcp_retransmit_rate"", ""value"": 7.336, ""z"": 239.691}, {""feature"": ""network_tx_bytes"", ""value"": 16013.161, ""z"": -4.04}, {""feature"": ""network_rx_bytes"", ""value"": 22015.481, ""z"": -3.556}]"
2026-05-27T03:26:59Z,mock-node,default,mock-pod,app,0.995226,True,"[{""feature"": ""tcp_retransmit_rate"", ""value"": 7.809, ""z"": 255.578}, {""feature"": ""network_tx_bytes"", ""value"": 15648.999, ""z"": -4.101}, {""feature"": ""network_rx_bytes"", ""value"": 27184.215, ""z"": -2.902}]"
2026-05-27T03:27:09Z,mock-node,default,mock-pod,app,0.923306,True,"[{""feature"": ""tcp_retransmit_rate"", ""value"": 7.19, ""z"": 234.787}, {""feature"": ""network_rx_bytes"", ""value"": 17554.401, ""z"": -4.12}, {""feature"": ""network_tx_bytes"", ""value"": 17397.739, ""z"": -3.807}]"
2026-05-27T03:27:19Z,mock-node,default,mock-pod,app,1.0,True,"[{""feature"": ""tcp_retransmit_rate"", ""value"": 8.137, ""z"": 266.595}, {""feature"": ""network_tx_bytes"", ""value"": 12056.529, ""z"": -4.707}, {""feature"": ""network_rx_bytes"", ""value"": 23317.17, ""z"": -3.391}]"
2026-05-27T03:27:29Z,mock-node,default,mock-pod,app,0.932071,True,"[{""feature"": ""tcp_retransmit_rate"", ""value"": 9.129, ""z"": 299.914}, {""feature"": ""network_tx_bytes"", ""value"": 12876.504, ""z"": -4.568}, {""feature"": ""network_rx_bytes"", ""value"": 20579.101, ""z"": -3.737}]"
2026-05-27T03:27:39Z,mock-node,default,mock-pod,app,0.997764,True,"[{""feature"": ""tcp_retransmit_rate"", ""value"": 8.016, ""z"": 262.531}, {""feature"": ""network_tx_bytes"", ""value"": 14592.081, ""z"": -4.279}, {""feature"": ""network_rx_bytes"", ""value"": 22667.366, ""z"": -3.473}]"
2026-05-27T03:27:49Z,mock-node,default,mock-pod,app,0.963942,True,"[{""feature"": ""tcp_retransmit_rate"", ""value"": 7.783, ""z"": 254.705}, {""feature"": ""network_tx_bytes"", ""value"": 13449.835, ""z"": -4.472}, {""feature"": ""network_rx_bytes"", ""value"": 19664.134, ""z"": -3.853}]"
2026-05-27T03:27:59Z,mock-node,default,mock-pod,app,1.0,True,"[{""feature"": ""tcp_retransmit_rate"", ""value"": 7.098, ""z"": 231.697}, {""feature"": ""network_rx_bytes"", ""value"": 17526.342, ""z"": -4.123}, {""feature"": ""network_tx_bytes"", ""value"": 18052.67, ""z"": -3.697}]"
2026-05-27T03:28:09Z,mock-node,default,mock-pod,app,0.873164,True,"[{""feature"": ""tcp_retransmit_rate"", ""value"": 5.566, ""z"": 180.241}, {""feature"": ""network_tx_bytes"", ""value"": 12317.82, ""z"": -4.663}, {""feature"": ""network_rx_bytes"", ""value"": 20700.815, ""z"": -3.722}]"
2026-05-27T03:28:19Z,mock-node,default,mock-pod,app,0.990182,True,"[{""feature"": ""tcp_retransmit_rate"", ""value"": 7.375, ""z"": 241.001}, {""feature"": ""network_tx_bytes"", ""value"": 13654.033, ""z"": -4.438}, {""feature"": ""network_rx_bytes"", ""value"": 18344.714, ""z"": -4.02}]"
2026-05-27T03:28:29Z,mock-node,default,mock-pod,app,1.0,True,"[{""feature"": ""tcp_retransmit_rate"", ""value"": 8.208, ""z"": 268.98}, {""feature"": ""network_tx_bytes"", ""value"": 16713.351, ""z"": -3.922}, {""feature"": ""network_rx_bytes"", ""value"": 23648.886, ""z"": -3.349}]"
2026-05-27T03:28:39Z,mock-node,default,mock-pod,app,1.0,True,"[{""feature"": ""tcp_retransmit_rate"", ""value"": 8.694, ""z"": 285.303}, {""feature"": ""network_tx_bytes"", ""value"": 11066.095, ""z"": -4.873}, {""feature"": ""network_rx_bytes"", ""value"": 16796.078, ""z"": -4.216}]"
2026-05-27T03:28:49Z,mock-node,default,mock-pod,app,1.0,True,"[{""feature"": ""tcp_retransmit_rate"", ""value"": 9.198, ""z"": 302.232}, {""feature"": ""network_tx_bytes"", ""value"": 16208.756, ""z"": -4.007}, {""feature"": ""network_rx_bytes"", ""value"": 23113.368, ""z"": -3.417}]"
2026-05-27T03:28:59Z,mock-node,default,mock-pod,app,1.0,True,"[{""feature"": ""tcp_retransmit_rate"", ""value"": 7.355, ""z"": 240.329}, {""feature"": ""network_rx_bytes"", ""value"": 21300.308, ""z"": -3.646}, {""feature"": ""network_tx_bytes"", ""value"": 18857.805, ""z"": -3.561}]"
2026-05-27T03:29:09Z,mock-node,default,mock-pod,app,0.996998,True,"[{""feature"": ""tcp_retransmit_rate"", ""value"": 5.994, ""z"": 194.617}, {""feature"": ""network_rx_bytes"", ""value"": 17545.102, ""z"": -4.121}, {""feature"": ""network_tx_bytes"", ""value"": 16398.981, ""z"": -3.975}]"
2026-05-27T03:29:19Z,mock-node,default,mock-pod,app,0.942995,True,"[{""feature"": ""tcp_retransmit_rate"", ""value"": 9.919, ""z"": 326.448}, {""feature"": ""network_tx_bytes"", ""value"": 15649.422, ""z"": -4.101}, {""feature"": ""network_rx_bytes"", ""value"": 20081.257, ""z"": -3.8}]"
2026-05-27T03:29:29Z,mock-node,default,mock-pod,app,1.0,True,"[{""feature"": ""tcp_retransmit_rate"", ""value"": 8.79, ""z"": 288.528}, {""feature"": ""network_tx_bytes"", ""value"": 13655.796, ""z"": -4.437}, {""feature"": ""network_rx_bytes"", ""value"": 24359.059, ""z"": -3.259}]"
2026-05-27T03:29:39Z,mock-node,default,mock-pod,app,1.0,True,"[{""feature"": ""tcp_retransmit_rate"", ""value"": 8.213, ""z"": 269.148}, {""feature"": ""network_tx_bytes"", ""value"": 15213.158, ""z"": -4.175}, {""feature"": ""network_rx_bytes"", ""value"": 25164.376, ""z"": -3.157}]"
2026-05-27T03:29:49Z,mock-node,default,mock-pod,app,1.0,True,"[{""feature"": ""tcp_retransmit_rate"", ""value"": 5.773, ""z"": 187.194}, {""feature"": ""network_rx_bytes"", ""value"": 21496.529, ""z"": -3.621}, {""feature"": ""network_tx_bytes"", ""value"": 19487.54, ""z"": -3.455}]"
2026-05-27T03:29:59Z,mock-node,default,mock-pod,app,0.919216,True,"[{""feature"": ""tcp_retransmit_rate"", ""value"": 7.344, ""z"": 239.96}, {""feature"": ""network_tx_bytes"", ""value"": 13185.79, ""z"": -4.516}, {""feature"": ""network_rx_bytes"", ""value"": 20343.97, ""z"": -3.767}]"
2026-05-27T03:30:09Z,mock-node,default,mock-pod,app,1.0,True,"[{""feature"": ""tcp_retransmit_rate"", ""value"": 8.884, ""z"": 291.685}, {""feature"": ""network_tx_bytes"", ""value"": 15767.222, ""z"": -4.082}, {""feature"": ""network_rx_bytes"", ""value"": 21151.676, ""z"": -3.665}]"
2026-05-27T03:30:19Z,mock-node,default,mock-pod,app,1.0,True,"[{""feature"": ""tcp_retransmit_rate"", ""value"": 8.252, ""z"": 270.458}, {""feature"": ""network_tx_bytes"", ""value"": 15332.249, ""z"": -4.155}, {""feature"": ""network_rx_bytes"", ""value"": 19527.196, ""z"": -3.87}]"
2026-05-27T03:30:29Z,mock-node,default,mock-pod,app,0.967412,True,"[{""feature"": ""tcp_retransmit_rate"", ""value"": 8.715, ""z"": 286.009}, {""feature"": ""network_tx_bytes"", ""value"": 14229.625, ""z"": -4.341}, {""feature"": ""network_rx_bytes"", ""value"": 21157.942, ""z"": -3.664}]"
2026-05-27T03:30:39Z,mock-node,default,mock-pod,app,1.0,True,"[{""feature"": ""tcp_retransmit_rate"", ""value"": 7.515, ""z"": 245.703}, {""feature"": ""network_tx_bytes"", ""value"": 13216.926, ""z"": -4.511}, {""feature"": ""network_rx_bytes"", ""value"": 23797.556, ""z"": -3.33}]"
2026-05-27T03:30:49Z,mock-node,default,mock-pod,app,0.926036,True,"[{""feature"": ""tcp_retransmit_rate"", ""value"": 7.221, ""z"": 235.829}, {""feature"": ""network_tx_bytes"", ""value"": 12453.819, ""z"": -4.64}, {""feature"": ""network_rx_bytes"", ""value"": 17108.74, ""z"": -4.176}]"
2026-05-27T03:30:59Z,mock-node,default,mock-pod,app,0.942643,True,"[{""feature"": ""tcp_retransmit_rate"", ""value"": 8.044, ""z"": 263.471}, {""feature"": ""network_tx_bytes"", ""value"": 16275.645, ""z"": -3.996}, {""feature"": ""network_rx_bytes"", ""value"": 18617.406, ""z"": -3.985}]"
2026-05-27T03:31:09Z,mock-node,default,mock-pod,app,1.0,True,"[{""feature"": ""tcp_retransmit_rate"", ""value"": 9.19, ""z"": 301.963}, {""feature"": ""network_rx_bytes"", ""value"": 18671.842, ""z"": -3.979}, {""feature"": ""network_tx_bytes"", ""value"": 18315.232, ""z"": -3.652}]"
2026-05-27T03:31:19Z,mock-node,default,mock-pod,app,0.953563,True,"[{""feature"": ""tcp_retransmit_rate"", ""value"": 9.183, ""z"": 301.728}, {""feature"": ""network_tx_bytes"", ""value"": 11263.086, ""z"": -4.84}, {""feature"": ""network_rx_bytes"", ""value"": 20263.228, ""z"": -3.777}]"
2026-05-27T03:31:29Z,mock-node,default,mock-pod,app,0.910011,True,"[{""feature"": ""tcp_retransmit_rate"", ""value"": 8.055, ""z"": 263.841}, {""feature"": ""network_tx_bytes"", ""value"": 20326.558, ""z"": -3.313}, {""feature"": ""network_rx_bytes"", ""value"": 25639.32, ""z"": -3.097}]"
2026-05-27T03:31:39Z,mock-node,default,mock-pod,app,1.0,True,"[{""feature"": ""tcp_retransmit_rate"", ""value"": 7.464, ""z"": 243.99}, {""feature"": ""network_rx_bytes"", ""value"": 14253.217, ""z"": -4.537}, {""feature"": ""network_tx_bytes"", ""value"": 15872.021, ""z"": -4.064}]"
2026-05-27T03:31:49Z,mock-node,default,mock-pod,app,1.0,True,"[{""feature"": ""tcp_retransmit_rate"", ""value"": 8.161, ""z"": 267.401}, {""feature"": ""network_tx_bytes"", ""value"": 15108.218, ""z"": -4.193}, {""feature"": ""network_rx_bytes"", ""value"": 20501.999, ""z"": -3.747}]"
2026-05-27T03:31:59Z,mock-node,default,mock-pod,app,1.0,True,"[{""feature"": ""tcp_retransmit_rate"", ""value"": 9.315, ""z"": 306.161}, {""feature"": ""network_tx_bytes"", ""value"": 13744.499, ""z"": -4.422}, {""feature"": ""network_rx_bytes"", ""value"": 24233.618, ""z"": -3.275}]"
2026-05-27T03:32:09Z,mock-node,default,mock-pod,app,1.0,True,"[{""feature"": ""tcp_retransmit_rate"", ""value"": 9.205, ""z"": 302.467}, {""feature"": ""network_tx_bytes"", ""value"": 11693.821, ""z"": -4.768}, {""feature"": ""network_rx_bytes"", ""value"": 18372.364, ""z"": -4.016}]"
2026-05-27T03:32:19Z,mock-node,default,mock-pod,app,1.0,True,"[{""feature"": ""tcp_retransmit_rate"", ""value"": 5.951, ""z"": 193.172}, {""feature"": ""network_rx_bytes"", ""value"": 16189.743, ""z"": -4.292}, {""feature"": ""network_tx_bytes"", ""value"": 16692.222, ""z"": -3.926}]"
2026-05-27T03:32:29Z,mock-node,default,mock-pod,app,1.0,True,"[{""feature"": ""tcp_retransmit_rate"", ""value"": 5.768, ""z"": 187.026}, {""feature"": ""network_tx_bytes"", ""value"": 15161.738, ""z"": -4.184}, {""feature"": ""network_rx_bytes"", ""value"": 17840.833, ""z"": -4.084}]"
2026-05-27T03:32:39Z,mock-node,default,mock-pod,app,1.0,True,"[{""feature"": ""tcp_retransmit_rate"", ""value"": 8.797, ""z"": 288.763}, {""feature"": ""network_tx_bytes"", ""value"": 13173.013, ""z"": -4.519}, {""feature"": ""network_rx_bytes"", ""value"": 19088.764, ""z"": -3.926}]"
2026-05-27T03:32:49Z,mock-node,default,mock-pod,app,0.912697,True,"[{""feature"": ""tcp_retransmit_rate"", ""value"": 7.135, ""z"": 232.94}, {""feature"": ""network_rx_bytes"", ""value"": 14387.693, ""z"": -4.52}, {""feature"": ""network_tx_bytes"", ""value"": 13546.712, ""z"": -4.456}]"
2026-05-27T03:32:59Z,mock-node,default,mock-pod,app,1.0,True,"[{""feature"": ""tcp_retransmit_rate"", ""value"": 6.815, ""z"": 222.192}, {""feature"": ""network_tx_bytes"", ""value"": 16429.751, ""z"": -3.97}, {""feature"": ""network_rx_bytes"", ""value"": 22081.919, ""z"": -3.547}]"
2026-05-27T03:33:09Z,mock-node,default,mock-pod,app,0.750948,False,"[{""feature"": ""tcp_retransmit_rate"", ""value"": 7.97, ""z"": 260.986}, {""feature"": ""network_tx_bytes"", ""value"": 17532.18, ""z"": -3.784}, {""feature"": ""network_rx_bytes"", ""value"": 28942.51, ""z"": -2.68}]"
2026-05-27T03:33:19Z,mock-node,default,mock-pod,app,1.0,True,"[{""feature"": ""tcp_retransmit_rate"", ""value"": 7.992, ""z"": 261.725}, {""feature"": ""network_tx_bytes"", ""value"": 16459.324, ""z"": -3.965}, {""feature"": ""network_rx_bytes"", ""value"": 20833.351, ""z"": -3.705}]"
2026-05-27T03:33:29Z,mock-node,default,mock-pod,app,1.0,True,"[{""feature"": ""tcp_retransmit_rate"", ""value"": 7.302, ""z"": 238.549}, {""feature"": ""network_tx_bytes"", ""value"": 20154.879, ""z"": -3.342}, {""feature"": ""network_rx_bytes"", ""value"": 25536.472, ""z"": -3.11}]"
2026-05-27T03:33:39Z,mock-node,default,mock-pod,app,1.0,True,"[{""feature"": ""tcp_retransmit_rate"", ""value"": 8.06, ""z"": 264.009}, {""feature"": ""network_tx_bytes"", ""value"": 15917.671, ""z"": -4.056}, {""feature"": ""network_rx_bytes"", ""value"": 20828.858, ""z"": -3.706}]"
2026-05-27T03:33:49Z,mock-node,default,mock-pod,app,1.0,True,"[{""feature"": ""tcp_retransmit_rate"", ""value"": 8.23, ""z"": 269.719}, {""feature"": ""network_tx_bytes"", ""value"": 10320.129, ""z"": -4.999}, {""feature"": ""network_rx_bytes"", ""value"": 20220.922, ""z"": -3.783}]"
2026-05-27T03:33:59Z,mock-node,default,mock-pod,app,0.92314,True,"[{""feature"": ""tcp_retransmit_rate"", ""value"": 8.048, ""z"": 263.606}, {""feature"": ""network_tx_bytes"", ""value"": 15832.07, ""z"": -4.071}, {""feature"": ""network_rx_bytes"", ""value"": 21663.204, ""z"": -3.6}]"
2026-05-27T03:34:09Z,mock-node,default,mock-pod,app,1.0,True,"[{""feature"": ""tcp_retransmit_rate"", ""value"": 9.006, ""z"": 295.783}, {""feature"": ""network_tx_bytes"", ""value"": 19157.653, ""z"": -3.51}, {""feature"": ""network_rx_bytes"", ""value"": 25654.732, ""z"": -3.095}]"
2026-05-27T03:34:19Z,mock-node,default,mock-pod,app,0.868768,True,"[{""feature"": ""tcp_retransmit_rate"", ""value"": 7.656, ""z"": 250.439}, {""feature"": ""network_rx_bytes"", ""value"": 16289.495, ""z"": -4.28}, {""feature"": ""network_tx_bytes"", ""value"": 18982.409, ""z"": -3.54}]"
2026-05-27T03:34:29Z,mock-node,default,mock-pod,app,0.947018,True,"[{""feature"": ""tcp_retransmit_rate"", ""value"": 10.36, ""z"": 341.26}, {""feature"": ""network_tx_bytes"", ""value"": 20375.362, ""z"": -3.305}, {""feature"": ""network_rx_bytes"", ""value"": 26269.346, ""z"": -3.018}]"
2026-05-27T03:34:39Z,mock-node,default,mock-pod,app,1.0,True,"[{""feature"": ""tcp_retransmit_rate"", ""value"": 10.732, ""z"": 353.755}, {""feature"": ""network_rx_bytes"", ""value"": 19917.853, ""z"": -3.821}, {""feature"": ""network_tx_bytes"", ""value"": 17622.737, ""z"": -3.769}]"
2026-05-27T03:34:49Z,mock-node,default,mock-pod,app,0.843752,True,"[{""feature"": ""tcp_retransmit_rate"", ""value"": 8.057, ""z"": 263.908}, {""feature"": ""network_tx_bytes"", ""value"": 13448.197, ""z"": -4.472}, {""feature"": ""network_rx_bytes"", ""value"": 21812.63, ""z"": -3.581}]"
2026-05-27T03:34:59Z,mock-node,default,mock-pod,app,1.0,True,"[{""feature"": ""tcp_retransmit_rate"", ""value"": 8.451, ""z"": 277.142}, {""feature"": ""network_tx_bytes"", ""value"": 13820.726, ""z"": -4.409}, {""feature"": ""network_rx_bytes"", ""value"": 20613.008, ""z"": -3.733}]"
2026-05-27T03:35:09Z,mock-node,default,mock-pod,app,0.987435,True,"[{""feature"": ""tcp_retransmit_rate"", ""value"": 6.778, ""z"": 220.949}, {""feature"": ""network_tx_bytes"", ""value"": 15202.736, ""z"": -4.177}, {""feature"": ""network_rx_bytes"", ""value"": 19820.618, ""z"": -3.833}]"
2026-05-27T03:35:19Z,mock-node,default,mock-pod,app,0.920508,True,"[{""feature"": ""tcp_retransmit_rate"", ""value"": 8.886, ""z"": 291.752}, {""feature"": ""network_tx_bytes"", ""value"": 15037.532, ""z"": -4.204}, {""feature"": ""network_rx_bytes"", ""value"": 25211.862, ""z"": -3.151}]"
2026-05-27T03:35:29Z,mock-node,default,mock-pod,app,1.0,True,"[{""feature"": ""tcp_retransmit_rate"", ""value"": 5.803, ""z"": 188.201}, {""feature"": ""network_rx_bytes"", ""value"": 17960.574, ""z"": -4.068}, {""feature"": ""network_tx_bytes"", ""value"": 19412.567, ""z"": -3.467}]"
2026-05-27T03:35:39Z,mock-node,default,mock-pod,app,0.889351,True,"[{""feature"": ""tcp_retransmit_rate"", ""value"": 8.836, ""z"": 290.073}, {""feature"": ""network_tx_bytes"", ""value"": 16460.407, ""z"": -3.965}, {""feature"": ""network_rx_bytes"", ""value"": 19566.098, ""z"": -3.865}]"
2026-05-27T03:35:49Z,mock-node,default,mock-pod,app,0.965107,True,"[{""feature"": ""tcp_retransmit_rate"", ""value"": 7.325, ""z"": 239.322}, {""feature"": ""network_tx_bytes"", ""value"": 14930.887, ""z"": -4.222}, {""feature"": ""network_rx_bytes"", ""value"": 19590.208, ""z"": -3.862}]"
2026-05-27T03:35:59Z,mock-node,default,mock-pod,app,0.924051,True,"[{""feature"": ""tcp_retransmit_rate"", ""value"": 6.002, ""z"": 194.885}, {""feature"": ""network_rx_bytes"", ""value"": 16748.967, ""z"": -4.222}, {""feature"": ""network_tx_bytes"", ""value"": 17883.901, ""z"": -3.725}]"
2026-05-27T03:36:09Z,mock-node,default,mock-pod,app,1.0,True,"[{""feature"": ""tcp_retransmit_rate"", ""value"": 9.742, ""z"": 320.503}, {""feature"": ""network_tx_bytes"", ""value"": 13849.039, ""z"": -4.405}, {""feature"": ""network_rx_bytes"", ""value"": 20458.939, ""z"": -3.753}]"
2026-05-27T03:36:19Z,mock-node,default,mock-pod,app,0.922755,True,"[{""feature"": ""tcp_retransmit_rate"", ""value"": 10.703, ""z"": 352.781}, {""feature"": ""network_rx_bytes"", ""value"": 18167.893, ""z"": -4.042}, {""feature"": ""network_tx_bytes"", ""value"": 16011.301, ""z"": -4.04}]"
2026-05-27T03:36:29Z,mock-node,default,mock-pod,app,0.917945,True,"[{""feature"": ""tcp_retransmit_rate"", ""value"": 7.607, ""z"": 248.794}, {""feature"": ""network_tx_bytes"", ""value"": 14688.056, ""z"": -4.263}, {""feature"": ""network_rx_bytes"", ""value"": 23919.705, ""z"": -3.315}]"
2026-05-27T03:36:39Z,mock-node,default,mock-pod,app,1.0,True,"[{""feature"": ""tcp_retransmit_rate"", ""value"": 7.341, ""z"": 239.859}, {""feature"": ""network_tx_bytes"", ""value"": 13461.415, ""z"": -4.47}, {""feature"": ""network_rx_bytes"", ""value"": 18427.081, ""z"": -4.009}]"
2026-05-27T03:36:49Z,mock-node,default,mock-pod,app,0.926531,True,"[{""feature"": ""tcp_retransmit_rate"", ""value"": 9.336, ""z"": 306.867}, {""feature"": ""network_tx_bytes"", ""value"": 15712.996, ""z"": -4.091}, {""feature"": ""network_rx_bytes"", ""value"": 18337.791, ""z"": -4.021}]"
2026-05-27T03:36:59Z,mock-node,default,mock-pod,app,0.995645,True,"[{""feature"": ""tcp_retransmit_rate"", ""value"": 6.427, ""z"": 209.16}, {""feature"": ""network_rx_bytes"", ""value"": 18143.788, ""z"": -4.045}, {""feature"": ""network_tx_bytes"", ""value"": 17140.579, ""z"": -3.85}]"
2026-05-27T03:37:09Z,mock-node,default,mock-pod,app,1.0,True,"[{""feature"": ""tcp_retransmit_rate"", ""value"": 9.067, ""z"": 297.832}, {""feature"": ""network_tx_bytes"", ""value"": 16166.891, ""z"": -4.014}, {""feature"": ""network_rx_bytes"", ""value"": 22790.016, ""z"": -3.458}]"
2026-05-27T03:37:19Z,mock-node,default,mock-pod,app,1.0,True,"[{""feature"": ""tcp_retransmit_rate"", ""value"": 8.892, ""z"": 291.954}, {""feature"": ""network_rx_bytes"", ""value"": 17662.812, ""z"": -4.106}, {""feature"": ""network_tx_bytes"", ""value"": 18199.656, ""z"": -3.672}]"
2026-05-27T03:37:29Z,mock-node,default,mock-pod,app,0.927826,True,"[{""feature"": ""tcp_retransmit_rate"", ""value"": 9.44, ""z"": 310.36}, {""feature"": ""network_tx_bytes"", ""value"": 12879.998, ""z"": -4.568}, {""feature"": ""network_rx_bytes"", ""value"": 15648.305, ""z"": -4.361}]"
2026-05-27T03:37:39Z,mock-node,default,mock-pod,app,1.0,True,"[{""feature"": ""tcp_retransmit_rate"", ""value"": 8.077, ""z"": 264.58}, {""feature"": ""network_tx_bytes"", ""value"": 16313.39, ""z"": -3.99}, {""feature"": ""network_rx_bytes"", ""value"": 19797.409, ""z"": -3.836}]"
2026-05-27T03:37:49Z,mock-node,default,mock-pod,app,1.0,True,"[{""feature"": ""tcp_retransmit_rate"", ""value"": 8.392, ""z"": 275.16}, {""feature"": ""network_tx_bytes"", ""value"": 14030.321, ""z"": -4.374}, {""feature"": ""network_rx_bytes"", ""value"": 19579.229, ""z"": -3.864}]"
2026-05-27T03:37:59Z,mock-node,default,mock-pod,app,0.933259,True,"[{""feature"": ""tcp_retransmit_rate"", ""value"": 8.963, ""z"": 294.338}, {""feature"": ""network_tx_bytes"", ""value"": 15102.644, ""z"": -4.193}, {""feature"": ""network_rx_bytes"", ""value"": 23102.696, ""z"": -3.418}]"
2026-05-27T03:38:09Z,mock-node,default,mock-pod,app,1.0,True,"[{""feature"": ""tcp_retransmit_rate"", ""value"": 8.025, ""z"": 262.833}, {""feature"": ""network_tx_bytes"", ""value"": 14883.113, ""z"": -4.23}, {""feature"": ""network_rx_bytes"", ""value"": 16770.15, ""z"": -4.219}]"
2026-05-27T03:38:19Z,mock-node,default,mock-pod,app,1.0,True,"[{""feature"": ""tcp_retransmit_rate"", ""value"": 6.269, ""z"": 203.853}, {""feature"": ""network_tx_bytes"", ""value"": 14694.318, ""z"": -4.262}, {""feature"": ""network_rx_bytes"", ""value"": 25869.919, ""z"": -3.068}]"
2026-05-27T03:38:29Z,mock-node,default,mock-pod,app,1.0,True,"[{""feature"": ""tcp_retransmit_rate"", ""value"": 8.617, ""z"": 282.717}, {""feature"": ""network_tx_bytes"", ""value"": 15946.409, ""z"": -4.051}, {""feature"": ""network_rx_bytes"", ""value"": 22750.356, ""z"": -3.463}]"
2026-05-27T03:38:39Z,mock-node,default,mock-pod,app,0.908302,True,"[{""feature"": ""tcp_retransmit_rate"", ""value"": 9.566, ""z"": 314.592}, {""feature"": ""network_rx_bytes"", ""value"": 11753.061, ""z"": -4.854}, {""feature"": ""network_tx_bytes"", ""value"": 17914.099, ""z"": -3.72}]"
2026-05-27T03:38:49Z,mock-node,default,mock-pod,app,1.0,True,"[{""feature"": ""tcp_retransmit_rate"", ""value"": 11.047, ""z"": 364.335}, {""feature"": ""network_tx_bytes"", ""value"": 15466.207, ""z"": -4.132}, {""feature"": ""network_rx_bytes"", ""value"": 19422.923, ""z"": -3.884}]"
2026-05-27T03:38:59Z,mock-node,default,mock-pod,app,1.0,True,"[{""feature"": ""tcp_retransmit_rate"", ""value"": 6.477, ""z"": 210.839}, {""feature"": ""network_tx_bytes"", ""value"": 15652.088, ""z"": -4.101}, {""feature"": ""network_rx_bytes"", ""value"": 20051.174, ""z"": -3.804}]"
2026-05-27T03:39:09Z,mock-node,default,mock-pod,app,0.90089,True,"[{""feature"": ""tcp_retransmit_rate"", ""value"": 8.432, ""z"": 276.503}, {""feature"": ""network_rx_bytes"", ""value"": 14471.491, ""z"": -4.51}, {""feature"": ""network_tx_bytes"", ""value"": 15370.679, ""z"": -4.148}]"
2026-05-27T03:39:19Z,mock-node,default,mock-pod,app,1.0,True,"[{""feature"": ""tcp_retransmit_rate"", ""value"": 10.106, ""z"": 332.729}, {""feature"": ""network_tx_bytes"", ""value"": 14067.109, ""z"": -4.368}, {""feature"": ""network_rx_bytes"", ""value"": 23798.284, ""z"": -3.33}]"
2026-05-27T03:39:29Z,mock-node,default,mock-pod,app,1.0,True,"[{""feature"": ""tcp_retransmit_rate"", ""value"": 8.36, ""z"": 274.085}, {""feature"": ""network_tx_bytes"", ""value"": 14014.921, ""z"": -4.377}, {""feature"": ""network_rx_bytes"", ""value"": 25344.719, ""z"": -3.135}]"
2026-05-27T03:39:39Z,mock-node,default,mock-pod,app,1.0,True,"[{""feature"": ""tcp_retransmit_rate"", ""value"": 7.833, ""z"": 256.384}, {""feature"": ""network_tx_bytes"", ""value"": 14221.301, ""z"": -4.342}, {""feature"": ""network_rx_bytes"", ""value"": 17919.119, ""z"": -4.074}]"
2026-05-27T03:39:49Z,mock-node,default,mock-pod,app,0.974237,True,"[{""feature"": ""tcp_retransmit_rate"", ""value"": 7.776, ""z"": 254.47}, {""feature"": ""network_rx_bytes"", ""value"": 17105.268, ""z"": -4.177}, {""feature"": ""network_tx_bytes"", ""value"": 15501.417, ""z"": -4.126}]"
2026-05-27T03:39:59Z,mock-node,default,mock-pod,app,0.890153,True,"[{""feature"": ""tcp_retransmit_rate"", ""value"": 7.437, ""z"": 243.084}, {""feature"": ""network_rx_bytes"", ""value"": 17646.309, ""z"": -4.108}, {""feature"": ""network_tx_bytes"", ""value"": 18092.966, ""z"": -3.69}]"
2026-05-27T03:40:09Z,mock-node,default,mock-pod,app,1.0,True,"[{""feature"": ""tcp_retransmit_rate"", ""value"": 9.533, ""z"": 313.483}, {""feature"": ""network_rx_bytes"", ""value"": 14587.19, ""z"": -4.495}, {""feature"": ""network_tx_bytes"", ""value"": 20228.413, ""z"": -3.33}]"
2026-05-27T03:40:19Z,mock-node,default,mock-pod,app,0.87515,True,"[{""feature"": ""tcp_retransmit_rate"", ""value"": 7.391, ""z"": 241.539}, {""feature"": ""network_tx_bytes"", ""value"": 14709.778, ""z"": -4.26}, {""feature"": ""network_rx_bytes"", ""value"": 21663.704, ""z"": -3.6}]"
2026-05-27T03:40:29Z,mock-node,default,mock-pod,app,1.0,True,"[{""feature"": ""tcp_retransmit_rate"", ""value"": 7.573, ""z"": 247.652}, {""feature"": ""network_rx_bytes"", ""value"": 19019.819, ""z"": -3.935}, {""feature"": ""network_tx_bytes"", ""value"": 16649.242, ""z"": -3.933}]"
2026-05-27T03:40:39Z,mock-node,default,mock-pod,app,0.956303,True,"[{""feature"": ""tcp_retransmit_rate"", ""value"": 7.677, ""z"": 251.145}, {""feature"": ""network_tx_bytes"", ""value"": 18676.05, ""z"": -3.592}, {""feature"": ""network_rx_bytes"", ""value"": 21992.344, ""z"": -3.559}]"
2026-05-27T03:40:49Z,mock-node,default,mock-pod,app,1.0,True,"[{""feature"": ""tcp_retransmit_rate"", ""value"": 8.335, ""z"": 273.245}, {""feature"": ""network_tx_bytes"", ""value"": 14087.637, ""z"": -4.364}, {""feature"": ""network_rx_bytes"", ""value"": 18557.974, ""z"": -3.993}]"
2026-05-27T03:40:59Z,mock-node,default,mock-pod,app,0.935489,True,"[{""feature"": ""tcp_retransmit_rate"", ""value"": 7.81, ""z"": 255.612}, {""feature"": ""network_rx_bytes"", ""value"": 15286.352, ""z"": -4.407}, {""feature"": ""network_tx_bytes"", ""value"": 16663.718, ""z"": -3.931}]"
2026-05-27T03:41:09Z,mock-node,default,mock-pod,app,0.933357,True,"[{""feature"": ""tcp_retransmit_rate"", ""value"": 6.681, ""z"": 217.691}, {""feature"": ""network_tx_bytes"", ""value"": 14200.006, ""z"": -4.346}, {""feature"": ""network_rx_bytes"", ""value"": 19521.269, ""z"": -3.871}]"
2026-05-27T03:41:19Z,mock-node,default,mock-pod,app,0.996025,True,"[{""feature"": ""tcp_retransmit_rate"", ""value"": 8.859, ""z"": 290.845}, {""feature"": ""network_rx_bytes"", ""value"": 20658.427, ""z"": -3.727}, {""feature"": ""network_tx_bytes"", ""value"": 19253.957, ""z"": -3.494}]"
2026-05-27T03:41:29Z,mock-node,default,mock-pod,app,1.0,True,"[{""feature"": ""tcp_retransmit_rate"", ""value"": 8.511, ""z"": 279.157}, {""feature"": ""network_tx_bytes"", ""value"": 15166.426, ""z"": -4.183}, {""feature"": ""network_rx_bytes"", ""value"": 22973.752, ""z"": -3.434}]"
2026-05-27T03:41:39Z,mock-node,default,mock-pod,app,1.0,True,"[{""feature"": ""tcp_retransmit_rate"", ""value"": 8.564, ""z"": 280.937}, {""feature"": ""network_tx_bytes"", ""value"": 16053.69, ""z"": -4.033}, {""feature"": ""network_rx_bytes"", ""value"": 19315.833, ""z"": -3.897}]"
2026-05-27T03:41:49Z,mock-node,default,mock-pod,app,0.898987,True,"[{""feature"": ""tcp_retransmit_rate"", ""value"": 8.412, ""z"": 275.832}, {""feature"": ""network_rx_bytes"", ""value"": 18290.162, ""z"": -4.027}, {""feature"": ""network_tx_bytes"", ""value"": 16848.457, ""z"": -3.899}]"
2026-05-27T03:41:59Z,mock-node,default,mock-pod,app,0.98909,True,"[{""feature"": ""tcp_retransmit_rate"", ""value"": 7.239, ""z"": 236.433}, {""feature"": ""network_tx_bytes"", ""value"": 17940.799, ""z"": -3.715}, {""feature"": ""network_rx_bytes"", ""value"": 25937.88, ""z"": -3.06}]"
2026-05-27T03:42:09Z,mock-node,default,mock-pod,app,0.962089,True,"[{""feature"": ""tcp_retransmit_rate"", ""value"": 5.748, ""z"": 186.354}, {""feature"": ""network_tx_bytes"", ""value"": 17306.913, ""z"": -3.822}, {""feature"": ""network_rx_bytes"", ""value"": 21865.294, ""z"": -3.575}]"
2026-05-27T03:42:19Z,mock-node,default,mock-pod,app,0.954138,True,"[{""feature"": ""tcp_retransmit_rate"", ""value"": 7.526, ""z"": 246.073}, {""feature"": ""network_tx_bytes"", ""value"": 16318.492, ""z"": -3.989}, {""feature"": ""network_rx_bytes"", ""value"": 21380.456, ""z"": -3.636}]"
2026-05-27T03:42:29Z,mock-node,default,mock-pod,app,0.960436,True,"[{""feature"": ""tcp_retransmit_rate"", ""value"": 8.313, ""z"": 272.506}, {""feature"": ""network_tx_bytes"", ""value"": 15917.152, ""z"": -4.056}, {""feature"": ""network_rx_bytes"", ""value"": 19626.721, ""z"": -3.858}]"
2026-05-27T03:42:39Z,mock-node,default,mock-pod,app,1.0,True,"[{""feature"": ""tcp_retransmit_rate"", ""value"": 8.537, ""z"": 280.03}, {""feature"": ""network_rx_bytes"", ""value"": 17872.884, ""z"": -4.08}, {""feature"": ""network_tx_bytes"", ""value"": 17344.454, ""z"": -3.816}]"
2026-05-27T03:42:49Z,mock-node,default,mock-pod,app,1.0,True,"[{""feature"": ""tcp_retransmit_rate"", ""value"": 7.062, ""z"": 230.488}, {""feature"": ""network_rx_bytes"", ""value"": 17426.404, ""z"": -4.136}, {""feature"": ""network_tx_bytes"", ""value"": 18233.586, ""z"": -3.666}]"
2026-05-27T03:42:59Z,mock-node,default,mock-pod,app,1.0,True,"[{""feature"": ""tcp_retransmit_rate"", ""value"": 6.589, ""z"": 214.601}, {""feature"": ""network_tx_bytes"", ""value"": 17112.125, ""z"": -3.855}, {""feature"": ""network_rx_bytes"", ""value"": 20124.622, ""z"": -3.795}]"
2026-05-27T03:43:09Z,mock-node,default,mock-pod,app,0.942023,True,"[{""feature"": ""tcp_retransmit_rate"", ""value"": 8.29, ""z"": 271.734}, {""feature"": ""network_tx_bytes"", ""value"": 15822.791, ""z"": -4.072}, {""feature"": ""network_rx_bytes"", ""value"": 19961.986, ""z"": -3.815}]"
2026-05-27T03:43:19Z,mock-node,default,mock-pod,app,0.937893,True,"[{""feature"": ""tcp_retransmit_rate"", ""value"": 6.871, ""z"": 224.073}, {""feature"": ""network_rx_bytes"", ""value"": 15150.622, ""z"": -4.424}, {""feature"": ""network_tx_bytes"", ""value"": 17184.838, ""z"": -3.843}]"
2026-05-27T03:43:29Z,mock-node,default,mock-pod,app,0.915395,True,"[{""feature"": ""tcp_retransmit_rate"", ""value"": 7.529, ""z"": 246.174}, {""feature"": ""network_tx_bytes"", ""value"": 11137.968, ""z"": -4.861}, {""feature"": ""network_rx_bytes"", ""value"": 25386.534, ""z"": -3.129}]"
2026-05-27T03:43:39Z,mock-node,default,mock-pod,app,0.981316,True,"[{""feature"": ""tcp_retransmit_rate"", ""value"": 7.392, ""z"": 241.572}, {""feature"": ""network_tx_bytes"", ""value"": 13235.16, ""z"": -4.508}, {""feature"": ""network_rx_bytes"", ""value"": 17977.909, ""z"": -4.066}]"
2026-05-27T03:43:49Z,mock-node,default,mock-pod,app,1.0,True,"[{""feature"": ""tcp_retransmit_rate"", ""value"": 8.74, ""z"": 286.848}, {""feature"": ""network_tx_bytes"", ""value"": 15044.902, ""z"": -4.203}, {""feature"": ""network_rx_bytes"", ""value"": 17232.301, ""z"": -4.161}]"
2026-05-27T03:43:59Z,mock-node,default,mock-pod,app,0.896028,True,"[{""feature"": ""tcp_retransmit_rate"", ""value"": 6.478, ""z"": 210.873}, {""feature"": ""network_tx_bytes"", ""value"": 16459.386, ""z"": -3.965}, {""feature"": ""network_rx_bytes"", ""value"": 20256.662, ""z"": -3.778}]"
2026-05-27T03:44:09Z,mock-node,default,mock-pod,app,1.0,True,"[{""feature"": ""tcp_retransmit_rate"", ""value"": 7.406, ""z"": 242.042}, {""feature"": ""network_tx_bytes"", ""value"": 14816.909, ""z"": -4.242}, {""feature"": ""network_rx_bytes"", ""value"": 20064.16, ""z"": -3.802}]"
2026-05-27T03:10:59Z,mock-node,default,mock-pod,app,0.884413,True,"[{""feature"": ""disk_io_latency_ms"", ""value"": 24.896, ""z"": 75.632}, {""feature"": ""disk_write_bytes"", ""value"": 173329.779, ""z"": 71.169}, {""feature"": ""disk_read_bytes"", ""value"": 170179.52, ""z"": 51.148}]"
2026-05-27T03:11:09Z,mock-node,default,mock-pod,app,0.947531,True,"[{""feature"": ""disk_io_latency_ms"", ""value"": 25.876, ""z"": 78.87}, {""feature"": ""disk_write_bytes"", ""value"": 148966.986, ""z"": 60.223}, {""feature"": ""disk_read_bytes"", ""value"": 167330.704, ""z"": 50.177}]"
2026-05-27T03:11:19Z,mock-node,default,mock-pod,app,0.982034,True,"[{""feature"": ""disk_io_latency_ms"", ""value"": 24.894, ""z"": 75.626}, {""feature"": ""disk_write_bytes"", ""value"": 164221.772, ""z"": 67.077}, {""feature"": ""disk_read_bytes"", ""value"": 157445.888, ""z"": 46.807}]"
2026-05-27T03:11:29Z,mock-node,default,mock-pod,app,0.869932,True,"[{""feature"": ""disk_io_latency_ms"", ""value"": 23.618, ""z"": 71.41}, {""feature"": ""disk_write_bytes"", ""value"": 142764.138, ""z"": 57.436}, {""feature"": ""disk_read_bytes"", ""value"": 111655.268, ""z"": 31.198}]"
2026-05-27T03:11:39Z,mock-node,default,mock-pod,app,1.0,True,"[{""feature"": ""disk_write_bytes"", ""value"": 163847.472, ""z"": 66.909}, {""feature"": ""disk_io_latency_ms"", ""value"": 21.798, ""z"": 65.396}, {""feature"": ""disk_read_bytes"", ""value"": 128819.966, ""z"": 37.049}]"
2026-05-27T03:11:49Z,mock-node,default,mock-pod,app,1.0,True,"[{""feature"": ""disk_io_latency_ms"", ""value"": 25.287, ""z"": 76.924}, {""feature"": ""disk_write_bytes"", ""value"": 93339.716, ""z"": 35.23}, {""feature"": ""disk_read_bytes"", ""value"": 114401.361, ""z"": 32.134}]"
2026-05-27T03:11:59Z,mock-node,default,mock-pod,app,0.986034,True,"[{""feature"": ""disk_io_latency_ms"", ""value"": 28.614, ""z"": 87.917}, {""feature"": ""disk_read_bytes"", ""value"": 173145.702, ""z"": 52.159}, {""feature"": ""disk_write_bytes"", ""value"": 114713.013, ""z"": 44.833}]"
2026-05-27T03:12:09Z,mock-node,default,mock-pod,app,1.0,True,"[{""feature"": ""disk_io_latency_ms"", ""value"": 25.17, ""z"": 76.538}, {""feature"": ""disk_write_bytes"", ""value"": 146621.878, ""z"": 59.169}, {""feature"": ""disk_read_bytes"", ""value"": 173247.135, ""z"": 52.193}]"
2026-05-27T03:12:19Z,mock-node,default,mock-pod,app,0.906314,True,"[{""feature"": ""disk_io_latency_ms"", ""value"": 23.515, ""z"": 71.069}, {""feature"": ""disk_write_bytes"", ""value"": 118950.153, ""z"": 46.737}, {""feature"": ""disk_read_bytes"", ""value"": 149324.174, ""z"": 44.039}]"
2026-05-27T03:12:29Z,mock-node,default,mock-pod,app,0.970346,True,"[{""feature"": ""disk_io_latency_ms"", ""value"": 24.549, ""z"": 74.486}, {""feature"": ""disk_write_bytes"", ""value"": 153203.018, ""z"": 62.126}, {""feature"": ""disk_read_bytes"", ""value"": 168285.394, ""z"": 50.502}]"
2026-05-27T03:12:39Z,mock-node,default,mock-pod,app,1.0,True,"[{""feature"": ""disk_io_latency_ms"", ""value"": 27.326, ""z"": 83.661}, {""feature"": ""disk_write_bytes"", ""value"": 149705.124, ""z"": 60.555}, {""feature"": ""disk_read_bytes"", ""value"": 151058.771, ""z"": 44.63}]"
2026-05-27T03:12:49Z,mock-node,default,mock-pod,app,1.0,True,"[{""feature"": ""disk_io_latency_ms"", ""value"": 32.748, ""z"": 101.576}, {""feature"": ""disk_write_bytes"", ""value"": 138253.845, ""z"": 55.41}, {""feature"": ""disk_read_bytes"", ""value"": 166771.122, ""z"": 49.986}]"
2026-05-27T03:12:59Z,mock-node,default,mock-pod,app,1.0,True,"[{""feature"": ""disk_io_latency_ms"", ""value"": 29.368, ""z"": 90.408}, {""feature"": ""disk_write_bytes"", ""value"": 169263.977, ""z"": 69.342}, {""feature"": ""disk_read_bytes"", ""value"": 182884.129, ""z"": 55.478}]"
2026-05-27T03:13:09Z,mock-node,default,mock-pod,app,1.0,True,"[{""feature"": ""disk_write_bytes"", ""value"": 176879.729, ""z"": 72.764}, {""feature"": ""disk_io_latency_ms"", ""value"": 23.462, ""z"": 70.894}, {""feature"": ""disk_read_bytes"", ""value"": 164220.466, ""z"": 49.116}]"
2026-05-27T03:13:19Z,mock-node,default,mock-pod,app,1.0,True,"[{""feature"": ""disk_io_latency_ms"", ""value"": 26.538, ""z"": 81.058}, {""feature"": ""disk_write_bytes"", ""value"": 152978.229, ""z"": 62.025}, {""feature"": ""disk_read_bytes"", ""value"": 153622.85, ""z"": 45.504}]"
2026-05-27T03:13:29Z,mock-node,default,mock-pod,app,1.0,True,"[{""feature"": ""disk_io_latency_ms"", ""value"": 24.004, ""z"": 72.685}, {""feature"": ""disk_read_bytes"", ""value"": 195353.793, ""z"": 59.729}, {""feature"": ""disk_write_bytes"", ""value"": 128900.902, ""z"": 51.208}]"
2026-05-27T03:13:39Z,mock-node,default,mock-pod,app,1.0,True,"[{""feature"": ""disk_io_latency_ms"", ""value"": 25.476, ""z"": 77.549}, {""feature"": ""disk_write_bytes"", ""value"": 158990.896, ""z"": 64.727}, {""feature"": ""disk_read_bytes"", ""value"": 145532.122, ""z"": 42.746}]"
2026-05-27T03:13:49Z,mock-node,default,mock-pod,app,1.0,True,"[{""feature"": ""disk_read_bytes"", ""value"": 194181.151, ""z"": 59.329}, {""feature"": ""disk_write_bytes"", ""value"": 144072.679, ""z"": 58.024}, {""feature"": ""disk_io_latency_ms"", ""value"": 15.732, ""z"": 45.354}]"
2026-05-27T03:13:59Z,mock-node,default,mock-pod,app,0.967755,True,"[{""feature"": ""disk_io_latency_ms"", ""value"": 29.796, ""z"": 91.822}, {""feature"": ""disk_write_bytes"", ""value"": 183558.317, ""z"": 75.764}, {""feature"": ""disk_read_bytes"", ""value"": 184968.034, ""z"": 56.189}]"
2026-05-27T03:14:09Z,mock-node,default,mock-pod,app,1.0,True,"[{""feature"": ""disk_io_latency_ms"", ""value"": 30.449, ""z"": 93.98}, {""feature"": ""disk_write_bytes"", ""value"": 155257.421, ""z"": 63.049}, {""feature"": ""disk_read_bytes"", ""value"": 145803.477, ""z"": 42.838}]"
2026-05-27T03:14:19Z,mock-node,default,mock-pod,app,1.0,True,"[{""feature"": ""disk_io_latency_ms"", ""value"": 26.899, ""z"": 82.25}, {""feature"": ""disk_write_bytes"", ""value"": 150171.408, ""z"": 60.764}, {""feature"": ""disk_read_bytes"", ""value"": 179025.68, ""z"": 54.163}]"
2026-05-27T03:14:29Z,mock-node,default,mock-pod,app,1.0,True,"[{""feature"": ""disk_write_bytes"", ""value"": 158193.284, ""z"": 64.368}, {""feature"": ""disk_io_latency_ms"", ""value"": 15.504, ""z"": 44.601}, {""feature"": ""disk_read_bytes"", ""value"": 131689.433, ""z"": 38.027}]"
2026-05-27T03:14:39Z,mock-node,default,mock-pod,app,0.924701,True,"[{""feature"": ""disk_io_latency_ms"", ""value"": 25.176, ""z"": 76.557}, {""feature"": ""disk_write_bytes"", ""value"": 164990.324, ""z"": 67.422}, {""feature"": ""disk_read_bytes"", ""value"": 177941.367, ""z"": 53.793}]"
2026-05-27T03:14:49Z,mock-node,default,mock-pod,app,1.0,True,"[{""feature"": ""disk_write_bytes"", ""value"": 204533.605, ""z"": 85.188}, {""feature"": ""disk_io_latency_ms"", ""value"": 20.661, ""z"": 61.64}, {""feature"": ""disk_read_bytes"", ""value"": 171252.566, ""z"": 51.513}]"
2026-05-27T03:14:59Z,mock-node,default,mock-pod,app,0.829681,True,"[{""feature"": ""disk_io_latency_ms"", ""value"": 22.708, ""z"": 68.403}, {""feature"": ""disk_write_bytes"", ""value"": 127138.289, ""z"": 50.416}, {""feature"": ""disk_read_bytes"", ""value"": 155311.832, ""z"": 46.08}]"
2026-05-27T03:15:09Z,mock-node,default,mock-pod,app,1.0,True,"[{""feature"": ""disk_io_latency_ms"", ""value"": 23.757, ""z"": 71.869}, {""feature"": ""disk_write_bytes"", ""value"": 159624.619, ""z"": 65.011}, {""feature"": ""disk_read_bytes"", ""value"": 200418.327, ""z"": 61.455}]"
2026-05-27T03:15:19Z,mock-node,default,mock-pod,app,1.0,True,"[{""feature"": ""disk_io_latency_ms"", ""value"": 20.493, ""z"": 61.085}, {""feature"": ""disk_write_bytes"", ""value"": 141034.185, ""z"": 56.659}, {""feature"": ""disk_read_bytes"", ""value"": 164403.161, ""z"": 49.179}]"
2026-05-27T03:15:29Z,mock-node,default,mock-pod,app,1.0,True,"[{""feature"": ""disk_io_latency_ms"", ""value"": 23.788, ""z"": 71.971}, {""feature"": ""disk_write_bytes"", ""value"": 133167.326, ""z"": 53.124}, {""feature"": ""disk_read_bytes"", ""value"": 108158.502, ""z"": 30.006}]"
2026-05-27T03:15:39Z,mock-node,default,mock-pod,app,0.758103,False,"[{""feature"": ""disk_io_latency_ms"", ""value"": 23.999, ""z"": 72.669}, {""feature"": ""disk_write_bytes"", ""value"": 135916.616, ""z"": 54.36}, {""feature"": ""disk_read_bytes"", ""value"": 140173.706, ""z"": 40.919}]"
2026-05-27T03:15:49Z,mock-node,default,mock-pod,app,0.88487,True,"[{""feature"": ""disk_read_bytes"", ""value"": 170714.72, ""z"": 51.33}, {""feature"": ""disk_write_bytes"", ""value"": 128271.727, ""z"": 50.925}, {""feature"": ""disk_io_latency_ms"", ""value"": 17.174, ""z"": 50.118}]"
2026-05-27T03:15:59Z,mock-node,default,mock-pod,app,1.0,True,"[{""feature"": ""disk_io_latency_ms"", ""value"": 24.636, ""z"": 74.773}, {""feature"": ""disk_write_bytes"", ""value"": 161179.445, ""z"": 65.71}, {""feature"": ""disk_read_bytes"", ""value"": 172501.568, ""z"": 51.939}]"
2026-05-27T03:16:09Z,mock-node,default,mock-pod,app,1.0,True,"[{""feature"": ""disk_io_latency_ms"", ""value"": 26.147, ""z"": 79.766}, {""feature"": ""disk_write_bytes"", ""value"": 174049.422, ""z"": 71.492}, {""feature"": ""disk_read_bytes"", ""value"": 152885.362, ""z"": 45.253}]"
2026-05-27T03:16:19Z,mock-node,default,mock-pod,app,1.0,True,"[{""feature"": ""disk_io_latency_ms"", ""value"": 24.675, ""z"": 74.902}, {""feature"": ""disk_write_bytes"", ""value"": 123739.395, ""z"": 48.889}, {""feature"": ""disk_read_bytes"", ""value"": 160158.04, ""z"": 47.732}]"
2026-05-27T03:16:29Z,mock-node,default,mock-pod,app,0.976607,True,"[{""feature"": ""disk_io_latency_ms"", ""value"": 24.018, ""z"": 72.731}, {""feature"": ""disk_write_bytes"", ""value"": 135854.619, ""z"": 54.332}, {""feature"": ""disk_read_bytes"", ""value"": 134698.987, ""z"": 39.053}]"
2026-05-27T03:16:39Z,mock-node,default,mock-pod,app,0.997013,True,"[{""feature"": ""disk_write_bytes"", ""value"": 174602.639, ""z"": 71.741}, {""feature"": ""disk_io_latency_ms"", ""value"": 20.824, ""z"": 62.178}, {""feature"": ""disk_read_bytes"", ""value"": 172383.26, ""z"": 51.899}]"
2026-05-27T03:16:49Z,mock-node,default,mock-pod,app,1.0,True,"[{""feature"": ""disk_io_latency_ms"", ""value"": 24.114, ""z"": 73.049}, {""feature"": ""disk_write_bytes"", ""value"": 118435.645, ""z"": 46.506}, {""feature"": ""disk_read_bytes"", ""value"": 144898.601, ""z"": 42.53}]"
2026-05-27T03:16:59Z,mock-node,default,mock-pod,app,0.994805,True,"[{""feature"": ""disk_write_bytes"", ""value"": 161033.029, ""z"": 65.644}, {""feature"": ""disk_io_latency_ms"", ""value"": 18.287, ""z"": 53.796}, {""feature"": ""disk_read_bytes"", ""value"": 160131.447, ""z"": 47.722}]"
2026-05-27T03:17:09Z,mock-node,default,mock-pod,app,0.894311,True,"[{""feature"": ""disk_io_latency_ms"", ""value"": 20.467, ""z"": 60.999}, {""feature"": ""disk_read_bytes"", ""value"": 155819.882, ""z"": 46.253}, {""feature"": ""disk_write_bytes"", ""value"": 88763.975, ""z"": 33.175}]"
2026-05-27T03:17:19Z,mock-node,default,mock-pod,app,0.808162,True,"[{""feature"": ""disk_io_latency_ms"", ""value"": 23.764, ""z"": 71.892}, {""feature"": ""disk_write_bytes"", ""value"": 146753.874, ""z"": 59.229}, {""feature"": ""disk_read_bytes"", ""value"": 139569.071, ""z"": 40.713}]"
2026-05-27T03:17:29Z,mock-node,default,mock-pod,app,0.86398,True,"[{""feature"": ""disk_io_latency_ms"", ""value"": 32.367, ""z"": 100.317}, {""feature"": ""disk_write_bytes"", ""value"": 140707.476, ""z"": 56.512}, {""feature"": ""disk_read_bytes"", ""value"": 172559.206, ""z"": 51.959}]"
2026-05-27T03:17:39Z,mock-node,default,mock-pod,app,1.0,True,"[{""feature"": ""disk_io_latency_ms"", ""value"": 27.411, ""z"": 83.942}, {""feature"": ""disk_write_bytes"", ""value"": 167244.907, ""z"": 68.435}, {""feature"": ""disk_read_bytes"", ""value"": 190716.189, ""z"": 58.148}]"
2026-05-27T03:17:49Z,mock-node,default,mock-pod,app,1.0,True,"[{""feature"": ""disk_io_latency_ms"", ""value"": 21.092, ""z"": 63.064}, {""feature"": ""disk_write_bytes"", ""value"": 150590.449, ""z"": 60.952}, {""feature"": ""disk_read_bytes"", ""value"": 187912.969, ""z"": 57.192}]"
2026-05-27T03:17:59Z,mock-node,default,mock-pod,app,1.0,True,"[{""feature"": ""disk_write_bytes"", ""value"": 165167.147, ""z"": 67.502}, {""feature"": ""disk_io_latency_ms"", ""value"": 22.273, ""z"": 66.966}, {""feature"": ""disk_read_bytes"", ""value"": 143081.253, ""z"": 41.911}]"
2026-05-27T03:18:09Z,mock-node,default,mock-pod,app,0.77995,False,"[{""feature"": ""disk_write_bytes"", ""value"": 201380.554, ""z"": 83.772}, {""feature"": ""disk_io_latency_ms"", ""value"": 24.012, ""z"": 72.712}, {""feature"": ""disk_read_bytes"", ""value"": 147523.905, ""z"": 43.425}]"
2026-05-27T03:18:19Z,mock-node,default,mock-pod,app,1.0,True,"[{""feature"": ""disk_io_latency_ms"", ""value"": 22.874, ""z"": 68.952}, {""feature"": ""disk_write_bytes"", ""value"": 148638.0, ""z"": 60.075}, {""feature"": ""disk_read_bytes"", ""value"": 148970.819, ""z"": 43.918}]"
2026-05-27T03:18:29Z,mock-node,default,mock-pod,app,0.841244,True,"[{""feature"": ""disk_io_latency_ms"", ""value"": 26.764, ""z"": 81.804}, {""feature"": ""disk_write_bytes"", ""value"": 185231.291, ""z"": 76.516}, {""feature"": ""disk_read_bytes"", ""value"": 148368.563, ""z"": 43.713}]"
2026-05-27T03:18:39Z,mock-node,default,mock-pod,app,0.909204,True,"[{""feature"": ""disk_write_bytes"", ""value"": 212878.879, ""z"": 88.938}, {""feature"": ""disk_io_latency_ms"", ""value"": 17.279, ""z"": 50.465}, {""feature"": ""disk_read_bytes"", ""value"": 160310.848, ""z"": 47.784}]"
2026-05-27T03:18:49Z,mock-node,default,mock-pod,app,0.863809,True,"[{""feature"": ""disk_io_latency_ms"", ""value"": 20.239, ""z"": 60.245}, {""feature"": ""disk_write_bytes"", ""value"": 126783.399, ""z"": 50.256}, {""feature"": ""disk_read_bytes"", ""value"": 159946.724, ""z"": 47.66}]"
2026-05-27T03:18:59Z,mock-node,default,mock-pod,app,0.939411,True,"[{""feature"": ""disk_io_latency_ms"", ""value"": 26.697, ""z"": 81.583}, {""feature"": ""disk_write_bytes"", ""value"": 147760.449, ""z"": 59.681}, {""feature"": ""disk_read_bytes"", ""value"": 147294.316, ""z"": 43.347}]"
2026-05-27T03:19:09Z,mock-node,default,mock-pod,app,1.0,True,"[{""feature"": ""disk_write_bytes"", ""value"": 149778.484, ""z"": 60.588}, {""feature"": ""disk_io_latency_ms"", ""value"": 17.607, ""z"": 51.549}, {""feature"": ""disk_read_bytes"", ""value"": 159612.654, ""z"": 47.546}]"
2026-05-27T03:19:19Z,mock-node,default,mock-pod,app,0.990429,True,"[{""feature"": ""disk_io_latency_ms"", ""value"": 19.106, ""z"": 56.502}, {""feature"": ""disk_write_bytes"", ""value"": 126986.283, ""z"": 50.347}, {""feature"": ""disk_read_bytes"", ""value"": 146203.419, ""z"": 42.975}]"
2026-05-27T03:19:29Z,mock-node,default,mock-pod,app,0.947084,True,"[{""feature"": ""disk_io_latency_ms"", ""value"": 25.048, ""z"": 76.135}, {""feature"": ""disk_write_bytes"", ""value"": 123675.51, ""z"": 48.86}, {""feature"": ""disk_read_bytes"", ""value"": 135646.597, ""z"": 39.376}]"
2026-05-27T03:19:39Z,mock-node,default,mock-pod,app,0.834618,True,"[{""feature"": ""disk_write_bytes"", ""value"": 169037.472, ""z"": 69.24}, {""feature"": ""disk_io_latency_ms"", ""value"": 21.273, ""z"": 63.662}, {""feature"": ""disk_read_bytes"", ""value"": 151192.549, ""z"": 44.675}]"
2026-05-27T03:19:49Z,mock-node,default,mock-pod,app,0.796853,False,"[{""feature"": ""disk_io_latency_ms"", ""value"": 24.138, ""z"": 73.128}, {""feature"": ""disk_write_bytes"", ""value"": 105520.549, ""z"": 40.703}, {""feature"": ""disk_read_bytes"", ""value"": 132880.695, ""z"": 38.433}]"
2026-05-27T03:19:59Z,mock-node,default,mock-pod,app,0.876417,True,"[{""feature"": ""disk_io_latency_ms"", ""value"": 21.64, ""z"": 64.874}, {""feature"": ""disk_write_bytes"", ""value"": 156940.696, ""z"": 63.805}, {""feature"": ""disk_read_bytes"", ""value"": 156094.785, ""z"": 46.347}]"
2026-05-27T03:20:09Z,mock-node,default,mock-pod,app,1.0,True,"[{""feature"": ""disk_io_latency_ms"", ""value"": 26.245, ""z"": 80.09}, {""feature"": ""disk_write_bytes"", ""value"": 167897.377, ""z"": 68.728}, {""feature"": ""disk_read_bytes"", ""value"": 174544.197, ""z"": 52.635}]"
2026-05-27T03:20:19Z,mock-node,default,mock-pod,app,1.0,True,"[{""feature"": ""disk_io_latency_ms"", ""value"": 31.755, ""z"": 98.295}, {""feature"": ""disk_write_bytes"", ""value"": 170789.156, ""z"": 70.027}, {""feature"": ""disk_read_bytes"", ""value"": 151062.577, ""z"": 44.631}]"
2026-05-27T03:20:29Z,mock-node,default,mock-pod,app,0.819099,True,"[{""feature"": ""disk_io_latency_ms"", ""value"": 26.393, ""z"": 80.579}, {""feature"": ""disk_write_bytes"", ""value"": 146809.914, ""z"": 59.254}, {""feature"": ""disk_read_bytes"", ""value"": 171855.379, ""z"": 51.719}]"
2026-05-27T03:20:39Z,mock-node,default,mock-pod,app,1.0,True,"[{""feature"": ""disk_io_latency_ms"", ""value"": 23.462, ""z"": 70.894}, {""feature"": ""disk_write_bytes"", ""value"": 154451.41, ""z"": 62.687}, {""feature"": ""disk_read_bytes"", ""value"": 181394.794, ""z"": 54.971}]"
2026-05-27T03:20:49Z,mock-node,default,mock-pod,app,0.933996,True,"[{""feature"": ""disk_io_latency_ms"", ""value"": 28.812, ""z"": 88.571}, {""feature"": ""disk_write_bytes"", ""value"": 165203.573, ""z"": 67.518}, {""feature"": ""disk_read_bytes"", ""value"": 149840.791, ""z"": 44.215}]"
2026-05-27T03:20:59Z,mock-node,default,mock-pod,app,0.998471,True,"[{""feature"": ""disk_io_latency_ms"", ""value"": 28.067, ""z"": 86.11}, {""feature"": ""disk_write_bytes"", ""value"": 152585.55, ""z"": 61.849}, {""feature"": ""disk_read_bytes"", ""value"": 158143.456, ""z"": 47.045}]"
2026-05-27T03:21:09Z,mock-node,default,mock-pod,app,0.879164,True,"[{""feature"": ""disk_io_latency_ms"", ""value"": 21.493, ""z"": 64.389}, {""feature"": ""disk_read_bytes"", ""value"": 178237.146, ""z"": 53.894}, {""feature"": ""disk_write_bytes"", ""value"": 115241.232, ""z"": 45.07}]"
2026-05-27T03:21:19Z,mock-node,default,mock-pod,app,1.0,True,"[{""feature"": ""disk_io_latency_ms"", ""value"": 32.965, ""z"": 102.293}, {""feature"": ""disk_read_bytes"", ""value"": 166427.844, ""z"": 49.869}, {""feature"": ""disk_write_bytes"", ""value"": 121113.44, ""z"": 47.709}]"
2026-05-27T03:21:29Z,mock-node,default,mock-pod,app,0.945878,True,"[{""feature"": ""disk_io_latency_ms"", ""value"": 23.911, ""z"": 72.378}, {""feature"": ""disk_write_bytes"", ""value"": 126888.245, ""z"": 50.303}, {""feature"": ""disk_read_bytes"", ""value"": 133849.196, ""z"": 38.764}]"
2026-05-27T03:21:39Z,mock-node,default,mock-pod,app,1.0,True,"[{""feature"": ""disk_io_latency_ms"", ""value"": 30.138, ""z"": 92.952}, {""feature"": ""disk_write_bytes"", ""value"": 176665.198, ""z"": 72.667}, {""feature"": ""disk_read_bytes"", ""value"": 178005.276, ""z"": 53.815}]"
2026-05-27T03:21:49Z,mock-node,default,mock-pod,app,0.953929,True,"[{""feature"": ""disk_io_latency_ms"", ""value"": 28.3, ""z"": 86.879}, {""feature"": ""disk_write_bytes"", ""value"": 156570.125, ""z"": 63.639}, {""feature"": ""disk_read_bytes"", ""value"": 116175.287, ""z"": 32.739}]"
2026-05-27T03:21:59Z,mock-node,default,mock-pod,app,0.821277,True,"[{""feature"": ""disk_io_latency_ms"", ""value"": 30.232, ""z"": 93.263}, {""feature"": ""disk_write_bytes"", ""value"": 147562.334, ""z"": 59.592}, {""feature"": ""disk_read_bytes"", ""value"": 140464.425, ""z"": 41.019}]"
2026-05-27T03:22:09Z,mock-node,default,mock-pod,app,0.761129,False,"[{""feature"": ""disk_io_latency_ms"", ""value"": 27.197, ""z"": 83.235}, {""feature"": ""disk_write_bytes"", ""value"": 137631.279, ""z"": 55.13}, {""feature"": ""disk_read_bytes"", ""value"": 150621.033, ""z"": 44.481}]"
2026-05-27T03:22:19Z,mock-node,default,mock-pod,app,0.895293,True,"[{""feature"": ""disk_io_latency_ms"", ""value"": 22.792, ""z"": 68.681}, {""feature"": ""disk_write_bytes"", ""value"": 143690.581, ""z"": 57.852}, {""feature"": ""disk_read_bytes"", ""value"": 178548.029, ""z"": 54.0}]"
2026-05-27T03:22:29Z,mock-node,default,mock-pod,app,0.942172,True,"[{""feature"": ""disk_io_latency_ms"", ""value"": 22.436, ""z"": 67.504}, {""feature"": ""disk_read_bytes"", ""value"": 213253.032, ""z"": 65.83}, {""feature"": ""disk_write_bytes"", ""value"": 92828.047, ""z"": 35.001}]"
2026-05-27T03:22:39Z,mock-node,default,mock-pod,app,1.0,True,"[{""feature"": ""disk_io_latency_ms"", ""value"": 24.424, ""z"": 74.073}, {""feature"": ""disk_write_bytes"", ""value"": 178371.535, ""z"": 73.434}, {""feature"": ""disk_read_bytes"", ""value"": 163476.152, ""z"": 48.863}]"
2026-05-27T03:22:49Z,mock-node,default,mock-pod,app,1.0,True,"[{""feature"": ""disk_io_latency_ms"", ""value"": 27.173, ""z"": 83.156}, {""feature"": ""disk_write_bytes"", ""value"": 166502.664, ""z"": 68.102}, {""feature"": ""disk_read_bytes"", ""value"": 181609.828, ""z"": 55.044}]"
2026-05-27T03:22:59Z,mock-node,default,mock-pod,app,1.0,True,"[{""feature"": ""disk_io_latency_ms"", ""value"": 22.101, ""z"": 66.397}, {""feature"": ""disk_write_bytes"", ""value"": 156004.56, ""z"": 63.385}, {""feature"": ""disk_read_bytes"", ""value"": 141090.242, ""z"": 41.232}]"
2026-05-27T03:23:09Z,mock-node,default,mock-pod,app,0.963217,True,"[{""feature"": ""disk_io_latency_ms"", ""value"": 22.793, ""z"": 68.684}, {""feature"": ""disk_write_bytes"", ""value"": 161838.492, ""z"": 66.006}, {""feature"": ""disk_read_bytes"", ""value"": 172939.923, ""z"": 52.089}]"
2026-05-27T03:23:19Z,mock-node,default,mock-pod,app,0.86778,True,"[{""feature"": ""disk_io_latency_ms"", ""value"": 26.291, ""z"": 80.242}, {""feature"": ""disk_write_bytes"", ""value"": 123928.874, ""z"": 48.974}, {""feature"": ""disk_read_bytes"", ""value"": 145303.569, ""z"": 42.668}]"
2026-05-27T03:23:29Z,mock-node,default,mock-pod,app,0.896223,True,"[{""feature"": ""disk_io_latency_ms"", ""value"": 22.311, ""z"": 67.091}, {""feature"": ""disk_write_bytes"", ""value"": 153667.714, ""z"": 62.335}, {""feature"": ""disk_read_bytes"", ""value"": 145415.602, ""z"": 42.706}]"
2026-05-27T03:23:39Z,mock-node,default,mock-pod,app,0.796445,False,"[{""feature"": ""disk_io_latency_ms"", ""value"": 23.913, ""z"": 72.384}, {""feature"": ""disk_write_bytes"", ""value"": 142503.553, ""z"": 57.319}, {""feature"": ""disk_read_bytes"", ""value"": 118607.126, ""z"": 33.568}]"
2026-05-27T03:23:49Z,mock-node,default,mock-pod,app,1.0,True,"[{""feature"": ""disk_io_latency_ms"", ""value"": 25.869, ""z"": 78.847}, {""feature"": ""disk_write_bytes"", ""value"": 152878.202, ""z"": 61.98}, {""feature"": ""disk_read_bytes"", ""value"": 99951.83, ""z"": 27.209}]"
2026-05-27T03:23:59Z,mock-node,default,mock-pod,app,0.736003,False,"[{""feature"": ""disk_io_latency_ms"", ""value"": 23.887, ""z"": 72.299}, {""feature"": ""disk_read_bytes"", ""value"": 147757.949, ""z"": 43.505}, {""feature"": ""disk_write_bytes"", ""value"": 99446.684, ""z"": 37.974}]"
2026-05-27T03:24:09Z,mock-node,default,mock-pod,app,1.0,True,"[{""feature"": ""disk_io_latency_ms"", ""value"": 27.32, ""z"": 83.641}, {""feature"": ""disk_write_bytes"", ""value"": 184412.517, ""z"": 76.148}, {""feature"": ""disk_read_bytes"", ""value"": 180559.142, ""z"": 54.686}]"
2026-05-27T03:24:19Z,mock-node,default,mock-pod,app,1.0,True,"[{""feature"": ""disk_io_latency_ms"", ""value"": 21.302, ""z"": 63.758}, {""feature"": ""disk_write_bytes"", ""value"": 155206.824, ""z"": 63.026}, {""feature"": ""disk_read_bytes"", ""value"": 142505.198, ""z"": 41.714}]"
2026-05-27T03:24:29Z,mock-node,default,mock-pod,app,0.73684,False,"[{""feature"": ""disk_io_latency_ms"", ""value"": 19.44, ""z"": 57.605}, {""feature"": ""disk_write_bytes"", ""value"": 100320.57, ""z"": 38.367}, {""feature"": ""disk_read_bytes"", ""value"": 115732.57, ""z"": 32.588}]"
2026-05-27T03:24:39Z,mock-node,default,mock-pod,app,0.946,True,"[{""feature"": ""disk_io_latency_ms"", ""value"": 23.373, ""z"": 70.6}, {""feature"": ""disk_write_bytes"", ""value"": 147267.938, ""z"": 59.46}, {""feature"": ""disk_read_bytes"", ""value"": 172711.766, ""z"": 52.011}]"
2026-05-27T03:24:49Z,mock-node,default,mock-pod,app,0.88736,True,"[{""feature"": ""disk_write_bytes"", ""value"": 189584.609, ""z"": 78.472}, {""feature"": ""disk_io_latency_ms"", ""value"": 24.082, ""z"": 72.943}, {""feature"": ""disk_read_bytes"", ""value"": 197343.751, ""z"": 60.407}]"
2026-05-27T03:24:59Z,mock-node,default,mock-pod,app,0.989234,True,"[{""feature"": ""disk_io_latency_ms"", ""value"": 20.91, ""z"": 62.462}, {""feature"": ""disk_write_bytes"", ""value"": 135136.903, ""z"": 54.009}, {""feature"": ""disk_read_bytes"", ""value"": 151491.77, ""z"": 44.777}]"
2026-05-27T03:25:09Z,mock-node,default,mock-pod,app,0.992425,True,"[{""feature"": ""disk_io_latency_ms"", ""value"": 25.859, ""z"": 78.814}, {""feature"": ""disk_write_bytes"", ""value"": 152207.033, ""z"": 61.679}, {""feature"": ""disk_read_bytes"", ""value"": 190277.119, ""z"": 57.998}]"
2026-05-27T03:25:19Z,mock-node,default,mock-pod,app,0.963597,True,"[{""feature"": ""disk_write_bytes"", ""value"": 157337.529, ""z"": 63.984}, {""feature"": ""disk_io_latency_ms"", ""value"": 18.415, ""z"": 54.219}, {""feature"": ""disk_read_bytes"", ""value"": 175106.896, ""z"": 52.827}]"
2026-05-27T03:25:29Z,mock-node,default,mock-pod,app,0.898001,True,"[{""feature"": ""disk_write_bytes"", ""value"": 182169.6, ""z"": 75.14}, {""feature"": ""disk_io_latency_ms"", ""value"": 21.648, ""z"": 64.901}, {""feature"": ""disk_read_bytes"", ""value"": 139556.148, ""z"": 40.709}]"
2026-05-27T03:25:39Z,mock-node,default,mock-pod,app,0.79441,False,"[{""feature"": ""disk_io_latency_ms"", ""value"": 23.568, ""z"": 71.245}, {""feature"": ""disk_write_bytes"", ""value"": 152874.11, ""z"": 61.978}, {""feature"": ""disk_read_bytes"", ""value"": 156352.556, ""z"": 46.434}]"
2026-05-27T03:25:49Z,mock-node,default,mock-pod,app,1.0,True,"[{""feature"": ""disk_io_latency_ms"", ""value"": 18.919, ""z"": 55.884}, {""feature"": ""disk_write_bytes"", ""value"": 124695.6, ""z"": 49.318}, {""feature"": ""disk_read_bytes"", ""value"": 134874.657, ""z"": 39.113}]"
2026-05-27T03:25:59Z,mock-node,default,mock-pod,app,1.0,True,"[{""feature"": ""disk_io_latency_ms"", ""value"": 27.717, ""z"": 84.953}, {""feature"": ""disk_write_bytes"", ""value"": 193673.044, ""z"": 80.309}, {""feature"": ""disk_read_bytes"", ""value"": 192553.534, ""z"": 58.774}]"
2026-05-27T03:26:09Z,mock-node,default,mock-pod,app,0.903584,True,"[{""feature"": ""disk_io_latency_ms"", ""value"": 28.406, ""z"": 87.23}, {""feature"": ""disk_write_bytes"", ""value"": 115256.683, ""z"": 45.077}, {""feature"": ""disk_read_bytes"", ""value"": 147183.484, ""z"": 43.309}]"
2026-05-27T03:26:19Z,mock-node,default,mock-pod,app,1.0,True,"[{""feature"": ""disk_io_latency_ms"", ""value"": 24.616, ""z"": 74.707}, {""feature"": ""disk_write_bytes"", ""value"": 154541.672, ""z"": 62.728}, {""feature"": ""disk_read_bytes"", ""value"": 170153.89, ""z"": 51.139}]"
2026-05-27T03:26:29Z,mock-node,default,mock-pod,app,0.911344,True,"[{""feature"": ""disk_io_latency_ms"", ""value"": 26.749, ""z"": 81.755}, {""feature"": ""disk_write_bytes"", ""value"": 171430.464, ""z"": 70.316}, {""feature"": ""disk_read_bytes"", ""value"": 149393.981, ""z"": 44.062}]"
2026-05-27T03:26:39Z,mock-node,default,mock-pod,app,0.893882,True,"[{""feature"": ""disk_io_latency_ms"", ""value"": 26.41, ""z"": 80.635}, {""feature"": ""disk_read_bytes"", ""value"": 164791.364, ""z"": 49.311}, {""feature"": ""disk_write_bytes"", ""value"": 114299.586, ""z"": 44.647}]"
2026-05-27T03:26:49Z,mock-node,default,mock-pod,app,0.879855,True,"[{""feature"": ""disk_io_latency_ms"", ""value"": 28.181, ""z"": 86.486}, {""feature"": ""disk_read_bytes"", ""value"": 165065.985, ""z"": 49.405}, {""feature"": ""disk_write_bytes"", ""value"": 88066.944, ""z"": 32.861}]"
2026-05-27T03:26:59Z,mock-node,default,mock-pod,app,1.0,True,"[{""feature"": ""disk_io_latency_ms"", ""value"": 19.983, ""z"": 59.399}, {""feature"": ""disk_write_bytes"", ""value"": 141751.281, ""z"": 56.981}, {""feature"": ""disk_read_bytes"", ""value"": 176313.403, ""z"": 53.238}]"
2026-05-27T03:27:09Z,mock-node,default,mock-pod,app,0.898012,True,"[{""feature"": ""disk_io_latency_ms"", ""value"": 24.621, ""z"": 74.724}, {""feature"": ""disk_write_bytes"", ""value"": 143930.2, ""z"": 57.96}, {""feature"": ""disk_read_bytes"", ""value"": 167867.189, ""z"": 50.359}]"
2026-05-27T03:27:19Z,mock-node,default,mock-pod,app,1.0,True,"[{""feature"": ""disk_write_bytes"", ""value"": 150609.27, ""z"": 60.961}, {""feature"": ""disk_io_latency_ms"", ""value"": 18.811, ""z"": 55.527}, {""feature"": ""disk_read_bytes"", ""value"": 152080.042, ""z"": 44.978}]"
2026-05-27T03:27:29Z,mock-node,default,mock-pod,app,0.990277,True,"[{""feature"": ""disk_io_latency_ms"", ""value"": 25.992, ""z"": 79.254}, {""feature"": ""disk_write_bytes"", ""value"": 167832.787, ""z"": 68.699}, {""feature"": ""disk_read_bytes"", ""value"": 178770.634, ""z"": 54.076}]"
2026-05-27T03:27:39Z,mock-node,default,mock-pod,app,1.0,True,"[{""feature"": ""disk_io_latency_ms"", ""value"": 26.057, ""z"": 79.468}, {""feature"": ""disk_write_bytes"", ""value"": 143133.157, ""z"": 57.602}, {""feature"": ""disk_read_bytes"", ""value"": 158025.219, ""z"": 47.005}]"
2026-05-27T03:27:49Z,mock-node,default,mock-pod,app,0.947137,True,"[{""feature"": ""disk_io_latency_ms"", ""value"": 25.917, ""z"": 79.006}, {""feature"": ""disk_write_bytes"", ""value"": 180258.52, ""z"": 74.282}, {""feature"": ""disk_read_bytes"", ""value"": 171347.896, ""z"": 51.546}]"
2026-05-27T03:27:59Z,mock-node,default,mock-pod,app,1.0,True,"[{""feature"": ""disk_io_latency_ms"", ""value"": 27.335, ""z"": 83.691}, {""feature"": ""disk_read_bytes"", ""value"": 185395.917, ""z"": 56.334}, {""feature"": ""disk_write_bytes"", ""value"": 119451.134, ""z"": 46.962}]"
2026-05-27T03:28:09Z,mock-node,default,mock-pod,app,1.0,True,"[{""feature"": ""disk_io_latency_ms"", ""value"": 21.506, ""z"": 64.432}, {""feature"": ""disk_read_bytes"", ""value"": 181731.128, ""z"": 55.085}, {""feature"": ""disk_write_bytes"", ""value"": 122845.903, ""z"": 48.487}]"
2026-05-27T03:28:19Z,mock-node,default,mock-pod,app,1.0,True,"[{""feature"": ""disk_io_latency_ms"", ""value"": 21.445, ""z"": 64.23}, {""feature"": ""disk_write_bytes"", ""value"": 133325.417, ""z"": 53.195}, {""feature"": ""disk_read_bytes"", ""value"": 172218.187, ""z"": 51.843}]"
2026-05-27T03:28:29Z,mock-node,default,mock-pod,app,1.0,True,"[{""feature"": ""disk_io_latency_ms"", ""value"": 28.057, ""z"": 86.077}, {""feature"": ""disk_write_bytes"", ""value"": 183259.076, ""z"": 75.63}, {""feature"": ""disk_read_bytes"", ""value"": 182251.389, ""z"": 55.263}]"
2026-05-27T03:28:39Z,mock-node,default,mock-pod,app,1.0,True,"[{""feature"": ""disk_io_latency_ms"", ""value"": 29.296, ""z"": 90.17}, {""feature"": ""disk_write_bytes"", ""value"": 158479.063, ""z"": 64.497}, {""feature"": ""disk_read_bytes"", ""value"": 191160.112, ""z"": 58.299}]"
2026-05-27T03:28:49Z,mock-node,default,mock-pod,app,0.898444,True,"[{""feature"": ""disk_write_bytes"", ""value"": 166674.562, ""z"": 68.179}, {""feature"": ""disk_io_latency_ms"", ""value"": 22.309, ""z"": 67.085}, {""feature"": ""disk_read_bytes"", ""value"": 127381.942, ""z"": 36.559}]"
2026-05-27T03:28:59Z,mock-node,default,mock-pod,app,0.917095,True,"[{""feature"": ""disk_write_bytes"", ""value"": 161668.614, ""z"": 65.93}, {""feature"": ""disk_read_bytes"", ""value"": 190165.24, ""z"": 57.96}, {""feature"": ""disk_io_latency_ms"", ""value"": 19.247, ""z"": 56.968}]"
2026-05-27T03:29:09Z,mock-node,default,mock-pod,app,1.0,True,"[{""feature"": ""disk_io_latency_ms"", ""value"": 25.692, ""z"": 78.262}, {""feature"": ""disk_write_bytes"", ""value"": 146524.988, ""z"": 59.126}, {""feature"": ""disk_read_bytes"", ""value"": 148154.859, ""z"": 43.64}]"
2026-05-27T03:29:19Z,mock-node,default,mock-pod,app,0.89695,True,"[{""feature"": ""disk_io_latency_ms"", ""value"": 27.898, ""z"": 85.551}, {""feature"": ""disk_write_bytes"", ""value"": 141774.669, ""z"": 56.992}, {""feature"": ""disk_read_bytes"", ""value"": 177646.947, ""z"": 53.693}]"
2026-05-27T03:29:29Z,mock-node,default,mock-pod,app,1.0,True,"[{""feature"": ""disk_write_bytes"", ""value"": 182776.882, ""z"": 75.413}, {""feature"": ""disk_io_latency_ms"", ""value"": 23.581, ""z"": 71.287}, {""feature"": ""disk_read_bytes"", ""value"": 188774.76, ""z"": 57.486}]"
2026-05-27T03:29:39Z,mock-node,default,mock-pod,app,0.971289,True,"[{""feature"": ""disk_write_bytes"", ""value"": 182832.629, ""z"": 75.438}, {""feature"": ""disk_io_latency_ms"", ""value"": 20.386, ""z"": 60.731}, {""feature"": ""disk_read_bytes"", ""value"": 171355.029, ""z"": 51.548}]"
2026-05-27T03:29:49Z,mock-node,default,mock-pod,app,1.0,True,"[{""feature"": ""disk_write_bytes"", ""value"": 142879.128, ""z"": 57.488}, {""feature"": ""disk_io_latency_ms"", ""value"": 17.095, ""z"": 49.857}, {""feature"": ""disk_read_bytes"", ""value"": 121236.12, ""z"": 34.464}]"
2026-05-27T03:29:59Z,mock-node,default,mock-pod,app,0.866669,True,"[{""feature"": ""disk_io_latency_ms"", ""value"": 22.235, ""z"": 66.84}, {""feature"": ""disk_read_bytes"", ""value"": 161527.076, ""z"": 48.198}, {""feature"": ""disk_write_bytes"", ""value"": 106525.064, ""z"": 41.154}]"
2026-05-27T03:30:09Z,mock-node,default,mock-pod,app,1.0,True,"[{""feature"": ""disk_io_latency_ms"", ""value"": 28.859, ""z"": 88.726}, {""feature"": ""disk_write_bytes"", ""value"": 125731.978, ""z"": 49.784}, {""feature"": ""disk_read_bytes"", ""value"": 137761.907, ""z"": 40.097}]"
2026-05-27T03:30:19Z,mock-node,default,mock-pod,app,1.0,True,"[{""feature"": ""disk_io_latency_ms"", ""value"": 30.079, ""z"": 92.757}, {""feature"": ""disk_write_bytes"", ""value"": 126350.972, ""z"": 50.062}, {""feature"": ""disk_read_bytes"", ""value"": 127042.754, ""z"": 36.443}]"
2026-05-27T03:30:29Z,mock-node,default,mock-pod,app,0.932109,True,"[{""feature"": ""disk_io_latency_ms"", ""value"": 21.134, ""z"": 63.202}, {""feature"": ""disk_write_bytes"", ""value"": 129794.63, ""z"": 51.609}, {""feature"": ""disk_read_bytes"", ""value"": 171452.021, ""z"": 51.581}]"
2026-05-27T03:30:39Z,mock-node,default,mock-pod,app,1.0,True,"[{""feature"": ""disk_io_latency_ms"", ""value"": 25.436, ""z"": 77.417}, {""feature"": ""disk_write_bytes"", ""value"": 184901.112, ""z"": 76.368}, {""feature"": ""disk_read_bytes"", ""value"": 128503.752, ""z"": 36.942}]"
2026-05-27T03:30:49Z,mock-node,default,mock-pod,app,0.978938,True,"[{""feature"": ""disk_io_latency_ms"", ""value"": 20.244, ""z"": 60.262}, {""feature"": ""disk_read_bytes"", ""value"": 187854.354, ""z"": 57.172}, {""feature"": ""disk_write_bytes"", ""value"": 133386.942, ""z"": 53.223}]"
2026-05-27T03:30:59Z,mock-node,default,mock-pod,app,0.801285,False,"[{""feature"": ""disk_write_bytes"", ""value"": 157654.394, ""z"": 64.126}, {""feature"": ""disk_read_bytes"", ""value"": 165983.962, ""z"": 49.717}, {""feature"": ""disk_io_latency_ms"", ""value"": 16.119, ""z"": 46.633}]"
2026-05-27T03:31:09Z,mock-node,default,mock-pod,app,0.853331,True,"[{""feature"": ""disk_io_latency_ms"", ""value"": 28.389, ""z"": 87.173}, {""feature"": ""disk_write_bytes"", ""value"": 109226.445, ""z"": 42.368}, {""feature"": ""disk_read_bytes"", ""value"": 124825.449, ""z"": 35.688}]"
2026-05-27T03:31:19Z,mock-node,default,mock-pod,app,0.888012,True,"[{""feature"": ""disk_write_bytes"", ""value"": 175373.217, ""z"": 72.087}, {""feature"": ""disk_io_latency_ms"", ""value"": 23.507, ""z"": 71.043}, {""feature"": ""disk_read_bytes"", ""value"": 129109.258, ""z"": 37.148}]"
2026-05-27T03:31:29Z,mock-node,default,mock-pod,app,0.971616,True,"[{""feature"": ""disk_io_latency_ms"", ""value"": 24.47, ""z"": 74.225}, {""feature"": ""disk_write_bytes"", ""value"": 173882.86, ""z"": 71.417}, {""feature"": ""disk_read_bytes"", ""value"": 201199.124, ""z"": 61.721}]"
2026-05-27T03:31:39Z,mock-node,default,mock-pod,app,1.0,True,"[{""feature"": ""disk_io_latency_ms"", ""value"": 19.909, ""z"": 59.155}, {""feature"": ""disk_write_bytes"", ""value"": 125568.901, ""z"": 49.711}, {""feature"": ""disk_read_bytes"", ""value"": 150009.922, ""z"": 44.272}]"
2026-05-27T03:31:49Z,mock-node,default,mock-pod,app,0.998828,True,"[{""feature"": ""disk_io_latency_ms"", ""value"": 27.602, ""z"": 84.573}, {""feature"": ""disk_write_bytes"", ""value"": 183736.439, ""z"": 75.844}, {""feature"": ""disk_read_bytes"", ""value"": 145473.658, ""z"": 42.726}]"
2026-05-27T03:31:59Z,mock-node,default,mock-pod,app,1.0,True,"[{""feature"": ""disk_io_latency_ms"", ""value"": 21.274, ""z"": 63.665}, {""feature"": ""disk_read_bytes"", ""value"": 186152.724, ""z"": 56.592}, {""feature"": ""disk_write_bytes"", ""value"": 133943.9, ""z"": 53.473}]"
2026-05-27T03:32:09Z,mock-node,default,mock-pod,app,1.0,True,"[{""feature"": ""disk_io_latency_ms"", ""value"": 30.724, ""z"": 94.888}, {""feature"": ""disk_write_bytes"", ""value"": 176712.285, ""z"": 72.689}, {""feature"": ""disk_read_bytes"", ""value"": 143856.781, ""z"": 42.175}]"
2026-05-27T03:32:19Z,mock-node,default,mock-pod,app,1.0,True,"[{""feature"": ""disk_io_latency_ms"", ""value"": 24.03, ""z"": 72.771}, {""feature"": ""disk_write_bytes"", ""value"": 167578.639, ""z"": 68.585}, {""feature"": ""disk_read_bytes"", ""value"": 141674.425, ""z"": 41.431}]"
2026-05-27T03:32:29Z,mock-node,default,mock-pod,app,1.0,True,"[{""feature"": ""disk_io_latency_ms"", ""value"": 20.818, ""z"": 62.158}, {""feature"": ""disk_read_bytes"", ""value"": 185850.318, ""z"": 56.489}, {""feature"": ""disk_write_bytes"", ""value"": 117159.757, ""z"": 45.932}]"
2026-05-27T03:32:39Z,mock-node,default,mock-pod,app,1.0,True,"[{""feature"": ""disk_io_latency_ms"", ""value"": 24.529, ""z"": 74.42}, {""feature"": ""disk_write_bytes"", ""value"": 135054.941, ""z"": 53.972}, {""feature"": ""disk_read_bytes"", ""value"": 137526.538, ""z"": 40.017}]"
2026-05-27T03:32:49Z,mock-node,default,mock-pod,app,0.971314,True,"[{""feature"": ""disk_io_latency_ms"", ""value"": 19.249, ""z"": 56.974}, {""feature"": ""disk_read_bytes"", ""value"": 181880.711, ""z"": 55.136}, {""feature"": ""disk_write_bytes"", ""value"": 131936.73, ""z"": 52.572}]"
2026-05-27T03:32:59Z,mock-node,default,mock-pod,app,0.991615,True,"[{""feature"": ""disk_io_latency_ms"", ""value"": 23.937, ""z"": 72.464}, {""feature"": ""disk_write_bytes"", ""value"": 171775.499, ""z"": 70.471}, {""feature"": ""disk_read_bytes"", ""value"": 165838.227, ""z"": 49.668}]"
2026-05-27T03:33:09Z,mock-node,default,mock-pod,app,1.0,True,"[{""feature"": ""disk_io_latency_ms"", ""value"": 21.442, ""z"": 64.22}, {""feature"": ""disk_read_bytes"", ""value"": 178460.563, ""z"": 53.97}, {""feature"": ""disk_write_bytes"", ""value"": 130636.417, ""z"": 51.987}]"
2026-05-27T03:33:19Z,mock-node,default,mock-pod,app,1.0,True,"[{""feature"": ""disk_io_latency_ms"", ""value"": 24.584, ""z"": 74.601}, {""feature"": ""disk_write_bytes"", ""value"": 156297.249, ""z"": 63.516}, {""feature"": ""disk_read_bytes"", ""value"": 174441.304, ""z"": 52.6}]"
2026-05-27T03:33:29Z,mock-node,default,mock-pod,app,1.0,True,"[{""feature"": ""disk_write_bytes"", ""value"": 178980.643, ""z"": 73.708}, {""feature"": ""disk_io_latency_ms"", ""value"": 18.283, ""z"": 53.783}, {""feature"": ""disk_read_bytes"", ""value"": 158601.814, ""z"": 47.201}]"
2026-05-27T03:33:39Z,mock-node,default,mock-pod,app,0.939149,True,"[{""feature"": ""disk_write_bytes"", ""value"": 189947.978, ""z"": 78.635}, {""feature"": ""disk_io_latency_ms"", ""value"": 19.523, ""z"": 57.88}, {""feature"": ""disk_read_bytes"", ""value"": 182341.746, ""z"": 55.293}]"
2026-05-27T03:33:49Z,mock-node,default,mock-pod,app,1.0,True,"[{""feature"": ""disk_io_latency_ms"", ""value"": 18.911, ""z"": 55.857}, {""feature"": ""disk_write_bytes"", ""value"": 133007.733, ""z"": 53.053}, {""feature"": ""disk_read_bytes"", ""value"": 151034.191, ""z"": 44.621}]"
2026-05-27T03:33:59Z,mock-node,default,mock-pod,app,0.884528,True,"[{""feature"": ""disk_io_latency_ms"", ""value"": 21.678, ""z"": 65.0}, {""feature"": ""disk_write_bytes"", ""value"": 146968.933, ""z"": 59.325}, {""feature"": ""disk_read_bytes"", ""value"": 156564.336, ""z"": 46.507}]"
2026-05-27T03:34:09Z,mock-node,default,mock-pod,app,1.0,True,"[{""feature"": ""disk_io_latency_ms"", ""value"": 20.866, ""z"": 62.317}, {""feature"": ""disk_read_bytes"", ""value"": 178495.24, ""z"": 53.982}, {""feature"": ""disk_write_bytes"", ""value"": 123512.633, ""z"": 48.787}]"
2026-05-27T03:34:19Z,mock-node,default,mock-pod,app,0.735313,False,"[{""feature"": ""disk_io_latency_ms"", ""value"": 27.689, ""z"": 84.861}, {""feature"": ""disk_read_bytes"", ""value"": 198305.141, ""z"": 60.735}, {""feature"": ""disk_write_bytes"", ""value"": 147616.174, ""z"": 59.616}]"
2026-05-27T03:34:29Z,mock-node,default,mock-pod,app,1.0,True,"[{""feature"": ""disk_io_latency_ms"", ""value"": 22.782, ""z"": 68.648}, {""feature"": ""disk_write_bytes"", ""value"": 166704.981, ""z"": 68.192}, {""feature"": ""disk_read_bytes"", ""value"": 207741.807, ""z"": 63.952}]"
2026-05-27T03:34:39Z,mock-node,default,mock-pod,app,1.0,True,"[{""feature"": ""disk_io_latency_ms"", ""value"": 23.248, ""z"": 70.187}, {""feature"": ""disk_write_bytes"", ""value"": 156153.075, ""z"": 63.452}, {""feature"": ""disk_read_bytes"", ""value"": 171414.667, ""z"": 51.569}]"
2026-05-27T03:34:49Z,mock-node,default,mock-pod,app,0.782213,False,"[{""feature"": ""disk_io_latency_ms"", ""value"": 26.15, ""z"": 79.776}, {""feature"": ""disk_write_bytes"", ""value"": 172123.07, ""z"": 70.627}, {""feature"": ""disk_read_bytes"", ""value"": 170067.602, ""z"": 51.109}]"
2026-05-27T03:34:59Z,mock-node,default,mock-pod,app,0.916072,True,"[{""feature"": ""disk_io_latency_ms"", ""value"": 26.418, ""z"": 80.661}, {""feature"": ""disk_write_bytes"", ""value"": 147714.567, ""z"": 59.66}, {""feature"": ""disk_read_bytes"", ""value"": 142302.102, ""z"": 41.645}]"
2026-05-27T03:35:09Z,mock-node,default,mock-pod,app,0.945321,True,"[{""feature"": ""disk_io_latency_ms"", ""value"": 27.929, ""z"": 85.654}, {""feature"": ""disk_write_bytes"", ""value"": 131126.107, ""z"": 52.207}, {""feature"": ""disk_read_bytes"", ""value"": 168065.73, ""z"": 50.427}]"
2026-05-27T03:35:19Z,mock-node,default,mock-pod,app,0.86294,True,"[{""feature"": ""disk_io_latency_ms"", ""value"": 27.504, ""z"": 84.249}, {""feature"": ""disk_write_bytes"", ""value"": 129133.353, ""z"": 51.312}, {""feature"": ""disk_read_bytes"", ""value"": 170630.816, ""z"": 51.301}]"
2026-05-27T03:35:29Z,mock-node,default,mock-pod,app,1.0,True,"[{""feature"": ""disk_io_latency_ms"", ""value"": 30.777, ""z"": 95.064}, {""feature"": ""disk_write_bytes"", ""value"": 175455.502, ""z"": 72.124}, {""feature"": ""disk_read_bytes"", ""value"": 130574.992, ""z"": 37.648}]"
2026-05-27T03:35:39Z,mock-node,default,mock-pod,app,0.728507,False,"[{""feature"": ""disk_io_latency_ms"", ""value"": 30.636, ""z"": 94.598}, {""feature"": ""disk_write_bytes"", ""value"": 149880.621, ""z"": 60.633}, {""feature"": ""disk_read_bytes"", ""value"": 170178.776, ""z"": 51.147}]"
2026-05-27T03:35:49Z,mock-node,default,mock-pod,app,0.911944,True,"[{""feature"": ""disk_io_latency_ms"", ""value"": 25.771, ""z"": 78.523}, {""feature"": ""disk_read_bytes"", ""value"": 186025.007, ""z"": 56.549}, {""feature"": ""disk_write_bytes"", ""value"": 123862.779, ""z"": 48.944}]"
2026-05-27T03:35:59Z,mock-node,default,mock-pod,app,1.0,True,"[{""feature"": ""disk_io_latency_ms"", ""value"": 21.843, ""z"": 65.545}, {""feature"": ""disk_write_bytes"", ""value"": 149710.195, ""z"": 60.557}, {""feature"": ""disk_read_bytes"", ""value"": 184999.658, ""z"": 56.199}]"
2026-05-27T03:36:09Z,mock-node,default,mock-pod,app,1.0,True,"[{""feature"": ""disk_write_bytes"", ""value"": 170290.018, ""z"": 69.803}, {""feature"": ""disk_read_bytes"", ""value"": 161310.168, ""z"": 48.124}, {""feature"": ""disk_io_latency_ms"", ""value"": 14.67, ""z"": 41.845}]"
2026-05-27T03:36:19Z,mock-node,default,mock-pod,app,1.0,True,"[{""feature"": ""disk_io_latency_ms"", ""value"": 21.462, ""z"": 64.286}, {""feature"": ""disk_read_bytes"", ""value"": 185134.908, ""z"": 56.245}, {""feature"": ""disk_write_bytes"", ""value"": 135601.641, ""z"": 54.218}]"
2026-05-27T03:36:29Z,mock-node,default,mock-pod,app,0.937386,True,"[{""feature"": ""disk_io_latency_ms"", ""value"": 24.713, ""z"": 75.028}, {""feature"": ""disk_read_bytes"", ""value"": 178138.857, ""z"": 53.861}, {""feature"": ""disk_write_bytes"", ""value"": 106466.373, ""z"": 41.128}]"
2026-05-27T03:36:39Z,mock-node,default,mock-pod,app,1.0,True,"[{""feature"": ""disk_io_latency_ms"", ""value"": 23.099, ""z"": 69.695}, {""feature"": ""disk_write_bytes"", ""value"": 167650.989, ""z"": 68.617}, {""feature"": ""disk_read_bytes"", ""value"": 156743.584, ""z"": 46.568}]"
2026-05-27T03:36:49Z,mock-node,default,mock-pod,app,0.898926,True,"[{""feature"": ""disk_io_latency_ms"", ""value"": 23.005, ""z"": 69.384}, {""feature"": ""disk_write_bytes"", ""value"": 158386.374, ""z"": 64.455}, {""feature"": ""disk_read_bytes"", ""value"": 169067.696, ""z"": 50.769}]"
2026-05-27T03:36:59Z,mock-node,default,mock-pod,app,0.888656,True,"[{""feature"": ""disk_io_latency_ms"", ""value"": 25.104, ""z"": 76.32}, {""feature"": ""disk_read_bytes"", ""value"": 196019.015, ""z"": 59.956}, {""feature"": ""disk_write_bytes"", ""value"": 122496.086, ""z"": 48.33}]"
2026-05-27T03:37:09Z,mock-node,default,mock-pod,app,1.0,True,"[{""feature"": ""disk_io_latency_ms"", ""value"": 20.076, ""z"": 59.707}, {""feature"": ""disk_write_bytes"", ""value"": 137325.953, ""z"": 54.993}, {""feature"": ""disk_read_bytes"", ""value"": 171453.367, ""z"": 51.582}]"
2026-05-27T03:37:19Z,mock-node,default,mock-pod,app,0.972341,True,"[{""feature"": ""disk_io_latency_ms"", ""value"": 26.165, ""z"": 79.825}, {""feature"": ""disk_read_bytes"", ""value"": 169033.14, ""z"": 50.757}, {""feature"": ""disk_write_bytes"", ""value"": 115894.617, ""z"": 45.364}]"
2026-05-27T03:37:29Z,mock-node,default,mock-pod,app,0.981839,True,"[{""feature"": ""disk_io_latency_ms"", ""value"": 23.581, ""z"": 71.287}, {""feature"": ""disk_read_bytes"", ""value"": 172538.001, ""z"": 51.952}, {""feature"": ""disk_write_bytes"", ""value"": 125499.337, ""z"": 49.679}]"
2026-05-27T03:37:39Z,mock-node,default,mock-pod,app,0.800132,False,"[{""feature"": ""disk_io_latency_ms"", ""value"": 24.123, ""z"": 73.078}, {""feature"": ""disk_read_bytes"", ""value"": 128287.938, ""z"": 36.868}, {""feature"": ""disk_write_bytes"", ""value"": 92290.081, ""z"": 34.759}]"
2026-05-27T03:37:49Z,mock-node,default,mock-pod,app,1.0,True,"[{""feature"": ""disk_write_bytes"", ""value"": 168164.658, ""z"": 68.848}, {""feature"": ""disk_io_latency_ms"", ""value"": 21.626, ""z"": 64.828}, {""feature"": ""disk_read_bytes"", ""value"": 136372.728, ""z"": 39.624}]"
2026-05-27T03:37:59Z,mock-node,default,mock-pod,app,0.945245,True,"[{""feature"": ""disk_write_bytes"", ""value"": 167453.687, ""z"": 68.529}, {""feature"": ""disk_io_latency_ms"", ""value"": 22.468, ""z"": 67.61}, {""feature"": ""disk_read_bytes"", ""value"": 154949.919, ""z"": 45.956}]"
2026-05-27T03:38:09Z,mock-node,default,mock-pod,app,0.958723,True,"[{""feature"": ""disk_read_bytes"", ""value"": 196282.894, ""z"": 60.046}, {""feature"": ""disk_write_bytes"", ""value"": 131386.672, ""z"": 52.324}, {""feature"": ""disk_io_latency_ms"", ""value"": 11.502, ""z"": 31.378}]"
2026-05-27T03:38:19Z,mock-node,default,mock-pod,app,1.0,True,"[{""feature"": ""disk_io_latency_ms"", ""value"": 26.031, ""z"": 79.382}, {""feature"": ""disk_write_bytes"", ""value"": 167713.688, ""z"": 68.646}, {""feature"": ""disk_read_bytes"", ""value"": 133775.638, ""z"": 38.739}]"
2026-05-27T03:38:29Z,mock-node,default,mock-pod,app,0.968159,True,"[{""feature"": ""disk_io_latency_ms"", ""value"": 25.505, ""z"": 77.645}, {""feature"": ""disk_write_bytes"", ""value"": 142208.328, ""z"": 57.186}, {""feature"": ""disk_read_bytes"", ""value"": 116637.108, ""z"": 32.897}]"
2026-05-27T03:38:39Z,mock-node,default,mock-pod,app,1.0,True,"[{""feature"": ""disk_io_latency_ms"", ""value"": 26.479, ""z"": 80.863}, {""feature"": ""disk_write_bytes"", ""value"": 160329.591, ""z"": 65.328}, {""feature"": ""disk_read_bytes"", ""value"": 143785.452, ""z"": 42.151}]"
2026-05-27T03:38:49Z,mock-node,default,mock-pod,app,1.0,True,"[{""feature"": ""disk_write_bytes"", ""value"": 170924.49, ""z"": 70.088}, {""feature"": ""disk_io_latency_ms"", ""value"": 22.075, ""z"": 66.312}, {""feature"": ""disk_read_bytes"", ""value"": 124127.859, ""z"": 35.45}]"
2026-05-27T03:38:59Z,mock-node,default,mock-pod,app,0.8426,True,"[{""feature"": ""disk_io_latency_ms"", ""value"": 21.58, ""z"": 64.676}, {""feature"": ""disk_read_bytes"", ""value"": 194450.591, ""z"": 59.421}, {""feature"": ""disk_write_bytes"", ""value"": 74562.718, ""z"": 26.794}]"
2026-05-27T03:39:09Z,mock-node,default,mock-pod,app,0.841968,True,"[{""feature"": ""disk_io_latency_ms"", ""value"": 24.528, ""z"": 74.416}, {""feature"": ""disk_write_bytes"", ""value"": 123413.207, ""z"": 48.742}, {""feature"": ""disk_read_bytes"", ""value"": 127007.827, ""z"": 36.432}]"
2026-05-27T03:39:19Z,mock-node,default,mock-pod,app,1.0,True,"[{""feature"": ""disk_io_latency_ms"", ""value"": 25.102, ""z"": 76.313}, {""feature"": ""disk_write_bytes"", ""value"": 128883.861, ""z"": 51.2}, {""feature"": ""disk_read_bytes"", ""value"": 149013.84, ""z"": 43.933}]"
2026-05-27T03:39:29Z,mock-node,default,mock-pod,app,1.0,True,"[{""feature"": ""disk_write_bytes"", ""value"": 194229.395, ""z"": 80.559}, {""feature"": ""disk_io_latency_ms"", ""value"": 25.232, ""z"": 76.743}, {""feature"": ""disk_read_bytes"", ""value"": 139656.883, ""z"": 40.743}]"
2026-05-27T03:39:39Z,mock-node,default,mock-pod,app,1.0,True,"[{""feature"": ""disk_io_latency_ms"", ""value"": 24.625, ""z"": 74.737}, {""feature"": ""disk_read_bytes"", ""value"": 205628.714, ""z"": 63.231}, {""feature"": ""disk_write_bytes"", ""value"": 110272.772, ""z"": 42.838}]"
2026-05-27T03:39:49Z,mock-node,default,mock-pod,app,0.826355,True,"[{""feature"": ""disk_io_latency_ms"", ""value"": 28.81, ""z"": 88.564}, {""feature"": ""disk_write_bytes"", ""value"": 154730.492, ""z"": 62.812}, {""feature"": ""disk_read_bytes"", ""value"": 152753.306, ""z"": 45.207}]"
2026-05-27T03:39:59Z,mock-node,default,mock-pod,app,0.90483,True,"[{""feature"": ""disk_io_latency_ms"", ""value"": 25.569, ""z"": 77.856}, {""feature"": ""disk_write_bytes"", ""value"": 164900.802, ""z"": 67.382}, {""feature"": ""disk_read_bytes"", ""value"": 191172.019, ""z"": 58.303}]"
2026-05-27T03:40:09Z,mock-node,default,mock-pod,app,0.909977,True,"[{""feature"": ""disk_write_bytes"", ""value"": 203341.034, ""z"": 84.653}, {""feature"": ""disk_io_latency_ms"", ""value"": 21.416, ""z"": 64.134}, {""feature"": ""disk_read_bytes"", ""value"": 175350.716, ""z"": 52.91}]"
2026-05-27T03:40:19Z,mock-node,default,mock-pod,app,0.824977,True,"[{""feature"": ""disk_io_latency_ms"", ""value"": 22.676, ""z"": 68.297}, {""feature"": ""disk_write_bytes"", ""value"": 158009.249, ""z"": 64.286}, {""feature"": ""disk_read_bytes"", ""value"": 149569.389, ""z"": 44.122}]"
2026-05-27T03:40:29Z,mock-node,default,mock-pod,app,0.916917,True,"[{""feature"": ""disk_write_bytes"", ""value"": 189372.529, ""z"": 78.377}, {""feature"": ""disk_io_latency_ms"", ""value"": 21.709, ""z"": 65.102}, {""feature"": ""disk_read_bytes"", ""value"": 180722.663, ""z"": 54.741}]"
2026-05-27T03:40:39Z,mock-node,default,mock-pod,app,0.894426,True,"[{""feature"": ""disk_io_latency_ms"", ""value"": 27.583, ""z"": 84.51}, {""feature"": ""disk_write_bytes"", ""value"": 145381.867, ""z"": 58.612}, {""feature"": ""disk_read_bytes"", ""value"": 187144.101, ""z"": 56.93}]"
2026-05-27T03:40:49Z,mock-node,default,mock-pod,app,0.952522,True,"[{""feature"": ""disk_io_latency_ms"", ""value"": 23.147, ""z"": 69.854}, {""feature"": ""disk_write_bytes"", ""value"": 167233.992, ""z"": 68.43}, {""feature"": ""disk_read_bytes"", ""value"": 129971.875, ""z"": 37.442}]"
2026-05-27T03:40:59Z,mock-node,default,mock-pod,app,0.968972,True,"[{""feature"": ""disk_io_latency_ms"", ""value"": 26.036, ""z"": 79.399}, {""feature"": ""disk_write_bytes"", ""value"": 157850.542, ""z"": 64.214}, {""feature"": ""disk_read_bytes"", ""value"": 161724.239, ""z"": 48.265}]"
2026-05-27T03:41:09Z,mock-node,default,mock-pod,app,0.923521,True,"[{""feature"": ""disk_io_latency_ms"", ""value"": 23.907, ""z"": 72.365}, {""feature"": ""disk_write_bytes"", ""value"": 163583.148, ""z"": 66.79}, {""feature"": ""disk_read_bytes"", ""value"": 126557.632, ""z"": 36.278}]"
2026-05-27T03:41:19Z,mock-node,default,mock-pod,app,0.779813,False,"[{""feature"": ""disk_io_latency_ms"", ""value"": 31.735, ""z"": 98.229}, {""feature"": ""disk_write_bytes"", ""value"": 162366.737, ""z"": 66.243}, {""feature"": ""disk_read_bytes"", ""value"": 187330.499, ""z"": 56.994}]"
2026-05-27T03:41:29Z,mock-node,default,mock-pod,app,1.0,True,"[{""feature"": ""disk_io_latency_ms"", ""value"": 23.515, ""z"": 71.069}, {""feature"": ""disk_read_bytes"", ""value"": 193330.457, ""z"": 59.039}, {""feature"": ""disk_write_bytes"", ""value"": 135346.143, ""z"": 54.103}]"
2026-05-27T03:41:39Z,mock-node,default,mock-pod,app,0.993075,True,"[{""feature"": ""disk_write_bytes"", ""value"": 138082.148, ""z"": 55.333}, {""feature"": ""disk_io_latency_ms"", ""value"": 17.768, ""z"": 52.081}, {""feature"": ""disk_read_bytes"", ""value"": 152846.209, ""z"": 45.239}]"
2026-05-27T03:41:49Z,mock-node,default,mock-pod,app,0.8909,True,"[{""feature"": ""disk_io_latency_ms"", ""value"": 22.568, ""z"": 67.94}, {""feature"": ""disk_write_bytes"", ""value"": 161320.69, ""z"": 65.773}, {""feature"": ""disk_read_bytes"", ""value"": 155170.427, ""z"": 46.031}]"
2026-05-27T03:41:59Z,mock-node,default,mock-pod,app,1.0,True,"[{""feature"": ""disk_io_latency_ms"", ""value"": 29.726, ""z"": 91.591}, {""feature"": ""disk_read_bytes"", ""value"": 184035.161, ""z"": 55.871}, {""feature"": ""disk_write_bytes"", ""value"": 129266.416, ""z"": 51.372}]"
2026-05-27T03:42:09Z,mock-node,default,mock-pod,app,0.943819,True,"[{""feature"": ""disk_io_latency_ms"", ""value"": 26.716, ""z"": 81.646}, {""feature"": ""disk_write_bytes"", ""value"": 161759.769, ""z"": 65.971}, {""feature"": ""disk_read_bytes"", ""value"": 149558.916, ""z"": 44.119}]"
2026-05-27T03:42:19Z,mock-node,default,mock-pod,app,0.903336,True,"[{""feature"": ""disk_write_bytes"", ""value"": 187443.209, ""z"": 77.51}, {""feature"": ""disk_io_latency_ms"", ""value"": 23.703, ""z"": 71.691}, {""feature"": ""disk_read_bytes"", ""value"": 161543.395, ""z"": 48.204}]"
2026-05-27T03:42:29Z,mock-node,default,mock-pod,app,0.852049,True,"[{""feature"": ""disk_read_bytes"", ""value"": 190201.438, ""z"": 57.973}, {""feature"": ""disk_write_bytes"", ""value"": 134331.46, ""z"": 53.647}, {""feature"": ""disk_io_latency_ms"", ""value"": 18.148, ""z"": 53.336}]"
2026-05-27T03:42:39Z,mock-node,default,mock-pod,app,0.982026,True,"[{""feature"": ""disk_write_bytes"", ""value"": 179106.056, ""z"": 73.764}, {""feature"": ""disk_read_bytes"", ""value"": 191466.257, ""z"": 58.404}, {""feature"": ""disk_io_latency_ms"", ""value"": 17.214, ""z"": 50.25}]"
2026-05-27T03:42:49Z,mock-node,default,mock-pod,app,0.866332,True,"[{""feature"": ""disk_write_bytes"", ""value"": 181080.32, ""z"": 74.651}, {""feature"": ""disk_io_latency_ms"", ""value"": 24.07, ""z"": 72.903}, {""feature"": ""disk_read_bytes"", ""value"": 129150.467, ""z"": 37.162}]"
2026-05-27T03:42:59Z,mock-node,default,mock-pod,app,1.0,True,"[{""feature"": ""disk_io_latency_ms"", ""value"": 23.282, ""z"": 70.3}, {""feature"": ""disk_write_bytes"", ""value"": 141967.357, ""z"": 57.078}, {""feature"": ""disk_read_bytes"", ""value"": 176926.417, ""z"": 53.447}]"
2026-05-27T03:43:09Z,mock-node,default,mock-pod,app,0.776565,False,"[{""feature"": ""disk_io_latency_ms"", ""value"": 24.871, ""z"": 75.55}, {""feature"": ""disk_read_bytes"", ""value"": 185492.808, ""z"": 56.367}, {""feature"": ""disk_write_bytes"", ""value"": 112767.428, ""z"": 43.959}]"
2026-05-27T03:43:19Z,mock-node,default,mock-pod,app,0.945872,True,"[{""feature"": ""disk_io_latency_ms"", ""value"": 27.736, ""z"": 85.016}, {""feature"": ""disk_write_bytes"", ""value"": 143098.656, ""z"": 57.586}, {""feature"": ""disk_read_bytes"", ""value"": 151838.482, ""z"": 44.896}]"
2026-05-27T03:43:29Z,mock-node,default,mock-pod,app,1.0,True,"[{""feature"": ""disk_io_latency_ms"", ""value"": 24.475, ""z"": 74.241}, {""feature"": ""disk_read_bytes"", ""value"": 192424.54, ""z"": 58.73}, {""feature"": ""disk_write_bytes"", ""value"": 142564.161, ""z"": 57.346}]"
2026-05-27T03:43:39Z,mock-node,default,mock-pod,app,0.97791,True,"[{""feature"": ""disk_io_latency_ms"", ""value"": 24.405, ""z"": 74.01}, {""feature"": ""disk_write_bytes"", ""value"": 164335.019, ""z"": 67.128}, {""feature"": ""disk_read_bytes"", ""value"": 201571.408, ""z"": 61.848}]"
2026-05-27T03:43:49Z,mock-node,default,mock-pod,app,1.0,True,"[{""feature"": ""disk_io_latency_ms"", ""value"": 27.496, ""z"": 84.223}, {""feature"": ""disk_write_bytes"", ""value"": 159338.514, ""z"": 64.883}, {""feature"": ""disk_read_bytes"", ""value"": 171406.021, ""z"": 51.566}]"
2026-05-27T03:43:59Z,mock-node,default,mock-pod,app,0.81895,True,"[{""feature"": ""disk_io_latency_ms"", ""value"": 26.816, ""z"": 81.976}, {""feature"": ""disk_write_bytes"", ""value"": 170471.952, ""z"": 69.885}, {""feature"": ""disk_read_bytes"", ""value"": 190958.444, ""z"": 58.231}]"
2026-05-27T03:44:09Z,mock-node,default,mock-pod,app,0.928783,True,"[{""feature"": ""disk_io_latency_ms"", ""value"": 29.432, ""z"": 90.62}, {""feature"": ""disk_read_bytes"", ""value"": 198314.301, ""z"": 60.738}, {""feature"": ""disk_write_bytes"", ""value"": 147889.079, ""z"": 59.739}]"
2026-05-27T03:10:59Z,mock-node,default,mock-pod,app,1.0,True,"[{""feature"": ""tcp_connect_rate"", ""value"": 95.274, ""z"": 119.731}, {""feature"": ""network_rx_bytes"", ""value"": 290401.412, ""z"": 30.386}, {""feature"": ""syscall_write_rate"", ""value"": 484.522, ""z"": 29.899}]"
2026-05-27T03:11:09Z,mock-node,default,mock-pod,app,0.94926,True,"[{""feature"": ""tcp_connect_rate"", ""value"": 74.63, ""z"": 92.36}, {""feature"": ""syscall_read_rate"", ""value"": 846.216, ""z"": 30.888}, {""feature"": ""syscall_write_rate"", ""value"": 484.181, ""z"": 29.873}]"
2026-05-27T03:11:19Z,mock-node,default,mock-pod,app,0.89766,True,"[{""feature"": ""tcp_connect_rate"", ""value"": 117.955, ""z"": 149.804}, {""feature"": ""syscall_write_rate"", ""value"": 565.933, ""z"": 36.07}, {""feature"": ""network_rx_bytes"", ""value"": 266721.785, ""z"": 27.391}]"
2026-05-27T03:11:29Z,mock-node,default,mock-pod,app,1.0,True,"[{""feature"": ""tcp_connect_rate"", ""value"": 106.398, ""z"": 134.481}, {""feature"": ""syscall_read_rate"", ""value"": 887.354, ""z"": 32.713}, {""feature"": ""network_rx_bytes"", ""value"": 302181.346, ""z"": 31.875}]"
2026-05-27T03:11:39Z,mock-node,default,mock-pod,app,0.986943,True,"[{""feature"": ""tcp_connect_rate"", ""value"": 114.188, ""z"": 144.809}, {""feature"": ""network_rx_bytes"", ""value"": 316300.965, ""z"": 33.661}, {""feature"": ""syscall_write_rate"", ""value"": 505.88, ""z"": 31.518}]"
2026-05-27T03:11:49Z,mock-node,default,mock-pod,app,1.0,True,"[{""feature"": ""tcp_connect_rate"", ""value"": 78.134, ""z"": 97.006}, {""feature"": ""network_rx_bytes"", ""value"": 364950.739, ""z"": 39.814}, {""feature"": ""syscall_write_rate"", ""value"": 536.997, ""z"": 33.877}]"
2026-05-27T03:11:59Z,mock-node,default,mock-pod,app,1.0,True,"[{""feature"": ""tcp_connect_rate"", ""value"": 106.515, ""z"": 134.636}, {""feature"": ""network_rx_bytes"", ""value"": 327856.287, ""z"": 35.122}, {""feature"": ""syscall_read_rate"", ""value"": 873.951, ""z"": 32.118}]"
2026-05-27T03:12:09Z,mock-node,default,mock-pod,app,1.0,True,"[{""feature"": ""tcp_connect_rate"", ""value"": 97.24, ""z"": 122.338}, {""feature"": ""syscall_write_rate"", ""value"": 506.855, ""z"": 31.592}, {""feature"": ""network_rx_bytes"", ""value"": 240996.512, ""z"": 24.138}]"
2026-05-27T03:12:19Z,mock-node,default,mock-pod,app,1.0,True,"[{""feature"": ""tcp_connect_rate"", ""value"": 100.402, ""z"": 126.53}, {""feature"": ""network_rx_bytes"", ""value"": 342590.487, ""z"": 36.986}, {""feature"": ""syscall_write_rate"", ""value"": 422.005, ""z"": 25.16}]"
2026-05-27T03:12:29Z,mock-node,default,mock-pod,app,0.873355,True,"[{""feature"": ""tcp_connect_rate"", ""value"": 88.194, ""z"": 110.344}, {""feature"": ""network_rx_bytes"", ""value"": 350791.064, ""z"": 38.023}, {""feature"": ""syscall_write_rate"", ""value"": 535.09, ""z"": 33.732}]"
2026-05-27T03:12:39Z,mock-node,default,mock-pod,app,1.0,True,"[{""feature"": ""tcp_connect_rate"", ""value"": 108.488, ""z"": 137.252}, {""feature"": ""network_rx_bytes"", ""value"": 314622.419, ""z"": 33.449}, {""feature"": ""syscall_read_rate"", ""value"": 814.432, ""z"": 29.478}]"
2026-05-27T03:12:49Z,mock-node,default,mock-pod,app,1.0,True,"[{""feature"": ""tcp_connect_rate"", ""value"": 105.975, ""z"": 133.92}, {""feature"": ""network_rx_bytes"", ""value"": 280598.183, ""z"": 29.146}, {""feature"": ""syscall_write_rate"", ""value"": 374.136, ""z"": 21.532}]"
2026-05-27T03:12:59Z,mock-node,default,mock-pod,app,1.0,True,"[{""feature"": ""tcp_connect_rate"", ""value"": 92.697, ""z"": 116.315}, {""feature"": ""syscall_write_rate"", ""value"": 445.765, ""z"": 26.961}, {""feature"": ""syscall_read_rate"", ""value"": 724.621, ""z"": 25.494}]"
2026-05-27T03:13:09Z,mock-node,default,mock-pod,app,1.0,True,"[{""feature"": ""tcp_connect_rate"", ""value"": 116.33, ""z"": 147.649}, {""feature"": ""network_rx_bytes"", ""value"": 330741.744, ""z"": 35.487}, {""feature"": ""syscall_write_rate"", ""value"": 523.696, ""z"": 32.869}]"
2026-05-27T03:13:19Z,mock-node,default,mock-pod,app,1.0,True,"[{""feature"": ""tcp_connect_rate"", ""value"": 95.593, ""z"": 120.154}, {""feature"": ""syscall_write_rate"", ""value"": 553.495, ""z"": 35.127}, {""feature"": ""syscall_read_rate"", ""value"": 740.046, ""z"": 26.178}]"
2026-05-27T03:13:29Z,mock-node,default,mock-pod,app,1.0,True,"[{""feature"": ""tcp_connect_rate"", ""value"": 84.6, ""z"": 105.579}, {""feature"": ""network_rx_bytes"", ""value"": 356987.102, ""z"": 38.806}, {""feature"": ""syscall_write_rate"", ""value"": 491.509, ""z"": 30.429}]"
2026-05-27T03:13:39Z,mock-node,default,mock-pod,app,1.0,True,"[{""feature"": ""tcp_connect_rate"", ""value"": 97.332, ""z"": 122.46}, {""feature"": ""network_rx_bytes"", ""value"": 363298.428, ""z"": 39.605}, {""feature"": ""syscall_write_rate"", ""value"": 555.322, ""z"": 35.266}]"
2026-05-27T03:13:49Z,mock-node,default,mock-pod,app,1.0,True,"[{""feature"": ""tcp_connect_rate"", ""value"": 88.84, ""z"": 111.201}, {""feature"": ""syscall_write_rate"", ""value"": 548.026, ""z"": 34.713}, {""feature"": ""syscall_read_rate"", ""value"": 917.328, ""z"": 34.042}]"
2026-05-27T03:13:59Z,mock-node,default,mock-pod,app,1.0,True,"[{""feature"": ""tcp_connect_rate"", ""value"": 112.489, ""z"": 142.556}, {""feature"": ""network_rx_bytes"", ""value"": 359693.468, ""z"": 39.149}, {""feature"": ""syscall_read_rate"", ""value"": 785.666, ""z"": 28.202}]"
2026-05-27T03:14:09Z,mock-node,default,mock-pod,app,1.0,True,"[{""feature"": ""tcp_connect_rate"", ""value"": 81.521, ""z"": 101.496}, {""feature"": ""network_rx_bytes"", ""value"": 291350.371, ""z"": 30.506}, {""feature"": ""syscall_read_rate"", ""value"": 628.123, ""z"": 21.213}]"
2026-05-27T03:14:19Z,mock-node,default,mock-pod,app,1.0,True,"[{""feature"": ""tcp_connect_rate"", ""value"": 116.104, ""z"": 147.35}, {""feature"": ""network_rx_bytes"", ""value"": 273096.938, ""z"": 28.197}, {""feature"": ""syscall_read_rate"", ""value"": 727.731, ""z"": 25.632}]"
2026-05-27T03:14:29Z,mock-node,default,mock-pod,app,1.0,True,"[{""feature"": ""tcp_connect_rate"", ""value"": 86.465, ""z"": 108.052}, {""feature"": ""syscall_write_rate"", ""value"": 512.284, ""z"": 32.004}, {""feature"": ""syscall_read_rate"", ""value"": 678.118, ""z"": 23.431}]"
2026-05-27T03:14:39Z,mock-node,default,mock-pod,app,1.0,True,"[{""feature"": ""tcp_connect_rate"", ""value"": 86.874, ""z"": 108.594}, {""feature"": ""syscall_read_rate"", ""value"": 831.53, ""z"": 30.236}, {""feature"": ""network_rx_bytes"", ""value"": 279363.801, ""z"": 28.99}]"
2026-05-27T03:14:49Z,mock-node,default,mock-pod,app,1.0,True,"[{""feature"": ""tcp_connect_rate"", ""value"": 95.547, ""z"": 120.093}, {""feature"": ""network_rx_bytes"", ""value"": 387313.431, ""z"": 42.642}, {""feature"": ""syscall_write_rate"", ""value"": 510.518, ""z"": 31.87}]"
2026-05-27T03:14:59Z,mock-node,default,mock-pod,app,0.923126,True,"[{""feature"": ""tcp_connect_rate"", ""value"": 98.664, ""z"": 124.226}, {""feature"": ""network_rx_bytes"", ""value"": 337142.321, ""z"": 36.297}, {""feature"": ""syscall_write_rate"", ""value"": 510.924, ""z"": 31.901}]"
2026-05-27T03:15:09Z,mock-node,default,mock-pod,app,1.0,True,"[{""feature"": ""tcp_connect_rate"", ""value"": 109.561, ""z"": 138.674}, {""feature"": ""syscall_write_rate"", ""value"": 630.001, ""z"": 40.927}, {""feature"": ""network_rx_bytes"", ""value"": 327966.671, ""z"": 35.136}]"
2026-05-27T03:15:19Z,mock-node,default,mock-pod,app,1.0,True,"[{""feature"": ""tcp_connect_rate"", ""value"": 127.14, ""z"": 161.982}, {""feature"": ""syscall_read_rate"", ""value"": 786.55, ""z"": 28.241}, {""feature"": ""network_rx_bytes"", ""value"": 270014.959, ""z"": 27.807}]"
2026-05-27T03:15:29Z,mock-node,default,mock-pod,app,1.0,True,"[{""feature"": ""tcp_connect_rate"", ""value"": 127.315, ""z"": 162.214}, {""feature"": ""syscall_write_rate"", ""value"": 564.961, ""z"": 35.997}, {""feature"": ""network_rx_bytes"", ""value"": 260756.603, ""z"": 26.637}]"
2026-05-27T03:15:39Z,mock-node,default,mock-pod,app,0.87437,True,"[{""feature"": ""tcp_connect_rate"", ""value"": 103.135, ""z"": 130.154}, {""feature"": ""network_rx_bytes"", ""value"": 335512.063, ""z"": 36.091}, {""feature"": ""syscall_write_rate"", ""value"": 475.426, ""z"": 29.21}]"
2026-05-27T03:15:49Z,mock-node,default,mock-pod,app,1.0,True,"[{""feature"": ""tcp_connect_rate"", ""value"": 106.32, ""z"": 134.377}, {""feature"": ""network_rx_bytes"", ""value"": 319558.932, ""z"": 34.073}, {""feature"": ""syscall_read_rate"", ""value"": 769.785, ""z"": 27.497}]"
2026-05-27T03:15:59Z,mock-node,default,mock-pod,app,1.0,True,"[{""feature"": ""tcp_connect_rate"", ""value"": 123.671, ""z"": 157.383}, {""feature"": ""network_rx_bytes"", ""value"": 238376.244, ""z"": 23.806}, {""feature"": ""syscall_read_rate"", ""value"": 628.04, ""z"": 21.21}]"
2026-05-27T03:16:09Z,mock-node,default,mock-pod,app,1.0,True,"[{""feature"": ""tcp_connect_rate"", ""value"": 115.356, ""z"": 146.358}, {""feature"": ""syscall_write_rate"", ""value"": 561.685, ""z"": 35.748}, {""feature"": ""network_rx_bytes"", ""value"": 293320.416, ""z"": 30.755}]"
2026-05-27T03:16:19Z,mock-node,default,mock-pod,app,1.0,True,"[{""feature"": ""tcp_connect_rate"", ""value"": 138.928, ""z"": 177.612}, {""feature"": ""network_rx_bytes"", ""value"": 339336.333, ""z"": 36.574}, {""feature"": ""syscall_read_rate"", ""value"": 889.502, ""z"": 32.808}]"
2026-05-27T03:16:29Z,mock-node,default,mock-pod,app,1.0,True,"[{""feature"": ""tcp_connect_rate"", ""value"": 103.091, ""z"": 130.096}, {""feature"": ""syscall_write_rate"", ""value"": 507.616, ""z"": 31.65}, {""feature"": ""network_rx_bytes"", ""value"": 289048.792, ""z"": 30.215}]"
2026-05-27T03:16:39Z,mock-node,default,mock-pod,app,1.0,True,"[{""feature"": ""tcp_connect_rate"", ""value"": 99.182, ""z"": 124.913}, {""feature"": ""syscall_write_rate"", ""value"": 488.369, ""z"": 30.191}, {""feature"": ""network_rx_bytes"", ""value"": 236242.891, ""z"": 23.537}]"
2026-05-27T03:16:49Z,mock-node,default,mock-pod,app,1.0,True,"[{""feature"": ""tcp_connect_rate"", ""value"": 109.455, ""z"": 138.534}, {""feature"": ""syscall_read_rate"", ""value"": 855.203, ""z"": 31.287}, {""feature"": ""network_rx_bytes"", ""value"": 217854.848, ""z"": 21.211}]"
2026-05-27T03:16:59Z,mock-node,default,mock-pod,app,1.0,True,"[{""feature"": ""tcp_connect_rate"", ""value"": 92.419, ""z"": 115.946}, {""feature"": ""syscall_read_rate"", ""value"": 919.049, ""z"": 34.119}, {""feature"": ""syscall_write_rate"", ""value"": 528.591, ""z"": 33.24}]"
2026-05-27T03:17:09Z,mock-node,default,mock-pod,app,1.0,True,"[{""feature"": ""tcp_connect_rate"", ""value"": 110.519, ""z"": 139.944}, {""feature"": ""network_rx_bytes"", ""value"": 296050.983, ""z"": 31.1}, {""feature"": ""syscall_write_rate"", ""value"": 445.733, ""z"": 26.959}]"
2026-05-27T03:17:19Z,mock-node,default,mock-pod,app,0.850934,True,"[{""feature"": ""tcp_connect_rate"", ""value"": 95.293, ""z"": 119.757}, {""feature"": ""network_rx_bytes"", ""value"": 327535.259, ""z"": 35.082}, {""feature"": ""syscall_read_rate"", ""value"": 766.587, ""z"": 27.356}]"
2026-05-27T03:17:29Z,mock-node,default,mock-pod,app,0.995176,True,"[{""feature"": ""tcp_connect_rate"", ""value"": 83.322, ""z"": 103.884}, {""feature"": ""network_rx_bytes"", ""value"": 277901.833, ""z"": 28.805}, {""feature"": ""syscall_write_rate"", ""value"": 424.815, ""z"": 25.373}]"
2026-05-27T03:17:39Z,mock-node,default,mock-pod,app,0.923636,True,"[{""feature"": ""tcp_connect_rate"", ""value"": 103.706, ""z"": 130.911}, {""feature"": ""network_rx_bytes"", ""value"": 405143.631, ""z"": 44.896}, {""feature"": ""syscall_read_rate"", ""value"": 875.568, ""z"": 32.19}]"
2026-05-27T03:17:49Z,mock-node,default,mock-pod,app,1.0,True,"[{""feature"": ""tcp_connect_rate"", ""value"": 103.738, ""z"": 130.954}, {""feature"": ""syscall_write_rate"", ""value"": 529.742, ""z"": 33.327}, {""feature"": ""network_rx_bytes"", ""value"": 289946.198, ""z"": 30.328}]"
2026-05-27T03:17:59Z,mock-node,default,mock-pod,app,1.0,True,"[{""feature"": ""tcp_connect_rate"", ""value"": 100.274, ""z"": 126.361}, {""feature"": ""syscall_write_rate"", ""value"": 568.294, ""z"": 36.249}, {""feature"": ""network_rx_bytes"", ""value"": 280717.162, ""z"": 29.161}]"
2026-05-27T03:18:09Z,mock-node,default,mock-pod,app,1.0,True,"[{""feature"": ""tcp_connect_rate"", ""value"": 99.257, ""z"": 125.012}, {""feature"": ""network_rx_bytes"", ""value"": 368529.048, ""z"": 40.266}, {""feature"": ""syscall_read_rate"", ""value"": 748.862, ""z"": 26.569}]"
2026-05-27T03:18:19Z,mock-node,default,mock-pod,app,1.0,True,"[{""feature"": ""tcp_connect_rate"", ""value"": 81.77, ""z"": 101.827}, {""feature"": ""syscall_write_rate"", ""value"": 570.6, ""z"": 36.424}, {""feature"": ""network_rx_bytes"", ""value"": 227052.223, ""z"": 22.374}]"
2026-05-27T03:18:29Z,mock-node,default,mock-pod,app,0.966309,True,"[{""feature"": ""tcp_connect_rate"", ""value"": 107.014, ""z"": 135.297}, {""feature"": ""syscall_write_rate"", ""value"": 445.175, ""z"": 26.917}, {""feature"": ""network_rx_bytes"", ""value"": 259332.894, ""z"": 26.457}]"
2026-05-27T03:18:39Z,mock-node,default,mock-pod,app,1.0,True,"[{""feature"": ""tcp_connect_rate"", ""value"": 107.733, ""z"": 136.251}, {""feature"": ""network_rx_bytes"", ""value"": 394440.717, ""z"": 43.543}, {""feature"": ""syscall_write_rate"", ""value"": 426.176, ""z"": 25.477}]"
2026-05-27T03:18:49Z,mock-node,default,mock-pod,app,0.969227,True,"[{""feature"": ""tcp_connect_rate"", ""value"": 100.792, ""z"": 127.048}, {""feature"": ""syscall_read_rate"", ""value"": 795.885, ""z"": 28.655}, {""feature"": ""syscall_write_rate"", ""value"": 433.887, ""z"": 26.061}]"
2026-05-27T03:18:59Z,mock-node,default,mock-pod,app,1.0,True,"[{""feature"": ""tcp_connect_rate"", ""value"": 98.431, ""z"": 123.917}, {""feature"": ""network_rx_bytes"", ""value"": 298646.875, ""z"": 31.428}, {""feature"": ""syscall_read_rate"", ""value"": 833.9, ""z"": 30.342}]"
2026-05-27T03:19:09Z,mock-node,default,mock-pod,app,1.0,True,"[{""feature"": ""tcp_connect_rate"", ""value"": 123.103, ""z"": 156.629}, {""feature"": ""network_rx_bytes"", ""value"": 340397.837, ""z"": 36.708}, {""feature"": ""syscall_write_rate"", ""value"": 459.89, ""z"": 28.032}]"
2026-05-27T03:19:19Z,mock-node,default,mock-pod,app,1.0,True,"[{""feature"": ""tcp_connect_rate"", ""value"": 105.497, ""z"": 133.286}, {""feature"": ""network_rx_bytes"", ""value"": 290458.016, ""z"": 30.393}, {""feature"": ""syscall_read_rate"", ""value"": 833.741, ""z"": 30.335}]"
2026-05-27T03:19:29Z,mock-node,default,mock-pod,app,1.0,True,"[{""feature"": ""tcp_connect_rate"", ""value"": 92.208, ""z"": 115.666}, {""feature"": ""network_rx_bytes"", ""value"": 323780.47, ""z"": 34.607}, {""feature"": ""syscall_read_rate"", ""value"": 798.312, ""z"": 28.763}]"
2026-05-27T03:19:39Z,mock-node,default,mock-pod,app,1.0,True,"[{""feature"": ""tcp_connect_rate"", ""value"": 98.71, ""z"": 124.287}, {""feature"": ""network_rx_bytes"", ""value"": 347409.953, ""z"": 37.595}, {""feature"": ""syscall_write_rate"", ""value"": 481.054, ""z"": 29.636}]"
2026-05-27T03:19:49Z,mock-node,default,mock-pod,app,1.0,True,"[{""feature"": ""tcp_connect_rate"", ""value"": 77.528, ""z"": 96.202}, {""feature"": ""network_rx_bytes"", ""value"": 269585.488, ""z"": 27.753}, {""feature"": ""syscall_write_rate"", ""value"": 445.0, ""z"": 26.903}]"
2026-05-27T03:19:59Z,mock-node,default,mock-pod,app,1.0,True,"[{""feature"": ""tcp_connect_rate"", ""value"": 76.477, ""z"": 94.809}, {""feature"": ""network_rx_bytes"", ""value"": 299065.273, ""z"": 31.481}, {""feature"": ""syscall_read_rate"", ""value"": 719.268, ""z"": 25.257}]"
2026-05-27T03:20:09Z,mock-node,default,mock-pod,app,1.0,True,"[{""feature"": ""tcp_connect_rate"", ""value"": 102.6, ""z"": 129.445}, {""feature"": ""syscall_read_rate"", ""value"": 1016.199, ""z"": 38.428}, {""feature"": ""network_rx_bytes"", ""value"": 244333.95, ""z"": 24.56}]"
2026-05-27T03:20:19Z,mock-node,default,mock-pod,app,1.0,True,"[{""feature"": ""tcp_connect_rate"", ""value"": 81.426, ""z"": 101.37}, {""feature"": ""syscall_read_rate"", ""value"": 854.539, ""z"": 31.257}, {""feature"": ""syscall_write_rate"", ""value"": 474.896, ""z"": 29.17}]"
2026-05-27T03:20:29Z,mock-node,default,mock-pod,app,0.993408,True,"[{""feature"": ""tcp_connect_rate"", ""value"": 100.553, ""z"": 126.731}, {""feature"": ""network_rx_bytes"", ""value"": 292202.763, ""z"": 30.613}, {""feature"": ""syscall_write_rate"", ""value"": 407.45, ""z"": 24.057}]"
2026-05-27T03:20:39Z,mock-node,default,mock-pod,app,1.0,True,"[{""feature"": ""tcp_connect_rate"", ""value"": 105.175, ""z"": 132.859}, {""feature"": ""network_rx_bytes"", ""value"": 372447.691, ""z"": 40.762}, {""feature"": ""syscall_read_rate"", ""value"": 802.346, ""z"": 28.942}]"
2026-05-27T03:20:49Z,mock-node,default,mock-pod,app,1.0,True,"[{""feature"": ""tcp_connect_rate"", ""value"": 110.135, ""z"": 139.435}, {""feature"": ""network_rx_bytes"", ""value"": 298358.975, ""z"": 31.392}, {""feature"": ""syscall_write_rate"", ""value"": 473.687, ""z"": 29.078}]"
2026-05-27T03:20:59Z,mock-node,default,mock-pod,app,1.0,True,"[{""feature"": ""tcp_connect_rate"", ""value"": 100.597, ""z"": 126.789}, {""feature"": ""syscall_write_rate"", ""value"": 499.546, ""z"": 31.038}, {""feature"": ""network_rx_bytes"", ""value"": 268027.817, ""z"": 27.556}]"
2026-05-27T03:21:09Z,mock-node,default,mock-pod,app,1.0,True,"[{""feature"": ""tcp_connect_rate"", ""value"": 108.579, ""z"": 137.372}, {""feature"": ""network_rx_bytes"", ""value"": 323903.688, ""z"": 34.623}, {""feature"": ""syscall_read_rate"", ""value"": 805.956, ""z"": 29.102}]"
2026-05-27T03:21:19Z,mock-node,default,mock-pod,app,1.0,True,"[{""feature"": ""tcp_connect_rate"", ""value"": 123.719, ""z"": 157.446}, {""feature"": ""network_rx_bytes"", ""value"": 316460.912, ""z"": 33.681}, {""feature"": ""syscall_read_rate"", ""value"": 759.186, ""z"": 27.027}]"
2026-05-27T03:21:29Z,mock-node,default,mock-pod,app,1.0,True,"[{""feature"": ""tcp_connect_rate"", ""value"": 95.917, ""z"": 120.584}, {""feature"": ""syscall_write_rate"", ""value"": 515.187, ""z"": 32.224}, {""feature"": ""network_rx_bytes"", ""value"": 304633.033, ""z"": 32.185}]"
2026-05-27T03:21:39Z,mock-node,default,mock-pod,app,1.0,True,"[{""feature"": ""tcp_connect_rate"", ""value"": 94.087, ""z"": 118.157}, {""feature"": ""syscall_read_rate"", ""value"": 800.711, ""z"": 28.869}, {""feature"": ""network_rx_bytes"", ""value"": 270090.374, ""z"": 27.817}]"
2026-05-27T03:21:49Z,mock-node,default,mock-pod,app,1.0,True,"[{""feature"": ""tcp_connect_rate"", ""value"": 107.839, ""z"": 136.391}, {""feature"": ""syscall_read_rate"", ""value"": 963.674, ""z"": 36.098}, {""feature"": ""network_rx_bytes"", ""value"": 320876.043, ""z"": 34.24}]"
2026-05-27T03:21:59Z,mock-node,default,mock-pod,app,1.0,True,"[{""feature"": ""tcp_connect_rate"", ""value"": 96.645, ""z"": 121.549}, {""feature"": ""syscall_write_rate"", ""value"": 479.802, ""z"": 29.541}, {""feature"": ""network_rx_bytes"", ""value"": 281553.836, ""z"": 29.267}]"
2026-05-27T03:22:09Z,mock-node,default,mock-pod,app,0.944187,True,"[{""feature"": ""tcp_connect_rate"", ""value"": 106.391, ""z"": 134.471}, {""feature"": ""network_rx_bytes"", ""value"": 298121.031, ""z"": 31.362}, {""feature"": ""syscall_write_rate"", ""value"": 463.071, ""z"": 28.273}]"
2026-05-27T03:22:19Z,mock-node,default,mock-pod,app,0.972507,True,"[{""feature"": ""tcp_connect_rate"", ""value"": 81.856, ""z"": 101.941}, {""feature"": ""network_rx_bytes"", ""value"": 308055.799, ""z"": 32.618}, {""feature"": ""syscall_write_rate"", ""value"": 492.091, ""z"": 30.473}]"
2026-05-27T03:22:29Z,mock-node,default,mock-pod,app,1.0,True,"[{""feature"": ""tcp_connect_rate"", ""value"": 92.593, ""z"": 116.177}, {""feature"": ""syscall_read_rate"", ""value"": 799.304, ""z"": 28.807}, {""feature"": ""network_rx_bytes"", ""value"": 270870.709, ""z"": 27.916}]"
2026-05-27T03:22:39Z,mock-node,default,mock-pod,app,1.0,True,"[{""feature"": ""tcp_connect_rate"", ""value"": 112.812, ""z"": 142.985}, {""feature"": ""network_rx_bytes"", ""value"": 351788.197, ""z"": 38.149}, {""feature"": ""syscall_read_rate"", ""value"": 992.116, ""z"": 37.36}]"
2026-05-27T03:22:49Z,mock-node,default,mock-pod,app,1.0,True,"[{""feature"": ""tcp_connect_rate"", ""value"": 107.45, ""z"": 135.875}, {""feature"": ""syscall_read_rate"", ""value"": 833.299, ""z"": 30.315}, {""feature"": ""syscall_write_rate"", ""value"": 394.936, ""z"": 23.109}]"
2026-05-27T03:22:59Z,mock-node,default,mock-pod,app,1.0,True,"[{""feature"": ""tcp_connect_rate"", ""value"": 100.538, ""z"": 126.711}, {""feature"": ""syscall_read_rate"", ""value"": 1037.091, ""z"": 39.355}, {""feature"": ""network_rx_bytes"", ""value"": 280050.226, ""z"": 29.077}]"
2026-05-27T03:23:09Z,mock-node,default,mock-pod,app,1.0,True,"[{""feature"": ""tcp_connect_rate"", ""value"": 103.014, ""z"": 129.994}, {""feature"": ""syscall_read_rate"", ""value"": 872.973, ""z"": 32.075}, {""feature"": ""syscall_write_rate"", ""value"": 470.481, ""z"": 28.835}]"
2026-05-27T03:23:19Z,mock-node,default,mock-pod,app,1.0,True,"[{""feature"": ""tcp_connect_rate"", ""value"": 93.616, ""z"": 117.533}, {""feature"": ""network_rx_bytes"", ""value"": 266710.468, ""z"": 27.39}, {""feature"": ""syscall_read_rate"", ""value"": 751.47, ""z"": 26.685}]"
2026-05-27T03:23:29Z,mock-node,default,mock-pod,app,0.991697,True,"[{""feature"": ""tcp_connect_rate"", ""value"": 89.038, ""z"": 111.463}, {""feature"": ""syscall_write_rate"", ""value"": 542.749, ""z"": 34.313}, {""feature"": ""network_rx_bytes"", ""value"": 306666.108, ""z"": 32.443}]"
2026-05-27T03:23:39Z,mock-node,default,mock-pod,app,0.927866,True,"[{""feature"": ""tcp_connect_rate"", ""value"": 99.724, ""z"": 125.632}, {""feature"": ""syscall_read_rate"", ""value"": 851.891, ""z"": 31.14}, {""feature"": ""syscall_write_rate"", ""value"": 489.727, ""z"": 30.294}]"
2026-05-27T03:23:49Z,mock-node,default,mock-pod,app,1.0,True,"[{""feature"": ""tcp_connect_rate"", ""value"": 96.905, ""z"": 121.894}, {""feature"": ""syscall_write_rate"", ""value"": 590.173, ""z"": 37.908}, {""feature"": ""network_rx_bytes"", ""value"": 344098.714, ""z"": 37.176}]"
2026-05-27T03:23:59Z,mock-node,default,mock-pod,app,1.0,True,"[{""feature"": ""tcp_connect_rate"", ""value"": 91.186, ""z"": 114.311}, {""feature"": ""syscall_read_rate"", ""value"": 845.853, ""z"": 30.872}, {""feature"": ""syscall_write_rate"", ""value"": 475.109, ""z"": 29.186}]"
2026-05-27T03:24:09Z,mock-node,default,mock-pod,app,1.0,True,"[{""feature"": ""tcp_connect_rate"", ""value"": 118.637, ""z"": 150.708}, {""feature"": ""syscall_write_rate"", ""value"": 491.657, ""z"": 30.44}, {""feature"": ""syscall_read_rate"", ""value"": 746.278, ""z"": 26.455}]"
2026-05-27T03:24:19Z,mock-node,default,mock-pod,app,1.0,True,"[{""feature"": ""tcp_connect_rate"", ""value"": 85.037, ""z"": 106.158}, {""feature"": ""network_rx_bytes"", ""value"": 386552.771, ""z"": 42.545}, {""feature"": ""syscall_read_rate"", ""value"": 849.944, ""z"": 31.053}]"
2026-05-27T03:24:29Z,mock-node,default,mock-pod,app,1.0,True,"[{""feature"": ""tcp_connect_rate"", ""value"": 99.81, ""z"": 125.746}, {""feature"": ""network_rx_bytes"", ""value"": 314621.843, ""z"": 33.449}, {""feature"": ""syscall_read_rate"", ""value"": 897.251, ""z"": 33.152}]"
2026-05-27T03:24:39Z,mock-node,default,mock-pod,app,1.0,True,"[{""feature"": ""tcp_connect_rate"", ""value"": 89.367, ""z"": 111.899}, {""feature"": ""network_rx_bytes"", ""value"": 292388.787, ""z"": 30.637}, {""feature"": ""syscall_read_rate"", ""value"": 812.554, ""z"": 29.395}]"
2026-05-27T03:24:49Z,mock-node,default,mock-pod,app,1.0,True,"[{""feature"": ""tcp_connect_rate"", ""value"": 91.41, ""z"": 114.608}, {""feature"": ""syscall_read_rate"", ""value"": 815.531, ""z"": 29.527}, {""feature"": ""syscall_write_rate"", ""value"": 464.388, ""z"": 28.373}]"
2026-05-27T03:24:59Z,mock-node,default,mock-pod,app,1.0,True,"[{""feature"": ""tcp_connect_rate"", ""value"": 106.79, ""z"": 135.0}, {""feature"": ""syscall_read_rate"", ""value"": 885.602, ""z"": 32.635}, {""feature"": ""network_rx_bytes"", ""value"": 304673.59, ""z"": 32.191}]"
2026-05-27T03:25:09Z,mock-node,default,mock-pod,app,0.934884,True,"[{""feature"": ""tcp_connect_rate"", ""value"": 90.822, ""z"": 113.828}, {""feature"": ""network_rx_bytes"", ""value"": 372975.643, ""z"": 40.828}, {""feature"": ""syscall_read_rate"", ""value"": 993.273, ""z"": 37.411}]"
2026-05-27T03:25:19Z,mock-node,default,mock-pod,app,1.0,True,"[{""feature"": ""tcp_connect_rate"", ""value"": 91.434, ""z"": 114.64}, {""feature"": ""network_rx_bytes"", ""value"": 335410.916, ""z"": 36.078}, {""feature"": ""syscall_write_rate"", ""value"": 445.78, ""z"": 26.963}]"
2026-05-27T03:25:29Z,mock-node,default,mock-pod,app,1.0,True,"[{""feature"": ""tcp_connect_rate"", ""value"": 101.065, ""z"": 127.41}, {""feature"": ""network_rx_bytes"", ""value"": 301405.609, ""z"": 31.777}, {""feature"": ""syscall_write_rate"", ""value"": 446.164, ""z"": 26.992}]"
2026-05-27T03:25:39Z,mock-node,default,mock-pod,app,0.842156,True,"[{""feature"": ""tcp_connect_rate"", ""value"": 82.273, ""z"": 102.493}, {""feature"": ""network_rx_bytes"", ""value"": 364202.617, ""z"": 39.719}, {""feature"": ""syscall_write_rate"", ""value"": 426.046, ""z"": 25.467}]"
2026-05-27T03:25:49Z,mock-node,default,mock-pod,app,1.0,True,"[{""feature"": ""tcp_connect_rate"", ""value"": 109.769, ""z"": 138.95}, {""feature"": ""network_rx_bytes"", ""value"": 306678.769, ""z"": 32.444}, {""feature"": ""syscall_write_rate"", ""value"": 448.548, ""z"": 27.172}]"
2026-05-27T03:25:59Z,mock-node,default,mock-pod,app,1.0,True,"[{""feature"": ""tcp_connect_rate"", ""value"": 109.259, ""z"": 138.274}, {""feature"": ""network_rx_bytes"", ""value"": 283492.081, ""z"": 29.512}, {""feature"": ""syscall_read_rate"", ""value"": 678.218, ""z"": 23.436}]"
2026-05-27T03:26:09Z,mock-node,default,mock-pod,app,1.0,True,"[{""feature"": ""tcp_connect_rate"", ""value"": 104.304, ""z"": 131.704}, {""feature"": ""syscall_read_rate"", ""value"": 910.717, ""z"": 33.749}, {""feature"": ""network_rx_bytes"", ""value"": 277498.154, ""z"": 28.754}]"
2026-05-27T03:26:19Z,mock-node,default,mock-pod,app,1.0,True,"[{""feature"": ""tcp_connect_rate"", ""value"": 112.149, ""z"": 142.106}, {""feature"": ""syscall_read_rate"", ""value"": 850.32, ""z"": 31.07}, {""feature"": ""network_rx_bytes"", ""value"": 244599.514, ""z"": 24.593}]"
2026-05-27T03:26:29Z,mock-node,default,mock-pod,app,0.984074,True,"[{""feature"": ""tcp_connect_rate"", ""value"": 105.511, ""z"": 133.304}, {""feature"": ""network_rx_bytes"", ""value"": 301409.813, ""z"": 31.778}, {""feature"": ""syscall_write_rate"", ""value"": 412.358, ""z"": 24.429}]"
2026-05-27T03:26:39Z,mock-node,default,mock-pod,app,1.0,True,"[{""feature"": ""tcp_connect_rate"", ""value"": 96.018, ""z"": 120.718}, {""feature"": ""syscall_write_rate"", ""value"": 493.784, ""z"": 30.601}, {""feature"": ""network_rx_bytes"", ""value"": 249794.003, ""z"": 25.25}]"
2026-05-27T03:26:49Z,mock-node,default,mock-pod,app,1.0,True,"[{""feature"": ""tcp_connect_rate"", ""value"": 103.894, ""z"": 131.16}, {""feature"": ""network_rx_bytes"", ""value"": 330232.212, ""z"": 35.423}, {""feature"": ""syscall_write_rate"", ""value"": 469.101, ""z"": 28.73}]"
2026-05-27T03:26:59Z,mock-node,default,mock-pod,app,1.0,True,"[{""feature"": ""tcp_connect_rate"", ""value"": 123.206, ""z"": 156.766}, {""feature"": ""network_rx_bytes"", ""value"": 407763.23, ""z"": 45.228}, {""feature"": ""syscall_write_rate"", ""value"": 522.274, ""z"": 32.761}]"
2026-05-27T03:27:09Z,mock-node,default,mock-pod,app,0.928798,True,"[{""feature"": ""tcp_connect_rate"", ""value"": 90.241, ""z"": 113.058}, {""feature"": ""syscall_read_rate"", ""value"": 846.409, ""z"": 30.896}, {""feature"": ""network_rx_bytes"", ""value"": 263316.014, ""z"": 26.96}]"
2026-05-27T03:27:19Z,mock-node,default,mock-pod,app,1.0,True,"[{""feature"": ""tcp_connect_rate"", ""value"": 121.411, ""z"": 154.386}, {""feature"": ""network_rx_bytes"", ""value"": 349757.557, ""z"": 37.892}, {""feature"": ""syscall_read_rate"", ""value"": 857.938, ""z"": 31.408}]"
2026-05-27T03:27:29Z,mock-node,default,mock-pod,app,1.0,True,"[{""feature"": ""tcp_connect_rate"", ""value"": 107.807, ""z"": 136.349}, {""feature"": ""syscall_read_rate"", ""value"": 929.334, ""z"": 34.575}, {""feature"": ""network_rx_bytes"", ""value"": 308686.508, ""z"": 32.698}]"
2026-05-27T03:27:39Z,mock-node,default,mock-pod,app,1.0,True,"[{""feature"": ""tcp_connect_rate"", ""value"": 107.213, ""z"": 135.561}, {""feature"": ""network_rx_bytes"", ""value"": 340010.485, ""z"": 36.659}, {""feature"": ""syscall_read_rate"", ""value"": 687.139, ""z"": 23.831}]"
2026-05-27T03:27:49Z,mock-node,default,mock-pod,app,0.978253,True,"[{""feature"": ""tcp_connect_rate"", ""value"": 126.562, ""z"": 161.216}, {""feature"": ""syscall_read_rate"", ""value"": 922.01, ""z"": 34.25}, {""feature"": ""syscall_write_rate"", ""value"": 503.372, ""z"": 31.328}]"
2026-05-27T03:27:59Z,mock-node,default,mock-pod,app,1.0,True,"[{""feature"": ""tcp_connect_rate"", ""value"": 83.431, ""z"": 104.029}, {""feature"": ""syscall_write_rate"", ""value"": 520.796, ""z"": 32.649}, {""feature"": ""network_rx_bytes"", ""value"": 262895.135, ""z"": 26.907}]"
2026-05-27T03:28:09Z,mock-node,default,mock-pod,app,1.0,True,"[{""feature"": ""tcp_connect_rate"", ""value"": 94.635, ""z"": 118.884}, {""feature"": ""network_rx_bytes"", ""value"": 310512.221, ""z"": 32.929}, {""feature"": ""syscall_write_rate"", ""value"": 407.218, ""z"": 24.04}]"
2026-05-27T03:28:19Z,mock-node,default,mock-pod,app,1.0,True,"[{""feature"": ""tcp_connect_rate"", ""value"": 76.783, ""z"": 95.214}, {""feature"": ""syscall_read_rate"", ""value"": 845.851, ""z"": 30.872}, {""feature"": ""syscall_write_rate"", ""value"": 490.617, ""z"": 30.361}]"
2026-05-27T03:28:29Z,mock-node,default,mock-pod,app,1.0,True,"[{""feature"": ""tcp_connect_rate"", ""value"": 59.423, ""z"": 72.197}, {""feature"": ""network_rx_bytes"", ""value"": 354733.288, ""z"": 38.521}, {""feature"": ""syscall_read_rate"", ""value"": 899.72, ""z"": 33.261}]"
2026-05-27T03:28:39Z,mock-node,default,mock-pod,app,1.0,True,"[{""feature"": ""tcp_connect_rate"", ""value"": 98.361, ""z"": 123.824}, {""feature"": ""network_rx_bytes"", ""value"": 251941.173, ""z"": 25.522}, {""feature"": ""syscall_write_rate"", ""value"": 422.641, ""z"": 25.209}]"
2026-05-27T03:28:49Z,mock-node,default,mock-pod,app,1.0,True,"[{""feature"": ""tcp_connect_rate"", ""value"": 97.69, ""z"": 122.935}, {""feature"": ""network_rx_bytes"", ""value"": 346700.518, ""z"": 37.506}, {""feature"": ""syscall_read_rate"", ""value"": 975.801, ""z"": 36.636}]"
2026-05-27T03:28:59Z,mock-node,default,mock-pod,app,0.996144,True,"[{""feature"": ""tcp_connect_rate"", ""value"": 126.461, ""z"": 161.082}, {""feature"": ""network_rx_bytes"", ""value"": 319504.619, ""z"": 34.066}, {""feature"": ""syscall_read_rate"", ""value"": 877.986, ""z"": 32.297}]"
2026-05-27T03:29:09Z,mock-node,default,mock-pod,app,1.0,True,"[{""feature"": ""tcp_connect_rate"", ""value"": 111.557, ""z"": 141.321}, {""feature"": ""syscall_read_rate"", ""value"": 1036.619, ""z"": 39.334}, {""feature"": ""network_rx_bytes"", ""value"": 263176.535, ""z"": 26.943}]"
2026-05-27T03:29:19Z,mock-node,default,mock-pod,app,0.934931,True,"[{""feature"": ""tcp_connect_rate"", ""value"": 104.308, ""z"": 131.709}, {""feature"": ""network_rx_bytes"", ""value"": 301218.858, ""z"": 31.754}, {""feature"": ""syscall_write_rate"", ""value"": 486.237, ""z"": 30.029}]"
2026-05-27T03:29:29Z,mock-node,default,mock-pod,app,1.0,True,"[{""feature"": ""tcp_connect_rate"", ""value"": 126.351, ""z"": 160.936}, {""feature"": ""network_rx_bytes"", ""value"": 365385.882, ""z"": 39.869}, {""feature"": ""syscall_write_rate"", ""value"": 569.453, ""z"": 36.337}]"
2026-05-27T03:29:39Z,mock-node,default,mock-pod,app,1.0,True,"[{""feature"": ""tcp_connect_rate"", ""value"": 104.957, ""z"": 132.57}, {""feature"": ""network_rx_bytes"", ""value"": 377465.637, ""z"": 41.396}, {""feature"": ""syscall_read_rate"", ""value"": 702.457, ""z"": 24.511}]"
2026-05-27T03:29:49Z,mock-node,default,mock-pod,app,1.0,True,"[{""feature"": ""tcp_connect_rate"", ""value"": 106.791, ""z"": 135.002}, {""feature"": ""network_rx_bytes"", ""value"": 322447.929, ""z"": 34.438}, {""feature"": ""syscall_write_rate"", ""value"": 379.907, ""z"": 21.969}]"
2026-05-27T03:29:59Z,mock-node,default,mock-pod,app,1.0,True,"[{""feature"": ""tcp_connect_rate"", ""value"": 100.226, ""z"": 126.297}, {""feature"": ""network_rx_bytes"", ""value"": 305159.547, ""z"": 32.252}, {""feature"": ""syscall_write_rate"", ""value"": 486.795, ""z"": 30.072}]"
2026-05-27T03:30:09Z,mock-node,default,mock-pod,app,1.0,True,"[{""feature"": ""tcp_connect_rate"", ""value"": 88.953, ""z"": 111.35}, {""feature"": ""network_rx_bytes"", ""value"": 317275.135, ""z"": 33.784}, {""feature"": ""syscall_read_rate"", ""value"": 778.927, ""z"": 27.903}]"
2026-05-27T03:30:19Z,mock-node,default,mock-pod,app,1.0,True,"[{""feature"": ""tcp_connect_rate"", ""value"": 98.848, ""z"": 124.47}, {""feature"": ""syscall_write_rate"", ""value"": 617.072, ""z"": 39.947}, {""feature"": ""network_rx_bytes"", ""value"": 292907.942, ""z"": 30.703}]"
2026-05-27T03:30:29Z,mock-node,default,mock-pod,app,1.0,True,"[{""feature"": ""tcp_connect_rate"", ""value"": 83.16, ""z"": 103.67}, {""feature"": ""network_rx_bytes"", ""value"": 317369.136, ""z"": 33.796}, {""feature"": ""syscall_write_rate"", ""value"": 467.624, ""z"": 28.618}]"
2026-05-27T03:30:39Z,mock-node,default,mock-pod,app,1.0,True,"[{""feature"": ""tcp_connect_rate"", ""value"": 111.445, ""z"": 141.172}, {""feature"": ""network_rx_bytes"", ""value"": 356963.335, ""z"": 38.803}, {""feature"": ""syscall_read_rate"", ""value"": 637.493, ""z"": 21.629}]"
2026-05-27T03:30:49Z,mock-node,default,mock-pod,app,1.0,True,"[{""feature"": ""tcp_connect_rate"", ""value"": 118.094, ""z"": 149.988}, {""feature"": ""syscall_write_rate"", ""value"": 493.779, ""z"": 30.601}, {""feature"": ""syscall_read_rate"", ""value"": 779.215, ""z"": 27.916}]"
2026-05-27T03:30:59Z,mock-node,default,mock-pod,app,1.0,True,"[{""feature"": ""tcp_connect_rate"", ""value"": 85.608, ""z"": 106.915}, {""feature"": ""network_rx_bytes"", ""value"": 279261.083, ""z"": 28.977}, {""feature"": ""syscall_read_rate"", ""value"": 717.324, ""z"": 25.17}]"
2026-05-27T03:31:09Z,mock-node,default,mock-pod,app,1.0,True,"[{""feature"": ""tcp_connect_rate"", ""value"": 94.957, ""z"": 119.311}, {""feature"": ""network_rx_bytes"", ""value"": 280077.628, ""z"": 29.08}, {""feature"": ""syscall_write_rate"", ""value"": 401.773, ""z"": 23.627}]"
2026-05-27T03:31:19Z,mock-node,default,mock-pod,app,1.0,True,"[{""feature"": ""tcp_connect_rate"", ""value"": 92.018, ""z"": 115.414}, {""feature"": ""network_rx_bytes"", ""value"": 303948.423, ""z"": 32.099}, {""feature"": ""syscall_read_rate"", ""value"": 804.486, ""z"": 29.037}]"
2026-05-27T03:31:29Z,mock-node,default,mock-pod,app,0.968846,True,"[{""feature"": ""tcp_connect_rate"", ""value"": 122.751, ""z"": 156.163}, {""feature"": ""network_rx_bytes"", ""value"": 384589.794, ""z"": 42.297}, {""feature"": ""syscall_write_rate"", ""value"": 456.912, ""z"": 27.806}]"
2026-05-27T03:31:39Z,mock-node,default,mock-pod,app,1.0,True,"[{""feature"": ""tcp_connect_rate"", ""value"": 108.016, ""z"": 136.626}, {""feature"": ""syscall_read_rate"", ""value"": 742.525, ""z"": 26.288}, {""feature"": ""syscall_write_rate"", ""value"": 406.745, ""z"": 24.004}]"
2026-05-27T03:31:49Z,mock-node,default,mock-pod,app,1.0,True,"[{""feature"": ""tcp_connect_rate"", ""value"": 121.663, ""z"": 154.72}, {""feature"": ""syscall_read_rate"", ""value"": 1040.367, ""z"": 39.5}, {""feature"": ""network_rx_bytes"", ""value"": 307529.989, ""z"": 32.552}]"
2026-05-27T03:31:59Z,mock-node,default,mock-pod,app,1.0,True,"[{""feature"": ""tcp_connect_rate"", ""value"": 108.468, ""z"": 137.225}, {""feature"": ""network_rx_bytes"", ""value"": 363504.268, ""z"": 39.631}, {""feature"": ""syscall_write_rate"", ""value"": 515.283, ""z"": 32.231}]"
2026-05-27T03:32:09Z,mock-node,default,mock-pod,app,1.0,True,"[{""feature"": ""tcp_connect_rate"", ""value"": 137.61, ""z"": 175.864}, {""feature"": ""network_rx_bytes"", ""value"": 275585.455, ""z"": 28.512}, {""feature"": ""syscall_read_rate"", ""value"": 683.13, ""z"": 23.654}]"
2026-05-27T03:32:19Z,mock-node,default,mock-pod,app,1.0,True,"[{""feature"": ""tcp_connect_rate"", ""value"": 115.947, ""z"": 147.141}, {""feature"": ""syscall_write_rate"", ""value"": 511.306, ""z"": 31.929}, {""feature"": ""network_rx_bytes"", ""value"": 242846.139, ""z"": 24.372}]"
2026-05-27T03:32:29Z,mock-node,default,mock-pod,app,1.0,True,"[{""feature"": ""tcp_connect_rate"", ""value"": 111.404, ""z"": 141.118}, {""feature"": ""syscall_write_rate"", ""value"": 573.272, ""z"": 36.627}, {""feature"": ""network_rx_bytes"", ""value"": 267612.502, ""z"": 27.504}]"
2026-05-27T03:32:39Z,mock-node,default,mock-pod,app,1.0,True,"[{""feature"": ""tcp_connect_rate"", ""value"": 123.781, ""z"": 157.528}, {""feature"": ""network_rx_bytes"", ""value"": 286331.463, ""z"": 29.871}, {""feature"": ""syscall_write_rate"", ""value"": 410.09, ""z"": 24.257}]"
2026-05-27T03:32:49Z,mock-node,default,mock-pod,app,1.0,True,"[{""feature"": ""tcp_connect_rate"", ""value"": 101.516, ""z"": 128.008}, {""feature"": ""syscall_write_rate"", ""value"": 554.243, ""z"": 35.184}, {""feature"": ""syscall_read_rate"", ""value"": 629.418, ""z"": 21.271}]"
2026-05-27T03:32:59Z,mock-node,default,mock-pod,app,0.989293,True,"[{""feature"": ""tcp_connect_rate"", ""value"": 114.68, ""z"": 145.462}, {""feature"": ""network_rx_bytes"", ""value"": 331228.787, ""z"": 35.549}, {""feature"": ""syscall_write_rate"", ""value"": 545.108, ""z"": 34.492}]"
2026-05-27T03:33:09Z,mock-node,default,mock-pod,app,0.911854,True,"[{""feature"": ""tcp_connect_rate"", ""value"": 96.965, ""z"": 121.973}, {""feature"": ""network_rx_bytes"", ""value"": 434137.644, ""z"": 48.563}, {""feature"": ""syscall_read_rate"", ""value"": 686.24, ""z"": 23.791}]"
2026-05-27T03:33:19Z,mock-node,default,mock-pod,app,1.0,True,"[{""feature"": ""tcp_connect_rate"", ""value"": 64.962, ""z"": 79.541}, {""feature"": ""syscall_read_rate"", ""value"": 931.343, ""z"": 34.664}, {""feature"": ""network_rx_bytes"", ""value"": 312500.271, ""z"": 33.18}]"
2026-05-27T03:33:29Z,mock-node,default,mock-pod,app,1.0,True,"[{""feature"": ""tcp_connect_rate"", ""value"": 87.679, ""z"": 109.661}, {""feature"": ""network_rx_bytes"", ""value"": 383047.074, ""z"": 42.102}, {""feature"": ""syscall_read_rate"", ""value"": 820.708, ""z"": 29.756}]"
2026-05-27T03:33:39Z,mock-node,default,mock-pod,app,1.0,True,"[{""feature"": ""tcp_connect_rate"", ""value"": 90.088, ""z"": 112.855}, {""feature"": ""network_rx_bytes"", ""value"": 312432.866, ""z"": 33.172}, {""feature"": ""syscall_write_rate"", ""value"": 462.699, ""z"": 28.245}]"
2026-05-27T03:33:49Z,mock-node,default,mock-pod,app,1.0,True,"[{""feature"": ""tcp_connect_rate"", ""value"": 107.88, ""z"": 136.445}, {""feature"": ""network_rx_bytes"", ""value"": 303313.832, ""z"": 32.019}, {""feature"": ""syscall_read_rate"", ""value"": 577.683, ""z"": 18.976}]"
2026-05-27T03:33:59Z,mock-node,default,mock-pod,app,1.0,True,"[{""feature"": ""tcp_connect_rate"", ""value"": 101.068, ""z"": 127.414}, {""feature"": ""network_rx_bytes"", ""value"": 324948.062, ""z"": 34.755}, {""feature"": ""syscall_write_rate"", ""value"": 484.721, ""z"": 29.914}]"
2026-05-27T03:34:09Z,mock-node,default,mock-pod,app,1.0,True,"[{""feature"": ""tcp_connect_rate"", ""value"": 110.43, ""z"": 139.826}, {""feature"": ""network_rx_bytes"", ""value"": 384820.976, ""z"": 42.326}, {""feature"": ""syscall_read_rate"", ""value"": 1007.807, ""z"": 38.056}]"
2026-05-27T03:34:19Z,mock-node,default,mock-pod,app,0.98403,True,"[{""feature"": ""tcp_connect_rate"", ""value"": 105.045, ""z"": 132.687}, {""feature"": ""syscall_write_rate"", ""value"": 422.983, ""z"": 25.235}, {""feature"": ""syscall_read_rate"", ""value"": 706.737, ""z"": 24.701}]"
2026-05-27T03:34:29Z,mock-node,default,mock-pod,app,1.0,True,"[{""feature"": ""tcp_connect_rate"", ""value"": 86.556, ""z"": 108.172}, {""feature"": ""network_rx_bytes"", ""value"": 394040.187, ""z"": 43.492}, {""feature"": ""syscall_write_rate"", ""value"": 488.739, ""z"": 30.219}]"
2026-05-27T03:34:39Z,mock-node,default,mock-pod,app,1.0,True,"[{""feature"": ""tcp_connect_rate"", ""value"": 134.682, ""z"": 171.982}, {""feature"": ""network_rx_bytes"", ""value"": 298767.79, ""z"": 31.444}, {""feature"": ""syscall_write_rate"", ""value"": 495.243, ""z"": 30.712}]"
2026-05-27T03:34:49Z,mock-node,default,mock-pod,app,0.931765,True,"[{""feature"": ""tcp_connect_rate"", ""value"": 100.593, ""z"": 126.784}, {""feature"": ""network_rx_bytes"", ""value"": 327189.445, ""z"": 35.038}, {""feature"": ""syscall_write_rate"", ""value"": 471.614, ""z"": 28.921}]"
2026-05-27T03:34:59Z,mock-node,default,mock-pod,app,0.93452,True,"[{""feature"": ""tcp_connect_rate"", ""value"": 90.359, ""z"": 113.215}, {""feature"": ""syscall_write_rate"", ""value"": 554.821, ""z"": 35.228}, {""feature"": ""network_rx_bytes"", ""value"": 309195.12, ""z"": 32.762}]"
2026-05-27T03:35:09Z,mock-node,default,mock-pod,app,0.961792,True,"[{""feature"": ""tcp_connect_rate"", ""value"": 98.335, ""z"": 123.79}, {""feature"": ""network_rx_bytes"", ""value"": 297309.267, ""z"": 31.259}, {""feature"": ""syscall_write_rate"", ""value"": 457.348, ""z"": 27.839}]"
2026-05-27T03:35:19Z,mock-node,default,mock-pod,app,1.0,True,"[{""feature"": ""tcp_connect_rate"", ""value"": 91.499, ""z"": 114.726}, {""feature"": ""network_rx_bytes"", ""value"": 378177.925, ""z"": 41.486}, {""feature"": ""syscall_read_rate"", ""value"": 858.181, ""z"": 31.419}]"
2026-05-27T03:35:29Z,mock-node,default,mock-pod,app,1.0,True,"[{""feature"": ""tcp_connect_rate"", ""value"": 112.198, ""z"": 142.171}, {""feature"": ""syscall_write_rate"", ""value"": 527.564, ""z"": 33.162}, {""feature"": ""syscall_read_rate"", ""value"": 795.27, ""z"": 28.628}]"
2026-05-27T03:35:39Z,mock-node,default,mock-pod,app,0.899409,True,"[{""feature"": ""tcp_connect_rate"", ""value"": 99.287, ""z"": 125.052}, {""feature"": ""network_rx_bytes"", ""value"": 293491.467, ""z"": 30.776}, {""feature"": ""syscall_write_rate"", ""value"": 443.064, ""z"": 26.757}]"
2026-05-27T03:35:49Z,mock-node,default,mock-pod,app,0.97426,True,"[{""feature"": ""tcp_connect_rate"", ""value"": 83.818, ""z"": 104.542}, {""feature"": ""syscall_write_rate"", ""value"": 540.738, ""z"": 34.16}, {""feature"": ""network_rx_bytes"", ""value"": 293853.117, ""z"": 30.822}]"
2026-05-27T03:35:59Z,mock-node,default,mock-pod,app,1.0,True,"[{""feature"": ""tcp_connect_rate"", ""value"": 104.548, ""z"": 132.028}, {""feature"": ""syscall_write_rate"", ""value"": 483.844, ""z"": 29.848}, {""feature"": ""syscall_read_rate"", ""value"": 739.378, ""z"": 26.149}]"
2026-05-27T03:36:09Z,mock-node,default,mock-pod,app,1.0,True,"[{""feature"": ""tcp_connect_rate"", ""value"": 71.69, ""z"": 88.462}, {""feature"": ""network_rx_bytes"", ""value"": 306884.09, ""z"": 32.47}, {""feature"": ""syscall_write_rate"", ""value"": 494.05, ""z"": 30.621}]"
2026-05-27T03:36:19Z,mock-node,default,mock-pod,app,1.0,True,"[{""feature"": ""tcp_connect_rate"", ""value"": 105.978, ""z"": 133.924}, {""feature"": ""syscall_read_rate"", ""value"": 836.724, ""z"": 30.467}, {""feature"": ""network_rx_bytes"", ""value"": 272518.388, ""z"": 28.124}]"
2026-05-27T03:36:29Z,mock-node,default,mock-pod,app,0.968208,True,"[{""feature"": ""tcp_connect_rate"", ""value"": 125.5, ""z"": 159.808}, {""feature"": ""network_rx_bytes"", ""value"": 358795.577, ""z"": 39.035}, {""feature"": ""syscall_write_rate"", ""value"": 486.671, ""z"": 30.062}]"
2026-05-27T03:36:39Z,mock-node,default,mock-pod,app,1.0,True,"[{""feature"": ""tcp_connect_rate"", ""value"": 91.056, ""z"": 114.139}, {""feature"": ""network_rx_bytes"", ""value"": 276406.212, ""z"": 28.616}, {""feature"": ""syscall_read_rate"", ""value"": 710.918, ""z"": 24.886}]"
2026-05-27T03:36:49Z,mock-node,default,mock-pod,app,0.880851,True,"[{""feature"": ""tcp_connect_rate"", ""value"": 98.059, ""z"": 123.424}, {""feature"": ""syscall_write_rate"", ""value"": 527.995, ""z"": 33.195}, {""feature"": ""syscall_read_rate"", ""value"": 853.707, ""z"": 31.22}]"
2026-05-27T03:36:59Z,mock-node,default,mock-pod,app,1.0,True,"[{""feature"": ""tcp_connect_rate"", ""value"": 82.604, ""z"": 102.932}, {""feature"": ""syscall_read_rate"", ""value"": 870.437, ""z"": 31.962}, {""feature"": ""syscall_write_rate"", ""value"": 494.5, ""z"": 30.656}]"
2026-05-27T03:37:09Z,mock-node,default,mock-pod,app,1.0,True,"[{""feature"": ""tcp_connect_rate"", ""value"": 85.216, ""z"": 106.396}, {""feature"": ""network_rx_bytes"", ""value"": 341850.237, ""z"": 36.892}, {""feature"": ""syscall_read_rate"", ""value"": 827.814, ""z"": 30.072}]"
2026-05-27T03:37:19Z,mock-node,default,mock-pod,app,1.0,True,"[{""feature"": ""tcp_connect_rate"", ""value"": 104.682, ""z"": 132.205}, {""feature"": ""syscall_write_rate"", ""value"": 561.378, ""z"": 35.725}, {""feature"": ""network_rx_bytes"", ""value"": 264942.174, ""z"": 27.166}]"
2026-05-27T03:37:29Z,mock-node,default,mock-pod,app,1.0,True,"[{""feature"": ""tcp_connect_rate"", ""value"": 86.496, ""z"": 108.093}, {""feature"": ""syscall_write_rate"", ""value"": 484.551, ""z"": 29.901}, {""feature"": ""syscall_read_rate"", ""value"": 703.388, ""z"": 24.552}]"
2026-05-27T03:37:39Z,mock-node,default,mock-pod,app,1.0,True,"[{""feature"": ""tcp_connect_rate"", ""value"": 96.003, ""z"": 120.698}, {""feature"": ""network_rx_bytes"", ""value"": 296961.13, ""z"": 31.215}, {""feature"": ""syscall_read_rate"", ""value"": 788.474, ""z"": 28.327}]"
2026-05-27T03:37:49Z,mock-node,default,mock-pod,app,1.0,True,"[{""feature"": ""tcp_connect_rate"", ""value"": 84.141, ""z"": 104.97}, {""feature"": ""network_rx_bytes"", ""value"": 293688.439, ""z"": 30.801}, {""feature"": ""syscall_write_rate"", ""value"": 398.486, ""z"": 23.378}]"
2026-05-27T03:37:59Z,mock-node,default,mock-pod,app,1.0,True,"[{""feature"": ""tcp_connect_rate"", ""value"": 111.696, ""z"": 141.505}, {""feature"": ""network_rx_bytes"", ""value"": 346540.445, ""z"": 37.485}, {""feature"": ""syscall_write_rate"", ""value"": 450.207, ""z"": 27.298}]"
2026-05-27T03:38:09Z,mock-node,default,mock-pod,app,1.0,True,"[{""feature"": ""tcp_connect_rate"", ""value"": 104.666, ""z"": 132.184}, {""feature"": ""syscall_read_rate"", ""value"": 730.513, ""z"": 25.755}, {""feature"": ""network_rx_bytes"", ""value"": 251552.254, ""z"": 25.473}]"
2026-05-27T03:38:19Z,mock-node,default,mock-pod,app,1.0,True,"[{""feature"": ""tcp_connect_rate"", ""value"": 115.717, ""z"": 146.836}, {""feature"": ""network_rx_bytes"", ""value"": 388048.786, ""z"": 42.735}, {""feature"": ""syscall_read_rate"", ""value"": 705.759, ""z"": 24.657}]"
2026-05-27T03:38:29Z,mock-node,default,mock-pod,app,1.0,True,"[{""feature"": ""tcp_connect_rate"", ""value"": 80.469, ""z"": 100.102}, {""feature"": ""network_rx_bytes"", ""value"": 341255.343, ""z"": 36.817}, {""feature"": ""syscall_write_rate"", ""value"": 526.023, ""z"": 33.045}]"
2026-05-27T03:38:39Z,mock-node,default,mock-pod,app,1.0,True,"[{""feature"": ""tcp_connect_rate"", ""value"": 85.876, ""z"": 107.271}, {""feature"": ""syscall_write_rate"", ""value"": 447.418, ""z"": 27.087}, {""feature"": ""syscall_read_rate"", ""value"": 695.725, ""z"": 24.212}]"
2026-05-27T03:38:49Z,mock-node,default,mock-pod,app,1.0,True,"[{""feature"": ""tcp_connect_rate"", ""value"": 71.143, ""z"": 87.736}, {""feature"": ""network_rx_bytes"", ""value"": 291343.84, ""z"": 30.505}, {""feature"": ""syscall_read_rate"", ""value"": 816.068, ""z"": 29.551}]"
2026-05-27T03:38:59Z,mock-node,default,mock-pod,app,1.0,True,"[{""feature"": ""tcp_connect_rate"", ""value"": 91.359, ""z"": 114.54}, {""feature"": ""network_rx_bytes"", ""value"": 300767.611, ""z"": 31.697}, {""feature"": ""syscall_read_rate"", ""value"": 831.782, ""z"": 30.248}]"
2026-05-27T03:39:09Z,mock-node,default,mock-pod,app,0.954671,True,"[{""feature"": ""tcp_connect_rate"", ""value"": 107.417, ""z"": 135.832}, {""feature"": ""syscall_read_rate"", ""value"": 795.423, ""z"": 28.635}, {""feature"": ""syscall_write_rate"", ""value"": 451.912, ""z"": 27.427}]"
2026-05-27T03:39:19Z,mock-node,default,mock-pod,app,1.0,True,"[{""feature"": ""tcp_connect_rate"", ""value"": 110.33, ""z"": 139.694}, {""feature"": ""network_rx_bytes"", ""value"": 356974.259, ""z"": 38.805}, {""feature"": ""syscall_read_rate"", ""value"": 727.36, ""z"": 25.616}]"
2026-05-27T03:39:29Z,mock-node,default,mock-pod,app,1.0,True,"[{""feature"": ""tcp_connect_rate"", ""value"": 100.019, ""z"": 126.023}, {""feature"": ""network_rx_bytes"", ""value"": 380170.782, ""z"": 41.738}, {""feature"": ""syscall_write_rate"", ""value"": 362.752, ""z"": 20.669}]"
2026-05-27T03:39:39Z,mock-node,default,mock-pod,app,1.0,True,"[{""feature"": ""tcp_connect_rate"", ""value"": 114.894, ""z"": 145.745}, {""feature"": ""network_rx_bytes"", ""value"": 268786.79, ""z"": 27.652}, {""feature"": ""syscall_write_rate"", ""value"": 454.613, ""z"": 27.632}]"
2026-05-27T03:39:49Z,mock-node,default,mock-pod,app,0.971946,True,"[{""feature"": ""tcp_connect_rate"", ""value"": 93.136, ""z"": 116.897}, {""feature"": ""syscall_write_rate"", ""value"": 505.054, ""z"": 31.456}, {""feature"": ""syscall_read_rate"", ""value"": 806.165, ""z"": 29.111}]"
2026-05-27T03:39:59Z,mock-node,default,mock-pod,app,1.0,True,"[{""feature"": ""tcp_connect_rate"", ""value"": 103.986, ""z"": 131.282}, {""feature"": ""syscall_write_rate"", ""value"": 501.407, ""z"": 31.179}, {""feature"": ""syscall_read_rate"", ""value"": 783.18, ""z"": 28.092}]"
2026-05-27T03:40:09Z,mock-node,default,mock-pod,app,1.0,True,"[{""feature"": ""tcp_connect_rate"", ""value"": 85.529, ""z"": 106.811}, {""feature"": ""syscall_read_rate"", ""value"": 824.638, ""z"": 29.931}, {""feature"": ""syscall_write_rate"", ""value"": 463.452, ""z"": 28.302}]"
2026-05-27T03:40:19Z,mock-node,default,mock-pod,app,0.942751,True,"[{""feature"": ""tcp_connect_rate"", ""value"": 88.227, ""z"": 110.388}, {""feature"": ""network_rx_bytes"", ""value"": 324955.556, ""z"": 34.756}, {""feature"": ""syscall_read_rate"", ""value"": 726.38, ""z"": 25.572}]"
2026-05-27T03:40:29Z,mock-node,default,mock-pod,app,1.0,True,"[{""feature"": ""tcp_connect_rate"", ""value"": 88.211, ""z"": 110.367}, {""feature"": ""syscall_read_rate"", ""value"": 941.787, ""z"": 35.127}, {""feature"": ""network_rx_bytes"", ""value"": 285297.283, ""z"": 29.74}]"
2026-05-27T03:40:39Z,mock-node,default,mock-pod,app,1.0,True,"[{""feature"": ""tcp_connect_rate"", ""value"": 105.3, ""z"": 133.025}, {""feature"": ""network_rx_bytes"", ""value"": 329885.154, ""z"": 35.379}, {""feature"": ""syscall_write_rate"", ""value"": 510.794, ""z"": 31.891}]"
2026-05-27T03:40:49Z,mock-node,default,mock-pod,app,0.944306,True,"[{""feature"": ""tcp_connect_rate"", ""value"": 122.243, ""z"": 155.489}, {""feature"": ""syscall_write_rate"", ""value"": 486.635, ""z"": 30.059}, {""feature"": ""network_rx_bytes"", ""value"": 278369.61, ""z"": 28.864}]"
2026-05-27T03:40:59Z,mock-node,default,mock-pod,app,1.0,True,"[{""feature"": ""tcp_connect_rate"", ""value"": 121.942, ""z"": 155.09}, {""feature"": ""syscall_write_rate"", ""value"": 419.059, ""z"": 24.937}, {""feature"": ""syscall_read_rate"", ""value"": 700.855, ""z"": 24.44}]"
2026-05-27T03:41:09Z,mock-node,default,mock-pod,app,1.0,True,"[{""feature"": ""tcp_connect_rate"", ""value"": 110.389, ""z"": 139.772}, {""feature"": ""network_rx_bytes"", ""value"": 292819.031, ""z"": 30.691}, {""feature"": ""syscall_read_rate"", ""value"": 773.692, ""z"": 27.671}]"
2026-05-27T03:41:19Z,mock-node,default,mock-pod,app,1.0,True,"[{""feature"": ""tcp_connect_rate"", ""value"": 83.726, ""z"": 104.42}, {""feature"": ""network_rx_bytes"", ""value"": 309876.411, ""z"": 32.849}, {""feature"": ""syscall_write_rate"", ""value"": 469.484, ""z"": 28.759}]"
2026-05-27T03:41:29Z,mock-node,default,mock-pod,app,1.0,True,"[{""feature"": ""tcp_connect_rate"", ""value"": 98.733, ""z"": 124.318}, {""feature"": ""network_rx_bytes"", ""value"": 344606.28, ""z"": 37.241}, {""feature"": ""syscall_write_rate"", ""value"": 448.058, ""z"": 27.135}]"
2026-05-27T03:41:39Z,mock-node,default,mock-pod,app,1.0,True,"[{""feature"": ""tcp_connect_rate"", ""value"": 107.817, ""z"": 136.362}, {""feature"": ""syscall_read_rate"", ""value"": 914.114, ""z"": 33.9}, {""feature"": ""network_rx_bytes"", ""value"": 289737.499, ""z"": 30.302}]"
2026-05-27T03:41:49Z,mock-node,default,mock-pod,app,0.916894,True,"[{""feature"": ""tcp_connect_rate"", ""value"": 113.146, ""z"": 143.428}, {""feature"": ""network_rx_bytes"", ""value"": 274352.427, ""z"": 28.356}, {""feature"": ""syscall_read_rate"", ""value"": 719.389, ""z"": 25.262}]"
2026-05-27T03:41:59Z,mock-node,default,mock-pod,app,1.0,True,"[{""feature"": ""tcp_connect_rate"", ""value"": 94.524, ""z"": 118.737}, {""feature"": ""network_rx_bytes"", ""value"": 389068.195, ""z"": 42.864}, {""feature"": ""syscall_write_rate"", ""value"": 442.932, ""z"": 26.747}]"
2026-05-27T03:42:09Z,mock-node,default,mock-pod,app,1.0,True,"[{""feature"": ""tcp_connect_rate"", ""value"": 102.868, ""z"": 129.8}, {""feature"": ""network_rx_bytes"", ""value"": 327979.406, ""z"": 35.138}, {""feature"": ""syscall_read_rate"", ""value"": 895.706, ""z"": 33.083}]"
2026-05-27T03:42:19Z,mock-node,default,mock-pod,app,1.0,True,"[{""feature"": ""tcp_connect_rate"", ""value"": 115.056, ""z"": 145.96}, {""feature"": ""network_rx_bytes"", ""value"": 320706.836, ""z"": 34.218}, {""feature"": ""syscall_write_rate"", ""value"": 460.605, ""z"": 28.086}]"
2026-05-27T03:42:29Z,mock-node,default,mock-pod,app,0.987681,True,"[{""feature"": ""tcp_connect_rate"", ""value"": 91.087, ""z"": 114.18}, {""feature"": ""syscall_write_rate"", ""value"": 510.63, ""z"": 31.878}, {""feature"": ""network_rx_bytes"", ""value"": 294400.812, ""z"": 30.891}]"
2026-05-27T03:42:39Z,mock-node,default,mock-pod,app,1.0,True,"[{""feature"": ""tcp_connect_rate"", ""value"": 104.478, ""z"": 131.935}, {""feature"": ""syscall_write_rate"", ""value"": 486.868, ""z"": 30.077}, {""feature"": ""network_rx_bytes"", ""value"": 268093.255, ""z"": 27.564}]"
2026-05-27T03:42:49Z,mock-node,default,mock-pod,app,1.0,True,"[{""feature"": ""tcp_connect_rate"", ""value"": 106.007, ""z"": 133.962}, {""feature"": ""network_rx_bytes"", ""value"": 261396.063, ""z"": 26.718}, {""feature"": ""syscall_write_rate"", ""value"": 430.023, ""z"": 25.768}]"
2026-05-27T03:42:59Z,mock-node,default,mock-pod,app,1.0,True,"[{""feature"": ""tcp_connect_rate"", ""value"": 79.734, ""z"": 99.127}, {""feature"": ""network_rx_bytes"", ""value"": 301869.323, ""z"": 31.836}, {""feature"": ""syscall_read_rate"", ""value"": 824.64, ""z"": 29.931}]"
2026-05-27T03:43:09Z,mock-node,default,mock-pod,app,1.0,True,"[{""feature"": ""tcp_connect_rate"", ""value"": 90.936, ""z"": 113.98}, {""feature"": ""network_rx_bytes"", ""value"": 299429.783, ""z"": 31.527}, {""feature"": ""syscall_read_rate"", ""value"": 854.01, ""z"": 31.234}]"
2026-05-27T03:43:19Z,mock-node,default,mock-pod,app,0.862839,True,"[{""feature"": ""tcp_connect_rate"", ""value"": 113.683, ""z"": 144.14}, {""feature"": ""syscall_write_rate"", ""value"": 443.524, ""z"": 26.792}, {""feature"": ""network_rx_bytes"", ""value"": 227259.324, ""z"": 22.4}]"
2026-05-27T03:43:29Z,mock-node,default,mock-pod,app,1.0,True,"[{""feature"": ""tcp_connect_rate"", ""value"": 132.288, ""z"": 168.808}, {""feature"": ""network_rx_bytes"", ""value"": 380798.015, ""z"": 41.818}, {""feature"": ""syscall_read_rate"", ""value"": 794.669, ""z"": 28.601}]"
2026-05-27T03:43:39Z,mock-node,default,mock-pod,app,1.0,True,"[{""feature"": ""tcp_connect_rate"", ""value"": 94.983, ""z"": 119.345}, {""feature"": ""syscall_write_rate"", ""value"": 534.024, ""z"": 33.652}, {""feature"": ""network_rx_bytes"", ""value"": 269668.64, ""z"": 27.764}]"
2026-05-27T03:43:49Z,mock-node,default,mock-pod,app,1.0,True,"[{""feature"": ""tcp_connect_rate"", ""value"": 84.054, ""z"": 104.855}, {""feature"": ""syscall_read_rate"", ""value"": 834.359, ""z"": 30.362}, {""feature"": ""network_rx_bytes"", ""value"": 258484.519, ""z"": 26.349}]"
2026-05-27T03:43:59Z,mock-node,default,mock-pod,app,0.954588,True,"[{""feature"": ""tcp_connect_rate"", ""value"": 97.806, ""z"": 123.088}, {""feature"": ""network_rx_bytes"", ""value"": 303849.926, ""z"": 32.086}, {""feature"": ""syscall_write_rate"", ""value"": 480.147, ""z"": 29.568}]"
2026-05-27T03:44:09Z,mock-node,default,mock-pod,app,1.0,True,"[{""feature"": ""tcp_connect_rate"", ""value"": 77.435, ""z"": 96.079}, {""feature"": ""network_rx_bytes"", ""value"": 300962.395, ""z"": 31.721}, {""feature"": ""syscall_read_rate"", ""value"": 774.008, ""z"": 27.685}]"
