timestamp,node,namespace,pod,container,syscall_read_rate,syscall_write_rate,syscall_open_rate,tcp_connect_rate,tcp_retransmit_rate,network_rx_bytes,network_tx_bytes,disk_read_bytes,disk_write_bytes,disk_io_latency_ms,process_exec_count,process_fork_count,context_switch_count
2026-05-27T03:10:58Z,mock-node,default,mock-pod,app,178.984,109.568,20.199,4.427,0.167,50235.009,33867.381,15689.512,15448.452,2.04,1.082,0.863,800.601
2026-05-27T03:11:08Z,mock-node,default,mock-pod,app,148.543,69.671,21.614,5.241,0.272,51522.269,39131.786,23698.272,15447.28,2.273,0.945,1.033,922.915
2026-05-27T03:11:18Z,mock-node,default,mock-pod,app,165.666,91.734,16.753,5.334,0.202,55403.507,41297.398,23264.556,14883.989,2.061,1.1,0.837,751.801
2026-05-27T03:11:28Z,mock-node,default,mock-pod,app,138.749,116.738,19.721,5.489,0.219,47893.449,30694.979,22894.532,14083.807,2.215,0.804,0.934,950.819
2026-05-27T03:11:38Z,mock-node,default,mock-pod,app,182.198,72.417,16.002,4.967,0.222,51203.785,41821.328,17033.491,16320.281,2.335,0.935,0.785,708.942
2026-05-27T03:11:48Z,mock-node,default,mock-pod,app,167.137,66.595,19.724,4.257,0.196,48166.088,40095.141,24503.622,15946.598,2.4,0.979,0.928,845.457
2026-05-27T03:11:58Z,mock-node,default,mock-pod,app,86.195,89.462,20.481,4.074,0.214,45805.664,25245.399,19360.045,12797.597,1.844,0.977,1.188,812.378
2026-05-27T03:12:08Z,mock-node,default,mock-pod,app,149.359,95.252,14.564,5.93,0.168,53293.213,33239.317,17070.544,14108.352,2.569,1.105,0.909,765.883
2026-05-27T03:12:18Z,mock-node,default,mock-pod,app,124.094,89.539,18.281,5.541,0.159,47490.176,34947.948,17843.875,16600.113,2.038,1.088,1.178,937.948
2026-05-27T03:12:28Z,mock-node,default,mock-pod,app,119.135,97.249,14.716,4.952,0.258,48547.561,37784.848,20510.993,15040.339,2.008,0.886,1.162,906.687
2026-05-27T03:12:38Z,mock-node,default,mock-pod,app,145.225,94.249,21.975,5.774,0.212,55213.262,38420.736,16791.873,13885.506,2.306,1.147,1.022,731.912
2026-05-27T03:12:48Z,mock-node,default,mock-pod,app,156.923,112.456,24.063,4.487,0.199,39112.183,33186.596,20564.755,15055.722,2.289,1.19,1.125,958.373
2026-05-27T03:12:58Z,mock-node,default,mock-pod,app,137.691,74.761,21.502,7.009,0.211,41361.894,41454.352,24276.84,12672.707,2.241,0.908,1.191,894.253
2026-05-27T03:13:08Z,mock-node,default,mock-pod,app,156.841,117.001,18.773,4.485,0.256,43426.85,53193.357,19879.61,12667.489,1.999,1.02,1.03,776.965
2026-05-27T03:13:18Z,mock-node,default,mock-pod,app,174.328,58.682,18.336,4.803,0.255,35054.664,37961.647,16570.678,13504.191,2.192,1.062,1.216,728.054
2026-05-27T03:13:28Z,mock-node,default,mock-pod,app,156.045,105.841,22.71,4.748,0.234,43071.494,50820.209,20463.115,14746.571,2.081,1.127,1.261,782.958
2026-05-27T03:13:38Z,mock-node,default,mock-pod,app,141.73,97.918,17.385,3.728,0.225,47154.395,46760.849,16919.902,8483.435,2.085,1.023,1.24,863.066
2026-05-27T03:13:48Z,mock-node,default,mock-pod,app,156.961,97.92,18.898,5.058,0.159,53893.63,35168.021,18662.505,16574.423,2.275,0.849,1.301,729.003
2026-05-27T03:13:58Z,mock-node,default,mock-pod,app,168.788,102.843,20.672,5.129,0.254,56676.284,42672.702,14527.168,13319.039,2.349,1.029,0.857,722.907
2026-05-27T03:14:08Z,mock-node,default,mock-pod,app,143.111,99.262,21.161,5.748,0.175,57395.181,36988.719,19103.241,18899.524,2.022,0.979,0.968,753.818
2026-05-27T03:14:18Z,mock-node,default,mock-pod,app,185.086,108.584,22.151,5.138,0.231,49417.162,42715.724,21205.607,15200.136,2.495,1.263,1.199,570.422
2026-05-27T03:14:28Z,mock-node,default,mock-pod,app,191.309,99.482,18.648,4.982,0.234,58811.449,45130.258,20422.577,15080.569,2.25,0.986,0.865,725.196
2026-05-27T03:14:38Z,mock-node,default,mock-pod,app,146.858,94.489,26.791,3.973,0.214,49312.512,41805.472,24061.772,17793.131,1.953,0.916,0.796,791.448
2026-05-27T03:14:48Z,mock-node,default,mock-pod,app,178.057,86.421,22.112,5.531,0.212,58130.313,39318.168,17511.714,12361.929,2.278,0.946,0.953,900.114
2026-05-27T03:14:58Z,mock-node,default,mock-pod,app,132.246,113.898,21.999,4.605,0.181,58112.673,32896.762,18076.862,15014.059,2.061,1.002,1.058,756.335
2026-05-27T03:15:08Z,mock-node,default,mock-pod,app,147.271,107.079,21.938,4.663,0.251,35068.94,40506.073,22004.568,17187.879,2.034,0.942,1.088,776.785
2026-05-27T03:15:18Z,mock-node,default,mock-pod,app,160.681,51.436,21.145,4.407,0.228,55608.554,44372.992,18786.433,15976.772,1.897,1.032,0.98,695.438
2026-05-27T03:15:28Z,mock-node,default,mock-pod,app,194.483,99.771,13.83,5.67,0.158,48259.38,36508.927,18396.404,15541.784,1.902,0.783,0.999,843.784
2026-05-27T03:15:38Z,mock-node,default,mock-pod,app,189.815,84.405,16.432,4.715,0.22,43371.399,35673.729,21662.487,14974.965,2.067,0.906,0.876,761.118
2026-05-27T03:15:48Z,mock-node,default,mock-pod,app,146.536,85.488,21.294,5.41,0.216,53594.535,34685.269,16641.815,16803.862,2.004,1.018,0.826,774.625
2026-05-27T03:15:58Z,mock-node,default,mock-pod,app,135.653,78.332,18.111,3.879,0.203,58744.501,35753.234,20284.162,12542.75,2.201,1.28,0.815,772.689
2026-05-27T03:16:08Z,mock-node,default,mock-pod,app,182.038,94.965,20.345,3.467,0.195,56885.682,48616.25,21923.808,13695.522,1.794,0.727,0.839,934.681
2026-05-27T03:16:18Z,mock-node,default,mock-pod,app,147.423,71.925,23.958,3.745,0.238,47577.316,42036.416,22038.584,15590.264,2.381,1.002,0.951,720.578
2026-05-27T03:16:28Z,mock-node,default,mock-pod,app,117.49,80.621,22.947,5.619,0.242,70458.871,44280.13,21503.205,12041.386,1.927,1.329,1.079,783.441
2026-05-27T03:16:38Z,mock-node,default,mock-pod,app,156.964,64.408,17.497,4.018,0.136,55766.276,45793.903,19470.124,15779.299,1.698,1.068,1.114,984.175
2026-05-27T03:16:48Z,mock-node,default,mock-pod,app,185.115,96.582,19.619,4.38,0.182,54626.994,43393.363,20055.947,18743.975,2.195,1.002,0.971,809.286
2026-05-27T03:16:58Z,mock-node,default,mock-pod,app,128.644,76.773,21.043,4.561,0.192,59154.228,38841.693,23940.457,14981.081,2.455,1.07,0.736,948.608
2026-05-27T03:17:08Z,mock-node,default,mock-pod,app,145.338,63.481,20.341,5.117,0.161,45445.657,43283.79,24236.767,17566.739,2.367,1.168,0.627,712.793
2026-05-27T03:17:18Z,mock-node,default,mock-pod,app,154.212,53.706,22.31,5.669,0.177,47147.743,34364.032,19946.301,14908.967,1.998,0.847,1.058,759.098
2026-05-27T03:17:28Z,mock-node,default,mock-pod,app,171.387,94.226,15.548,3.918,0.202,46361.317,42818.839,22418.725,15044.183,1.494,0.821,1.086,673.973
2026-05-27T03:17:38Z,mock-node,default,mock-pod,app,174.954,88.776,21.559,4.337,0.197,27790.893,38750.741,21723.53,12982.169,1.747,0.992,1.01,703.02
2026-05-27T03:17:48Z,mock-node,default,mock-pod,app,165.205,67.785,23.344,3.947,0.175,59988.283,34032.53,15040.224,15170.69,1.724,0.833,0.895,710.744
2026-05-27T03:17:58Z,mock-node,default,mock-pod,app,128.063,76.113,24.836,4.496,0.229,39461.963,43265.266,16248.301,13968.101,2.191,0.92,0.705,733.721
2026-05-27T03:18:08Z,mock-node,default,mock-pod,app,146.453,97.741,17.005,4.776,0.202,37631.535,39359.937,17515.506,15985.138,1.967,0.975,0.638,786.949
2026-05-27T03:18:18Z,mock-node,default,mock-pod,app,141.661,77.259,18.469,4.052,0.205,54948.109,43583.581,18440.723,18779.67,2.256,0.858,0.979,604.464
2026-05-27T03:18:28Z,mock-node,default,mock-pod,app,147.342,99.619,23.806,4.686,0.146,48725.973,48166.727,20431.73,17869.085,2.248,1.234,1.09,720.266
2026-05-27T03:18:38Z,mock-node,default,mock-pod,app,160.031,124.254,18.446,3.608,0.263,53064.896,36239.792,18179.151,11534.72,2.211,1.021,0.905,749.221
2026-05-27T03:18:48Z,mock-node,default,mock-pod,app,140.372,104.409,19.453,6.035,0.175,45409.22,37104.366,18383.938,14795.58,2.308,1.181,0.839,953.387
2026-05-27T03:18:58Z,mock-node,default,mock-pod,app,152.138,111.447,19.496,4.372,0.224,54675.333,37249.284,20066.06,15293.803,2.093,0.743,0.819,806.653
2026-05-27T03:19:08Z,mock-node,default,mock-pod,app,155.849,82.921,14.719,6.008,0.191,42149.661,49568.243,23397.26,17335.101,2.25,1.085,0.854,803.656
2026-05-27T03:19:18Z,mock-node,default,mock-pod,app,157.996,98.548,21.426,4.244,0.182,47508.375,38826.227,17379.445,10897.076,1.635,1.046,0.998,869.583
2026-05-27T03:19:28Z,mock-node,default,mock-pod,app,107.536,84.382,22.672,3.528,0.168,37508.547,47267.31,20092.706,13708.573,2.045,0.986,1.136,940.316
2026-05-27T03:19:38Z,mock-node,default,mock-pod,app,170.581,94.632,22.29,5.609,0.235,36225.688,42073.519,20234.957,15358.859,1.925,0.989,1.074,823.882
2026-05-27T03:19:48Z,mock-node,default,mock-pod,app,152.883,75.515,16.231,4.439,0.147,46126.234,34905.858,14610.63,10637.652,1.859,0.913,1.326,903.636
2026-05-27T03:19:58Z,mock-node,default,mock-pod,app,132.414,83.257,16.967,4.409,0.189,49631.112,36260.927,22466.425,16449.552,2.587,0.804,1.101,755.069
2026-05-27T03:20:08Z,mock-node,default,mock-pod,app,113.864,85.93,15.071,4.98,0.282,59788.68,50923.443,23582.731,11516.429,2.124,1.021,1.065,675.409
2026-05-27T03:20:18Z,mock-node,default,mock-pod,app,105.396,118.409,23.577,5.23,0.185,51369.063,32557.945,22879.281,15371.19,1.955,0.935,0.99,815.825
2026-05-27T03:20:28Z,mock-node,default,mock-pod,app,140.944,102.989,20.63,4.929,0.174,59133.964,47781.827,22066.997,10851.682,1.895,1.149,1.006,953.103
2026-05-27T03:20:38Z,mock-node,default,mock-pod,app,140.131,100.754,21.574,3.165,0.188,48220.974,36237.983,17320.915,18576.842,1.964,1.118,0.799,550.62
2026-05-27T03:20:48Z,mock-node,default,mock-pod,app,139.357,95.497,17.831,5.398,0.224,46634.726,39641.357,17786.641,17430.166,2.531,1.074,0.924,715.344
2026-05-27T03:20:58Z,mock-node,default,mock-pod,app,143.727,102.014,17.729,6.109,0.163,49939.134,47903.744,25350.865,14083.544,2.238,1.38,1.175,537.037
2026-05-27T03:21:08Z,mock-node,default,mock-pod,app,156.324,122.079,16.514,5.685,0.137,61908.84,34939.517,22423.588,17050.862,1.165,0.785,1.049,617.273
2026-05-27T03:21:18Z,mock-node,default,mock-pod,app,149.551,77.213,24.029,4.618,0.173,54817.147,47335.413,19530.922,15629.697,2.148,0.926,0.822,863.893
2026-05-27T03:21:28Z,mock-node,default,mock-pod,app,142.056,71.527,22.565,5.326,0.204,44346.628,38664.192,21828.961,16091.02,1.753,0.865,1.051,822.092
2026-05-27T03:21:38Z,mock-node,default,mock-pod,app,169.091,74.364,22.764,6.323,0.228,50983.448,45436.859,16138.761,14002.3,2.618,0.755,0.826,898.739
2026-05-27T03:21:48Z,mock-node,default,mock-pod,app,135.224,82.371,16.642,6.262,0.182,47917.89,29121.46,22309.919,14979.97,2.15,1.237,1.023,656.962
2026-05-27T03:21:58Z,mock-node,default,mock-pod,app,127.194,91.114,23.962,4.101,0.193,48912.139,43944.449,17326.012,15701.315,2.235,0.994,0.985,874.255
2026-05-27T03:22:08Z,mock-node,default,mock-pod,app,163.082,106.988,16.763,5.923,0.193,41458.285,36680.631,16299.162,14549.164,2.31,0.663,0.823,892.187
2026-05-27T03:22:18Z,mock-node,default,mock-pod,app,143.228,100.7,16.017,4.96,0.122,43650.082,44439.439,23646.444,18670.668,1.983,0.868,0.942,569.824
2026-05-27T03:22:28Z,mock-node,default,mock-pod,app,180.478,105.903,17.271,6.374,0.159,54197.095,35147.948,14785.116,15890.657,1.652,1.179,0.865,812.661
2026-05-27T03:22:38Z,mock-node,default,mock-pod,app,139.223,91.828,18.103,5.615,0.218,50524.87,39238.46,25913.969,13434.318,1.868,1.116,0.998,603.907
2026-05-27T03:22:48Z,mock-node,default,mock-pod,app,146.807,84.813,17.017,5.146,0.166,48122.457,33186.829,24685.084,14363.845,2.133,1.043,1.106,781.915
2026-05-27T03:22:58Z,mock-node,default,mock-pod,app,166.963,91.687,12.662,5.234,0.161,57121.822,41311.038,18881.376,9323.159,1.359,0.823,0.943,634.423
2026-05-27T03:23:08Z,mock-node,default,mock-pod,app,194.647,96.185,19.734,4.26,0.19,48218.339,37342.596,19766.691,16810.516,1.472,1.034,1.165,635.73
2026-05-27T03:23:18Z,mock-node,default,mock-pod,app,145.734,84.833,16.569,5.712,0.19,58587.489,42466.893,19162.638,15646.319,1.887,0.754,1.213,843.93
2026-05-27T03:23:28Z,mock-node,default,mock-pod,app,176.017,65.544,23.141,5.618,0.199,34094.3,40601.955,17996.705,14565.583,2.017,0.864,0.98,801.385
2026-05-27T03:23:38Z,mock-node,default,mock-pod,app,182.849,88.632,27.054,4.113,0.196,59296.939,30571.263,21857.947,15888.952,1.819,0.964,1.232,746.136
2026-05-27T03:23:48Z,mock-node,default,mock-pod,app,156.264,95.835,23.624,3.45,0.156,39939.227,38318.441,21840.493,16871.448,1.914,1.227,0.989,882.886
2026-05-27T03:23:58Z,mock-node,default,mock-pod,app,132.901,101.249,17.842,5.869,0.226,64021.377,37449.356,16514.701,16866.685,2.095,0.921,0.799,895.985
2026-05-27T03:24:08Z,mock-node,default,mock-pod,app,106.126,83.711,23.209,4.811,0.214,53677.2,43561.308,23175.99,16470.595,1.887,0.815,0.957,721.17
2026-05-27T03:24:18Z,mock-node,default,mock-pod,app,159.107,106.605,22.348,4.478,0.206,50040.179,37175.487,23899.263,16383.277,2.108,0.817,0.606,711.897
2026-05-27T03:24:28Z,mock-node,default,mock-pod,app,175.647,87.099,19.925,4.802,0.214,49933.617,50286.297,19636.233,14408.66,2.426,1.113,1.104,863.292
2026-05-27T03:24:38Z,mock-node,default,mock-pod,app,149.129,94.282,21.61,5.08,0.144,60329.698,37117.637,18293.618,14230.319,1.783,0.868,0.987,906.088
2026-05-27T03:24:48Z,mock-node,default,mock-pod,app,143.353,96.383,15.946,5.567,0.166,55246.563,35551.993,18197.903,12173.866,1.619,0.966,0.854,773.249
2026-05-27T03:24:58Z,mock-node,default,mock-pod,app,175.565,78.606,19.048,4.924,0.181,49750.728,41396.866,23126.752,13362.409,1.935,0.976,1.183,679.778
2026-05-27T03:25:08Z,mock-node,default,mock-pod,app,153.827,100.378,21.76,4.469,0.169,36114.848,36791.5,19235.162,11630.433,2.253,1.024,0.964,736.369
2026-05-27T03:25:18Z,mock-node,default,mock-pod,app,160.654,86.136,21.519,4.639,0.232,37781.887,33569.716,25400.457,17350.107,2.492,0.881,1.109,920.068
2026-05-27T03:25:28Z,mock-node,default,mock-pod,app,170.578,87.522,24.414,5.312,0.161,68479.612,40760.947,23768.751,13438.702,1.72,1.132,1.123,710.602
2026-05-27T03:25:38Z,mock-node,default,mock-pod,app,155.549,72.067,13.831,5.819,0.166,55568.179,46393.01,21111.811,18414.925,2.109,1.044,1.0,850.401
2026-05-27T03:25:48Z,mock-node,default,mock-pod,app,157.931,77.345,19.857,4.718,0.285,59199.748,35264.197,21785.115,11056.212,2.017,1.273,1.012,953.953
2026-05-27T03:25:58Z,mock-node,default,mock-pod,app,141.717,96.186,21.122,3.353,0.176,64217.224,35005.482,23612.937,18868.018,1.986,1.151,1.055,728.628
2026-05-27T03:26:08Z,mock-node,default,mock-pod,app,163.165,95.878,17.04,4.666,0.16,47471.161,39757.385,17060.885,10802.659,2.202,1.19,0.863,808.64
2026-05-27T03:26:18Z,mock-node,default,mock-pod,app,134.944,54.42,26.341,5.217,0.158,59514.557,44340.999,24240.816,16648.378,2.159,1.215,0.959,828.727
2026-05-27T03:26:28Z,mock-node,default,mock-pod,app,125.56,74.531,20.63,5.174,0.152,52797.148,46067.726,16230.049,14235.577,2.514,0.873,1.086,894.253
2026-05-27T03:26:38Z,mock-node,default,mock-pod,app,154.018,91.968,21.702,5.215,0.204,38931.013,41466.679,17635.864,18367.662,2.665,1.167,0.677,919.77
2026-05-27T03:26:48Z,mock-node,default,mock-pod,app,152.663,75.304,16.351,5.795,0.181,49400.437,40392.796,22826.401,8977.403,2.369,0.878,0.939,874.162
2026-05-27T03:26:58Z,mock-node,default,mock-pod,app,158.246,58.787,21.807,4.885,0.169,45402.318,30418.462,22349.767,18323.325,1.811,0.929,0.781,715.211
2026-05-27T03:27:08Z,mock-node,default,mock-pod,app,127.057,90.307,25.216,5.79,0.229,42712.695,45011.725,17840.468,13005.808,2.22,0.985,1.373,822.848
2026-05-27T03:27:18Z,mock-node,default,mock-pod,app,143.101,100.081,16.521,5.51,0.247,48975.276,36910.995,23374.221,12481.579,2.112,0.921,1.045,705.645
2026-05-27T03:27:28Z,mock-node,default,mock-pod,app,163.637,97.58,25.265,4.726,0.213,36781.034,35275.087,20798.66,11919.01,1.968,0.865,1.072,871.936
2026-05-27T03:27:38Z,mock-node,default,mock-pod,app,139.36,98.863,18.33,5.086,0.216,54179.654,43559.978,25094.628,13545.062,1.953,0.725,1.131,665.298
2026-05-27T03:27:48Z,mock-node,default,mock-pod,app,136.605,83.085,21.25,4.788,0.191,50582.001,37987.81,19932.385,12790.799,1.835,0.817,1.128,908.255
2026-05-27T03:27:58Z,mock-node,default,mock-pod,app,164.935,94.507,18.189,5.416,0.154,31234.959,32871.044,24485.959,15551.123,2.466,0.893,1.152,990.968
2026-05-27T03:28:08Z,mock-node,default,mock-pod,app,172.279,93.853,23.236,4.658,0.253,41340.107,35443.306,20068.653,13274.761,2.526,1.101,0.89,1001.104
2026-05-27T03:28:18Z,mock-node,default,mock-pod,app,180.524,84.883,24.688,5.889,0.185,45810.295,41868.821,23447.269,18533.782,2.451,0.927,0.732,597.405
2026-05-27T03:28:28Z,mock-node,default,mock-pod,app,183.993,104.276,23.551,4.998,0.203,53648.816,42772.105,20244.869,12814.917,1.589,1.023,0.976,970.115
2026-05-27T03:28:38Z,mock-node,default,mock-pod,app,125.995,63.177,14.102,4.973,0.25,47416.618,35793.547,21135.832,18467.789,2.326,1.132,1.14,765.161
2026-05-27T03:28:48Z,mock-node,default,mock-pod,app,151.946,95.581,25.442,3.346,0.184,52791.193,38542.724,19613.372,14402.243,1.714,1.076,1.194,756.794
2026-05-27T03:28:58Z,mock-node,default,mock-pod,app,159.89,104.987,18.031,4.932,0.161,61858.51,50321.901,19396.424,19495.27,2.257,0.725,1.073,830.121
2026-05-27T03:29:08Z,mock-node,default,mock-pod,app,161.397,99.22,18.639,5.852,0.209,64224.328,39324.861,12477.558,19302.926,2.167,0.724,0.909,704.529
2026-05-27T03:29:18Z,mock-node,default,mock-pod,app,171.053,81.498,23.487,4.62,0.229,45416.905,32832.879,21774.572,14474.662,2.156,0.752,0.844,758.299
2026-05-27T03:29:28Z,mock-node,default,mock-pod,app,194.346,95.396,14.954,2.638,0.256,52494.607,32401.632,22963.176,16922.617,2.644,1.029,0.925,898.378
2026-05-27T03:29:38Z,mock-node,default,mock-pod,app,119.572,83.956,17.001,4.571,0.161,39135.223,33334.43,21171.346,15068.798,1.977,1.071,1.113,857.358
2026-05-27T03:29:48Z,mock-node,default,mock-pod,app,196.649,93.85,21.15,4.634,0.233,60738.869,22175.389,22454.93,12527.421,2.106,1.013,0.811,637.33
2026-05-27T03:29:58Z,mock-node,default,mock-pod,app,144.223,125.451,16.277,4.695,0.191,47992.656,46751.092,26175.723,14898.228,2.124,0.951,1.236,793.366
2026-05-27T03:30:08Z,mock-node,default,mock-pod,app,165.423,87.379,23.383,4.95,0.175,64338.654,28312.205,20518.373,14200.26,1.726,1.314,1.051,750.393
2026-05-27T03:30:18Z,mock-node,default,mock-pod,app,129.991,94.56,19.988,4.819,0.18,61442.659,41309.572,19436.263,12177.479,1.767,1.11,0.887,878.448
2026-05-27T03:30:28Z,mock-node,default,mock-pod,app,147.485,95.352,21.045,4.672,0.192,49483.881,43945.094,27225.014,16962.176,1.607,1.333,0.982,716.652
2026-05-27T03:30:38Z,mock-node,default,mock-pod,app,152.811,89.239,20.763,4.978,0.199,59501.755,50189.894,20294.129,18574.298,2.28,1.179,1.04,824.975
2026-05-27T03:30:48Z,mock-node,default,mock-pod,app,167.974,77.015,20.173,4.15,0.227,51601.137,43574.867,18991.039,13269.43,2.289,0.935,0.968,804.223
2026-05-27T03:30:58Z,mock-node,default,mock-pod,app,160.497,90.822,16.877,4.213,0.231,47638.208,38552.924,17344.011,17099.376,2.141,0.919,0.742,1016.482
2026-05-27T03:31:08Z,mock-node,default,mock-pod,app,137.368,74.276,18.524,4.145,0.2,45845.94,32880.749,22045.836,13076.422,1.443,1.051,0.918,669.372
2026-05-27T03:31:18Z,mock-node,default,mock-pod,app,112.465,80.514,18.185,4.637,0.185,59493.689,46363.021,20942.727,16272.5,1.863,0.782,1.08,965.327
2026-05-27T03:31:28Z,mock-node,default,mock-pod,app,134.329,80.654,17.901,4.007,0.216,41855.891,48257.142,24998.936,15193.116,1.987,0.872,1.136,810.233
2026-05-27T03:31:38Z,mock-node,default,mock-pod,app,116.485,77.382,21.408,4.627,0.213,51862.149,48619.837,19702.959,17385.47,2.332,1.199,0.948,833.591
2026-05-27T03:31:48Z,mock-node,default,mock-pod,app,207.287,87.376,18.184,5.09,0.165,43603.234,37431.19,19149.42,17261.863,1.671,0.972,1.039,764.902
2026-05-27T03:31:58Z,mock-node,default,mock-pod,app,166.693,120.172,16.76,4.348,0.185,45921.678,36748.592,21266.282,18924.05,2.739,0.988,0.692,987.36
2026-05-27T03:32:08Z,mock-node,default,mock-pod,app,150.323,84.421,23.296,4.915,0.193,43443.582,45532.369,22535.472,13083.479,1.832,1.186,0.892,749.957
2026-05-27T03:32:18Z,mock-node,default,mock-pod,app,132.73,86.773,22.582,5.046,0.23,54510.014,27875.18,19956.236,14950.768,1.501,1.117,0.992,739.447
2026-05-27T03:32:28Z,mock-node,default,mock-pod,app,161.681,102.992,22.167,4.606,0.199,68370.899,32223.336,20217.415,15074.621,2.45,1.092,1.033,764.496
2026-05-27T03:32:38Z,mock-node,default,mock-pod,app,177.915,90.944,19.71,5.127,0.221,50285.602,41548.12,22387.915,13373.885,1.929,1.011,1.103,867.193
2026-05-27T03:32:48Z,mock-node,default,mock-pod,app,139.171,76.066,18.878,4.625,0.227,54773.761,40385.015,16765.709,12062.588,2.037,1.092,1.056,769.598
2026-05-27T03:32:58Z,mock-node,default,mock-pod,app,162.838,63.399,23.442,6.128,0.205,51801.717,38755.776,22685.247,12942.536,1.827,1.06,0.786,859.104
2026-05-27T03:33:08Z,mock-node,default,mock-pod,app,160.302,89.838,18.511,6.31,0.184,51160.024,44837.853,19958.006,17358.843,2.001,1.038,0.999,878.988
2026-05-27T03:33:18Z,mock-node,default,mock-pod,app,135.454,102.024,23.101,4.218,0.155,40048.77,35216.95,22067.805,15146.525,2.565,1.237,0.77,753.367
2026-05-27T03:33:28Z,mock-node,default,mock-pod,app,143.224,111.683,22.352,5.695,0.176,65228.678,33378.668,20086.156,12836.048,1.731,1.038,0.866,882.331
2026-05-27T03:33:38Z,mock-node,default,mock-pod,app,161.676,90.756,21.912,5.844,0.233,41463.063,43918.476,22678.75,14155.001,1.884,1.181,1.099,815.791
2026-05-27T03:33:48Z,mock-node,default,mock-pod,app,182.249,102.575,25.202,4.709,0.23,35123.404,36135.83,25009.746,12821.602,1.955,0.948,1.072,936.867
2026-05-27T03:33:58Z,mock-node,default,mock-pod,app,186.055,87.973,21.009,5.657,0.235,47913.538,48132.434,15687.232,15626.552,1.587,0.931,0.881,1012.58
2026-05-27T03:34:08Z,mock-node,default,mock-pod,app,187.626,100.506,20.485,3.535,0.149,51399.063,44378.361,21540.971,13364.492,1.768,1.081,1.341,887.507
2026-05-27T03:34:18Z,mock-node,default,mock-pod,app,149.151,88.504,21.326,5.232,0.157,61570.025,42733.91,21670.656,13987.034,2.332,1.152,0.891,923.25
2026-05-27T03:34:28Z,mock-node,default,mock-pod,app,133.986,65.104,22.514,4.256,0.183,42990.025,39560.375,18924.831,15360.431,2.141,1.245,1.068,861.029
2026-05-27T03:34:38Z,mock-node,default,mock-pod,app,161.037,100.975,22.701,5.216,0.165,42819.849,41721.867,19052.016,14079.606,1.844,0.892,1.164,893.876
2026-05-27T03:34:48Z,mock-node,default,mock-pod,app,121.459,92.558,19.947,4.654,0.231,52396.663,40443.85,17428.85,17138.808,2.074,1.042,0.897,979.218
2026-05-27T03:34:58Z,mock-node,default,mock-pod,app,80.419,71.253,15.018,4.033,0.169,46202.647,38006.83,20584.779,18043.358,2.169,1.019,0.977,845.373
2026-05-27T03:35:08Z,mock-node,default,mock-pod,app,168.146,80.122,25.247,4.99,0.226,31648.078,41147.652,18826.239,18064.918,2.304,1.048,1.094,762.899
2026-05-27T03:35:18Z,mock-node,default,mock-pod,app,129.667,105.433,16.398,4.607,0.165,42907.723,37537.203,22507.058,12817.876,2.22,0.721,0.875,696.017
2026-05-27T03:35:28Z,mock-node,default,mock-pod,app,164.96,107.835,13.067,5.054,0.249,50185.007,49862.977,23464.579,15641.596,1.579,0.901,1.232,693.589
2026-05-27T03:35:38Z,mock-node,default,mock-pod,app,125.662,83.889,23.792,5.079,0.154,45294.603,44053.842,23446.983,18431.53,2.154,1.07,0.855,732.524
2026-05-27T03:35:48Z,mock-node,default,mock-pod,app,119.355,88.082,21.217,5.035,0.172,54282.973,45503.739,23708.91,10154.446,1.276,0.837,1.081,923.522
2026-05-27T03:35:58Z,mock-node,default,mock-pod,app,166.405,90.519,20.75,4.816,0.18,42613.655,59011.895,19256.493,16253.244,2.164,1.134,0.993,911.868
2026-05-27T03:36:08Z,mock-node,default,mock-pod,app,194.925,81.416,18.27,4.254,0.189,40823.299,41984.347,22003.587,17724.379,2.386,0.944,1.029,704.914
2026-05-27T03:36:18Z,mock-node,default,mock-pod,app,151.443,91.267,21.5,4.956,0.168,57486.634,39195.654,15856.749,11161.473,2.204,0.734,1.101,981.056
2026-05-27T03:36:28Z,mock-node,default,mock-pod,app,161.988,100.947,21.705,4.554,0.207,36065.033,43703.81,21918.521,15335.021,2.324,0.975,0.745,969.236
2026-05-27T03:36:38Z,mock-node,default,mock-pod,app,152.248,81.775,18.454,4.727,0.206,40561.557,40660.824,18951.578,16462.449,1.905,1.095,0.869,842.553
2026-05-27T03:36:48Z,mock-node,default,mock-pod,app,143.302,104.315,21.118,5.76,0.186,45513.002,39831.355,16937.629,14394.379,2.376,0.84,0.916,809.492
2026-05-27T03:36:58Z,mock-node,default,mock-pod,app,186.456,118.551,18.358,4.656,0.208,45145.547,28222.228,21751.31,15835.145,2.085,1.081,1.028,725.465
2026-05-27T03:37:08Z,mock-node,default,mock-pod,app,164.058,89.571,20.498,4.188,0.203,49631.702,34909.523,17730.769,14047.767,2.003,0.907,0.837,808.717
2026-05-27T03:37:18Z,mock-node,default,mock-pod,app,122.969,94.302,17.451,4.853,0.233,33513.923,32054.894,18455.74,14674.385,1.74,0.86,0.908,680.442
2026-05-27T03:37:28Z,mock-node,default,mock-pod,app,152.2,80.774,19.525,5.028,0.22,45335.671,37481.607,21245.828,10204.993,2.016,0.866,1.129,761.118
2026-05-27T03:37:38Z,mock-node,default,mock-pod,app,130.481,103.876,18.363,4.349,0.213,35687.99,38972.013,22077.17,12214.101,2.279,0.955,0.918,602.129
2026-05-27T03:37:48Z,mock-node,default,mock-pod,app,181.207,107.801,18.982,5.27,0.144,50481.325,42181.434,17738.085,13572.021,1.939,0.879,0.75,887.924
2026-05-27T03:37:58Z,mock-node,default,mock-pod,app,169.192,97.642,22.116,5.76,0.19,27989.188,40072.963,18325.882,12404.86,2.145,0.849,0.823,1082.52
2026-05-27T03:38:08Z,mock-node,default,mock-pod,app,141.031,92.041,21.702,5.436,0.197,53714.247,39398.771,18637.629,14396.151,2.18,1.101,1.063,620.216
2026-05-27T03:38:18Z,mock-node,default,mock-pod,app,144.988,96.686,18.829,5.36,0.203,58752.834,26460.455,20480.467,17346.237,2.198,0.924,0.967,758.173
2026-05-27T03:38:28Z,mock-node,default,mock-pod,app,159.418,99.81,18.279,5.782,0.213,34591.145,37725.689,19606.545,13499.923,2.025,0.992,0.986,766.7
2026-05-27T03:38:38Z,mock-node,default,mock-pod,app,156.182,82.077,21.609,3.686,0.202,46409.562,37713.007,20827.714,13589.152,1.058,0.784,0.969,766.844
2026-05-27T03:38:48Z,mock-node,default,mock-pod,app,139.171,81.356,22.008,5.003,0.169,43606.079,45582.812,20301.304,15795.353,2.005,1.031,0.92,684.048
2026-05-27T03:38:58Z,mock-node,default,mock-pod,app,128.341,78.302,25.195,5.46,0.202,49159.732,30465.476,22236.527,11154.755,2.301,0.926,0.792,973.006
2026-05-27T03:39:08Z,mock-node,default,mock-pod,app,128.182,86.382,19.525,3.901,0.213,40161.777,38846.473,16636.212,18502.266,2.012,1.214,0.922,826.356
2026-05-27T03:39:18Z,mock-node,default,mock-pod,app,161.785,90.852,19.193,5.824,0.211,50468.011,44832.179,11950.702,12699.854,2.142,0.946,0.959,625.608
2026-05-27T03:39:28Z,mock-node,default,mock-pod,app,141.892,108.205,18.523,4.26,0.191,57764.334,36157.126,15167.58,15513.706,1.896,1.021,0.748,668.75
2026-05-27T03:39:38Z,mock-node,default,mock-pod,app,143.105,94.444,25.141,6.006,0.233,57024.524,46131.148,21878.778,16395.296,1.884,0.927,1.193,662.238
2026-05-27T03:39:48Z,mock-node,default,mock-pod,app,137.149,86.963,20.544,4.501,0.186,44146.354,35578.914,18841.872,22391.2,1.653,1.359,0.816,820.701
2026-05-27T03:39:58Z,mock-node,default,mock-pod,app,148.354,98.284,19.1,4.204,0.184,47571.308,31219.709,19724.733,15204.321,1.556,0.805,1.118,687.841
2026-05-27T03:40:08Z,mock-node,default,mock-pod,app,135.344,82.111,18.126,5.391,0.207,65614.651,37837.608,21081.33,13457.385,2.281,0.775,0.877,773.894
2026-05-27T03:40:18Z,mock-node,default,mock-pod,app,211.608,119.361,25.853,4.989,0.154,54054.988,46343.344,18001.005,19348.365,2.581,0.75,0.94,768.465
2026-05-27T03:40:28Z,mock-node,default,mock-pod,app,144.269,87.964,20.11,4.809,0.276,46517.03,32769.221,23477.052,17214.361,1.663,0.869,0.87,545.202
2026-05-27T03:40:38Z,mock-node,default,mock-pod,app,120.757,96.024,16.069,4.814,0.192,45629.359,42804.14,20510.214,17761.1,2.101,0.911,1.247,835.99
2026-05-27T03:40:48Z,mock-node,default,mock-pod,app,160.919,93.887,19.028,4.309,0.237,44543.855,38185.134,22610.774,17212.489,2.007,1.295,0.967,1077.874
2026-05-27T03:40:58Z,mock-node,default,mock-pod,app,180.627,92.528,19.313,5.833,0.15,55301.128,44056.597,24708.38,18129.031,2.091,1.071,0.858,865.501
2026-05-27T03:41:08Z,mock-node,default,mock-pod,app,132.888,71.81,25.213,6.321,0.197,52306.062,54214.569,15994.746,18384.263,1.908,1.095,0.989,983.678
2026-05-27T03:41:18Z,mock-node,default,mock-pod,app,177.073,87.902,23.563,5.711,0.242,42215.359,45190.516,20029.958,15580.315,1.54,1.321,0.992,854.765
2026-05-27T03:41:28Z,mock-node,default,mock-pod,app,117.153,87.364,20.546,5.094,0.167,52636.75,37607.365,22693.827,12466.956,2.352,0.847,0.834,856.452
2026-05-27T03:41:38Z,mock-node,default,mock-pod,app,163.667,95.829,18.327,4.787,0.173,58361.132,29478.808,16437.11,12390.183,2.155,0.778,1.119,596.286
2026-05-27T03:41:48Z,mock-node,default,mock-pod,app,111.475,94.438,21.215,4.726,0.24,46756.559,36921.897,19458.561,17999.566,1.949,1.281,1.205,930.148
2026-05-27T03:41:58Z,mock-node,default,mock-pod,app,170.379,107.522,21.44,3.239,0.205,49036.089,33010.68,14413.022,15314.624,1.673,1.0,0.877,840.12
2026-05-27T03:42:08Z,mock-node,default,mock-pod,app,128.289,93.157,19.87,4.657,0.192,52015.423,24154.239,14250.904,15217.908,2.008,1.036,1.051,683.458
2026-05-27T03:42:18Z,mock-node,default,mock-pod,app,179.05,100.167,21.02,4.817,0.179,45554.953,42257.132,20308.307,16848.178,2.072,0.934,1.174,630.222
2026-05-27T03:42:28Z,mock-node,default,mock-pod,app,119.827,95.12,18.556,3.933,0.156,50005.858,48155.773,24244.193,14765.076,1.922,0.877,1.283,789.357
2026-05-27T03:42:38Z,mock-node,default,mock-pod,app,141.582,100.268,23.435,5.026,0.237,40610.338,42678.501,21784.952,15923.353,2.197,1.026,1.086,548.738
2026-05-27T03:42:48Z,mock-node,default,mock-pod,app,133.645,101.495,16.69,4.338,0.26,50510.748,41635.055,21123.602,18885.165,1.921,0.877,1.04,967.83
2026-05-27T03:42:58Z,mock-node,default,mock-pod,app,110.103,88.265,18.82,5.104,0.22,52327.984,30600.703,19298.6,14704.049,1.985,1.159,0.952,724.1
2026-05-27T03:43:08Z,mock-node,default,mock-pod,app,146.313,90.389,22.081,3.713,0.159,49383.943,45541.927,19829.885,15531.57,2.522,1.017,1.044,795.028
2026-05-27T03:43:18Z,mock-node,default,mock-pod,app,171.857,96.882,19.246,5.532,0.213,46414.06,44444.984,26134.104,12550.73,1.681,0.983,0.97,828.714
2026-05-27T03:43:28Z,mock-node,default,mock-pod,app,149.249,92.169,23.372,5.959,0.138,54087.199,40181.823,21621.127,15122.468,2.108,0.967,0.904,780.756
2026-05-27T03:43:38Z,mock-node,default,mock-pod,app,168.204,90.543,19.789,5.937,0.226,43432.007,35253.169,19496.388,16095.261,2.31,0.746,1.2,807.088
2026-05-27T03:43:48Z,mock-node,default,mock-pod,app,154.953,101.176,20.836,5.147,0.23,58838.138,33382.352,15281.96,12647.105,2.08,0.962,0.97,740.975
2026-05-27T03:43:58Z,mock-node,default,mock-pod,app,131.066,97.133,19.878,5.224,0.216,61029.681,52683.973,18257.487,17891.35,2.056,1.066,1.169,730.147
2026-05-27T03:44:08Z,mock-node,default,mock-pod,app,147.195,103.15,21.802,6.361,0.219,50992.95,39331.628,21800.431,10919.66,2.387,1.049,0.908,811.707
2026-05-27T03:44:18Z,mock-node,default,mock-pod,app,162.184,74.155,22.679,3.379,0.243,47920.074,41515.445,19221.693,13660.278,2.29,0.857,0.989,864.787
2026-05-27T03:44:28Z,mock-node,default,mock-pod,app,122.863,98.333,17.334,5.657,0.19,59685.946,39668.94,17005.461,17183.91,2.359,1.142,0.78,672.6
2026-05-27T03:44:38Z,mock-node,default,mock-pod,app,170.861,96.447,19.089,4.863,0.205,33941.424,32819.999,16378.561,17328.221,1.887,0.687,0.977,757.108
2026-05-27T03:44:48Z,mock-node,default,mock-pod,app,133.774,70.487,17.271,5.221,0.187,55691.527,47937.652,18970.85,11444.148,1.705,1.01,1.111,777.351
2026-05-27T03:44:58Z,mock-node,default,mock-pod,app,148.845,92.945,23.625,5.532,0.189,45501.242,39771.711,18169.596,12779.312,2.308,1.028,0.838,848.626
2026-05-27T03:45:08Z,mock-node,default,mock-pod,app,126.259,76.837,15.13,4.109,0.185,51800.785,39354.123,20811.271,15071.986,1.861,1.173,0.833,677.529
2026-05-27T03:45:18Z,mock-node,default,mock-pod,app,195.525,92.936,20.614,6.957,0.167,61930.765,39699.725,19371.749,12755.583,1.977,1.109,0.995,741.324
2026-05-27T03:45:28Z,mock-node,default,mock-pod,app,158.532,106.779,20.11,4.674,0.188,52778.227,36374.432,24144.851,13709.073,2.317,0.971,1.108,660.981
2026-05-27T03:45:38Z,mock-node,default,mock-pod,app,144.949,76.455,17.616,4.957,0.164,64603.706,49991.548,22677.334,14999.789,1.822,0.742,1.12,657.335
2026-05-27T03:45:48Z,mock-node,default,mock-pod,app,148.516,81.71,19.956,6.244,0.197,48464.375,45404.683,18405.464,10614.089,1.766,0.961,0.881,916.688
2026-05-27T03:45:58Z,mock-node,default,mock-pod,app,176.527,76.204,20.092,5.149,0.187,45100.642,42534.835,18758.344,19040.471,1.987,1.0,1.027,824.97
2026-05-27T03:46:08Z,mock-node,default,mock-pod,app,140.169,97.676,22.413,5.156,0.212,39580.086,37337.395,20228.046,14241.961,2.322,1.054,0.995,718.19
2026-05-27T03:46:18Z,mock-node,default,mock-pod,app,141.012,86.311,24.905,4.093,0.227,47101.238,49609.412,22745.228,13053.337,2.1,0.788,1.104,782.363
2026-05-27T03:46:28Z,mock-node,default,mock-pod,app,126.154,89.199,21.706,6.815,0.225,52740.2,39542.842,13269.937,11661.17,1.292,0.817,1.146,951.38
2026-05-27T03:46:38Z,mock-node,default,mock-pod,app,156.023,84.405,22.056,6.742,0.204,60325.901,48041.253,17510.402,15273.782,1.75,1.048,0.934,687.5
2026-05-27T03:46:48Z,mock-node,default,mock-pod,app,165.335,88.985,19.243,5.64,0.213,59188.414,50912.048,16246.152,16040.373,1.469,1.133,1.288,683.851
2026-05-27T03:46:58Z,mock-node,default,mock-pod,app,176.984,99.051,21.13,3.348,0.168,47079.85,40343.704,20343.489,16797.489,2.037,0.972,0.85,707.805
2026-05-27T03:47:08Z,mock-node,default,mock-pod,app,145.345,119.942,18.873,4.935,0.229,55932.769,43700.011,20260.588,18618.431,1.825,1.211,1.232,831.211
2026-05-27T03:47:18Z,mock-node,default,mock-pod,app,137.881,81.505,20.79,3.514,0.238,43554.963,32619.524,21484.8,15148.086,1.739,1.196,0.824,730.634
2026-05-27T03:47:28Z,mock-node,default,mock-pod,app,114.341,113.453,21.737,3.921,0.215,45401.382,34888.604,19470.43,10574.478,2.056,0.999,1.223,694.385
2026-05-27T03:47:38Z,mock-node,default,mock-pod,app,118.545,77.061,18.232,5.623,0.267,54346.684,42548.651,16615.618,11813.208,1.637,1.098,1.169,773.282
2026-05-27T03:47:48Z,mock-node,default,mock-pod,app,120.675,100.279,19.664,4.44,0.153,36225.123,49024.096,18563.085,15664.848,2.144,1.132,1.332,778.188
2026-05-27T03:47:58Z,mock-node,default,mock-pod,app,176.805,78.254,15.699,4.977,0.141,38547.073,35320.076,21864.373,14471.444,1.463,0.994,0.912,736.566
2026-05-27T03:48:08Z,mock-node,default,mock-pod,app,136.75,88.431,22.278,5.378,0.201,43691.702,30568.325,25687.445,18389.55,1.488,1.056,1.059,812.635
2026-05-27T03:48:18Z,mock-node,default,mock-pod,app,153.999,84.411,24.271,5.256,0.23,52111.248,41175.066,18645.6,17714.894,1.45,1.204,0.968,830.63
2026-05-27T03:48:28Z,mock-node,default,mock-pod,app,138.057,65.383,17.251,5.305,0.186,53586.959,34679.144,14656.968,14685.192,1.869,0.884,1.214,581.91
2026-05-27T03:48:38Z,mock-node,default,mock-pod,app,152.586,85.974,23.909,5.093,0.21,51872.905,41292.751,19322.085,14626.504,2.251,1.331,0.851,828.658
2026-05-27T03:48:48Z,mock-node,default,mock-pod,app,125.66,115.764,25.192,5.178,0.242,51593.912,32950.733,25335.776,11494.348,1.686,1.176,1.132,871.224
2026-05-27T03:48:58Z,mock-node,default,mock-pod,app,141.528,80.447,16.459,5.905,0.216,66449.454,42698.672,21649.33,13775.458,1.857,1.076,0.881,924.394
2026-05-27T03:49:08Z,mock-node,default,mock-pod,app,173.991,73.049,21.847,5.189,0.206,47464.042,46928.698,20644.847,16459.419,2.115,0.904,0.826,999.229
2026-05-27T03:49:18Z,mock-node,default,mock-pod,app,188.7,89.694,23.24,5.986,0.245,57235.344,39313.17,22082.547,13885.59,2.074,0.861,0.758,692.426
2026-05-27T03:49:28Z,mock-node,default,mock-pod,app,115.218,95.698,22.031,5.348,0.177,49813.486,32239.62,21254.483,16283.647,2.573,0.85,0.978,787.799
2026-05-27T03:49:38Z,mock-node,default,mock-pod,app,202.726,93.348,21.397,3.893,0.196,66379.543,48209.816,22029.055,14180.562,1.733,1.037,0.91,1071.112
2026-05-27T03:49:48Z,mock-node,default,mock-pod,app,137.702,83.589,22.274,5.191,0.174,40237.121,35143.696,24729.753,13728.966,1.955,1.138,1.241,898.448
2026-05-27T03:49:58Z,mock-node,default,mock-pod,app,158.959,82.057,17.277,5.121,0.199,51789.147,27818.511,15876.677,16794.041,2.442,1.027,0.816,872.756
2026-05-27T03:50:08Z,mock-node,default,mock-pod,app,130.733,86.332,19.223,5.572,0.233,54656.113,34307.726,23200.137,13936.092,1.557,1.14,1.283,676.592
2026-05-27T03:50:18Z,mock-node,default,mock-pod,app,141.572,82.085,18.617,5.893,0.225,51424.341,41078.123,17783.229,13856.827,1.795,1.09,1.1,758.126
2026-05-27T03:50:28Z,mock-node,default,mock-pod,app,166.371,78.764,26.238,4.216,0.184,49447.996,44943.902,20824.851,13067.891,2.176,1.12,0.835,547.172
2026-05-27T03:50:38Z,mock-node,default,mock-pod,app,163.097,76.318,23.064,6.363,0.238,52440.285,45155.459,19533.871,13098.698,1.963,0.938,1.036,662.079
2026-05-27T03:50:48Z,mock-node,default,mock-pod,app,126.44,91.344,20.315,5.038,0.228,39147.176,43786.229,19233.009,14926.157,2.323,1.019,1.134,990.085
2026-05-27T03:50:58Z,mock-node,default,mock-pod,app,148.972,65.63,18.473,4.655,0.206,44017.407,40860.701,20727.23,10674.249,2.475,0.911,0.798,706.359
2026-05-27T03:51:08Z,mock-node,default,mock-pod,app,166.488,132.089,14.033,4.499,0.235,44962.35,40331.84,18708.52,14930.75,2.087,0.854,0.852,627.726
2026-05-27T03:51:18Z,mock-node,default,mock-pod,app,154.99,122.657,23.446,4.929,0.239,54696.705,38172.13,18103.998,15320.003,1.76,0.996,1.063,652.189
2026-05-27T03:51:28Z,mock-node,default,mock-pod,app,124.307,86.048,17.594,4.927,0.21,52591.631,44103.679,20225.368,15638.279,1.966,1.013,0.989,799.817
2026-05-27T03:51:38Z,mock-node,default,mock-pod,app,142.526,94.124,22.435,5.986,0.247,55754.576,36365.113,16110.585,11466.048,1.908,1.028,1.15,810.978
2026-05-27T03:51:48Z,mock-node,default,mock-pod,app,150.232,73.862,22.1,6.4,0.188,65815.446,44410.321,17538.178,16417.393,2.071,1.055,0.82,844.755
2026-05-27T03:51:58Z,mock-node,default,mock-pod,app,169.915,74.018,21.444,5.943,0.21,44895.415,38778.602,22234.498,16249.99,1.971,0.904,0.895,777.743
2026-05-27T03:52:08Z,mock-node,default,mock-pod,app,123.828,95.192,25.832,4.846,0.199,50894.038,43576.826,19217.547,16206.147,1.749,0.837,0.912,859.971
2026-05-27T03:52:18Z,mock-node,default,mock-pod,app,135.584,80.161,20.675,3.512,0.187,32578.113,36286.327,25553.108,11312.716,2.331,0.909,0.917,755.256
2026-05-27T03:52:28Z,mock-node,default,mock-pod,app,193.577,82.272,20.181,4.637,0.192,55397.979,41746.96,20321.007,13481.646,2.056,0.967,0.993,809.487
2026-05-27T03:52:38Z,mock-node,default,mock-pod,app,138.185,72.743,21.183,3.653,0.226,45688.944,34502.698,23054.125,13529.816,2.017,0.864,1.061,837.761
2026-05-27T03:52:48Z,mock-node,default,mock-pod,app,144.06,86.935,15.356,5.834,0.18,48934.756,37045.011,20686.856,14475.943,1.886,0.954,1.03,981.484
2026-05-27T03:52:58Z,mock-node,default,mock-pod,app,124.498,103.721,20.251,5.331,0.18,57304.906,44416.55,14400.584,11114.998,2.496,0.912,0.963,618.929
2026-05-27T03:53:08Z,mock-node,default,mock-pod,app,149.222,90.555,18.492,5.943,0.193,56146.35,40151.567,20495.551,14345.473,1.829,1.209,1.166,937.046
2026-05-27T03:53:18Z,mock-node,default,mock-pod,app,134.945,84.313,20.432,4.729,0.218,61953.011,36640.068,18746.378,11588.396,2.364,1.025,1.048,718.962
2026-05-27T03:53:28Z,mock-node,default,mock-pod,app,150.142,85.842,17.952,5.385,0.238,59152.968,38100.692,29066.171,13534.965,2.004,0.804,0.958,835.001
2026-05-27T03:53:38Z,mock-node,default,mock-pod,app,136.079,88.5,17.08,4.673,0.163,46568.168,27219.386,17468.705,13938.769,1.95,1.184,0.836,712.392
2026-05-27T03:53:48Z,mock-node,default,mock-pod,app,168.001,77.554,18.86,3.715,0.107,65857.105,44328.037,25969.717,14719.553,1.569,1.05,0.858,824.121
2026-05-27T03:53:58Z,mock-node,default,mock-pod,app,158.375,97.519,17.582,5.087,0.211,59923.786,37688.665,25550.309,16373.548,2.113,0.907,1.048,872.613
2026-05-27T03:54:08Z,mock-node,default,mock-pod,app,127.622,98.443,20.766,4.795,0.176,48424.046,43930.843,25040.19,15297.196,1.897,1.1,1.14,887.453
2026-05-27T03:54:18Z,mock-node,default,mock-pod,app,146.155,57.352,20.51,4.943,0.165,50218.803,33973.109,19036.898,17713.309,1.823,0.646,1.151,784.773
2026-05-27T03:54:28Z,mock-node,default,mock-pod,app,149.678,65.592,14.435,4.714,0.184,51065.799,38623.522,20924.956,14007.205,2.102,0.921,1.069,872.67
2026-05-27T03:54:38Z,mock-node,default,mock-pod,app,115.468,89.482,18.852,4.978,0.254,45325.404,38888.147,20617.746,10132.877,2.416,1.087,0.974,907.455
2026-05-27T03:54:48Z,mock-node,default,mock-pod,app,208.362,78.994,23.931,6.265,0.176,53458.21,32213.167,20779.918,13459.494,2.171,0.941,1.184,943.809
2026-05-27T03:54:58Z,mock-node,default,mock-pod,app,187.902,88.771,19.074,4.774,0.181,49167.438,34039.677,19219.811,16793.612,2.29,1.061,0.77,979.266
2026-05-27T03:55:08Z,mock-node,default,mock-pod,app,190.728,101.581,18.828,5.483,0.197,38350.33,46746.978,22576.887,16158.29,2.206,1.006,0.824,978.771
2026-05-27T03:55:18Z,mock-node,default,mock-pod,app,142.91,85.729,21.458,3.788,0.194,54336.512,38658.11,12966.026,15386.615,2.263,0.806,1.34,822.067
2026-05-27T03:55:28Z,mock-node,default,mock-pod,app,151.372,96.237,23.042,5.2,0.198,52699.824,33000.093,25964.475,11309.653,1.954,0.889,1.02,790.106
2026-05-27T03:55:38Z,mock-node,default,mock-pod,app,173.169,88.945,19.222,6.541,0.17,50071.397,37872.084,22940.877,15030.797,2.362,0.892,1.046,868.75
2026-05-27T03:55:48Z,mock-node,default,mock-pod,app,150.472,94.121,15.379,5.378,0.192,64028.971,34414.715,15613.229,19523.519,2.577,0.971,0.716,714.977
2026-05-27T03:55:58Z,mock-node,default,mock-pod,app,156.791,95.943,22.972,5.885,0.219,48778.202,48149.462,24731.748,15846.259,1.892,1.118,1.025,797.89
2026-05-27T03:56:08Z,mock-node,default,mock-pod,app,152.717,105.666,24.509,5.762,0.213,47520.777,30714.875,19413.868,16122.338,1.747,1.063,0.882,832.076
2026-05-27T03:56:18Z,mock-node,default,mock-pod,app,89.827,95.674,22.166,5.027,0.221,42831.457,40515.358,18809.253,15159.151,1.999,1.025,0.89,748.318
2026-05-27T03:56:28Z,mock-node,default,mock-pod,app,110.506,86.732,12.569,5.252,0.258,46473.074,37426.927,20259.55,15960.968,2.22,0.923,0.956,850.21
2026-05-27T03:56:38Z,mock-node,default,mock-pod,app,159.391,73.74,21.501,6.282,0.148,46982.961,38254.276,16934.228,12053.276,2.498,1.029,1.063,915.502
2026-05-27T03:56:48Z,mock-node,default,mock-pod,app,123.384,106.563,18.147,5.797,0.2,60236.63,43447.165,19968.126,17244.615,1.819,1.098,0.798,783.092
2026-05-27T03:56:58Z,mock-node,default,mock-pod,app,192.974,102.272,17.176,6.003,0.191,53106.446,37951.654,21882.934,13885.083,2.42,0.958,0.912,753.984
2026-05-27T03:57:08Z,mock-node,default,mock-pod,app,120.088,99.31,23.367,6.033,0.215,49012.376,47966.324,24341.332,13656.603,1.636,0.93,1.002,934.911
2026-05-27T03:57:18Z,mock-node,default,mock-pod,app,174.693,95.289,23.477,4.824,0.198,33820.18,37103.244,19363.173,17678.118,1.978,0.951,1.024,761.084
2026-05-27T03:57:28Z,mock-node,default,mock-pod,app,107.025,81.537,19.616,4.868,0.181,46826.073,43633.37,15716.872,14451.759,1.832,0.968,1.01,884.125
2026-05-27T03:57:38Z,mock-node,default,mock-pod,app,92.185,87.724,16.679,3.768,0.206,50901.184,35835.404,19400.672,13191.967,2.422,1.256,1.171,662.59
2026-05-27T03:57:48Z,mock-node,default,mock-pod,app,165.761,94.665,20.283,4.903,0.193,45767.274,36076.293,17677.032,20336.814,2.168,0.903,0.906,866.331
2026-05-27T03:57:58Z,mock-node,default,mock-pod,app,190.641,112.87,17.229,4.036,0.182,52357.997,36932.619,18350.315,19636.952,1.626,1.102,0.979,731.779
2026-05-27T03:58:08Z,mock-node,default,mock-pod,app,192.946,73.156,20.835,4.884,0.18,46952.55,40579.868,27736.775,16138.918,1.927,0.794,1.035,896.377
2026-05-27T03:58:18Z,mock-node,default,mock-pod,app,212.878,69.142,15.749,3.673,0.154,58878.696,39414.276,17898.244,15334.133,1.976,0.98,1.174,903.436
2026-05-27T03:58:28Z,mock-node,default,mock-pod,app,142.048,106.704,23.049,4.817,0.187,47225.315,34483.368,13728.128,17543.849,2.408,0.641,0.956,686.705
2026-05-27T03:58:38Z,mock-node,default,mock-pod,app,141.285,95.325,23.27,5.372,0.221,58357.465,41671.786,23446.316,17018.767,1.799,1.113,0.942,924.614
2026-05-27T03:58:48Z,mock-node,default,mock-pod,app,176.421,71.65,21.804,4.294,0.185,46565.502,43184.785,22019.716,14917.424,1.385,1.077,1.173,487.486
2026-05-27T03:58:58Z,mock-node,default,mock-pod,app,136.852,82.266,20.748,4.796,0.231,47103.761,34730.771,14214.916,10859.807,1.934,1.095,0.848,876.9
2026-05-27T03:59:08Z,mock-node,default,mock-pod,app,140.999,101.685,23.927,5.347,0.172,57800.81,41199.073,20178.739,15858.847,2.207,1.175,0.805,947.133
2026-05-27T03:59:18Z,mock-node,default,mock-pod,app,155.758,108.043,19.718,5.609,0.229,59979.566,38231.976,24382.426,13922.136,1.647,0.881,0.807,969.063
2026-05-27T03:59:28Z,mock-node,default,mock-pod,app,172.238,65.383,19.366,5.198,0.207,46111.35,35907.064,22554.003,14818.657,1.737,1.042,0.903,770.021
2026-05-27T03:59:38Z,mock-node,default,mock-pod,app,167.444,87.338,27.597,3.948,0.171,61749.026,41285.813,19510.478,17176.632,1.946,0.857,1.229,814.005
2026-05-27T03:59:48Z,mock-node,default,mock-pod,app,154.599,92.496,19.888,4.37,0.17,37690.432,45385.294,20269.197,14543.546,1.563,0.8,0.941,839.711
2026-05-27T03:59:58Z,mock-node,default,mock-pod,app,146.336,88.893,17.372,5.589,0.209,59710.406,43180.596,17005.271,13593.5,1.949,1.169,1.009,799.414
2026-05-27T04:00:08Z,mock-node,default,mock-pod,app,181.784,101.956,21.945,3.694,0.195,64899.482,44042.253,23812.083,19145.043,2.239,0.708,1.056,777.488
2026-05-27T04:00:18Z,mock-node,default,mock-pod,app,130.528,103.809,17.847,5.962,0.214,46318.441,34989.601,25533.154,14550.719,2.108,0.998,0.875,761.655
2026-05-27T04:00:28Z,mock-node,default,mock-pod,app,145.847,67.28,17.814,4.329,0.21,51127.489,32733.228,18165.956,15218.182,1.756,0.746,1.129,800.218
2026-05-27T04:00:38Z,mock-node,default,mock-pod,app,142.565,83.727,21.015,4.687,0.201,58287.884,48432.601,24970.196,12766.279,1.988,0.809,0.841,633.633
2026-05-27T04:00:48Z,mock-node,default,mock-pod,app,141.099,83.969,17.082,4.927,0.215,46189.517,35010.388,22300.26,14479.795,2.066,0.842,1.084,898.79
2026-05-27T04:00:58Z,mock-node,default,mock-pod,app,126.602,75.483,18.765,5.439,0.222,58354.293,34494.252,14163.936,12987.572,2.017,1.064,0.797,793.194
2026-05-27T04:01:08Z,mock-node,default,mock-pod,app,141.886,96.001,17.313,4.86,0.19,51852.686,40002.065,21142.496,15436.904,2.243,0.855,1.51,965.969
2026-05-27T04:01:18Z,mock-node,default,mock-pod,app,119.118,98.615,18.528,4.401,0.236,32585.817,35265.706,21507.012,11242.916,2.264,0.931,0.999,976.161
2026-05-27T04:01:28Z,mock-node,default,mock-pod,app,152.133,103.748,24.107,4.582,0.188,60154.793,43709.392,24509.364,20346.384,1.734,0.988,1.069,643.136
2026-05-27T04:01:38Z,mock-node,default,mock-pod,app,128.452,70.004,19.141,5.066,0.25,69451.176,39062.571,19537.377,15639.276,2.114,0.991,1.218,940.245
2026-05-27T04:01:48Z,mock-node,default,mock-pod,app,137.07,59.499,20.04,6.092,0.247,46568.242,36558.961,20206.631,13613.367,1.721,0.909,1.276,976.415
2026-05-27T04:01:58Z,mock-node,default,mock-pod,app,157.196,102.134,18.446,4.549,0.221,53554.369,32219.928,23803.949,10116.794,1.811,1.18,1.216,1141.622
2026-05-27T04:02:08Z,mock-node,default,mock-pod,app,144.274,88.104,21.314,5.071,0.168,47831.297,37902.684,22932.989,14494.836,2.036,0.996,0.954,929.989
2026-05-27T04:02:18Z,mock-node,default,mock-pod,app,139.511,96.783,23.752,4.883,0.233,46488.347,41938.78,15811.656,17257.223,2.354,0.996,0.762,762.161
2026-05-27T04:02:28Z,mock-node,default,mock-pod,app,150.387,107.132,13.087,5.202,0.204,38846.63,44066.806,14737.721,16299.665,2.295,0.862,0.839,684.894
2026-05-27T04:02:38Z,mock-node,default,mock-pod,app,139.531,96.597,21.966,4.689,0.217,41965.844,39296.471,14732.051,18188.246,1.616,0.867,1.251,917.068
2026-05-27T04:02:48Z,mock-node,default,mock-pod,app,126.377,102.454,28.249,5.223,0.172,45498.081,50410.092,18437.617,13162.537,2.759,0.749,0.877,595.963
2026-05-27T04:02:58Z,mock-node,default,mock-pod,app,134.237,83.431,21.399,3.89,0.22,45283.293,48566.744,18263.069,15012.658,1.423,0.725,1.08,1047.202
2026-05-27T04:03:08Z,mock-node,default,mock-pod,app,112.14,86.091,19.374,5.027,0.22,54644.112,44522.798,12269.609,11439.098,2.655,1.186,0.742,737.261
2026-05-27T04:03:18Z,mock-node,default,mock-pod,app,159.886,78.87,18.552,3.816,0.167,64994.85,40657.808,19698.616,16359.092,1.765,1.05,0.986,879.122
2026-05-27T04:03:28Z,mock-node,default,mock-pod,app,127.517,87.401,23.442,5.401,0.173,35032.678,43421.624,21140.24,13663.332,1.697,0.989,1.036,875.171
2026-05-27T04:03:38Z,mock-node,default,mock-pod,app,160.39,95.277,17.981,5.271,0.198,46730.0,40988.253,27646.604,13704.275,1.918,1.012,0.975,777.686
2026-05-27T04:03:48Z,mock-node,default,mock-pod,app,161.553,77.135,21.777,5.758,0.182,65224.131,31058.796,21364.568,15295.222,2.093,0.884,0.787,839.935
2026-05-27T04:03:58Z,mock-node,default,mock-pod,app,109.461,101.961,22.308,5.098,0.222,52202.72,41442.321,19936.393,13480.477,1.943,0.995,0.91,794.334
2026-05-27T04:04:08Z,mock-node,default,mock-pod,app,122.776,95.339,19.718,3.371,0.19,42168.507,39169.705,24998.813,13046.441,2.061,0.85,0.943,886.258
2026-05-27T04:04:18Z,mock-node,default,mock-pod,app,158.924,89.108,22.805,5.796,0.262,36061.292,30771.915,16239.691,13225.01,2.273,1.011,0.908,762.766
2026-05-27T04:04:28Z,mock-node,default,mock-pod,app,127.396,102.153,20.793,4.923,0.146,45203.3,31180.163,18230.483,16413.151,1.741,1.096,0.856,1021.757
2026-05-27T04:04:38Z,mock-node,default,mock-pod,app,146.057,82.632,22.297,5.633,0.17,41247.934,32933.037,21739.982,13517.764,1.846,1.047,0.87,845.543
2026-05-27T04:04:48Z,mock-node,default,mock-pod,app,159.255,80.869,17.269,5.863,0.149,51416.518,50380.398,18415.262,12361.787,2.183,0.997,0.865,859.38
2026-05-27T04:04:58Z,mock-node,default,mock-pod,app,146.136,108.556,22.113,4.325,0.22,52853.148,38730.435,16733.848,16648.726,2.065,0.87,0.975,832.114
2026-05-27T04:05:08Z,mock-node,default,mock-pod,app,171.209,111.618,24.018,4.634,0.23,41881.079,39139.586,21531.463,14384.46,1.825,1.003,1.217,869.875
2026-05-27T04:05:18Z,mock-node,default,mock-pod,app,131.309,109.12,19.179,5.015,0.206,50844.911,34563.72,18603.834,14508.21,2.245,0.727,1.125,973.749
2026-05-27T04:05:28Z,mock-node,default,mock-pod,app,123.594,89.823,18.481,4.035,0.24,53490.719,49231.958,24273.615,17608.836,1.988,1.116,1.071,787.211
2026-05-27T04:05:38Z,mock-node,default,mock-pod,app,165.201,83.353,19.69,5.412,0.227,52592.774,35114.403,20889.63,19733.529,2.027,1.116,0.823,844.786
2026-05-27T04:05:48Z,mock-node,default,mock-pod,app,159.695,81.746,20.171,4.896,0.221,51359.263,31153.127,21927.083,20278.143,1.577,0.838,0.92,682.193
2026-05-27T04:05:58Z,mock-node,default,mock-pod,app,126.675,92.695,26.517,5.745,0.194,52101.404,44686.678,21793.528,14419.776,1.655,0.841,1.285,886.208
2026-05-27T04:06:08Z,mock-node,default,mock-pod,app,157.418,101.315,17.751,4.701,0.203,40071.105,34458.99,20776.722,14061.956,1.503,0.88,1.052,766.72
2026-05-27T04:06:18Z,mock-node,default,mock-pod,app,180.093,113.138,17.673,5.531,0.198,44766.425,44649.009,23060.422,11106.575,1.528,1.174,1.129,912.682
2026-05-27T04:06:28Z,mock-node,default,mock-pod,app,170.958,81.302,17.557,4.389,0.219,56430.561,29514.328,15278.515,16123.333,1.703,1.063,0.853,685.629
2026-05-27T04:06:38Z,mock-node,default,mock-pod,app,125.261,94.088,21.741,4.486,0.188,47039.182,41772.469,19875.034,15257.925,1.822,0.992,0.988,783.826
2026-05-27T04:06:48Z,mock-node,default,mock-pod,app,155.779,73.459,21.965,5.941,0.204,37588.016,47049.794,19439.689,15325.129,2.038,1.305,0.851,810.433
2026-05-27T04:06:58Z,mock-node,default,mock-pod,app,142.747,100.252,22.486,5.744,0.211,53189.414,42687.515,21749.869,16177.35,1.877,1.36,1.07,482.905
2026-05-27T04:07:08Z,mock-node,default,mock-pod,app,153.86,93.561,16.715,4.979,0.2,45146.798,42133.117,15702.541,18064.69,1.474,0.756,1.034,566.552
2026-05-27T04:07:18Z,mock-node,default,mock-pod,app,170.939,100.228,22.287,3.833,0.213,42803.988,45010.031,22641.416,11525.463,1.79,0.785,1.237,942.473
2026-05-27T04:07:28Z,mock-node,default,mock-pod,app,123.855,88.626,10.929,5.585,0.215,42665.917,42242.4,18558.119,12835.286,1.949,1.025,1.166,841.165
2026-05-27T04:07:38Z,mock-node,default,mock-pod,app,142.814,98.784,21.192,5.037,0.215,57695.612,40788.598,23305.316,14950.521,1.881,0.825,0.818,1117.311
2026-05-27T04:07:48Z,mock-node,default,mock-pod,app,109.356,91.555,20.825,4.441,0.17,58369.779,35494.626,20196.178,14698.39,1.804,1.019,1.024,842.183
2026-05-27T04:07:58Z,mock-node,default,mock-pod,app,171.136,85.493,21.507,3.763,0.209,44053.562,40737.578,16717.406,18116.233,1.819,1.297,0.778,729.583
2026-05-27T04:08:08Z,mock-node,default,mock-pod,app,166.507,115.524,20.102,4.668,0.188,37106.577,30014.279,28221.024,11890.842,1.882,1.097,1.083,801.34
2026-05-27T04:08:18Z,mock-node,default,mock-pod,app,148.558,108.935,26.9,5.068,0.165,38121.438,38427.056,23567.037,15930.324,1.926,1.075,1.04,821.882
2026-05-27T04:08:28Z,mock-node,default,mock-pod,app,163.486,97.735,20.342,4.387,0.21,41636.935,42330.161,18955.371,12147.494,2.71,0.934,1.147,713.397
2026-05-27T04:08:38Z,mock-node,default,mock-pod,app,151.047,104.798,16.401,5.047,0.242,45866.027,43158.422,19328.92,13873.692,1.819,1.014,1.002,747.339
2026-05-27T04:08:48Z,mock-node,default,mock-pod,app,160.416,88.147,20.78,5.556,0.204,48663.425,33199.374,18830.779,10072.46,1.601,1.001,1.043,906.086
2026-05-27T04:08:58Z,mock-node,default,mock-pod,app,149.625,66.294,21.213,5.388,0.168,51949.424,30936.97,16039.748,15020.44,2.134,1.11,1.068,758.148
2026-05-27T04:09:08Z,mock-node,default,mock-pod,app,158.379,96.271,17.53,5.002,0.225,57860.598,34355.129,20564.295,13919.413,2.152,1.133,0.921,814.617
2026-05-27T04:09:18Z,mock-node,default,mock-pod,app,152.995,95.188,21.557,5.191,0.201,56348.342,22302.861,13418.848,12699.603,1.847,0.946,1.047,729.171
2026-05-27T04:09:28Z,mock-node,default,mock-pod,app,129.099,82.693,17.47,5.158,0.226,53476.662,43843.177,21892.927,14562.139,1.441,0.802,0.892,860.861
2026-05-27T04:09:38Z,mock-node,default,mock-pod,app,159.369,94.5,23.044,4.631,0.196,51987.722,39187.017,18442.015,11228.856,2.003,1.096,0.719,796.73
2026-05-27T04:09:48Z,mock-node,default,mock-pod,app,163.092,98.665,21.782,4.73,0.217,55615.14,44300.859,18593.003,15576.106,2.055,0.942,0.887,876.328
2026-05-27T04:09:58Z,mock-node,default,mock-pod,app,125.455,101.587,15.948,4.896,0.199,46702.432,47132.129,19213.511,15040.961,1.8,0.746,1.044,736.836
2026-05-27T04:10:08Z,mock-node,default,mock-pod,app,176.173,101.515,17.358,3.851,0.193,55134.022,37795.369,24863.85,14407.179,1.856,1.057,0.991,922.408
2026-05-27T04:10:18Z,mock-node,default,mock-pod,app,143.795,76.78,21.168,5.102,0.211,48864.243,50885.285,16191.203,12466.475,1.718,1.173,0.773,753.685
2026-05-27T04:10:28Z,mock-node,default,mock-pod,app,113.335,98.872,18.956,3.942,0.227,46921.199,34446.331,20924.688,14988.236,2.064,1.078,0.812,1040.19
2026-05-27T04:10:38Z,mock-node,default,mock-pod,app,188.573,88.752,13.935,5.826,0.182,58086.341,38865.034,17277.61,13673.374,1.356,0.847,1.209,1035.997
2026-05-27T04:10:48Z,mock-node,default,mock-pod,app,171.269,77.571,20.563,5.319,0.197,31429.203,38553.829,18317.945,16223.298,1.572,1.058,0.969,1086.933
2026-05-27T04:10:58Z,mock-node,default,mock-pod,app,183.991,78.032,16.897,4.864,0.202,56950.844,34740.441,20575.02,14659.296,1.994,1.088,0.763,812.544
2026-05-27T04:11:08Z,mock-node,default,mock-pod,app,140.0,88.637,22.115,3.235,0.169,41080.134,48871.274,24339.506,15812.844,1.786,1.09,0.848,603.158
2026-05-27T04:11:18Z,mock-node,default,mock-pod,app,171.085,84.385,16.684,4.953,0.236,53143.439,39371.911,13271.02,15670.884,2.372,1.028,0.904,777.457
2026-05-27T04:11:28Z,mock-node,default,mock-pod,app,172.993,78.882,14.729,4.731,0.239,67921.478,36472.776,21413.821,12933.924,1.894,0.836,0.859,789.582
2026-05-27T04:11:38Z,mock-node,default,mock-pod,app,187.436,88.931,19.272,4.949,0.174,63330.476,50492.584,23364.152,14112.289,2.046,0.738,1.048,933.257
2026-05-27T04:11:48Z,mock-node,default,mock-pod,app,158.113,84.636,17.018,4.718,0.239,46369.865,39172.002,24595.91,12241.673,1.342,0.929,0.971,778.927
2026-05-27T04:11:58Z,mock-node,default,mock-pod,app,181.14,82.838,20.366,5.128,0.2,42656.387,46014.799,23304.969,11044.592,1.81,0.869,0.902,625.261
2026-05-27T04:12:08Z,mock-node,default,mock-pod,app,211.53,94.686,19.672,6.266,0.197,49821.375,50491.021,17512.712,12442.075,2.176,0.908,1.079,658.203
2026-05-27T04:12:18Z,mock-node,default,mock-pod,app,106.626,115.073,23.551,5.457,0.206,47749.017,44670.989,17168.425,13165.288,1.915,1.009,0.917,685.615
2026-05-27T04:12:28Z,mock-node,default,mock-pod,app,152.001,81.23,19.398,4.878,0.199,42944.564,34326.508,21615.781,16542.544,1.469,1.102,1.201,791.554
2026-05-27T04:12:38Z,mock-node,default,mock-pod,app,154.651,77.319,25.976,3.967,0.242,49555.264,43615.368,21051.765,15523.69,2.406,0.908,1.131,805.164
2026-05-27T04:12:48Z,mock-node,default,mock-pod,app,139.932,99.678,20.4,4.663,0.182,58278.534,36783.585,16584.759,14185.279,2.396,1.081,0.798,702.494
2026-05-27T04:12:58Z,mock-node,default,mock-pod,app,126.305,114.455,15.441,5.592,0.24,50092.307,43403.925,19196.813,15413.783,2.001,0.814,1.208,834.767
2026-05-27T04:13:08Z,mock-node,default,mock-pod,app,182.349,93.168,17.872,5.775,0.175,43685.164,42972.956,22706.861,18752.898,2.084,0.907,1.079,823.91
2026-05-27T04:13:18Z,mock-node,default,mock-pod,app,133.356,97.945,24.702,4.507,0.231,63819.45,54729.295,18151.817,11761.332,2.001,1.08,0.948,898.886
2026-05-27T04:13:28Z,mock-node,default,mock-pod,app,149.713,84.101,21.81,4.658,0.153,50698.567,44167.725,25432.77,14865.2,1.935,1.273,0.954,678.157
2026-05-27T04:13:38Z,mock-node,default,mock-pod,app,184.256,81.988,18.764,6.622,0.167,60115.178,33839.334,20190.899,15803.645,2.344,0.872,0.976,816.366
2026-05-27T04:13:48Z,mock-node,default,mock-pod,app,177.862,75.004,21.741,5.124,0.131,39865.778,39357.507,21672.526,15848.046,1.709,1.119,1.044,942.16
2026-05-27T04:13:58Z,mock-node,default,mock-pod,app,148.994,68.589,22.467,4.188,0.201,39279.066,46733.71,22618.139,14178.94,1.775,1.041,0.862,951.367
2026-05-27T04:14:08Z,mock-node,default,mock-pod,app,113.676,68.8,22.525,5.011,0.219,51943.638,37996.307,17963.387,11633.319,1.77,1.006,1.147,825.153
2026-05-27T04:14:18Z,mock-node,default,mock-pod,app,129.522,98.748,20.696,5.59,0.202,54141.073,33665.713,25222.622,16957.098,1.732,0.909,0.815,685.573
2026-05-27T04:14:28Z,mock-node,default,mock-pod,app,137.851,83.983,17.422,4.792,0.22,40241.081,46107.3,25056.328,15927.268,2.138,0.784,0.956,745.253
2026-05-27T04:14:38Z,mock-node,default,mock-pod,app,142.528,96.043,16.735,4.997,0.131,62750.313,29580.131,23006.564,14361.013,2.186,0.885,1.099,747.938
2026-05-27T04:14:48Z,mock-node,default,mock-pod,app,149.369,67.093,14.042,6.043,0.236,47337.346,41999.053,21051.896,9133.448,1.918,0.734,1.155,615.705
2026-05-27T04:14:58Z,mock-node,default,mock-pod,app,124.718,93.211,24.375,5.618,0.262,39660.255,46301.622,18928.111,15073.093,1.705,1.057,0.921,873.597
2026-05-27T04:15:08Z,mock-node,default,mock-pod,app,155.598,88.396,21.848,3.764,0.201,33594.704,37694.278,20240.317,15266.085,1.837,1.216,1.013,824.217
2026-05-27T04:15:18Z,mock-node,default,mock-pod,app,138.235,117.919,19.598,5.448,0.189,58531.14,42468.635,15723.914,16632.356,1.756,1.024,1.096,955.056
2026-05-27T04:15:28Z,mock-node,default,mock-pod,app,159.873,84.052,22.487,4.833,0.206,46527.328,42144.541,23617.208,18939.776,2.194,1.209,0.866,826.751
2026-05-27T04:15:38Z,mock-node,default,mock-pod,app,176.625,87.019,21.852,4.751,0.179,48487.883,40676.756,18969.854,15344.943,2.724,0.837,0.963,633.31
2026-05-27T04:15:48Z,mock-node,default,mock-pod,app,203.264,105.481,19.408,4.601,0.201,45698.125,41751.606,17287.423,14184.939,2.314,0.84,1.076,624.584
2026-05-27T04:15:58Z,mock-node,default,mock-pod,app,151.072,105.52,18.254,5.687,0.252,57058.652,54016.393,18478.545,15408.429,2.083,0.71,1.051,667.009
2026-05-27T04:16:08Z,mock-node,default,mock-pod,app,129.447,93.464,20.211,5.784,0.186,41868.379,41728.781,17235.969,15986.349,2.195,1.075,1.009,856.221
2026-05-27T04:16:18Z,mock-node,default,mock-pod,app,119.961,98.55,24.177,4.301,0.207,43854.018,37769.974,18797.084,14251.178,2.239,0.626,0.772,877.436
2026-05-27T04:16:28Z,mock-node,default,mock-pod,app,153.304,68.887,21.063,5.287,0.182,67504.849,40296.629,22426.127,16522.571,1.998,1.082,0.945,664.714
2026-05-27T04:16:38Z,mock-node,default,mock-pod,app,135.437,98.774,24.998,4.168,0.254,54648.694,42241.746,21853.55,11886.347,2.052,0.931,0.979,1001.424
2026-05-27T04:16:48Z,mock-node,default,mock-pod,app,145.261,62.452,14.748,6.0,0.199,40162.229,43392.055,19958.543,14435.905,1.893,0.837,0.935,762.493
2026-05-27T04:16:58Z,mock-node,default,mock-pod,app,176.875,94.634,18.267,6.29,0.238,48133.402,44075.978,18905.746,13822.963,2.22,0.974,1.029,673.85
2026-05-27T04:17:08Z,mock-node,default,mock-pod,app,161.638,102.824,19.515,4.963,0.277,50104.535,37783.194,19849.306,16868.999,2.037,0.876,1.208,712.839
2026-05-27T04:17:18Z,mock-node,default,mock-pod,app,179.188,70.569,18.286,4.183,0.217,47311.394,33429.231,18410.622,14358.176,2.372,1.033,1.217,916.89
2026-05-27T04:17:28Z,mock-node,default,mock-pod,app,178.371,66.695,14.406,4.211,0.165,39758.51,33579.121,16129.615,9951.588,2.382,0.831,1.057,814.981
2026-05-27T04:17:38Z,mock-node,default,mock-pod,app,160.303,61.679,22.188,6.325,0.232,50244.007,40335.789,26507.012,16656.153,2.189,1.113,0.831,889.262
2026-05-27T04:17:48Z,mock-node,default,mock-pod,app,128.317,99.818,21.462,4.432,0.175,59629.207,39787.688,16286.565,16246.61,1.804,1.097,0.959,916.539
2026-05-27T04:17:58Z,mock-node,default,mock-pod,app,170.921,86.776,21.68,4.358,0.139,57379.772,38046.225,17495.893,18149.765,2.514,0.9,1.238,886.951
2026-05-27T04:18:08Z,mock-node,default,mock-pod,app,135.638,86.416,20.932,5.005,0.184,48752.847,38710.647,23071.58,17838.8,1.992,1.043,1.077,863.89
2026-05-27T04:18:18Z,mock-node,default,mock-pod,app,165.4,89.044,21.098,5.418,0.182,54651.365,34457.025,18152.083,11729.938,1.781,0.973,0.973,911.561
2026-05-27T04:18:28Z,mock-node,default,mock-pod,app,175.573,80.698,19.831,5.818,0.176,41101.028,38899.228,24057.113,13193.227,1.949,0.771,0.843,751.359
2026-05-27T04:18:38Z,mock-node,default,mock-pod,app,107.206,75.969,18.695,4.859,0.184,62409.316,40317.679,22029.145,16619.541,2.452,1.007,0.685,649.324
2026-05-27T04:18:48Z,mock-node,default,mock-pod,app,118.75,92.291,24.271,3.855,0.204,53595.612,38073.963,24125.011,14329.66,2.242,1.109,0.822,535.147
2026-05-27T04:18:58Z,mock-node,default,mock-pod,app,160.957,71.927,20.299,4.437,0.215,47233.587,38252.462,19287.011,15603.14,1.901,1.114,0.798,699.053
2026-05-27T04:19:08Z,mock-node,default,mock-pod,app,147.599,82.209,16.659,4.578,0.18,55309.556,45644.969,19429.458,13682.457,2.065,0.795,1.057,800.193
2026-05-27T04:19:18Z,mock-node,default,mock-pod,app,100.816,82.471,25.744,5.447,0.178,42576.637,32487.323,20974.469,15420.457,1.992,0.962,1.048,868.881
2026-05-27T04:19:28Z,mock-node,default,mock-pod,app,155.529,74.147,18.246,5.387,0.242,58128.756,37611.404,16580.867,18629.613,2.295,0.907,1.239,944.48
2026-05-27T04:19:38Z,mock-node,default,mock-pod,app,136.412,87.89,21.163,4.825,0.18,65336.906,34333.494,17312.101,12134.257,1.908,0.859,0.921,805.602
2026-05-27T04:19:48Z,mock-node,default,mock-pod,app,125.823,93.679,16.391,4.46,0.186,48245.534,51360.55,24189.026,9084.961,2.591,1.064,0.964,663.865
2026-05-27T04:19:58Z,mock-node,default,mock-pod,app,189.096,81.313,19.411,3.817,0.162,33815.204,34333.748,18491.917,15106.276,2.374,1.201,1.099,795.672
2026-05-27T04:20:08Z,mock-node,default,mock-pod,app,184.048,91.381,17.288,5.638,0.185,63559.101,51764.25,18624.335,17055.068,2.346,1.097,1.158,780.077
2026-05-27T04:20:18Z,mock-node,default,mock-pod,app,126.982,100.844,20.545,3.97,0.201,45992.34,51538.084,11795.369,18208.468,2.048,1.153,1.053,674.217
2026-05-27T04:20:28Z,mock-node,default,mock-pod,app,184.258,78.74,24.792,4.393,0.128,48411.439,31721.29,20446.537,16465.841,1.603,1.166,0.969,706.227
2026-05-27T04:20:38Z,mock-node,default,mock-pod,app,167.673,107.077,20.427,3.979,0.238,54451.052,33209.812,18381.114,15104.843,2.353,0.821,1.058,1041.981
2026-05-27T04:20:48Z,mock-node,default,mock-pod,app,188.905,80.328,24.237,4.617,0.215,56766.409,43719.976,23893.238,17476.313,2.228,0.994,0.873,790.901
2026-05-27T04:20:58Z,mock-node,default,mock-pod,app,180.406,92.289,18.764,4.329,0.168,53704.813,33531.38,21079.091,14849.198,2.491,1.045,0.808,855.786
2026-05-27T04:21:08Z,mock-node,default,mock-pod,app,154.757,84.936,21.002,4.84,0.258,55769.119,43012.441,16498.74,17116.486,2.458,0.904,0.868,664.522
2026-05-27T04:21:18Z,mock-node,default,mock-pod,app,135.82,96.17,18.662,4.34,0.245,51100.69,37724.138,19726.884,14116.819,2.081,1.045,0.673,928.369
2026-05-27T04:21:28Z,mock-node,default,mock-pod,app,143.065,78.636,21.734,5.601,0.204,51420.523,33167.705,15471.218,16910.96,2.087,1.087,0.913,868.783
2026-05-27T04:21:38Z,mock-node,default,mock-pod,app,200.525,75.938,17.041,4.771,0.252,67010.463,37464.504,24158.585,14511.403,1.961,0.876,0.982,518.545
2026-05-27T04:21:48Z,mock-node,default,mock-pod,app,154.128,88.569,14.802,5.011,0.171,47432.018,33314.747,22065.739,11392.049,1.78,1.06,1.102,724.76
2026-05-27T04:21:58Z,mock-node,default,mock-pod,app,140.762,98.463,25.354,4.505,0.214,52426.964,36762.919,23679.17,17550.538,1.999,0.859,1.124,814.22
2026-05-27T04:22:08Z,mock-node,default,mock-pod,app,177.34,61.368,17.929,4.358,0.215,50944.978,39803.065,22393.003,12685.058,1.758,0.95,1.084,560.717
2026-05-27T04:22:18Z,mock-node,default,mock-pod,app,171.968,76.289,20.633,5.788,0.217,58700.15,39104.176,17517.113,17015.622,1.793,1.022,0.818,976.912
2026-05-27T04:22:28Z,mock-node,default,mock-pod,app,120.011,83.621,18.289,6.335,0.225,45005.029,47792.952,18372.871,13989.851,2.027,0.912,1.023,763.123
2026-05-27T04:22:38Z,mock-node,default,mock-pod,app,121.988,111.22,18.116,4.568,0.232,52101.512,49885.454,19478.738,16332.385,2.341,1.082,0.789,607.688
2026-05-27T04:22:48Z,mock-node,default,mock-pod,app,150.366,87.228,21.65,4.544,0.168,48160.737,28969.538,20155.026,12619.92,2.04,1.414,0.77,1013.43
2026-05-27T04:22:58Z,mock-node,default,mock-pod,app,128.674,107.069,16.987,5.838,0.176,40253.91,47508.722,21039.288,17398.927,1.829,0.949,1.045,808.115
2026-05-27T04:23:08Z,mock-node,default,mock-pod,app,150.021,92.798,21.301,4.372,0.226,43467.454,43762.323,17170.566,13316.689,1.952,1.17,1.091,960.192
2026-05-27T04:23:18Z,mock-node,default,mock-pod,app,182.494,89.091,26.226,5.827,0.211,54537.39,37285.8,25712.49,15592.639,1.947,0.986,0.99,793.611
2026-05-27T04:23:28Z,mock-node,default,mock-pod,app,146.636,102.428,18.303,5.261,0.227,54038.228,44404.776,18941.658,14272.477,2.157,0.808,0.916,906.478
2026-05-27T04:23:38Z,mock-node,default,mock-pod,app,147.64,82.006,16.628,4.995,0.209,47890.208,41772.029,23966.83,16082.718,2.175,1.02,1.296,706.288
2026-05-27T04:23:48Z,mock-node,default,mock-pod,app,170.952,81.933,19.131,5.335,0.203,37379.011,46313.036,21354.794,12531.332,2.013,1.051,1.13,985.891
2026-05-27T04:23:58Z,mock-node,default,mock-pod,app,137.807,77.66,17.696,4.857,0.2,33965.831,41739.765,16377.262,14536.592,2.212,0.871,0.962,615.254
2026-05-27T04:24:08Z,mock-node,default,mock-pod,app,137.217,75.515,21.952,3.664,0.162,51599.994,32698.619,23361.031,15458.867,2.038,1.066,0.803,862.482
2026-05-27T04:24:18Z,mock-node,default,mock-pod,app,173.881,83.44,15.225,4.599,0.157,53661.892,43556.676,24708.901,13147.882,1.653,0.757,0.812,1019.213
2026-05-27T04:24:28Z,mock-node,default,mock-pod,app,151.944,83.405,17.422,5.301,0.167,48547.836,47663.758,20429.623,12139.003,1.72,1.043,0.96,824.82
2026-05-27T04:24:38Z,mock-node,default,mock-pod,app,169.526,94.677,19.524,4.176,0.192,50387.617,43856.001,19682.849,12842.936,2.598,0.892,1.336,789.943
2026-05-27T04:24:48Z,mock-node,default,mock-pod,app,133.085,87.645,18.326,5.769,0.174,43877.526,28836.878,18993.209,15759.458,1.884,0.853,0.755,901.552
2026-05-27T04:24:58Z,mock-node,default,mock-pod,app,152.328,98.304,16.552,4.41,0.186,50716.913,30207.005,23505.521,15033.466,1.804,0.917,0.823,905.312
2026-05-27T04:25:08Z,mock-node,default,mock-pod,app,142.371,76.104,17.897,5.38,0.163,50586.731,45901.078,18212.512,13840.806,2.4,1.325,1.022,719.046
2026-05-27T04:25:18Z,mock-node,default,mock-pod,app,142.044,97.039,22.486,4.986,0.243,59452.899,39377.34,19585.349,14700.407,2.164,0.82,0.902,741.291
2026-05-27T04:25:28Z,mock-node,default,mock-pod,app,146.57,84.985,18.321,4.051,0.162,47909.292,32002.791,21963.303,17949.34,2.273,1.348,1.056,763.248
2026-05-27T04:25:38Z,mock-node,default,mock-pod,app,106.826,75.258,19.974,5.054,0.169,40940.632,43653.803,18220.492,12779.069,1.926,0.967,1.074,920.295
2026-05-27T04:25:48Z,mock-node,default,mock-pod,app,129.098,98.07,22.813,4.753,0.209,46425.957,41084.131,22766.487,19964.773,2.352,0.789,0.994,699.04
2026-05-27T04:25:58Z,mock-node,default,mock-pod,app,128.236,106.383,17.236,3.736,0.201,40662.853,33071.422,15621.264,13407.833,2.098,0.68,0.93,739.737
2026-05-27T04:26:08Z,mock-node,default,mock-pod,app,137.922,77.616,15.366,4.307,0.155,61966.341,43251.555,25584.99,13446.335,1.97,0.95,0.973,764.62
2026-05-27T04:26:18Z,mock-node,default,mock-pod,app,156.142,89.805,16.426,6.164,0.209,54133.617,44197.648,25069.042,14588.22,1.93,0.843,0.866,629.453
2026-05-27T04:26:28Z,mock-node,default,mock-pod,app,117.009,83.231,16.837,4.347,0.173,51280.126,55989.995,20086.121,16073.321,1.915,1.083,1.149,718.826
2026-05-27T04:26:38Z,mock-node,default,mock-pod,app,134.098,98.258,22.371,4.655,0.169,53236.069,39413.661,18230.405,18250.207,2.175,0.908,1.171,868.067
2026-05-27T04:26:48Z,mock-node,default,mock-pod,app,152.525,98.34,25.307,4.351,0.179,50389.432,42080.601,18650.231,14108.888,1.621,1.057,1.005,796.578
2026-05-27T04:26:58Z,mock-node,default,mock-pod,app,179.993,95.403,24.196,5.524,0.148,59106.134,42427.183,15581.831,15879.441,1.753,1.119,1.089,733.985
2026-05-27T04:27:08Z,mock-node,default,mock-pod,app,177.765,101.032,27.877,6.159,0.198,43889.233,33626.004,19142.298,16760.766,1.822,0.997,1.161,1030.503
2026-05-27T04:27:18Z,mock-node,default,mock-pod,app,119.888,81.976,18.573,4.093,0.151,55228.368,42614.679,19670.634,12383.873,2.148,0.834,0.983,787.906
2026-05-27T04:27:28Z,mock-node,default,mock-pod,app,116.744,96.113,16.332,5.758,0.28,46125.147,28475.8,17027.158,19994.065,2.111,1.051,1.181,848.458
2026-05-27T04:27:38Z,mock-node,default,mock-pod,app,120.59,112.607,25.014,5.981,0.225,52389.299,29707.451,22128.66,13868.873,2.041,0.928,0.986,568.561
2026-05-27T04:27:48Z,mock-node,default,mock-pod,app,121.109,102.453,21.552,4.683,0.199,38793.096,51418.916,21927.883,17567.59,1.566,1.001,1.088,675.839
2026-05-27T04:27:58Z,mock-node,default,mock-pod,app,154.649,59.219,20.032,4.158,0.213,62690.663,40760.634,21005.238,14936.653,2.049,0.847,1.059,759.158
2026-05-27T04:28:08Z,mock-node,default,mock-pod,app,136.658,98.497,18.29,6.2,0.228,39196.236,38314.211,20872.256,16198.805,2.072,1.153,0.995,1006.85
2026-05-27T04:28:18Z,mock-node,default,mock-pod,app,166.389,104.154,22.471,4.743,0.206,32768.477,41524.143,15065.488,15380.475,2.421,1.101,1.038,744.004
2026-05-27T04:28:28Z,mock-node,default,mock-pod,app,128.723,93.537,20.022,4.6,0.163,52600.682,33887.678,19326.273,9816.01,2.173,1.114,1.154,639.98
2026-05-27T04:28:38Z,mock-node,default,mock-pod,app,110.614,80.09,23.798,4.866,0.194,58707.418,38809.189,22428.254,14206.169,1.983,1.136,1.049,906.83
2026-05-27T04:28:48Z,mock-node,default,mock-pod,app,167.574,86.724,24.665,6.998,0.229,46327.854,44716.007,20918.633,8900.343,1.494,1.016,1.14,850.658
2026-05-27T04:28:58Z,mock-node,default,mock-pod,app,108.562,94.756,17.265,5.417,0.165,52425.354,46218.207,21757.651,13902.164,2.138,0.97,0.972,1017.268
2026-05-27T04:29:08Z,mock-node,default,mock-pod,app,201.196,75.442,24.309,6.454,0.189,50936.193,37444.38,21352.452,13672.247,2.057,0.999,0.926,686.381
2026-05-27T04:29:18Z,mock-node,default,mock-pod,app,148.009,102.267,19.751,4.694,0.199,44069.308,26913.793,23300.443,19220.635,1.994,1.072,0.875,649.916
2026-05-27T04:29:28Z,mock-node,default,mock-pod,app,124.096,91.829,24.704,5.505,0.24,68113.875,36156.805,21155.866,13808.064,1.851,0.921,0.791,900.167
2026-05-27T04:29:38Z,mock-node,default,mock-pod,app,170.804,105.908,14.469,5.298,0.152,41561.424,50161.882,18194.155,14752.833,1.866,1.021,1.05,724.408
2026-05-27T04:29:48Z,mock-node,default,mock-pod,app,143.166,84.396,22.717,5.295,0.222,47168.452,52188.704,20205.389,16124.08,2.158,0.973,1.126,752.337
2026-05-27T04:29:58Z,mock-node,default,mock-pod,app,125.303,79.654,22.981,4.471,0.227,54302.568,36117.377,23106.921,9048.473,1.794,0.878,0.985,694.651
2026-05-27T04:30:08Z,mock-node,default,mock-pod,app,147.923,93.686,21.109,4.771,0.185,51094.812,45017.085,14245.18,17305.876,1.964,1.21,0.786,629.987
2026-05-27T04:30:18Z,mock-node,default,mock-pod,app,117.229,65.94,19.043,5.09,0.199,49937.47,44717.721,19104.498,11770.228,1.997,1.108,1.093,601.207
2026-05-27T04:30:28Z,mock-node,default,mock-pod,app,191.5,104.584,24.477,4.419,0.158,53086.321,33501.509,23658.023,14290.241,1.939,1.041,1.13,894.726
2026-05-27T04:30:38Z,mock-node,default,mock-pod,app,146.132,84.495,24.512,5.456,0.204,50493.773,26193.829,15327.362,10670.922,1.497,1.029,1.237,684.588
2026-05-27T04:30:48Z,mock-node,default,mock-pod,app,142.325,71.888,17.724,5.622,0.237,51412.219,38305.694,26687.021,15934.307,1.832,0.858,1.229,840.876
2026-05-27T04:30:58Z,mock-node,default,mock-pod,app,156.326,77.3,16.91,3.98,0.236,52165.277,43319.23,23789.132,14773.503,2.148,0.915,0.956,685.857
2026-05-27T04:31:08Z,mock-node,default,mock-pod,app,135.818,90.71,17.708,5.674,0.173,54427.814,31697.488,21460.113,16205.71,1.833,1.138,0.852,966.697
2026-05-27T04:31:18Z,mock-node,default,mock-pod,app,149.249,88.016,24.288,4.422,0.148,43791.925,47515.626,20342.14,15072.619,1.363,0.899,1.354,551.539
2026-05-27T04:31:28Z,mock-node,default,mock-pod,app,103.366,62.328,17.948,4.214,0.183,57375.83,32945.66,16660.314,14142.943,1.728,1.024,0.81,898.579
2026-05-27T04:31:38Z,mock-node,default,mock-pod,app,184.001,104.574,20.718,4.523,0.188,40261.841,38206.283,19450.133,16590.625,1.992,1.316,0.682,829.16
2026-05-27T04:31:48Z,mock-node,default,mock-pod,app,128.812,94.145,20.309,5.116,0.139,59224.393,33255.438,18938.969,19527.215,1.593,0.889,1.233,941.761
2026-05-27T04:31:58Z,mock-node,default,mock-pod,app,135.425,102.36,19.598,4.224,0.182,34681.239,41276.983,19727.071,14968.232,1.154,1.147,0.834,819.994
2026-05-27T04:32:08Z,mock-node,default,mock-pod,app,158.448,71.716,17.14,4.868,0.196,55349.0,50959.221,22806.378,15846.597,1.961,1.156,1.276,679.248
2026-05-27T04:32:18Z,mock-node,default,mock-pod,app,141.843,91.525,20.196,5.181,0.151,57540.366,36510.777,20694.907,15356.602,2.124,0.952,0.866,960.164
2026-05-27T04:32:28Z,mock-node,default,mock-pod,app,134.097,73.055,19.291,5.606,0.201,48867.076,41104.778,23152.59,14868.156,1.695,1.164,1.071,679.025
2026-05-27T04:32:38Z,mock-node,default,mock-pod,app,141.445,68.322,23.753,5.78,0.205,34667.732,41385.775,22658.146,11809.529,2.196,1.008,0.949,886.027
2026-05-27T04:32:48Z,mock-node,default,mock-pod,app,160.826,113.215,18.277,4.799,0.21,47190.04,46083.411,22011.718,17514.598,1.805,0.979,1.131,777.73
2026-05-27T04:32:58Z,mock-node,default,mock-pod,app,125.645,79.751,11.655,6.319,0.184,43928.717,34699.675,18757.663,14581.516,2.276,1.042,0.929,701.983
2026-05-27T04:33:08Z,mock-node,default,mock-pod,app,145.464,93.881,18.976,4.306,0.202,38953.368,46723.123,19324.333,14198.901,2.667,0.939,1.081,825.57
2026-05-27T04:33:18Z,mock-node,default,mock-pod,app,99.616,73.354,20.46,5.259,0.185,53047.425,35620.291,21761.145,13813.826,1.903,0.709,1.192,820.436
2026-05-27T04:33:28Z,mock-node,default,mock-pod,app,186.774,76.88,22.92,6.342,0.203,47941.755,35340.463,20216.421,13231.681,2.179,0.951,1.003,766.317
2026-05-27T04:33:38Z,mock-node,default,mock-pod,app,151.453,83.389,19.552,4.784,0.179,42879.709,31724.586,20344.779,15509.667,2.448,0.957,1.025,1083.569
2026-05-27T04:33:48Z,mock-node,default,mock-pod,app,142.938,105.337,20.988,4.72,0.184,46906.773,37442.494,20132.608,15428.156,1.404,0.689,0.881,864.495
2026-05-27T04:33:58Z,mock-node,default,mock-pod,app,143.542,96.691,17.977,6.028,0.182,45130.214,28480.171,21741.732,17635.742,2.572,0.973,0.829,1013.727
2026-05-27T04:34:08Z,mock-node,default,mock-pod,app,130.622,97.11,23.875,3.797,0.23,56978.936,44600.047,24813.128,16022.179,2.079,1.186,0.914,589.171
2026-05-27T04:34:18Z,mock-node,default,mock-pod,app,132.168,95.843,25.601,4.108,0.148,59194.423,44060.476,18765.836,15222.424,1.961,0.953,1.016,605.155
2026-05-27T04:34:28Z,mock-node,default,mock-pod,app,133.689,84.157,16.431,5.446,0.204,60551.738,37409.501,19556.917,15083.254,1.45,0.913,1.028,946.126
2026-05-27T04:34:38Z,mock-node,default,mock-pod,app,117.74,88.756,15.284,4.23,0.246,47752.297,38319.608,16636.327,13190.553,2.415,1.026,1.109,657.749
2026-05-27T04:34:48Z,mock-node,default,mock-pod,app,110.577,95.804,22.187,5.451,0.21,52724.068,39057.261,20094.266,11112.344,1.986,1.142,1.126,923.198
2026-05-27T04:34:58Z,mock-node,default,mock-pod,app,150.611,95.305,18.176,4.917,0.235,53454.722,59702.648,22752.389,12200.232,1.861,0.846,1.022,750.927
2026-05-27T04:35:08Z,mock-node,default,mock-pod,app,143.987,83.504,14.245,3.759,0.199,50254.629,31161.032,19738.3,18690.289,1.884,1.264,0.948,937.072
2026-05-27T04:35:18Z,mock-node,default,mock-pod,app,119.013,89.515,20.842,5.177,0.221,46292.519,48549.841,19557.55,12950.833,2.283,0.843,0.458,972.507
2026-05-27T04:35:28Z,mock-node,default,mock-pod,app,115.012,112.311,19.982,4.465,0.199,53965.633,36691.776,16236.59,16681.105,2.068,1.065,0.969,673.598
2026-05-27T04:35:38Z,mock-node,default,mock-pod,app,144.114,67.509,22.762,4.922,0.219,54447.674,43514.664,19621.601,14810.675,1.674,1.087,0.716,645.476
2026-05-27T04:35:48Z,mock-node,default,mock-pod,app,150.319,87.331,21.226,5.456,0.213,50868.384,54778.738,25506.483,16182.633,2.81,1.166,0.949,706.156
2026-05-27T04:35:58Z,mock-node,default,mock-pod,app,123.646,74.675,20.814,4.631,0.244,44158.136,42017.707,19449.498,18601.062,1.796,1.114,1.229,767.051
2026-05-27T04:36:08Z,mock-node,default,mock-pod,app,126.73,85.489,17.879,5.406,0.226,52890.837,36933.49,20230.38,17509.568,1.489,0.775,0.906,737.511
2026-05-27T04:36:18Z,mock-node,default,mock-pod,app,134.804,108.129,26.213,4.211,0.178,47271.521,42252.814,18375.324,16460.149,1.853,1.021,1.027,697.391
2026-05-27T04:36:28Z,mock-node,default,mock-pod,app,158.136,84.63,14.155,3.418,0.231,57061.794,39829.145,20518.481,15753.25,1.979,1.135,1.128,794.523
2026-05-27T04:36:38Z,mock-node,default,mock-pod,app,180.643,117.266,16.517,4.36,0.212,42195.357,41408.965,15925.661,15246.33,2.02,1.003,0.973,816.895
2026-05-27T04:36:48Z,mock-node,default,mock-pod,app,128.63,93.485,19.537,6.562,0.22,53907.892,49756.288,21371.367,17748.291,2.117,1.175,0.973,646.074
2026-05-27T04:36:58Z,mock-node,default,mock-pod,app,162.595,81.035,15.955,4.705,0.239,44834.269,46773.635,20495.748,16968.722,2.022,1.116,0.919,569.116
2026-05-27T04:37:08Z,mock-node,default,mock-pod,app,176.925,88.151,18.619,6.094,0.196,60069.586,32197.798,21808.593,14945.011,2.056,1.013,0.997,799.934
2026-05-27T04:37:18Z,mock-node,default,mock-pod,app,150.417,82.74,20.651,4.383,0.189,50400.528,40150.568,20102.745,14490.728,1.953,1.111,1.099,942.874
2026-05-27T04:37:28Z,mock-node,default,mock-pod,app,144.16,79.945,18.725,5.16,0.2,29054.591,36718.193,18414.969,13625.428,1.503,1.286,1.074,1051.336
2026-05-27T04:37:38Z,mock-node,default,mock-pod,app,117.528,99.335,19.046,4.996,0.238,59908.631,33885.198,16961.536,19058.282,1.774,0.712,1.219,637.937
2026-05-27T04:37:48Z,mock-node,default,mock-pod,app,150.985,102.362,23.76,4.999,0.211,47166.922,39530.472,27571.251,12616.233,2.002,0.912,0.855,809.016
2026-05-27T04:37:58Z,mock-node,default,mock-pod,app,179.104,75.155,18.257,6.416,0.212,55615.095,44404.304,20406.969,14946.88,1.88,0.923,1.263,1029.689
2026-05-27T04:38:08Z,mock-node,default,mock-pod,app,180.792,94.186,25.002,4.472,0.225,45830.921,46761.491,16976.41,15791.879,1.856,0.988,0.906,746.235
2026-05-27T04:38:18Z,mock-node,default,mock-pod,app,128.564,92.864,22.213,5.388,0.197,49227.746,46179.349,25945.223,14498.338,2.031,0.974,0.773,772.145
2026-05-27T04:38:28Z,mock-node,default,mock-pod,app,146.297,93.152,19.996,4.53,0.173,55030.525,33822.663,15463.595,16047.651,2.427,1.113,1.134,733.084
2026-05-27T04:38:38Z,mock-node,default,mock-pod,app,126.188,90.707,16.728,5.664,0.157,44880.571,38239.117,18921.046,15280.547,1.625,1.197,1.29,843.006
2026-05-27T04:38:48Z,mock-node,default,mock-pod,app,186.201,77.932,24.025,4.775,0.189,41081.707,35102.676,12971.832,15237.313,2.429,1.052,1.143,880.486
2026-05-27T04:38:58Z,mock-node,default,mock-pod,app,174.642,112.385,18.416,5.532,0.216,59215.23,41887.2,24086.711,13953.835,1.965,1.042,1.063,975.951
2026-05-27T04:39:08Z,mock-node,default,mock-pod,app,159.42,71.117,19.448,3.782,0.172,42557.049,27006.755,17848.947,11696.671,1.861,0.974,0.895,767.428
2026-05-27T04:39:18Z,mock-node,default,mock-pod,app,123.53,99.043,21.35,5.578,0.217,35761.897,40118.912,18167.878,11994.25,2.435,1.135,0.825,1010.491
2026-05-27T04:39:28Z,mock-node,default,mock-pod,app,122.188,97.886,13.368,3.654,0.23,55532.199,46628.844,17578.95,13170.758,1.947,1.213,0.806,794.827
2026-05-27T04:39:38Z,mock-node,default,mock-pod,app,150.743,74.079,15.014,5.139,0.235,40899.281,45206.698,16068.5,16693.721,1.975,1.059,1.07,782.636
2026-05-27T04:39:48Z,mock-node,default,mock-pod,app,140.544,117.577,22.294,4.766,0.196,41621.218,40080.618,23453.286,15396.667,1.899,1.238,0.714,830.699
2026-05-27T04:39:58Z,mock-node,default,mock-pod,app,138.176,107.694,24.347,3.562,0.209,73659.408,54250.248,23299.103,14632.701,1.757,1.019,0.933,805.89
2026-05-27T04:40:08Z,mock-node,default,mock-pod,app,137.844,85.01,21.376,4.902,0.118,70427.718,52636.051,20722.317,16557.177,1.942,0.968,0.848,1013.141
2026-05-27T04:40:18Z,mock-node,default,mock-pod,app,134.612,98.961,16.396,4.247,0.201,41584.284,37785.348,17541.384,15080.672,1.942,0.921,0.995,1024.461
2026-05-27T04:40:28Z,mock-node,default,mock-pod,app,155.364,90.308,25.005,6.131,0.195,46453.218,19540.993,14975.232,10470.985,1.545,1.226,0.569,746.201
2026-05-27T04:40:38Z,mock-node,default,mock-pod,app,155.158,98.96,17.998,6.195,0.191,36639.927,39542.192,22984.345,13260.454,2.513,1.07,1.216,732.309
2026-05-27T04:40:48Z,mock-node,default,mock-pod,app,153.157,81.611,21.818,5.063,0.234,47285.185,23961.977,22707.865,14485.515,2.308,0.72,0.915,910.735
2026-05-27T04:40:58Z,mock-node,default,mock-pod,app,134.473,71.341,18.38,4.233,0.196,47561.401,37414.042,20309.329,19970.231,1.667,1.054,1.088,853.111
2026-05-27T04:41:08Z,mock-node,default,mock-pod,app,166.306,64.924,24.481,5.383,0.238,60607.63,40731.044,19876.551,13234.908,1.887,0.98,1.123,732.457
2026-05-27T04:41:18Z,mock-node,default,mock-pod,app,94.156,74.297,21.926,5.118,0.119,53454.305,41115.879,22593.525,12313.823,2.029,0.971,0.886,864.879
2026-05-27T04:41:28Z,mock-node,default,mock-pod,app,169.397,108.579,15.631,5.205,0.18,43203.384,43617.065,19360.509,12825.414,2.195,1.001,0.958,845.427
2026-05-27T04:41:38Z,mock-node,default,mock-pod,app,174.715,93.573,21.616,6.04,0.182,60220.431,35925.022,19931.017,16572.296,1.392,0.807,0.967,789.378
2026-05-27T04:41:48Z,mock-node,default,mock-pod,app,205.583,91.374,20.396,5.063,0.147,45619.216,37716.409,20747.648,16101.669,2.143,1.135,0.994,797.227
2026-05-27T04:41:58Z,mock-node,default,mock-pod,app,112.504,77.614,22.738,3.424,0.201,44791.854,48628.189,22362.638,10320.192,2.144,1.166,1.306,822.822
2026-05-27T04:42:08Z,mock-node,default,mock-pod,app,149.305,67.636,22.981,4.139,0.18,51428.481,42477.817,15060.078,13133.266,1.947,0.903,0.977,797.78
2026-05-27T04:42:18Z,mock-node,default,mock-pod,app,173.074,61.193,20.21,4.064,0.211,58354.408,33420.121,22420.716,14071.903,1.242,0.884,1.121,758.383
2026-05-27T04:42:28Z,mock-node,default,mock-pod,app,151.204,79.736,23.998,5.009,0.216,45707.895,42677.48,19111.855,17057.529,2.18,0.92,0.984,732.0
2026-05-27T04:42:38Z,mock-node,default,mock-pod,app,120.204,85.528,16.94,5.109,0.199,48851.63,36439.818,18209.452,17300.63,2.103,0.97,1.015,782.846
2026-05-27T04:42:48Z,mock-node,default,mock-pod,app,166.379,102.809,23.664,4.259,0.223,46351.318,30356.566,20273.779,12858.02,1.586,1.016,0.939,828.224
2026-05-27T04:42:58Z,mock-node,default,mock-pod,app,162.058,94.042,27.337,5.17,0.232,54572.104,36516.851,19185.216,12174.352,1.935,1.079,0.947,847.237
2026-05-27T04:43:08Z,mock-node,default,mock-pod,app,148.845,90.765,20.138,5.095,0.172,48907.686,32103.397,21414.717,16268.255,1.649,1.337,1.15,714.129
2026-05-27T04:43:18Z,mock-node,default,mock-pod,app,131.591,77.515,23.017,4.71,0.141,41902.438,41150.261,20812.474,16345.533,1.915,0.643,1.02,839.437
2026-05-27T04:43:28Z,mock-node,default,mock-pod,app,171.484,81.0,22.954,6.069,0.16,50883.754,43882.039,19624.685,14716.791,2.196,1.145,0.965,662.166
2026-05-27T04:43:38Z,mock-node,default,mock-pod,app,148.625,96.884,22.506,5.294,0.21,57515.978,36097.969,21249.062,9965.673,1.917,0.972,1.028,799.812
2026-05-27T04:43:48Z,mock-node,default,mock-pod,app,135.289,70.974,22.851,4.806,0.246,55211.265,48262.412,17361.151,17752.078,2.393,0.982,0.888,891.643
2026-05-27T04:43:58Z,mock-node,default,mock-pod,app,142.199,95.116,21.959,5.171,0.179,45399.544,32549.164,18619.049,16694.632,1.901,0.854,0.942,881.077
2026-05-27T04:44:08Z,mock-node,default,mock-pod,app,134.546,95.798,18.726,5.289,0.226,46850.249,33725.596,16803.984,12567.239,2.094,1.123,1.138,635.653
2026-05-27T04:44:18Z,mock-node,default,mock-pod,app,106.692,102.529,17.095,5.293,0.218,52390.1,41280.24,20541.115,15139.828,1.977,1.057,0.682,810.711
2026-05-27T04:44:28Z,mock-node,default,mock-pod,app,180.584,85.592,18.221,5.089,0.194,50804.379,31619.845,19519.026,13851.364,1.223,1.126,0.871,989.22
2026-05-27T04:44:38Z,mock-node,default,mock-pod,app,153.488,85.645,18.889,5.79,0.221,58307.542,41247.183,22416.63,12506.085,1.793,0.972,1.118,520.055
2026-05-27T04:44:48Z,mock-node,default,mock-pod,app,132.393,96.184,18.871,4.007,0.193,72819.077,34716.925,19031.91,17144.297,2.021,1.09,1.215,1119.689
2026-05-27T04:44:58Z,mock-node,default,mock-pod,app,133.774,87.317,20.344,5.417,0.197,47166.104,43831.139,15820.147,16437.397,2.17,1.153,1.01,1033.528
2026-05-27T04:45:08Z,mock-node,default,mock-pod,app,143.204,107.204,21.412,5.508,0.222,53910.329,36865.727,15800.263,15587.433,2.126,1.402,0.846,781.512
2026-05-27T04:45:18Z,mock-node,default,mock-pod,app,121.92,94.268,19.163,6.046,0.146,48887.629,42584.184,19076.843,12080.517,1.92,0.813,0.978,814.564
2026-05-27T04:45:28Z,mock-node,default,mock-pod,app,155.281,101.914,17.318,3.127,0.136,42853.731,51148.668,16874.817,12368.003,2.185,1.0,1.057,667.745
2026-05-27T04:45:38Z,mock-node,default,mock-pod,app,166.824,88.695,20.921,5.871,0.211,42884.503,37653.78,14228.431,15279.156,2.082,1.172,1.04,875.55
2026-05-27T04:45:48Z,mock-node,default,mock-pod,app,163.343,101.462,16.824,5.207,0.174,53920.103,52812.168,21272.103,16549.063,2.329,0.818,0.973,825.086
2026-05-27T04:45:58Z,mock-node,default,mock-pod,app,153.184,98.109,18.745,4.592,0.23,50585.238,48778.082,18710.755,18258.022,1.626,0.826,0.87,799.78
2026-05-27T04:46:08Z,mock-node,default,mock-pod,app,108.93,92.739,19.157,3.517,0.241,52208.282,34187.912,19334.39,16396.786,1.558,0.808,1.041,806.23
2026-05-27T04:46:18Z,mock-node,default,mock-pod,app,127.919,93.594,14.548,4.602,0.213,36291.869,31912.325,17124.386,17962.048,1.773,1.164,1.196,737.326
2026-05-27T04:46:28Z,mock-node,default,mock-pod,app,112.364,81.665,18.048,4.895,0.204,31167.885,43075.819,25659.535,15422.85,2.208,0.956,0.764,928.578
2026-05-27T04:46:38Z,mock-node,default,mock-pod,app,139.847,85.132,21.729,5.227,0.218,41532.19,48372.504,18035.301,16267.343,1.768,0.981,0.896,935.408
2026-05-27T04:46:48Z,mock-node,default,mock-pod,app,167.032,118.402,11.867,4.025,0.256,57883.929,39946.317,16240.65,16728.288,2.487,1.124,0.855,675.919
2026-05-27T04:46:58Z,mock-node,default,mock-pod,app,170.736,76.635,19.188,5.441,0.228,48379.393,37404.994,17400.976,17001.978,2.776,0.916,1.171,1052.625
2026-05-27T04:47:08Z,mock-node,default,mock-pod,app,122.282,97.424,21.041,4.066,0.212,52181.163,45030.589,14774.624,16573.593,1.89,1.171,1.172,865.78
2026-05-27T04:47:18Z,mock-node,default,mock-pod,app,163.745,98.585,15.042,6.076,0.192,46312.021,39800.145,22254.667,14476.188,1.721,0.816,0.833,754.822
2026-05-27T04:47:28Z,mock-node,default,mock-pod,app,175.328,96.968,17.72,5.426,0.199,36168.104,40127.475,22925.696,15454.388,1.887,0.85,1.054,762.599
2026-05-27T04:47:38Z,mock-node,default,mock-pod,app,163.707,78.425,21.527,4.301,0.192,51797.222,43770.409,24168.645,15324.247,2.187,0.97,0.738,822.288
2026-05-27T04:47:48Z,mock-node,default,mock-pod,app,171.794,85.689,17.357,4.662,0.19,40869.004,27636.144,20745.965,13360.041,2.009,1.268,1.038,765.05
2026-05-27T04:47:58Z,mock-node,default,mock-pod,app,164.969,88.67,15.311,5.49,0.217,44932.985,45948.348,18876.958,16231.196,2.096,1.107,0.973,664.169
2026-05-27T04:48:08Z,mock-node,default,mock-pod,app,183.317,59.135,16.627,5.171,0.183,37647.899,43012.055,20053.749,8768.037,2.226,1.02,0.976,852.705
2026-05-27T04:48:18Z,mock-node,default,mock-pod,app,162.068,84.515,17.918,5.124,0.251,52320.804,43503.797,17135.765,11928.822,2.128,0.866,1.06,848.798
2026-05-27T04:48:28Z,mock-node,default,mock-pod,app,147.069,104.536,16.987,4.72,0.209,57182.22,31520.159,18181.305,16802.267,1.307,1.028,0.827,624.93
2026-05-27T04:48:38Z,mock-node,default,mock-pod,app,159.694,97.122,19.954,4.875,0.248,49646.396,45952.735,18223.595,12432.854,2.512,1.087,1.055,744.486
2026-05-27T04:48:48Z,mock-node,default,mock-pod,app,120.327,66.476,18.364,4.98,0.247,60766.01,45911.736,23023.546,14443.489,2.217,0.843,1.093,910.107
2026-05-27T04:48:58Z,mock-node,default,mock-pod,app,152.713,101.58,15.332,4.589,0.226,56775.143,32440.927,22922.579,18128.319,1.141,1.025,0.967,792.406
2026-05-27T04:49:08Z,mock-node,default,mock-pod,app,144.224,102.217,19.073,5.804,0.209,48700.611,33464.064,16242.291,14925.963,1.588,1.142,0.999,848.963
2026-05-27T04:49:18Z,mock-node,default,mock-pod,app,186.623,81.386,18.236,6.003,0.24,53597.207,38171.207,21881.963,13521.179,2.095,0.997,1.014,828.341
2026-05-27T04:49:28Z,mock-node,default,mock-pod,app,172.283,85.685,22.905,3.996,0.203,50210.502,38904.986,13510.652,16633.597,1.523,1.12,1.029,912.272
2026-05-27T04:49:38Z,mock-node,default,mock-pod,app,99.182,102.656,16.979,3.863,0.16,46623.972,44132.976,20301.058,14963.911,1.71,1.228,1.059,954.87
2026-05-27T04:49:48Z,mock-node,default,mock-pod,app,162.596,115.71,23.679,5.044,0.213,54810.012,44047.06,19606.713,17669.471,1.955,0.988,1.01,703.059
2026-05-27T04:49:58Z,mock-node,default,mock-pod,app,174.986,103.439,18.933,6.406,0.23,45507.555,32082.619,19067.676,16105.274,2.459,1.094,1.17,1089.296
2026-05-27T04:50:08Z,mock-node,default,mock-pod,app,146.837,113.34,22.434,4.685,0.262,54551.53,38270.363,16133.61,17565.712,1.577,1.228,0.878,914.84
2026-05-27T04:50:18Z,mock-node,default,mock-pod,app,175.791,106.039,22.388,5.935,0.216,50058.469,42324.136,23661.588,18603.221,2.156,1.116,1.123,898.08
2026-05-27T04:50:28Z,mock-node,default,mock-pod,app,162.667,73.779,23.425,4.682,0.19,43720.563,39706.783,15673.158,13346.382,1.684,1.271,0.953,646.866
2026-05-27T04:50:38Z,mock-node,default,mock-pod,app,182.946,101.803,16.132,3.654,0.218,62075.496,45976.426,18779.616,15411.956,1.99,1.1,0.755,1003.46
2026-05-27T04:50:48Z,mock-node,default,mock-pod,app,131.411,105.107,22.586,6.68,0.209,36878.059,36535.904,18090.144,13990.051,2.48,0.86,1.096,811.183
2026-05-27T04:50:58Z,mock-node,default,mock-pod,app,173.455,116.759,22.053,5.487,0.177,40597.988,37084.3,23771.815,15151.759,2.094,1.016,1.156,806.6
2026-05-27T04:51:08Z,mock-node,default,mock-pod,app,162.354,105.144,20.103,3.173,0.204,59425.07,50046.502,14915.145,15866.058,1.865,0.812,0.827,689.384
2026-05-27T04:51:18Z,mock-node,default,mock-pod,app,113.343,102.736,24.113,4.306,0.176,56127.613,45389.491,20111.253,16643.406,2.159,1.282,1.082,860.742
2026-05-27T04:51:28Z,mock-node,default,mock-pod,app,141.088,85.747,17.97,4.923,0.185,60032.774,39853.999,23777.052,15719.336,1.867,1.159,0.89,635.171
2026-05-27T04:51:38Z,mock-node,default,mock-pod,app,144.87,99.885,19.393,5.871,0.184,53924.4,43020.413,17700.206,13947.669,2.364,0.896,0.946,759.322
2026-05-27T04:51:48Z,mock-node,default,mock-pod,app,144.549,57.492,20.182,6.255,0.19,43400.498,45442.475,16673.132,13712.513,1.429,0.798,0.66,839.817
2026-05-27T04:51:58Z,mock-node,default,mock-pod,app,132.813,112.749,17.887,4.941,0.257,41230.166,35415.289,22955.667,13623.395,1.986,1.167,0.867,810.901
2026-05-27T04:52:08Z,mock-node,default,mock-pod,app,120.161,90.926,20.732,4.682,0.185,43490.92,41353.573,21431.422,13360.301,2.094,1.098,0.849,868.006
2026-05-27T04:52:18Z,mock-node,default,mock-pod,app,138.415,89.601,19.532,4.932,0.14,53257.801,36840.906,19533.862,17297.035,2.025,1.047,0.888,655.598
2026-05-27T04:52:28Z,mock-node,default,mock-pod,app,189.691,72.213,21.605,4.165,0.202,39408.799,40330.795,18748.865,14540.12,1.822,1.14,0.939,691.54
2026-05-27T04:52:38Z,mock-node,default,mock-pod,app,143.344,93.125,22.839,5.825,0.219,50591.194,31259.824,15953.224,17029.585,1.859,0.97,0.865,681.062
2026-05-27T04:52:48Z,mock-node,default,mock-pod,app,145.923,103.982,22.746,4.921,0.204,52936.248,49818.811,23436.763,16380.302,1.909,1.059,0.932,752.718
2026-05-27T04:52:58Z,mock-node,default,mock-pod,app,163.402,121.236,16.723,4.844,0.17,50747.287,43063.191,20182.344,15757.239,2.194,0.847,1.332,875.307
2026-05-27T04:53:08Z,mock-node,default,mock-pod,app,131.343,102.379,23.272,4.9,0.228,51715.184,45324.866,22441.702,14893.208,1.984,1.031,0.885,906.162
2026-05-27T04:53:18Z,mock-node,default,mock-pod,app,151.973,71.745,21.001,7.23,0.165,46563.231,42926.044,23129.588,13602.657,1.94,1.077,1.178,738.876
2026-05-27T04:53:28Z,mock-node,default,mock-pod,app,174.103,89.13,15.046,5.48,0.254,56821.649,29122.502,20702.115,18200.458,2.023,1.238,0.704,684.979
2026-05-27T04:53:38Z,mock-node,default,mock-pod,app,132.375,80.56,22.129,4.19,0.168,57661.828,38101.27,15017.488,16237.254,1.913,0.935,1.058,852.061
2026-05-27T04:53:48Z,mock-node,default,mock-pod,app,144.642,73.403,19.328,4.766,0.185,50326.613,42200.765,19530.567,15704.923,2.118,1.059,1.157,637.526
2026-05-27T04:53:58Z,mock-node,default,mock-pod,app,132.079,98.109,28.644,4.025,0.213,47007.627,42611.563,23642.485,14758.603,2.292,1.166,1.045,848.167
2026-05-27T04:54:08Z,mock-node,default,mock-pod,app,148.094,91.427,13.76,5.343,0.184,49746.459,39808.73,19976.512,13344.035,1.959,0.901,0.884,816.546
2026-05-27T04:54:18Z,mock-node,default,mock-pod,app,169.932,108.734,19.511,5.735,0.254,49164.714,38351.268,20818.239,12690.024,1.913,1.076,1.0,820.537
2026-05-27T04:54:28Z,mock-node,default,mock-pod,app,160.909,78.34,16.453,4.666,0.188,60734.575,40446.68,19347.159,15481.036,1.752,0.86,1.121,939.556
2026-05-27T04:54:38Z,mock-node,default,mock-pod,app,94.555,94.2,22.999,4.975,0.272,62899.305,35742.034,20734.908,13923.7,1.888,1.15,0.936,969.181
2026-05-27T04:54:48Z,mock-node,default,mock-pod,app,144.744,99.91,25.805,4.272,0.214,59835.82,44008.609,23237.354,18535.253,1.822,1.04,0.947,834.75
2026-05-27T04:54:58Z,mock-node,default,mock-pod,app,113.795,99.18,23.509,3.203,0.202,40149.644,39173.046,21900.506,18640.999,2.137,0.999,1.176,990.691
2026-05-27T04:55:08Z,mock-node,default,mock-pod,app,171.613,91.824,18.393,5.412,0.21,42144.2,40346.047,26094.436,16208.729,2.279,0.897,1.027,869.447
2026-05-27T04:55:18Z,mock-node,default,mock-pod,app,157.499,116.365,16.452,5.753,0.187,40190.187,31391.743,23101.805,14172.783,1.415,1.19,0.877,888.749
2026-05-27T04:55:28Z,mock-node,default,mock-pod,app,155.96,98.748,20.732,5.231,0.241,50689.65,41548.84,18213.606,18529.805,1.735,0.872,1.034,795.675
2026-05-27T04:55:38Z,mock-node,default,mock-pod,app,144.404,83.224,22.352,5.895,0.257,54300.084,40262.392,21983.267,16649.55,2.043,1.011,1.083,941.88
2026-05-27T04:55:48Z,mock-node,default,mock-pod,app,159.979,86.691,20.317,6.049,0.173,51795.743,47675.705,24532.568,14428.864,1.868,1.338,0.915,873.156
2026-05-27T04:55:58Z,mock-node,default,mock-pod,app,181.134,104.901,17.0,4.885,0.162,46444.403,45389.675,16756.272,17749.368,2.308,0.933,1.377,1008.051
2026-05-27T04:56:08Z,mock-node,default,mock-pod,app,161.378,96.628,24.003,4.037,0.159,64370.027,37493.763,24341.105,16016.945,2.669,0.937,0.912,821.288
2026-05-27T04:56:18Z,mock-node,default,mock-pod,app,186.724,64.976,20.776,5.364,0.222,49447.28,43247.948,21612.565,16399.104,1.999,1.298,1.106,788.208
2026-05-27T04:56:28Z,mock-node,default,mock-pod,app,143.382,90.93,20.253,4.091,0.141,51178.717,40190.297,20364.161,15578.22,2.329,1.048,1.156,759.23
2026-05-27T04:56:38Z,mock-node,default,mock-pod,app,146.682,105.36,23.596,3.655,0.21,40682.868,36762.023,18612.139,15196.038,1.691,1.257,1.037,771.927
2026-05-27T04:56:48Z,mock-node,default,mock-pod,app,126.411,87.802,17.041,5.281,0.215,52970.421,44677.033,20924.659,18392.405,2.402,1.143,1.032,785.043
2026-05-27T04:56:58Z,mock-node,default,mock-pod,app,167.127,84.237,17.362,3.845,0.228,57557.919,34373.289,23961.094,15800.07,1.859,0.861,1.083,855.221
2026-05-27T04:57:08Z,mock-node,default,mock-pod,app,168.63,91.595,17.673,6.895,0.184,45733.207,44462.535,19034.485,13856.916,1.787,0.944,1.084,930.977
2026-05-27T04:57:18Z,mock-node,default,mock-pod,app,148.733,100.072,18.628,4.623,0.179,39935.745,34946.16,16327.053,14453.538,2.169,0.991,1.01,961.687
2026-05-27T04:57:28Z,mock-node,default,mock-pod,app,152.376,91.309,11.413,4.441,0.131,66273.227,39185.926,16345.569,9044.132,2.339,1.099,1.06,829.681
2026-05-27T04:57:38Z,mock-node,default,mock-pod,app,159.031,101.568,21.583,4.649,0.179,55689.813,33846.505,19052.724,17233.969,1.542,1.159,0.906,967.255
2026-05-27T04:57:48Z,mock-node,default,mock-pod,app,134.103,90.31,16.674,4.337,0.187,40053.839,49938.981,22562.309,16517.889,2.387,1.173,1.039,666.151
2026-05-27T04:57:58Z,mock-node,default,mock-pod,app,135.89,92.208,21.293,4.349,0.199,42425.159,38495.447,19915.054,14110.246,1.981,0.76,0.769,937.687
2026-05-27T04:58:08Z,mock-node,default,mock-pod,app,152.347,80.224,25.172,5.3,0.186,47284.183,43918.601,22454.113,15373.942,2.061,0.987,1.224,788.609
2026-05-27T04:58:18Z,mock-node,default,mock-pod,app,120.288,96.173,18.955,5.608,0.237,59952.877,49916.328,18525.785,12099.889,1.854,1.089,0.903,754.001
2026-05-27T04:58:28Z,mock-node,default,mock-pod,app,139.018,93.914,19.917,5.046,0.195,29091.359,34063.516,22863.247,17532.938,2.371,0.992,0.888,827.139
2026-05-27T04:58:38Z,mock-node,default,mock-pod,app,144.66,95.464,16.249,5.515,0.192,50836.97,28048.464,14528.282,16977.633,1.734,1.074,1.004,536.157
2026-05-27T04:58:48Z,mock-node,default,mock-pod,app,191.935,86.842,17.602,4.352,0.211,42516.576,42327.516,23442.33,16532.63,1.928,1.119,1.205,872.615
2026-05-27T04:58:58Z,mock-node,default,mock-pod,app,177.18,102.201,19.438,4.089,0.204,37102.162,40614.609,18119.556,18390.596,1.421,0.972,0.996,881.574
2026-05-27T04:59:08Z,mock-node,default,mock-pod,app,90.006,75.093,18.5,5.696,0.218,51557.844,45611.172,21672.053,16053.719,2.771,0.827,1.2,1072.194
2026-05-27T04:59:18Z,mock-node,default,mock-pod,app,155.124,100.056,23.69,4.542,0.199,52311.747,36780.103,23039.275,14332.417,2.032,0.861,1.031,755.825
2026-05-27T04:59:28Z,mock-node,default,mock-pod,app,162.355,93.004,18.409,6.268,0.167,54579.294,35030.732,19593.694,18374.743,1.923,0.933,1.038,994.077
2026-05-27T04:59:38Z,mock-node,default,mock-pod,app,137.904,91.206,16.649,4.663,0.185,54876.497,40115.964,18216.677,12275.612,2.399,1.01,1.046,793.513
2026-05-27T04:59:48Z,mock-node,default,mock-pod,app,170.223,94.44,22.245,4.429,0.182,53378.212,48918.561,17126.916,17704.749,1.755,1.007,1.086,738.104
2026-05-27T04:59:58Z,mock-node,default,mock-pod,app,119.324,96.782,20.314,4.498,0.16,59019.598,37267.52,19485.02,12074.762,2.333,1.009,1.055,965.966
2026-05-27T05:00:08Z,mock-node,default,mock-pod,app,156.849,76.166,16.27,5.228,0.154,63928.19,38215.321,18527.701,18626.381,1.982,1.219,0.877,732.811
2026-05-27T05:00:18Z,mock-node,default,mock-pod,app,193.911,95.865,25.451,4.762,0.199,52069.292,40716.137,17830.125,17613.503,1.663,0.942,0.876,435.495
2026-05-27T05:00:28Z,mock-node,default,mock-pod,app,170.36,90.188,17.061,5.774,0.221,60642.127,36823.733,20306.523,11035.593,2.618,0.869,0.975,807.545
2026-05-27T05:00:38Z,mock-node,default,mock-pod,app,144.883,91.549,22.57,4.861,0.221,62572.997,40618.918,16613.626,11734.155,2.062,0.851,0.788,783.501
2026-05-27T05:00:48Z,mock-node,default,mock-pod,app,136.65,72.824,17.627,4.131,0.248,47500.873,43625.77,21088.478,15778.274,1.608,0.927,1.093,890.327
2026-05-27T05:00:58Z,mock-node,default,mock-pod,app,172.863,70.887,17.213,5.196,0.16,46934.17,35250.219,15669.677,17196.162,1.915,1.058,0.98,695.273
2026-05-27T05:01:08Z,mock-node,default,mock-pod,app,142.435,100.639,22.532,4.406,0.214,56469.367,42077.043,20273.356,15699.313,1.844,0.903,0.85,779.548
2026-05-27T05:01:18Z,mock-node,default,mock-pod,app,156.279,88.75,25.803,5.438,0.205,35322.522,38284.613,16068.083,12636.875,2.273,0.906,1.134,653.238
2026-05-27T05:01:28Z,mock-node,default,mock-pod,app,180.319,109.515,24.21,5.105,0.19,51638.392,40465.698,26213.741,18318.393,1.469,1.173,0.904,753.596
2026-05-27T05:01:38Z,mock-node,default,mock-pod,app,133.751,88.435,23.286,4.964,0.195,50457.582,41384.827,14792.091,15968.899,2.441,1.085,0.9,794.267
2026-05-27T05:01:48Z,mock-node,default,mock-pod,app,193.822,69.883,12.652,4.922,0.189,36630.839,37377.961,21719.034,17007.707,2.212,0.991,1.146,807.932
2026-05-27T05:01:58Z,mock-node,default,mock-pod,app,171.893,95.98,19.099,4.698,0.166,50166.339,43021.153,18923.371,10893.375,1.757,0.989,1.13,953.085
2026-05-27T05:02:08Z,mock-node,default,mock-pod,app,131.529,95.057,27.59,3.539,0.159,47625.221,49064.63,16932.533,16640.862,1.455,1.059,0.904,772.239
2026-05-27T05:02:18Z,mock-node,default,mock-pod,app,189.474,64.952,20.92,4.564,0.181,62284.351,41965.747,20495.766,14882.364,2.205,0.807,1.219,615.26
2026-05-27T05:02:28Z,mock-node,default,mock-pod,app,102.64,85.304,20.292,4.567,0.189,45896.422,40524.855,20836.283,14579.856,2.071,0.904,1.183,618.715
2026-05-27T05:02:38Z,mock-node,default,mock-pod,app,158.488,109.08,20.095,4.602,0.208,41955.098,43876.543,16530.027,13555.82,2.055,0.95,1.042,684.915
2026-05-27T05:02:48Z,mock-node,default,mock-pod,app,177.679,82.837,23.005,4.952,0.233,55183.847,36133.564,20277.619,15971.502,2.416,0.748,1.153,635.965
2026-05-27T05:02:58Z,mock-node,default,mock-pod,app,150.662,76.141,18.735,6.657,0.208,59475.195,39076.328,22750.648,18219.525,2.024,0.857,1.309,763.75
2026-05-27T05:03:08Z,mock-node,default,mock-pod,app,122.277,95.792,20.65,3.466,0.238,52400.415,39665.577,23594.76,10546.939,2.633,1.107,0.918,912.764
2026-05-27T05:03:18Z,mock-node,default,mock-pod,app,174.808,90.789,18.898,4.152,0.169,40102.911,31172.429,23063.188,13033.879,1.626,1.268,0.988,976.106
2026-05-27T05:03:28Z,mock-node,default,mock-pod,app,173.59,69.942,24.019,5.453,0.223,54515.229,35389.989,16679.392,12754.966,1.628,0.885,0.986,664.111
2026-05-27T05:03:38Z,mock-node,default,mock-pod,app,161.887,86.109,16.886,4.178,0.202,52620.529,33440.71,23614.481,12230.33,1.772,1.196,0.956,916.815
2026-05-27T05:03:48Z,mock-node,default,mock-pod,app,158.083,66.657,21.061,4.712,0.137,49188.915,43653.048,14900.813,11875.908,1.422,1.067,1.067,853.132
2026-05-27T05:03:58Z,mock-node,default,mock-pod,app,149.515,81.624,23.933,3.538,0.193,41157.744,34645.082,15588.989,15834.453,1.716,1.059,0.987,709.271
2026-05-27T05:04:08Z,mock-node,default,mock-pod,app,167.622,76.526,19.079,6.227,0.238,49619.816,39153.036,19108.422,12263.184,1.52,1.107,0.958,823.503
2026-05-27T05:04:18Z,mock-node,default,mock-pod,app,136.052,78.581,23.927,5.373,0.133,50053.284,31250.537,22093.261,14554.048,1.828,0.941,0.971,1048.091
2026-05-27T05:04:28Z,mock-node,default,mock-pod,app,124.937,101.879,21.467,5.446,0.186,41827.989,34080.163,22393.316,13364.198,1.914,0.913,1.019,856.146
2026-05-27T05:04:38Z,mock-node,default,mock-pod,app,111.083,102.39,18.268,4.53,0.215,49242.376,37659.231,26165.798,15334.316,1.973,0.981,0.958,950.154
2026-05-27T05:04:48Z,mock-node,default,mock-pod,app,132.043,83.994,19.829,5.942,0.17,43641.137,41457.448,19789.875,18025.384,2.107,1.348,0.839,600.928
2026-05-27T05:04:58Z,mock-node,default,mock-pod,app,170.928,111.556,21.476,4.499,0.235,66544.371,31256.883,20876.185,17833.494,1.77,1.137,1.009,989.483
2026-05-27T05:05:08Z,mock-node,default,mock-pod,app,160.927,84.001,23.14,4.092,0.201,66209.746,45565.418,21598.93,14651.443,2.651,1.114,0.818,951.614
2026-05-27T05:05:18Z,mock-node,default,mock-pod,app,150.93,100.319,19.671,4.292,0.14,50917.355,34618.29,20028.102,15896.664,1.713,0.974,1.149,752.262
2026-05-27T05:05:28Z,mock-node,default,mock-pod,app,146.486,92.856,22.764,5.412,0.21,41262.566,40506.879,18048.649,13145.511,1.681,1.189,1.014,944.376
2026-05-27T05:05:38Z,mock-node,default,mock-pod,app,169.901,113.607,16.184,5.21,0.208,49007.021,38913.395,19333.959,15280.116,2.155,0.913,0.95,770.275
2026-05-27T05:05:48Z,mock-node,default,mock-pod,app,138.903,72.612,23.201,3.268,0.227,56460.861,35421.699,16294.479,14270.499,1.781,0.486,1.032,709.825
2026-05-27T05:05:58Z,mock-node,default,mock-pod,app,160.872,75.241,22.168,3.409,0.236,48099.996,42750.223,21772.636,15454.259,2.273,0.831,0.877,709.572
2026-05-27T05:06:08Z,mock-node,default,mock-pod,app,180.947,84.082,12.49,4.587,0.198,46526.986,43872.973,13746.758,18374.09,1.654,1.045,0.879,842.088
2026-05-27T05:06:18Z,mock-node,default,mock-pod,app,127.409,65.613,20.811,4.32,0.219,47734.843,49471.635,21488.267,18196.857,2.131,0.929,0.906,893.407
2026-05-27T05:06:28Z,mock-node,default,mock-pod,app,137.87,84.649,19.366,4.531,0.193,52991.073,34363.234,21363.463,19257.842,2.055,1.061,1.002,1036.895
2026-05-27T05:06:38Z,mock-node,default,mock-pod,app,167.482,83.258,18.698,5.328,0.181,50850.194,38806.613,22207.352,12042.381,2.087,1.035,1.253,858.248
2026-05-27T05:06:48Z,mock-node,default,mock-pod,app,144.291,105.746,18.248,5.185,0.158,40106.426,42630.511,20096.834,13927.233,2.052,0.795,1.063,817.09
2026-05-27T05:06:58Z,mock-node,default,mock-pod,app,155.206,104.454,19.325,4.22,0.204,52453.535,37097.33,19163.573,12964.323,2.342,0.992,0.866,902.034
2026-05-27T05:07:08Z,mock-node,default,mock-pod,app,147.913,101.013,18.811,5.534,0.256,74315.308,40895.599,19087.978,15331.842,2.365,0.771,0.975,895.745
2026-05-27T05:07:18Z,mock-node,default,mock-pod,app,170.707,79.115,19.518,5.735,0.22,70090.279,38592.313,14326.586,15497.075,2.048,0.959,1.097,779.814
2026-05-27T05:07:28Z,mock-node,default,mock-pod,app,121.258,108.586,21.673,5.653,0.192,60056.407,47032.877,15661.591,12987.271,2.167,0.704,0.906,882.394
2026-05-27T05:07:38Z,mock-node,default,mock-pod,app,150.365,86.205,15.583,5.506,0.189,68486.688,39795.221,20064.045,12834.062,1.88,0.901,1.271,609.791
2026-05-27T05:07:48Z,mock-node,default,mock-pod,app,165.145,82.535,15.65,6.614,0.264,52619.385,40604.906,14410.07,14546.406,2.139,0.906,0.861,694.851
2026-05-27T05:07:58Z,mock-node,default,mock-pod,app,101.269,94.194,22.574,5.002,0.2,52642.14,39068.928,16353.137,12961.591,2.344,1.194,1.081,788.509
2026-05-27T05:08:08Z,mock-node,default,mock-pod,app,148.586,85.228,21.323,6.485,0.21,38426.228,44599.704,23080.386,15135.512,2.04,1.011,1.122,601.284
2026-05-27T05:08:18Z,mock-node,default,mock-pod,app,131.317,88.95,21.161,5.485,0.159,53152.93,44377.535,15346.324,13706.475,1.997,1.044,0.955,790.196
2026-05-27T05:08:28Z,mock-node,default,mock-pod,app,157.95,99.565,21.539,7.052,0.188,48999.302,39360.822,21388.718,10778.552,2.077,1.078,0.694,724.946
2026-05-27T05:08:38Z,mock-node,default,mock-pod,app,168.129,82.574,22.378,6.053,0.213,55143.817,29787.448,19118.073,15005.105,1.58,0.981,1.121,936.737
2026-05-27T05:08:48Z,mock-node,default,mock-pod,app,122.641,89.566,20.25,5.143,0.177,51899.638,34131.079,17110.215,16420.92,2.502,1.082,1.161,790.837
2026-05-27T05:08:58Z,mock-node,default,mock-pod,app,160.675,92.529,14.57,5.28,0.16,54384.79,34381.112,23464.494,17329.813,1.795,0.893,1.186,674.705
2026-05-27T05:09:08Z,mock-node,default,mock-pod,app,167.753,97.036,20.49,3.773,0.172,67925.785,42611.524,20370.174,14134.965,1.792,0.85,0.814,931.637
2026-05-27T05:09:18Z,mock-node,default,mock-pod,app,140.946,48.009,20.846,5.108,0.191,49683.849,39397.963,21055.037,17369.006,1.643,1.021,0.943,789.488
2026-05-27T05:09:28Z,mock-node,default,mock-pod,app,147.608,88.131,24.081,5.719,0.122,34074.579,38110.38,18072.776,17514.486,2.399,1.029,0.794,896.931
2026-05-27T05:09:38Z,mock-node,default,mock-pod,app,159.176,82.577,21.773,5.758,0.251,57715.885,40177.889,20563.049,13556.419,1.926,1.126,0.899,727.183
2026-05-27T05:09:48Z,mock-node,default,mock-pod,app,126.626,98.484,22.845,4.228,0.188,49742.64,34338.463,19009.611,16247.814,1.877,0.967,0.906,657.504
2026-05-27T05:09:58Z,mock-node,default,mock-pod,app,153.553,77.255,19.238,5.645,0.201,63102.937,43363.17,21072.185,14001.998,1.747,1.096,0.805,866.631
2026-05-27T05:10:08Z,mock-node,default,mock-pod,app,161.087,75.393,20.622,5.438,0.171,48114.384,38289.681,23474.637,17033.649,1.857,0.862,1.017,771.423
2026-05-27T05:10:18Z,mock-node,default,mock-pod,app,125.545,89.263,21.717,4.875,0.22,53912.821,34197.625,13412.821,12631.18,1.471,1.135,0.971,555.148
2026-05-27T05:10:28Z,mock-node,default,mock-pod,app,123.481,103.867,15.222,5.167,0.209,42744.745,46334.49,13047.542,13993.989,1.481,1.055,1.012,749.108
2026-05-27T05:10:38Z,mock-node,default,mock-pod,app,114.032,96.107,22.72,4.714,0.2,43740.692,35925.156,23896.727,14947.868,1.944,0.874,1.099,553.706
2026-05-27T05:10:48Z,mock-node,default,mock-pod,app,167.151,76.926,22.602,6.163,0.229,50896.296,55473.834,19518.373,15864.787,2.724,0.917,1.196,1000.446
2026-05-27T05:10:58Z,mock-node,default,mock-pod,app,165.157,90.109,19.898,4.737,0.205,46889.01,37604.692,22108.492,12516.533,1.607,1.17,0.918,846.717
2026-05-27T05:11:08Z,mock-node,default,mock-pod,app,173.258,68.45,18.573,4.63,0.175,46825.836,39163.566,19068.123,14101.178,2.623,0.975,1.211,1033.852
2026-05-27T05:11:18Z,mock-node,default,mock-pod,app,117.171,81.747,16.169,5.632,0.202,54983.991,29398.631,21493.441,16068.555,1.719,0.99,1.031,986.629
2026-05-27T05:11:28Z,mock-node,default,mock-pod,app,170.488,65.306,17.268,5.369,0.179,43075.486,30600.167,18805.294,15989.597,1.983,1.078,0.859,604.42
2026-05-27T05:11:38Z,mock-node,default,mock-pod,app,132.766,102.44,16.931,3.855,0.239,58129.675,44744.112,19544.272,11366.205,1.498,1.069,1.266,747.799
2026-05-27T05:11:48Z,mock-node,default,mock-pod,app,149.034,74.554,22.292,3.955,0.185,57062.17,50867.726,17905.329,14240.087,2.239,0.956,0.9,716.165
2026-05-27T05:11:58Z,mock-node,default,mock-pod,app,148.85,90.985,18.268,5.94,0.171,52321.73,40565.016,18018.386,11218.092,2.213,0.873,1.168,826.073
2026-05-27T05:12:08Z,mock-node,default,mock-pod,app,154.816,79.914,14.508,4.469,0.22,45704.077,38316.563,22873.718,16216.614,1.83,1.227,1.152,773.603
2026-05-27T05:12:18Z,mock-node,default,mock-pod,app,119.806,80.208,24.077,4.757,0.171,48305.65,42858.67,21536.685,16320.014,2.018,1.121,0.964,929.147
2026-05-27T05:12:28Z,mock-node,default,mock-pod,app,127.311,109.97,21.432,4.517,0.199,55438.246,39430.526,24694.494,13537.127,1.621,1.189,0.975,881.365
2026-05-27T05:12:38Z,mock-node,default,mock-pod,app,204.459,84.476,19.04,3.71,0.166,46310.65,44703.066,19737.854,16244.763,2.478,1.21,0.857,921.925
2026-05-27T05:12:48Z,mock-node,default,mock-pod,app,152.389,111.542,22.892,5.697,0.172,72061.697,42084.244,20853.782,9983.936,2.028,1.177,1.164,814.901
2026-05-27T05:12:58Z,mock-node,default,mock-pod,app,174.229,89.589,18.881,3.079,0.216,50835.26,33165.011,20488.886,12796.925,1.683,0.962,0.988,724.41
2026-05-27T05:13:08Z,mock-node,default,mock-pod,app,154.474,104.301,19.864,5.033,0.198,55580.188,41665.293,20212.514,15071.689,2.364,1.205,1.354,788.223
2026-05-27T05:13:18Z,mock-node,default,mock-pod,app,157.97,104.71,22.001,4.014,0.144,36265.502,36516.367,19622.014,12630.944,2.247,0.939,1.193,658.008
2026-05-27T05:13:28Z,mock-node,default,mock-pod,app,107.776,89.605,23.222,5.187,0.217,37579.946,40106.576,22541.283,18368.779,1.912,1.478,1.216,783.034
2026-05-27T05:13:38Z,mock-node,default,mock-pod,app,147.399,87.546,16.948,5.528,0.189,46214.895,33990.165,23976.811,14334.082,1.98,1.154,0.829,843.501
2026-05-27T05:13:48Z,mock-node,default,mock-pod,app,151.239,79.179,16.89,5.932,0.202,40750.572,43435.699,21144.545,16112.104,2.481,1.015,0.766,686.062
2026-05-27T05:13:58Z,mock-node,default,mock-pod,app,156.549,92.251,23.445,6.119,0.221,47768.56,33018.123,18315.665,16739.114,2.602,0.923,1.114,939.474
2026-05-27T05:14:08Z,mock-node,default,mock-pod,app,147.782,79.332,19.881,3.86,0.185,51928.965,34332.823,21471.266,15803.724,1.884,0.882,1.244,705.013
2026-05-27T05:14:18Z,mock-node,default,mock-pod,app,154.013,87.548,21.333,5.543,0.195,50345.693,44485.195,15815.506,13546.736,1.942,0.984,1.088,855.918
2026-05-27T05:14:28Z,mock-node,default,mock-pod,app,176.852,88.198,21.03,5.541,0.172,53048.876,56865.483,19010.303,10507.934,1.822,1.175,1.189,573.774
2026-05-27T05:14:38Z,mock-node,default,mock-pod,app,119.726,119.499,19.13,5.4,0.227,54805.717,40073.607,20053.533,15940.223,1.901,0.904,0.965,967.224
2026-05-27T05:14:48Z,mock-node,default,mock-pod,app,112.602,93.93,15.01,5.125,0.23,48103.394,42132.306,20807.237,18671.424,2.201,1.068,0.91,775.89
2026-05-27T05:14:58Z,mock-node,default,mock-pod,app,142.467,78.984,17.304,5.663,0.147,59344.29,38001.501,20567.8,12608.619,1.932,0.951,1.131,825.759
2026-05-27T05:15:08Z,mock-node,default,mock-pod,app,147.489,94.529,21.068,4.506,0.24,50404.441,48025.993,20986.924,14007.856,1.509,0.82,1.085,775.228
2026-05-27T05:15:18Z,mock-node,default,mock-pod,app,149.578,121.499,25.36,4.363,0.243,44809.412,47785.036,21513.542,14367.181,2.259,1.075,0.884,794.528
2026-05-27T05:15:28Z,mock-node,default,mock-pod,app,113.071,114.377,21.498,6.25,0.176,58073.377,44646.514,20679.943,15418.148,2.971,1.165,0.862,711.629
2026-05-27T05:15:38Z,mock-node,default,mock-pod,app,186.483,74.884,19.93,4.767,0.157,65065.908,37001.728,21540.392,12720.602,2.618,1.207,1.045,904.042
2026-05-27T05:15:48Z,mock-node,default,mock-pod,app,171.701,77.973,16.078,5.177,0.196,52552.658,45274.785,21099.613,11123.223,2.108,1.082,1.038,723.934
2026-05-27T05:15:58Z,mock-node,default,mock-pod,app,141.231,81.798,14.706,5.714,0.172,47769.613,35250.798,23649.784,18786.115,2.56,0.882,1.036,700.771
2026-05-27T05:16:08Z,mock-node,default,mock-pod,app,163.19,96.091,19.736,5.418,0.161,59862.784,38632.662,18865.453,12931.442,1.75,1.027,0.828,816.27
2026-05-27T05:16:18Z,mock-node,default,mock-pod,app,160.919,88.81,24.637,4.37,0.175,63691.086,48209.562,25412.787,13702.646,1.55,1.141,0.851,663.416
2026-05-27T05:16:28Z,mock-node,default,mock-pod,app,167.691,117.918,19.163,4.188,0.175,49425.544,31670.151,19788.553,11291.091,1.71,1.011,0.974,699.733
2026-05-27T05:16:38Z,mock-node,default,mock-pod,app,171.632,92.89,17.54,4.441,0.177,58604.387,47514.345,23591.208,14029.979,2.064,0.871,1.031,942.641
2026-05-27T05:16:48Z,mock-node,default,mock-pod,app,135.201,95.561,19.372,7.63,0.189,50078.909,32590.759,17764.818,16006.532,1.867,0.927,0.983,588.981
2026-05-27T05:16:58Z,mock-node,default,mock-pod,app,172.887,94.329,22.044,5.97,0.232,52063.0,36475.273,20826.569,15369.805,1.912,1.272,0.97,897.486
2026-05-27T05:17:08Z,mock-node,default,mock-pod,app,138.697,92.19,17.094,5.016,0.212,49498.463,48011.007,18448.266,14513.8,1.68,0.988,0.951,874.383
2026-05-27T05:17:18Z,mock-node,default,mock-pod,app,167.055,97.632,18.225,5.005,0.213,43421.876,47566.701,23196.618,16800.584,1.793,1.342,0.727,721.97
2026-05-27T05:17:28Z,mock-node,default,mock-pod,app,161.326,96.571,21.464,4.573,0.233,60375.835,38261.304,18691.786,17147.15,2.345,0.988,0.979,742.755
2026-05-27T05:17:38Z,mock-node,default,mock-pod,app,134.817,78.042,20.197,6.118,0.221,46682.672,36632.252,21602.484,11286.364,1.855,1.122,0.799,783.817
2026-05-27T05:17:48Z,mock-node,default,mock-pod,app,142.567,119.764,18.543,4.326,0.165,41325.838,37314.553,20663.313,15478.422,2.429,1.119,0.774,919.376
2026-05-27T05:17:58Z,mock-node,default,mock-pod,app,160.268,92.531,20.599,5.394,0.182,51413.268,44150.968,19830.095,16892.731,2.415,0.835,1.192,836.031
2026-05-27T05:18:08Z,mock-node,default,mock-pod,app,151.022,97.367,19.76,5.381,0.146,51160.196,51917.14,22666.981,17566.518,2.906,1.152,0.91,872.676
2026-05-27T05:18:18Z,mock-node,default,mock-pod,app,155.5,104.881,20.802,5.113,0.218,52730.518,39202.337,19581.65,17482.46,1.727,1.031,0.745,816.352
2026-05-27T05:18:28Z,mock-node,default,mock-pod,app,152.687,100.398,20.013,5.459,0.214,53804.122,44921.482,22214.393,16207.662,2.221,1.155,1.102,852.798
2026-05-27T05:18:38Z,mock-node,default,mock-pod,app,117.184,73.838,20.805,5.143,0.211,50891.536,50784.223,21326.949,13346.804,2.129,0.745,0.949,833.601
2026-05-27T05:18:48Z,mock-node,default,mock-pod,app,181.765,71.509,19.335,3.709,0.196,51154.863,31774.199,17154.043,16005.405,2.158,0.88,0.993,619.144
2026-05-27T05:18:58Z,mock-node,default,mock-pod,app,123.864,75.706,18.283,4.994,0.202,50776.815,45830.539,20229.955,12454.783,1.97,0.902,0.926,798.966
2026-05-27T05:19:08Z,mock-node,default,mock-pod,app,148.672,84.904,11.193,5.018,0.235,50982.731,42387.326,19705.458,16451.061,1.97,0.691,1.055,850.59
2026-05-27T05:19:18Z,mock-node,default,mock-pod,app,186.389,112.579,23.742,5.728,0.179,50745.83,42040.617,16855.694,10764.927,1.818,0.938,0.841,628.529
2026-05-27T05:19:28Z,mock-node,default,mock-pod,app,133.337,93.345,22.775,4.956,0.207,35805.573,29423.558,24647.523,13727.67,2.241,1.225,0.798,724.757
2026-05-27T05:19:38Z,mock-node,default,mock-pod,app,130.899,58.873,18.582,4.271,0.238,46877.827,44958.069,20459.703,13049.622,2.173,0.916,1.039,570.141
2026-05-27T05:19:48Z,mock-node,default,mock-pod,app,139.929,91.893,21.105,3.896,0.21,45079.566,38072.889,19291.023,12834.262,2.124,1.032,0.742,974.35
2026-05-27T05:19:58Z,mock-node,default,mock-pod,app,128.2,78.822,14.604,6.07,0.22,47467.315,44010.104,21426.515,12699.292,1.518,1.119,0.859,807.371
2026-05-27T05:20:08Z,mock-node,default,mock-pod,app,169.838,92.537,25.435,4.702,0.181,33839.811,39588.312,22516.468,16760.216,1.872,0.884,0.987,831.945
2026-05-27T05:20:18Z,mock-node,default,mock-pod,app,127.818,86.448,18.902,4.863,0.201,49633.342,45881.582,15939.106,15152.72,2.143,0.832,1.148,736.097
2026-05-27T05:20:28Z,mock-node,default,mock-pod,app,163.146,94.086,24.207,6.097,0.165,56938.865,37351.859,22556.716,14527.08,2.265,1.023,0.776,854.711
2026-05-27T05:20:38Z,mock-node,default,mock-pod,app,120.33,71.92,21.284,5.253,0.245,50030.906,45856.891,18586.393,19831.418,2.016,1.189,1.032,957.976
2026-05-27T05:20:48Z,mock-node,default,mock-pod,app,159.312,79.626,17.4,4.917,0.172,68412.089,41572.893,25002.32,15743.899,1.826,0.947,1.006,814.473
2026-05-27T05:20:58Z,mock-node,default,mock-pod,app,129.517,116.722,20.997,4.697,0.166,57173.486,53153.553,19330.68,14780.215,2.583,0.928,0.901,812.892
2026-05-27T05:21:08Z,mock-node,default,mock-pod,app,163.325,80.875,22.448,5.264,0.192,41160.298,50198.96,22504.161,13657.234,2.465,0.869,1.059,1109.001
2026-05-27T05:21:18Z,mock-node,default,mock-pod,app,164.017,65.21,19.998,4.478,0.242,62744.226,49303.022,15372.19,14681.189,1.932,1.082,1.224,818.725
2026-05-27T05:21:28Z,mock-node,default,mock-pod,app,214.704,69.25,19.596,6.55,0.205,70255.926,43891.807,25890.863,14090.394,1.802,0.883,0.751,683.179
2026-05-27T05:21:38Z,mock-node,default,mock-pod,app,136.238,98.407,20.631,3.215,0.199,54229.564,62102.101,16380.455,15158.045,1.377,1.074,0.986,921.507
2026-05-27T05:21:48Z,mock-node,default,mock-pod,app,176.237,101.718,28.006,5.758,0.193,41998.094,36898.478,17548.619,15744.268,1.637,0.916,0.882,893.74
2026-05-27T05:21:58Z,mock-node,default,mock-pod,app,139.572,85.513,18.622,5.259,0.184,36050.328,36460.558,19022.389,16478.418,1.784,1.356,1.007,850.362
2026-05-27T05:22:08Z,mock-node,default,mock-pod,app,134.0,88.308,15.466,5.149,0.227,49354.891,49776.479,23373.765,15801.249,2.023,1.196,0.966,657.9
2026-05-27T05:22:18Z,mock-node,default,mock-pod,app,111.387,80.466,15.727,4.808,0.202,58904.117,35140.009,21063.079,14917.683,1.972,0.809,0.923,698.001
2026-05-27T05:22:28Z,mock-node,default,mock-pod,app,180.633,95.119,21.824,4.251,0.2,59139.512,42097.98,21674.675,15110.709,1.926,0.793,1.173,801.25
2026-05-27T05:22:38Z,mock-node,default,mock-pod,app,162.211,88.75,19.476,4.361,0.12,50916.58,45066.916,21197.619,15469.466,1.897,0.778,0.778,978.55
2026-05-27T05:22:48Z,mock-node,default,mock-pod,app,182.271,113.023,13.21,5.494,0.222,42226.156,42893.647,17050.674,12814.581,1.08,1.222,1.101,640.228
2026-05-27T05:22:58Z,mock-node,default,mock-pod,app,170.542,92.004,19.555,5.77,0.193,54173.436,40747.389,24008.858,15924.306,2.124,1.067,1.083,999.242
2026-05-27T05:23:08Z,mock-node,default,mock-pod,app,105.867,90.699,10.997,4.305,0.245,41699.8,47029.421,22054.911,14514.898,1.716,1.088,1.025,1069.351
2026-05-27T05:23:18Z,mock-node,default,mock-pod,app,160.942,86.232,22.305,5.805,0.222,55514.4,35303.509,17581.138,14901.367,1.98,1.023,0.825,593.392
2026-05-27T05:23:28Z,mock-node,default,mock-pod,app,132.846,77.832,17.181,4.765,0.202,50165.313,30826.885,21551.481,14248.715,1.762,1.048,0.99,822.033
2026-05-27T05:23:38Z,mock-node,default,mock-pod,app,129.004,92.064,18.68,5.035,0.162,51090.79,33905.003,20835.783,14395.454,1.507,0.886,1.211,861.253
2026-05-27T05:23:48Z,mock-node,default,mock-pod,app,163.276,75.832,25.151,5.803,0.219,48222.566,33664.603,16376.006,18960.339,1.229,1.037,0.943,837.929
2026-05-27T05:23:58Z,mock-node,default,mock-pod,app,148.437,87.295,21.254,4.507,0.249,53203.196,37983.847,16944.491,13327.839,2.138,0.895,0.997,671.878
2026-05-27T05:24:08Z,mock-node,default,mock-pod,app,132.657,92.799,19.766,4.411,0.173,47404.494,36185.168,20379.61,16166.298,2.142,1.18,1.06,811.396
